asv_id,sample_id,log2_cpm,exposure
ASV_1,T0_D_HOMO_1,17.902159105738605,D
ASV_1,T0_D_HOMO_2,16.498718046342653,D
ASV_1,T0_D_HOMO_3,17.06456659602594,D
ASV_1,T0_D_HOMO_4,14.69478012092212,D
ASV_1,T0_D_HOMO_5,15.33249672112298,D
ASV_1,T0_H_HOMO_1,18.758955065459613,H
ASV_1,T0_H_HOMO_2,18.865619289865005,H
ASV_1,T0_H_HOMO_3,18.811828868194123,H
ASV_1,T0_H_HOMO_4,18.528006281476173,H
ASV_1,T0_H_HOMO_5,18.357883306985386,H
ASV_2,T0_D_HOMO_1,14.082738910074722,D
ASV_2,T0_D_HOMO_2,12.539209964581428,D
ASV_2,T0_D_HOMO_3,11.861847852661342,D
ASV_2,T0_D_HOMO_4,10.55729181624465,D
ASV_2,T0_D_HOMO_5,11.948334886595303,D
ASV_2,T0_H_HOMO_1,12.287375088372917,H
ASV_2,T0_H_HOMO_2,11.608880241584368,H
ASV_2,T0_H_HOMO_3,10.48607790640198,H
ASV_2,T0_H_HOMO_4,11.484175956867396,H
ASV_2,T0_H_HOMO_5,11.68406850797359,H
ASV_3,T0_D_HOMO_1,16.1613321080894,D
ASV_3,T0_D_HOMO_2,14.953237077769483,D
ASV_3,T0_D_HOMO_3,14.278032190022955,D
ASV_3,T0_D_HOMO_4,13.95910038839788,D
ASV_3,T0_D_HOMO_5,14.182008685986787,D
ASV_3,T0_H_HOMO_1,5.148570360403759,H
ASV_3,T0_H_HOMO_2,5.148570360403761,H
ASV_3,T0_H_HOMO_3,5.148570360403761,H
ASV_3,T0_H_HOMO_4,5.148570360403761,H
ASV_3,T0_H_HOMO_5,10.385282204577205,H
ASV_5,T0_D_HOMO_1,5.148570360403761,D
ASV_5,T0_D_HOMO_2,5.148570360403759,D
ASV_5,T0_D_HOMO_3,7.345107624176208,D
ASV_5,T0_D_HOMO_4,5.148570360403759,D
ASV_5,T0_D_HOMO_5,5.148570360403759,D
ASV_5,T0_H_HOMO_1,5.148570360403759,H
ASV_5,T0_H_HOMO_2,5.148570360403761,H
ASV_5,T0_H_HOMO_3,5.148570360403761,H
ASV_5,T0_H_HOMO_4,5.148570360403761,H
ASV_5,T0_H_HOMO_5,5.148570360403759,H
ASV_6,T0_D_HOMO_1,5.148570360403761,D
ASV_6,T0_D_HOMO_2,5.148570360403759,D
ASV_6,T0_D_HOMO_3,5.148570360403759,D
ASV_6,T0_D_HOMO_4,8.3651891982449,D
ASV_6,T0_D_HOMO_5,5.148570360403759,D
ASV_6,T0_H_HOMO_1,5.148570360403759,H
ASV_6,T0_H_HOMO_2,5.148570360403761,H
ASV_6,T0_H_HOMO_3,5.148570360403761,H
ASV_6,T0_H_HOMO_4,5.148570360403761,H
ASV_6,T0_H_HOMO_5,5.148570360403759,H
ASV_7,T0_D_HOMO_1,16.9971851530558,D
ASV_7,T0_D_HOMO_2,12.094873955356114,D
ASV_7,T0_D_HOMO_3,11.401412576252737,D
ASV_7,T0_D_HOMO_4,11.032982573168974,D
ASV_7,T0_D_HOMO_5,13.735550527454757,D
ASV_7,T0_H_HOMO_1,5.148570360403759,H
ASV_7,T0_H_HOMO_2,5.148570360403761,H
ASV_7,T0_H_HOMO_3,5.148570360403761,H
ASV_7,T0_H_HOMO_4,7.00262552027885,H
ASV_7,T0_H_HOMO_5,5.148570360403759,H
ASV_10,T0_D_HOMO_1,6.3849133164002225,D
ASV_10,T0_D_HOMO_2,10.873624520622144,D
ASV_10,T0_D_HOMO_3,9.087337266394945,D
ASV_10,T0_D_HOMO_4,10.55729181624465,D
ASV_10,T0_D_HOMO_5,11.70283329907736,D
ASV_10,T0_H_HOMO_1,5.148570360403759,H
ASV_10,T0_H_HOMO_2,5.148570360403761,H
ASV_10,T0_H_HOMO_3,5.148570360403761,H
ASV_10,T0_H_HOMO_4,5.148570360403761,H
ASV_10,T0_H_HOMO_5,10.385282204577205,H
ASV_11,T0_D_HOMO_1,5.148570360403761,D
ASV_11,T0_D_HOMO_2,7.383308287037986,D
ASV_11,T0_D_HOMO_3,8.178474902930725,D
ASV_11,T0_D_HOMO_4,5.148570360403759,D
ASV_11,T0_D_HOMO_5,5.148570360403759,D
ASV_11,T0_H_HOMO_1,5.148570360403759,H
ASV_11,T0_H_HOMO_2,5.148570360403761,H
ASV_11,T0_H_HOMO_3,5.148570360403761,H
ASV_11,T0_H_HOMO_4,5.148570360403761,H
ASV_11,T0_H_HOMO_5,5.148570360403759,H
ASV_12,T0_D_HOMO_1,5.148570360403761,D
ASV_12,T0_D_HOMO_2,10.251268242824265,D
ASV_12,T0_D_HOMO_3,8.178474902930725,D
ASV_12,T0_D_HOMO_4,5.148570360403759,D
ASV_12,T0_D_HOMO_5,5.148570360403759,D
ASV_12,T0_H_HOMO_1,5.148570360403759,H
ASV_12,T0_H_HOMO_2,5.148570360403761,H
ASV_12,T0_H_HOMO_3,5.148570360403761,H
ASV_12,T0_H_HOMO_4,6.354947625689174,H
ASV_12,T0_H_HOMO_5,5.148570360403759,H
ASV_15,T0_D_HOMO_1,5.148570360403761,D
ASV_15,T0_D_HOMO_2,5.148570360403759,D
ASV_15,T0_D_HOMO_3,5.148570360403759,D
ASV_15,T0_D_HOMO_4,5.148570360403759,D
ASV_15,T0_D_HOMO_5,5.148570360403759,D
ASV_15,T0_H_HOMO_1,9.134138876761904,H
ASV_15,T0_H_HOMO_2,5.148570360403761,H
ASV_15,T0_H_HOMO_3,5.148570360403761,H
ASV_15,T0_H_HOMO_4,5.148570360403761,H
ASV_15,T0_H_HOMO_5,5.148570360403759,H
ASV_17,T0_D_HOMO_1,5.148570360403761,D
ASV_17,T0_D_HOMO_2,5.148570360403759,D
ASV_17,T0_D_HOMO_3,5.148570360403759,D
ASV_17,T0_D_HOMO_4,5.148570360403759,D
ASV_17,T0_D_HOMO_5,5.148570360403759,D
ASV_17,T0_H_HOMO_1,5.148570360403759,H
ASV_17,T0_H_HOMO_2,5.148570360403761,H
ASV_17,T0_H_HOMO_3,5.148570360403761,H
ASV_17,T0_H_HOMO_4,5.148570360403761,H
ASV_17,T0_H_HOMO_5,5.148570360403759,H
ASV_20,T0_D_HOMO_1,5.148570360403761,D
ASV_20,T0_D_HOMO_2,5.148570360403759,D
ASV_20,T0_D_HOMO_3,7.345107624176208,D
ASV_20,T0_D_HOMO_4,5.148570360403759,D
ASV_20,T0_D_HOMO_5,5.148570360403759,D
ASV_20,T0_H_HOMO_1,8.546439101308763,H
ASV_20,T0_H_HOMO_2,5.148570360403761,H
ASV_20,T0_H_HOMO_3,5.148570360403761,H
ASV_20,T0_H_HOMO_4,6.354947625689174,H
ASV_20,T0_H_HOMO_5,10.957434009591115,H
ASV_21,T0_D_HOMO_1,5.148570360403761,D
ASV_21,T0_D_HOMO_2,5.148570360403759,D
ASV_21,T0_D_HOMO_3,5.148570360403759,D
ASV_21,T0_D_HOMO_4,5.148570360403759,D
ASV_21,T0_D_HOMO_5,5.148570360403759,D
ASV_21,T0_H_HOMO_1,5.148570360403759,H
ASV_21,T0_H_HOMO_2,5.148570360403761,H
ASV_21,T0_H_HOMO_3,5.148570360403761,H
ASV_21,T0_H_HOMO_4,7.00262552027885,H
ASV_21,T0_H_HOMO_5,5.148570360403759,H
ASV_23,T0_D_HOMO_1,11.005362740859596,D
ASV_23,T0_D_HOMO_2,9.90064469953213,D
ASV_23,T0_D_HOMO_3,7.345107624176208,D
ASV_23,T0_D_HOMO_4,10.55729181624465,D
ASV_23,T0_D_HOMO_5,9.748167370473885,D
ASV_23,T0_H_HOMO_1,5.148570360403759,H
ASV_23,T0_H_HOMO_2,5.148570360403761,H
ASV_23,T0_H_HOMO_3,5.148570360403761,H
ASV_23,T0_H_HOMO_4,5.148570360403761,H
ASV_23,T0_H_HOMO_5,5.148570360403759,H
ASV_27,T0_D_HOMO_1,12.44264555427253,D
ASV_27,T0_D_HOMO_2,12.85302201367319,D
ASV_27,T0_D_HOMO_3,7.345107624176208,D
ASV_27,T0_D_HOMO_4,10.24382921609816,D
ASV_27,T0_D_HOMO_5,10.31315705263252,D
ASV_27,T0_H_HOMO_1,5.148570360403759,H
ASV_27,T0_H_HOMO_2,5.148570360403761,H
ASV_27,T0_H_HOMO_3,5.148570360403761,H
ASV_27,T0_H_HOMO_4,5.148570360403761,H
ASV_27,T0_H_HOMO_5,9.423045583123054,H
ASV_30,T0_D_HOMO_1,5.148570360403761,D
ASV_30,T0_D_HOMO_2,5.148570360403759,D
ASV_30,T0_D_HOMO_3,5.148570360403759,D
ASV_30,T0_D_HOMO_4,5.148570360403759,D
ASV_30,T0_D_HOMO_5,5.148570360403759,D
ASV_30,T0_H_HOMO_1,5.148570360403759,H
ASV_30,T0_H_HOMO_2,5.148570360403761,H
ASV_30,T0_H_HOMO_3,5.148570360403761,H
ASV_30,T0_H_HOMO_4,5.148570360403761,H
ASV_30,T0_H_HOMO_5,5.148570360403759,H
ASV_31,T0_D_HOMO_1,5.148570360403761,D
ASV_31,T0_D_HOMO_2,5.148570360403759,D
ASV_31,T0_D_HOMO_3,5.148570360403759,D
ASV_31,T0_D_HOMO_4,5.148570360403759,D
ASV_31,T0_D_HOMO_5,5.148570360403759,D
ASV_31,T0_H_HOMO_1,5.148570360403759,H
ASV_31,T0_H_HOMO_2,5.148570360403761,H
ASV_31,T0_H_HOMO_3,5.148570360403761,H
ASV_31,T0_H_HOMO_4,5.148570360403761,H
ASV_31,T0_H_HOMO_5,10.385282204577205,H
ASV_33,T0_D_HOMO_1,5.148570360403761,D
ASV_33,T0_D_HOMO_2,7.383308287037986,D
ASV_33,T0_D_HOMO_3,5.148570360403759,D
ASV_33,T0_D_HOMO_4,5.148570360403759,D
ASV_33,T0_D_HOMO_5,9.352829955467776,D
ASV_33,T0_H_HOMO_1,5.148570360403759,H
ASV_33,T0_H_HOMO_2,5.148570360403761,H
ASV_33,T0_H_HOMO_3,5.148570360403761,H
ASV_33,T0_H_HOMO_4,5.148570360403761,H
ASV_33,T0_H_HOMO_5,12.1650449746736,H
ASV_36,T0_D_HOMO_1,5.148570360403761,D
ASV_36,T0_D_HOMO_2,5.148570360403759,D
ASV_36,T0_D_HOMO_3,5.148570360403759,D
ASV_36,T0_D_HOMO_4,9.28542723216456,D
ASV_36,T0_D_HOMO_5,5.148570360403759,D
ASV_36,T0_H_HOMO_1,5.148570360403759,H
ASV_36,T0_H_HOMO_2,5.148570360403761,H
ASV_36,T0_H_HOMO_3,9.216700956107909,H
ASV_36,T0_H_HOMO_4,5.148570360403761,H
ASV_36,T0_H_HOMO_5,5.148570360403759,H
ASV_38,T0_D_HOMO_1,5.148570360403761,D
ASV_38,T0_D_HOMO_2,8.221283941172784,D
ASV_38,T0_D_HOMO_3,7.345107624176208,D
ASV_38,T0_D_HOMO_4,5.148570360403759,D
ASV_38,T0_D_HOMO_5,5.148570360403759,D
ASV_38,T0_H_HOMO_1,10.516012339529965,H
ASV_38,T0_H_HOMO_2,9.390623840945073,H
ASV_38,T0_H_HOMO_3,9.772705005052815,H
ASV_38,T0_H_HOMO_4,10.044194855992286,H
ASV_38,T0_H_HOMO_5,5.148570360403759,H
ASV_39,T0_D_HOMO_1,5.148570360403761,D
ASV_39,T0_D_HOMO_2,5.148570360403759,D
ASV_39,T0_D_HOMO_3,5.148570360403759,D
ASV_39,T0_D_HOMO_4,5.148570360403759,D
ASV_39,T0_D_HOMO_5,5.148570360403759,D
ASV_39,T0_H_HOMO_1,11.113964419591168,H
ASV_39,T0_H_HOMO_2,9.73615118315193,H
ASV_39,T0_H_HOMO_3,10.241319369558898,H
ASV_39,T0_H_HOMO_4,9.911529893444106,H
ASV_39,T0_H_HOMO_5,13.67235690333597,H
ASV_40,T0_D_HOMO_1,8.10834568916412,D
ASV_40,T0_D_HOMO_2,5.148570360403759,D
ASV_40,T0_D_HOMO_3,7.345107624176208,D
ASV_40,T0_D_HOMO_4,5.148570360403759,D
ASV_40,T0_D_HOMO_5,5.148570360403759,D
ASV_40,T0_H_HOMO_1,7.212128590878093,H
ASV_40,T0_H_HOMO_2,7.762290417318652,H
ASV_40,T0_H_HOMO_3,5.987470424545251,H
ASV_40,T0_H_HOMO_4,8.667180590919697,H
ASV_40,T0_H_HOMO_5,5.148570360403759,H
ASV_41,T0_D_HOMO_1,10.328723994428763,D
ASV_41,T0_D_HOMO_2,11.449466654985331,D
ASV_41,T0_D_HOMO_3,11.53101110374128,D
ASV_41,T0_D_HOMO_4,11.54021033101063,D
ASV_41,T0_D_HOMO_5,8.806478520556206,D
ASV_41,T0_H_HOMO_1,10.690280208628671,H
ASV_41,T0_H_HOMO_2,5.148570360403761,H
ASV_41,T0_H_HOMO_3,5.148570360403761,H
ASV_41,T0_H_HOMO_4,5.148570360403761,H
ASV_41,T0_H_HOMO_5,5.148570360403759,H
ASV_42,T0_D_HOMO_1,10.620803966269229,D
ASV_42,T0_D_HOMO_2,8.221283941172784,D
ASV_42,T0_D_HOMO_3,5.148570360403759,D
ASV_42,T0_D_HOMO_4,5.148570360403759,D
ASV_42,T0_D_HOMO_5,5.148570360403759,D
ASV_42,T0_H_HOMO_1,9.134138876761904,H
ASV_42,T0_H_HOMO_2,5.148570360403761,H
ASV_42,T0_H_HOMO_3,5.148570360403761,H
ASV_42,T0_H_HOMO_4,5.148570360403761,H
ASV_42,T0_H_HOMO_5,5.148570360403759,H
ASV_43,T0_D_HOMO_1,5.148570360403761,D
ASV_43,T0_D_HOMO_2,5.148570360403759,D
ASV_43,T0_D_HOMO_3,8.70332310015918,D
ASV_43,T0_D_HOMO_4,8.3651891982449,D
ASV_43,T0_D_HOMO_5,5.148570360403759,D
ASV_43,T0_H_HOMO_1,9.31535443297955,H
ASV_43,T0_H_HOMO_2,5.148570360403761,H
ASV_43,T0_H_HOMO_3,5.148570360403761,H
ASV_43,T0_H_HOMO_4,5.148570360403761,H
ASV_43,T0_H_HOMO_5,5.148570360403759,H
ASV_44,T0_D_HOMO_1,10.381697257093398,D
ASV_44,T0_D_HOMO_2,12.050845366649211,D
ASV_44,T0_D_HOMO_3,12.698212356273016,D
ASV_44,T0_D_HOMO_4,13.064961244408563,D
ASV_44,T0_D_HOMO_5,12.602542114754458,D
ASV_44,T0_H_HOMO_1,8.810842793699093,H
ASV_44,T0_H_HOMO_2,5.148570360403761,H
ASV_44,T0_H_HOMO_3,8.738525860621273,H
ASV_44,T0_H_HOMO_4,5.148570360403761,H
ASV_44,T0_H_HOMO_5,5.148570360403759,H
ASV_45,T0_D_HOMO_1,10.030044949265752,D
ASV_45,T0_D_HOMO_2,5.148570360403759,D
ASV_45,T0_D_HOMO_3,9.390326010502982,D
ASV_45,T0_D_HOMO_4,5.148570360403759,D
ASV_45,T0_D_HOMO_5,5.148570360403759,D
ASV_45,T0_H_HOMO_1,15.794895667756013,H
ASV_45,T0_H_HOMO_2,16.077432249767966,H
ASV_45,T0_H_HOMO_3,15.725900892710378,H
ASV_45,T0_H_HOMO_4,15.846944866390519,H
ASV_45,T0_H_HOMO_5,16.289657176183034,H
ASV_48,T0_D_HOMO_1,9.890797919432645,D
ASV_48,T0_D_HOMO_2,9.436475465825527,D
ASV_48,T0_D_HOMO_3,9.390326010502982,D
ASV_48,T0_D_HOMO_4,5.148570360403759,D
ASV_48,T0_D_HOMO_5,5.148570360403759,D
ASV_48,T0_H_HOMO_1,5.148570360403759,H
ASV_48,T0_H_HOMO_2,5.148570360403761,H
ASV_48,T0_H_HOMO_3,5.148570360403761,H
ASV_48,T0_H_HOMO_4,5.148570360403761,H
ASV_48,T0_H_HOMO_5,5.148570360403759,H
ASV_51,T0_D_HOMO_1,5.148570360403761,D
ASV_51,T0_D_HOMO_2,5.148570360403759,D
ASV_51,T0_D_HOMO_3,9.640594628293695,D
ASV_51,T0_D_HOMO_4,5.148570360403759,D
ASV_51,T0_D_HOMO_5,5.148570360403759,D
ASV_51,T0_H_HOMO_1,5.148570360403759,H
ASV_51,T0_H_HOMO_2,5.148570360403761,H
ASV_51,T0_H_HOMO_3,5.148570360403761,H
ASV_51,T0_H_HOMO_4,5.148570360403761,H
ASV_51,T0_H_HOMO_5,5.148570360403759,H
ASV_52,T0_D_HOMO_1,5.148570360403761,D
ASV_52,T0_D_HOMO_2,7.383308287037986,D
ASV_52,T0_D_HOMO_3,5.148570360403759,D
ASV_52,T0_D_HOMO_4,5.148570360403759,D
ASV_52,T0_D_HOMO_5,5.148570360403759,D
ASV_52,T0_H_HOMO_1,5.148570360403759,H
ASV_52,T0_H_HOMO_2,5.148570360403761,H
ASV_52,T0_H_HOMO_3,5.148570360403761,H
ASV_52,T0_H_HOMO_4,5.148570360403761,H
ASV_52,T0_H_HOMO_5,9.423045583123054,H
ASV_53,T0_D_HOMO_1,8.539793538793035,D
ASV_53,T0_D_HOMO_2,5.148570360403759,D
ASV_53,T0_D_HOMO_3,5.148570360403759,D
ASV_53,T0_D_HOMO_4,5.148570360403759,D
ASV_53,T0_D_HOMO_5,7.916473626959115,D
ASV_53,T0_H_HOMO_1,11.297576114748512,H
ASV_53,T0_H_HOMO_2,8.266464659085855,H
ASV_53,T0_H_HOMO_3,8.830052060476932,H
ASV_53,T0_H_HOMO_4,10.277727182737022,H
ASV_53,T0_H_HOMO_5,9.423045583123054,H
ASV_55,T0_D_HOMO_1,5.148570360403761,D
ASV_55,T0_D_HOMO_2,8.747925718660444,D
ASV_55,T0_D_HOMO_3,5.148570360403759,D
ASV_55,T0_D_HOMO_4,5.148570360403759,D
ASV_55,T0_D_HOMO_5,5.148570360403759,D
ASV_55,T0_H_HOMO_1,5.148570360403759,H
ASV_55,T0_H_HOMO_2,5.148570360403761,H
ASV_55,T0_H_HOMO_3,5.148570360403761,H
ASV_55,T0_H_HOMO_4,5.148570360403761,H
ASV_55,T0_H_HOMO_5,5.148570360403759,H
ASV_56,T0_D_HOMO_1,5.148570360403761,D
ASV_56,T0_D_HOMO_2,5.148570360403759,D
ASV_56,T0_D_HOMO_3,5.148570360403759,D
ASV_56,T0_D_HOMO_4,5.148570360403759,D
ASV_56,T0_D_HOMO_5,5.148570360403759,D
ASV_56,T0_H_HOMO_1,5.148570360403759,H
ASV_56,T0_H_HOMO_2,7.762290417318652,H
ASV_56,T0_H_HOMO_3,5.148570360403761,H
ASV_56,T0_H_HOMO_4,5.148570360403761,H
ASV_56,T0_H_HOMO_5,5.148570360403759,H
ASV_59,T0_D_HOMO_1,13.354379298969949,D
ASV_59,T0_D_HOMO_2,11.148911193598543,D
ASV_59,T0_D_HOMO_3,10.485623497414196,D
ASV_59,T0_D_HOMO_4,10.24382921609816,D
ASV_59,T0_D_HOMO_5,7.916473626959115,D
ASV_59,T0_H_HOMO_1,5.148570360403759,H
ASV_59,T0_H_HOMO_2,5.148570360403761,H
ASV_59,T0_H_HOMO_3,5.148570360403761,H
ASV_59,T0_H_HOMO_4,5.148570360403761,H
ASV_59,T0_H_HOMO_5,5.148570360403759,H
ASV_60,T0_D_HOMO_1,6.3849133164002225,D
ASV_60,T0_D_HOMO_2,5.148570360403759,D
ASV_60,T0_D_HOMO_3,7.345107624176208,D
ASV_60,T0_D_HOMO_4,5.148570360403759,D
ASV_60,T0_D_HOMO_5,5.148570360403759,D
ASV_60,T0_H_HOMO_1,15.32142048490083,H
ASV_60,T0_H_HOMO_2,15.326364397068,H
ASV_60,T0_H_HOMO_3,15.386604133358313,H
ASV_60,T0_H_HOMO_4,15.8043152233273,H
ASV_60,T0_H_HOMO_5,14.80772079212517,H
ASV_62,T0_D_HOMO_1,5.148570360403761,D
ASV_62,T0_D_HOMO_2,5.148570360403759,D
ASV_62,T0_D_HOMO_3,5.148570360403759,D
ASV_62,T0_D_HOMO_4,5.148570360403759,D
ASV_62,T0_D_HOMO_5,5.148570360403759,D
ASV_62,T0_H_HOMO_1,9.31535443297955,H
ASV_62,T0_H_HOMO_2,5.148570360403761,H
ASV_62,T0_H_HOMO_3,9.346364190977178,H
ASV_62,T0_H_HOMO_4,5.148570360403761,H
ASV_62,T0_H_HOMO_5,9.423045583123054,H
ASV_63,T0_D_HOMO_1,5.148570360403761,D
ASV_63,T0_D_HOMO_2,5.148570360403759,D
ASV_63,T0_D_HOMO_3,5.148570360403759,D
ASV_63,T0_D_HOMO_4,5.148570360403759,D
ASV_63,T0_D_HOMO_5,5.148570360403759,D
ASV_63,T0_H_HOMO_1,5.148570360403759,H
ASV_63,T0_H_HOMO_2,5.148570360403761,H
ASV_63,T0_H_HOMO_3,5.148570360403761,H
ASV_63,T0_H_HOMO_4,5.148570360403761,H
ASV_63,T0_H_HOMO_5,5.148570360403759,H
ASV_64,T0_D_HOMO_1,5.148570360403761,D
ASV_64,T0_D_HOMO_2,5.148570360403759,D
ASV_64,T0_D_HOMO_3,5.148570360403759,D
ASV_64,T0_D_HOMO_4,9.842791414732492,D
ASV_64,T0_D_HOMO_5,5.148570360403759,D
ASV_64,T0_H_HOMO_1,5.148570360403759,H
ASV_64,T0_H_HOMO_2,5.148570360403761,H
ASV_64,T0_H_HOMO_3,5.148570360403761,H
ASV_64,T0_H_HOMO_4,5.148570360403761,H
ASV_64,T0_H_HOMO_5,5.148570360403759,H
ASV_66,T0_D_HOMO_1,9.65294218605352,D
ASV_66,T0_D_HOMO_2,8.747925718660444,D
ASV_66,T0_D_HOMO_3,9.390326010502982,D
ASV_66,T0_D_HOMO_4,10.24382921609816,D
ASV_66,T0_D_HOMO_5,10.058144985304386,D
ASV_66,T0_H_HOMO_1,9.31535443297955,H
ASV_66,T0_H_HOMO_2,7.762290417318652,H
ASV_66,T0_H_HOMO_3,5.148570360403761,H
ASV_66,T0_H_HOMO_4,5.148570360403761,H
ASV_66,T0_H_HOMO_5,5.148570360403759,H
ASV_67,T0_D_HOMO_1,5.148570360403761,D
ASV_67,T0_D_HOMO_2,5.148570360403759,D
ASV_67,T0_D_HOMO_3,5.148570360403759,D
ASV_67,T0_D_HOMO_4,5.148570360403759,D
ASV_67,T0_D_HOMO_5,9.352829955467776,D
ASV_67,T0_H_HOMO_1,5.148570360403759,H
ASV_67,T0_H_HOMO_2,5.148570360403761,H
ASV_67,T0_H_HOMO_3,5.148570360403761,H
ASV_67,T0_H_HOMO_4,5.148570360403761,H
ASV_67,T0_H_HOMO_5,5.148570360403759,H
ASV_68,T0_D_HOMO_1,5.148570360403761,D
ASV_68,T0_D_HOMO_2,5.148570360403759,D
ASV_68,T0_D_HOMO_3,5.148570360403759,D
ASV_68,T0_D_HOMO_4,5.148570360403759,D
ASV_68,T0_D_HOMO_5,5.148570360403759,D
ASV_68,T0_H_HOMO_1,5.148570360403759,H
ASV_68,T0_H_HOMO_2,5.148570360403761,H
ASV_68,T0_H_HOMO_3,5.148570360403761,H
ASV_68,T0_H_HOMO_4,5.148570360403761,H
ASV_68,T0_H_HOMO_5,5.148570360403759,H
ASV_69,T0_D_HOMO_1,13.38713387693124,D
ASV_69,T0_D_HOMO_2,11.639822603911279,D
ASV_69,T0_D_HOMO_3,11.014995033392797,D
ASV_69,T0_D_HOMO_4,11.676150916850059,D
ASV_69,T0_D_HOMO_5,11.610746951003216,D
ASV_69,T0_H_HOMO_1,5.148570360403759,H
ASV_69,T0_H_HOMO_2,5.148570360403761,H
ASV_69,T0_H_HOMO_3,5.148570360403761,H
ASV_69,T0_H_HOMO_4,5.148570360403761,H
ASV_69,T0_H_HOMO_5,5.148570360403759,H
ASV_70,T0_D_HOMO_1,10.328723994428763,D
ASV_70,T0_D_HOMO_2,10.655770751918602,D
ASV_70,T0_D_HOMO_3,13.104398678929478,D
ASV_70,T0_D_HOMO_4,5.148570360403759,D
ASV_70,T0_D_HOMO_5,5.148570360403759,D
ASV_70,T0_H_HOMO_1,5.148570360403759,H
ASV_70,T0_H_HOMO_2,5.148570360403761,H
ASV_70,T0_H_HOMO_3,5.148570360403761,H
ASV_70,T0_H_HOMO_4,5.148570360403761,H
ASV_70,T0_H_HOMO_5,5.148570360403759,H
ASV_71,T0_D_HOMO_1,11.958402240194234,D
ASV_71,T0_D_HOMO_2,10.39906656724085,D
ASV_71,T0_D_HOMO_3,12.285739332396306,D
ASV_71,T0_D_HOMO_4,11.390115198457112,D
ASV_71,T0_D_HOMO_5,10.884649053567511,D
ASV_71,T0_H_HOMO_1,5.148570360403759,H
ASV_71,T0_H_HOMO_2,5.148570360403761,H
ASV_71,T0_H_HOMO_3,5.148570360403761,H
ASV_71,T0_H_HOMO_4,5.148570360403761,H
ASV_71,T0_H_HOMO_5,5.148570360403759,H
ASV_72,T0_D_HOMO_1,5.148570360403761,D
ASV_72,T0_D_HOMO_2,5.148570360403759,D
ASV_72,T0_D_HOMO_3,7.345107624176208,D
ASV_72,T0_D_HOMO_4,5.148570360403759,D
ASV_72,T0_D_HOMO_5,9.352829955467776,D
ASV_72,T0_H_HOMO_1,5.148570360403759,H
ASV_72,T0_H_HOMO_2,5.148570360403761,H
ASV_72,T0_H_HOMO_3,5.148570360403761,H
ASV_72,T0_H_HOMO_4,5.148570360403761,H
ASV_72,T0_H_HOMO_5,5.148570360403759,H
ASV_73,T0_D_HOMO_1,11.103237822128623,D
ASV_73,T0_D_HOMO_2,9.436475465825527,D
ASV_73,T0_D_HOMO_3,10.485623497414196,D
ASV_73,T0_D_HOMO_4,10.81465483562849,D
ASV_73,T0_D_HOMO_5,10.058144985304386,D
ASV_73,T0_H_HOMO_1,5.148570360403759,H
ASV_73,T0_H_HOMO_2,6.980609545841962,H
ASV_73,T0_H_HOMO_3,5.148570360403761,H
ASV_73,T0_H_HOMO_4,5.148570360403761,H
ASV_73,T0_H_HOMO_5,11.366023248772928,H
ASV_74,T0_D_HOMO_1,5.148570360403761,D
ASV_74,T0_D_HOMO_2,5.148570360403759,D
ASV_74,T0_D_HOMO_3,5.148570360403759,D
ASV_74,T0_D_HOMO_4,5.148570360403759,D
ASV_74,T0_D_HOMO_5,5.148570360403759,D
ASV_74,T0_H_HOMO_1,5.148570360403759,H
ASV_74,T0_H_HOMO_2,5.148570360403761,H
ASV_74,T0_H_HOMO_3,5.148570360403761,H
ASV_74,T0_H_HOMO_4,5.148570360403761,H
ASV_74,T0_H_HOMO_5,5.148570360403759,H
ASV_75,T0_D_HOMO_1,5.148570360403761,D
ASV_75,T0_D_HOMO_2,5.148570360403759,D
ASV_75,T0_D_HOMO_3,5.148570360403759,D
ASV_75,T0_D_HOMO_4,5.148570360403759,D
ASV_75,T0_D_HOMO_5,5.148570360403759,D
ASV_75,T0_H_HOMO_1,5.148570360403759,H
ASV_75,T0_H_HOMO_2,5.148570360403761,H
ASV_75,T0_H_HOMO_3,11.150707385683106,H
ASV_75,T0_H_HOMO_4,5.148570360403761,H
ASV_75,T0_H_HOMO_5,5.148570360403759,H
ASV_76,T0_D_HOMO_1,5.148570360403761,D
ASV_76,T0_D_HOMO_2,7.383308287037986,D
ASV_76,T0_D_HOMO_3,5.148570360403759,D
ASV_76,T0_D_HOMO_4,9.28542723216456,D
ASV_76,T0_D_HOMO_5,9.748167370473885,D
ASV_76,T0_H_HOMO_1,7.538195977322027,H
ASV_76,T0_H_HOMO_2,5.148570360403761,H
ASV_76,T0_H_HOMO_3,5.148570360403761,H
ASV_76,T0_H_HOMO_4,9.091865369922841,H
ASV_76,T0_H_HOMO_5,12.525136686699943,H
ASV_77,T0_D_HOMO_1,5.148570360403761,D
ASV_77,T0_D_HOMO_2,8.221283941172784,D
ASV_77,T0_D_HOMO_3,7.345107624176208,D
ASV_77,T0_D_HOMO_4,5.148570360403759,D
ASV_77,T0_D_HOMO_5,5.148570360403759,D
ASV_77,T0_H_HOMO_1,15.20847410245741,H
ASV_77,T0_H_HOMO_2,15.153802261118184,H
ASV_77,T0_H_HOMO_3,14.49306266756358,H
ASV_77,T0_H_HOMO_4,15.266383307827198,H
ASV_77,T0_H_HOMO_5,14.933102970547505,H
ASV_78,T0_D_HOMO_1,5.148570360403761,D
ASV_78,T0_D_HOMO_2,5.148570360403759,D
ASV_78,T0_D_HOMO_3,5.148570360403759,D
ASV_78,T0_D_HOMO_4,5.148570360403759,D
ASV_78,T0_D_HOMO_5,5.148570360403759,D
ASV_78,T0_H_HOMO_1,5.148570360403759,H
ASV_78,T0_H_HOMO_2,5.148570360403761,H
ASV_78,T0_H_HOMO_3,5.148570360403761,H
ASV_78,T0_H_HOMO_4,5.148570360403761,H
ASV_78,T0_H_HOMO_5,5.148570360403759,H
ASV_79,T0_D_HOMO_1,5.148570360403761,D
ASV_79,T0_D_HOMO_2,5.148570360403759,D
ASV_79,T0_D_HOMO_3,5.148570360403759,D
ASV_79,T0_D_HOMO_4,5.148570360403759,D
ASV_79,T0_D_HOMO_5,5.148570360403759,D
ASV_79,T0_H_HOMO_1,9.034212481790874,H
ASV_79,T0_H_HOMO_2,8.266464659085855,H
ASV_79,T0_H_HOMO_3,8.640797438809276,H
ASV_79,T0_H_HOMO_4,5.148570360403761,H
ASV_79,T0_H_HOMO_5,9.423045583123054,H
ASV_80,T0_D_HOMO_1,5.148570360403761,D
ASV_80,T0_D_HOMO_2,5.148570360403759,D
ASV_80,T0_D_HOMO_3,5.148570360403759,D
ASV_80,T0_D_HOMO_4,8.3651891982449,D
ASV_80,T0_D_HOMO_5,5.148570360403759,D
ASV_80,T0_H_HOMO_1,5.148570360403759,H
ASV_80,T0_H_HOMO_2,9.390623840945073,H
ASV_80,T0_H_HOMO_3,5.148570360403761,H
ASV_80,T0_H_HOMO_4,5.148570360403761,H
ASV_80,T0_H_HOMO_5,9.423045583123054,H
ASV_81,T0_D_HOMO_1,5.148570360403761,D
ASV_81,T0_D_HOMO_2,5.148570360403759,D
ASV_81,T0_D_HOMO_3,5.148570360403759,D
ASV_81,T0_D_HOMO_4,5.148570360403759,D
ASV_81,T0_D_HOMO_5,5.148570360403759,D
ASV_81,T0_H_HOMO_1,5.148570360403759,H
ASV_81,T0_H_HOMO_2,5.148570360403761,H
ASV_81,T0_H_HOMO_3,5.148570360403761,H
ASV_81,T0_H_HOMO_4,5.148570360403761,H
ASV_81,T0_H_HOMO_5,9.423045583123054,H
ASV_82,T0_D_HOMO_1,6.3849133164002225,D
ASV_82,T0_D_HOMO_2,5.148570360403759,D
ASV_82,T0_D_HOMO_3,5.148570360403759,D
ASV_82,T0_D_HOMO_4,5.148570360403759,D
ASV_82,T0_D_HOMO_5,5.148570360403759,D
ASV_82,T0_H_HOMO_1,5.148570360403759,H
ASV_82,T0_H_HOMO_2,5.148570360403761,H
ASV_82,T0_H_HOMO_3,5.148570360403761,H
ASV_82,T0_H_HOMO_4,5.148570360403761,H
ASV_82,T0_H_HOMO_5,5.148570360403759,H
ASV_83,T0_D_HOMO_1,5.148570360403761,D
ASV_83,T0_D_HOMO_2,5.148570360403759,D
ASV_83,T0_D_HOMO_3,5.148570360403759,D
ASV_83,T0_D_HOMO_4,5.148570360403759,D
ASV_83,T0_D_HOMO_5,7.916473626959115,D
ASV_83,T0_H_HOMO_1,5.148570360403759,H
ASV_83,T0_H_HOMO_2,5.148570360403761,H
ASV_83,T0_H_HOMO_3,5.148570360403761,H
ASV_83,T0_H_HOMO_4,5.148570360403761,H
ASV_83,T0_H_HOMO_5,5.148570360403759,H
ASV_84,T0_D_HOMO_1,5.148570360403761,D
ASV_84,T0_D_HOMO_2,7.383308287037986,D
ASV_84,T0_D_HOMO_3,9.640594628293695,D
ASV_84,T0_D_HOMO_4,5.148570360403759,D
ASV_84,T0_D_HOMO_5,5.148570360403759,D
ASV_84,T0_H_HOMO_1,5.148570360403759,H
ASV_84,T0_H_HOMO_2,5.148570360403761,H
ASV_84,T0_H_HOMO_3,5.148570360403761,H
ASV_84,T0_H_HOMO_4,5.148570360403761,H
ASV_84,T0_H_HOMO_5,5.148570360403759,H
ASV_85,T0_D_HOMO_1,7.489991650101433,D
ASV_85,T0_D_HOMO_2,9.90064469953213,D
ASV_85,T0_D_HOMO_3,8.70332310015918,D
ASV_85,T0_D_HOMO_4,9.28542723216456,D
ASV_85,T0_D_HOMO_5,5.148570360403759,D
ASV_85,T0_H_HOMO_1,5.148570360403759,H
ASV_85,T0_H_HOMO_2,5.148570360403761,H
ASV_85,T0_H_HOMO_3,5.148570360403761,H
ASV_85,T0_H_HOMO_4,5.148570360403761,H
ASV_85,T0_H_HOMO_5,5.148570360403759,H
ASV_86,T0_D_HOMO_1,10.93621760402557,D
ASV_86,T0_D_HOMO_2,9.132894245263659,D
ASV_86,T0_D_HOMO_3,10.825878336838231,D
ASV_86,T0_D_HOMO_4,9.28542723216456,D
ASV_86,T0_D_HOMO_5,11.70283329907736,D
ASV_86,T0_H_HOMO_1,5.148570360403759,H
ASV_86,T0_H_HOMO_2,5.148570360403761,H
ASV_86,T0_H_HOMO_3,5.148570360403761,H
ASV_86,T0_H_HOMO_4,5.148570360403761,H
ASV_86,T0_H_HOMO_5,5.148570360403759,H
ASV_87,T0_D_HOMO_1,5.148570360403761,D
ASV_87,T0_D_HOMO_2,5.148570360403759,D
ASV_87,T0_D_HOMO_3,5.148570360403759,D
ASV_87,T0_D_HOMO_4,5.148570360403759,D
ASV_87,T0_D_HOMO_5,5.148570360403759,D
ASV_87,T0_H_HOMO_1,5.148570360403759,H
ASV_87,T0_H_HOMO_2,5.148570360403761,H
ASV_87,T0_H_HOMO_3,5.148570360403761,H
ASV_87,T0_H_HOMO_4,5.148570360403761,H
ASV_87,T0_H_HOMO_5,5.148570360403759,H
ASV_88,T0_D_HOMO_1,5.148570360403761,D
ASV_88,T0_D_HOMO_2,8.221283941172784,D
ASV_88,T0_D_HOMO_3,9.087337266394945,D
ASV_88,T0_D_HOMO_4,9.28542723216456,D
ASV_88,T0_D_HOMO_5,10.31315705263252,D
ASV_88,T0_H_HOMO_1,5.148570360403759,H
ASV_88,T0_H_HOMO_2,5.148570360403761,H
ASV_88,T0_H_HOMO_3,5.148570360403761,H
ASV_88,T0_H_HOMO_4,5.148570360403761,H
ASV_88,T0_H_HOMO_5,5.148570360403759,H
ASV_90,T0_D_HOMO_1,8.715147436574979,D
ASV_90,T0_D_HOMO_2,5.148570360403759,D
ASV_90,T0_D_HOMO_3,5.148570360403759,D
ASV_90,T0_D_HOMO_4,5.148570360403759,D
ASV_90,T0_D_HOMO_5,5.148570360403759,D
ASV_90,T0_H_HOMO_1,5.148570360403759,H
ASV_90,T0_H_HOMO_2,5.148570360403761,H
ASV_90,T0_H_HOMO_3,5.148570360403761,H
ASV_90,T0_H_HOMO_4,5.148570360403761,H
ASV_90,T0_H_HOMO_5,5.148570360403759,H
ASV_91,T0_D_HOMO_1,8.340138297909524,D
ASV_91,T0_D_HOMO_2,7.383308287037986,D
ASV_91,T0_D_HOMO_3,5.148570360403759,D
ASV_91,T0_D_HOMO_4,5.148570360403759,D
ASV_91,T0_D_HOMO_5,5.148570360403759,D
ASV_91,T0_H_HOMO_1,5.148570360403759,H
ASV_91,T0_H_HOMO_2,5.148570360403761,H
ASV_91,T0_H_HOMO_3,5.148570360403761,H
ASV_91,T0_H_HOMO_4,5.148570360403761,H
ASV_91,T0_H_HOMO_5,5.148570360403759,H
ASV_92,T0_D_HOMO_1,5.148570360403761,D
ASV_92,T0_D_HOMO_2,5.148570360403759,D
ASV_92,T0_D_HOMO_3,5.148570360403759,D
ASV_92,T0_D_HOMO_4,5.148570360403759,D
ASV_92,T0_D_HOMO_5,5.148570360403759,D
ASV_92,T0_H_HOMO_1,5.148570360403759,H
ASV_92,T0_H_HOMO_2,5.148570360403761,H
ASV_92,T0_H_HOMO_3,5.148570360403761,H
ASV_92,T0_H_HOMO_4,5.148570360403761,H
ASV_92,T0_H_HOMO_5,5.148570360403759,H
ASV_94,T0_D_HOMO_1,5.148570360403761,D
ASV_94,T0_D_HOMO_2,10.251268242824265,D
ASV_94,T0_D_HOMO_3,9.390326010502982,D
ASV_94,T0_D_HOMO_4,9.28542723216456,D
ASV_94,T0_D_HOMO_5,5.148570360403759,D
ASV_94,T0_H_HOMO_1,5.148570360403759,H
ASV_94,T0_H_HOMO_2,5.148570360403761,H
ASV_94,T0_H_HOMO_3,5.148570360403761,H
ASV_94,T0_H_HOMO_4,5.148570360403761,H
ASV_94,T0_H_HOMO_5,5.148570360403759,H
ASV_96,T0_D_HOMO_1,8.10834568916412,D
ASV_96,T0_D_HOMO_2,5.148570360403759,D
ASV_96,T0_D_HOMO_3,7.345107624176208,D
ASV_96,T0_D_HOMO_4,5.148570360403759,D
ASV_96,T0_D_HOMO_5,5.148570360403759,D
ASV_96,T0_H_HOMO_1,5.148570360403759,H
ASV_96,T0_H_HOMO_2,5.148570360403761,H
ASV_96,T0_H_HOMO_3,5.148570360403761,H
ASV_96,T0_H_HOMO_4,5.148570360403761,H
ASV_96,T0_H_HOMO_5,5.148570360403759,H
ASV_97,T0_D_HOMO_1,5.148570360403761,D
ASV_97,T0_D_HOMO_2,5.148570360403759,D
ASV_97,T0_D_HOMO_3,5.148570360403759,D
ASV_97,T0_D_HOMO_4,5.148570360403759,D
ASV_97,T0_D_HOMO_5,5.148570360403759,D
ASV_97,T0_H_HOMO_1,5.148570360403759,H
ASV_97,T0_H_HOMO_2,5.148570360403761,H
ASV_97,T0_H_HOMO_3,5.148570360403761,H
ASV_97,T0_H_HOMO_4,5.148570360403761,H
ASV_97,T0_H_HOMO_5,5.148570360403759,H
ASV_98,T0_D_HOMO_1,8.340138297909524,D
ASV_98,T0_D_HOMO_2,9.687147704945222,D
ASV_98,T0_D_HOMO_3,8.70332310015918,D
ASV_98,T0_D_HOMO_4,8.3651891982449,D
ASV_98,T0_D_HOMO_5,10.529791796701106,D
ASV_98,T0_H_HOMO_1,5.148570360403759,H
ASV_98,T0_H_HOMO_2,9.180882638153543,H
ASV_98,T0_H_HOMO_3,5.148570360403761,H
ASV_98,T0_H_HOMO_4,5.148570360403761,H
ASV_98,T0_H_HOMO_5,5.148570360403759,H
ASV_99,T0_D_HOMO_1,5.148570360403761,D
ASV_99,T0_D_HOMO_2,9.687147704945222,D
ASV_99,T0_D_HOMO_3,9.087337266394945,D
ASV_99,T0_D_HOMO_4,8.3651891982449,D
ASV_99,T0_D_HOMO_5,8.806478520556206,D
ASV_99,T0_H_HOMO_1,5.148570360403759,H
ASV_99,T0_H_HOMO_2,5.148570360403761,H
ASV_99,T0_H_HOMO_3,5.148570360403761,H
ASV_99,T0_H_HOMO_4,5.148570360403761,H
ASV_99,T0_H_HOMO_5,5.148570360403759,H
ASV_100,T0_D_HOMO_1,5.148570360403761,D
ASV_100,T0_D_HOMO_2,5.148570360403759,D
ASV_100,T0_D_HOMO_3,7.345107624176208,D
ASV_100,T0_D_HOMO_4,5.148570360403759,D
ASV_100,T0_D_HOMO_5,5.148570360403759,D
ASV_100,T0_H_HOMO_1,5.148570360403759,H
ASV_100,T0_H_HOMO_2,5.148570360403761,H
ASV_100,T0_H_HOMO_3,5.148570360403761,H
ASV_100,T0_H_HOMO_4,5.148570360403761,H
ASV_100,T0_H_HOMO_5,5.148570360403759,H
ASV_101,T0_D_HOMO_1,5.148570360403761,D
ASV_101,T0_D_HOMO_2,5.148570360403759,D
ASV_101,T0_D_HOMO_3,7.345107624176208,D
ASV_101,T0_D_HOMO_4,5.148570360403759,D
ASV_101,T0_D_HOMO_5,5.148570360403759,D
ASV_101,T0_H_HOMO_1,5.148570360403759,H
ASV_101,T0_H_HOMO_2,5.148570360403761,H
ASV_101,T0_H_HOMO_3,5.148570360403761,H
ASV_101,T0_H_HOMO_4,5.148570360403761,H
ASV_101,T0_H_HOMO_5,5.148570360403759,H
ASV_102,T0_D_HOMO_1,6.3849133164002225,D
ASV_102,T0_D_HOMO_2,7.383308287037986,D
ASV_102,T0_D_HOMO_3,5.148570360403759,D
ASV_102,T0_D_HOMO_4,5.148570360403759,D
ASV_102,T0_D_HOMO_5,5.148570360403759,D
ASV_102,T0_H_HOMO_1,5.148570360403759,H
ASV_102,T0_H_HOMO_2,7.762290417318652,H
ASV_102,T0_H_HOMO_3,5.148570360403761,H
ASV_102,T0_H_HOMO_4,5.148570360403761,H
ASV_102,T0_H_HOMO_5,5.148570360403759,H
ASV_103,T0_D_HOMO_1,5.148570360403761,D
ASV_103,T0_D_HOMO_2,5.148570360403759,D
ASV_103,T0_D_HOMO_3,5.148570360403759,D
ASV_103,T0_D_HOMO_4,8.3651891982449,D
ASV_103,T0_D_HOMO_5,5.148570360403759,D
ASV_103,T0_H_HOMO_1,5.148570360403759,H
ASV_103,T0_H_HOMO_2,6.980609545841962,H
ASV_103,T0_H_HOMO_3,5.148570360403761,H
ASV_103,T0_H_HOMO_4,5.148570360403761,H
ASV_103,T0_H_HOMO_5,5.148570360403759,H
ASV_104,T0_D_HOMO_1,5.148570360403761,D
ASV_104,T0_D_HOMO_2,10.086582027596588,D
ASV_104,T0_D_HOMO_3,9.853798971858176,D
ASV_104,T0_D_HOMO_4,9.842791414732492,D
ASV_104,T0_D_HOMO_5,10.718103486777322,D
ASV_104,T0_H_HOMO_1,5.148570360403759,H
ASV_104,T0_H_HOMO_2,5.148570360403761,H
ASV_104,T0_H_HOMO_3,5.148570360403761,H
ASV_104,T0_H_HOMO_4,5.148570360403761,H
ASV_104,T0_H_HOMO_5,5.148570360403759,H
ASV_105,T0_D_HOMO_1,5.148570360403761,D
ASV_105,T0_D_HOMO_2,5.148570360403759,D
ASV_105,T0_D_HOMO_3,5.148570360403759,D
ASV_105,T0_D_HOMO_4,5.148570360403759,D
ASV_105,T0_D_HOMO_5,5.148570360403759,D
ASV_105,T0_H_HOMO_1,5.148570360403759,H
ASV_105,T0_H_HOMO_2,5.148570360403761,H
ASV_105,T0_H_HOMO_3,5.148570360403761,H
ASV_105,T0_H_HOMO_4,9.20955975106167,H
ASV_105,T0_H_HOMO_5,5.148570360403759,H
ASV_106,T0_D_HOMO_1,5.148570360403761,D
ASV_106,T0_D_HOMO_2,5.148570360403759,D
ASV_106,T0_D_HOMO_3,5.148570360403759,D
ASV_106,T0_D_HOMO_4,5.148570360403759,D
ASV_106,T0_D_HOMO_5,5.148570360403759,D
ASV_106,T0_H_HOMO_1,5.148570360403759,H
ASV_106,T0_H_HOMO_2,8.266464659085855,H
ASV_106,T0_H_HOMO_3,5.148570360403761,H
ASV_106,T0_H_HOMO_4,5.148570360403761,H
ASV_106,T0_H_HOMO_5,5.148570360403759,H
ASV_108,T0_D_HOMO_1,5.148570360403761,D
ASV_108,T0_D_HOMO_2,9.132894245263659,D
ASV_108,T0_D_HOMO_3,8.70332310015918,D
ASV_108,T0_D_HOMO_4,11.390115198457112,D
ASV_108,T0_D_HOMO_5,11.512379597020464,D
ASV_108,T0_H_HOMO_1,5.148570360403759,H
ASV_108,T0_H_HOMO_2,5.148570360403761,H
ASV_108,T0_H_HOMO_3,5.148570360403761,H
ASV_108,T0_H_HOMO_4,5.148570360403761,H
ASV_108,T0_H_HOMO_5,5.148570360403759,H
ASV_109,T0_D_HOMO_1,5.148570360403761,D
ASV_109,T0_D_HOMO_2,8.221283941172784,D
ASV_109,T0_D_HOMO_3,5.148570360403759,D
ASV_109,T0_D_HOMO_4,5.148570360403759,D
ASV_109,T0_D_HOMO_5,5.148570360403759,D
ASV_109,T0_H_HOMO_1,13.80992215700964,H
ASV_109,T0_H_HOMO_2,13.766005295961998,H
ASV_109,T0_H_HOMO_3,12.977359654032144,H
ASV_109,T0_H_HOMO_4,13.440939486385641,H
ASV_109,T0_H_HOMO_5,13.742559564069948,H
ASV_110,T0_D_HOMO_1,7.040771408177656,D
ASV_110,T0_D_HOMO_2,5.148570360403759,D
ASV_110,T0_D_HOMO_3,5.148570360403759,D
ASV_110,T0_D_HOMO_4,5.148570360403759,D
ASV_110,T0_D_HOMO_5,5.148570360403759,D
ASV_110,T0_H_HOMO_1,5.148570360403759,H
ASV_110,T0_H_HOMO_2,5.148570360403761,H
ASV_110,T0_H_HOMO_3,5.148570360403761,H
ASV_110,T0_H_HOMO_4,5.148570360403761,H
ASV_110,T0_H_HOMO_5,5.148570360403759,H
ASV_112,T0_D_HOMO_1,5.148570360403761,D
ASV_112,T0_D_HOMO_2,5.148570360403759,D
ASV_112,T0_D_HOMO_3,5.148570360403759,D
ASV_112,T0_D_HOMO_4,5.148570360403759,D
ASV_112,T0_D_HOMO_5,5.148570360403759,D
ASV_112,T0_H_HOMO_1,5.148570360403759,H
ASV_112,T0_H_HOMO_2,5.148570360403761,H
ASV_112,T0_H_HOMO_3,5.148570360403761,H
ASV_112,T0_H_HOMO_4,5.148570360403761,H
ASV_112,T0_H_HOMO_5,10.957434009591115,H
ASV_114,T0_D_HOMO_1,5.148570360403761,D
ASV_114,T0_D_HOMO_2,5.148570360403759,D
ASV_114,T0_D_HOMO_3,5.148570360403759,D
ASV_114,T0_D_HOMO_4,5.148570360403759,D
ASV_114,T0_D_HOMO_5,5.148570360403759,D
ASV_114,T0_H_HOMO_1,5.148570360403759,H
ASV_114,T0_H_HOMO_2,5.148570360403761,H
ASV_114,T0_H_HOMO_3,5.148570360403761,H
ASV_114,T0_H_HOMO_4,5.148570360403761,H
ASV_114,T0_H_HOMO_5,5.148570360403759,H
ASV_115,T0_D_HOMO_1,5.148570360403761,D
ASV_115,T0_D_HOMO_2,5.148570360403759,D
ASV_115,T0_D_HOMO_3,5.148570360403759,D
ASV_115,T0_D_HOMO_4,8.3651891982449,D
ASV_115,T0_D_HOMO_5,5.148570360403759,D
ASV_115,T0_H_HOMO_1,5.148570360403759,H
ASV_115,T0_H_HOMO_2,5.148570360403761,H
ASV_115,T0_H_HOMO_3,5.148570360403761,H
ASV_115,T0_H_HOMO_4,5.148570360403761,H
ASV_115,T0_H_HOMO_5,5.148570360403759,H
ASV_116,T0_D_HOMO_1,5.148570360403761,D
ASV_116,T0_D_HOMO_2,5.148570360403759,D
ASV_116,T0_D_HOMO_3,5.148570360403759,D
ASV_116,T0_D_HOMO_4,5.148570360403759,D
ASV_116,T0_D_HOMO_5,5.148570360403759,D
ASV_116,T0_H_HOMO_1,5.148570360403759,H
ASV_116,T0_H_HOMO_2,5.148570360403761,H
ASV_116,T0_H_HOMO_3,5.148570360403761,H
ASV_116,T0_H_HOMO_4,5.148570360403761,H
ASV_116,T0_H_HOMO_5,5.148570360403759,H
ASV_117,T0_D_HOMO_1,8.715147436574979,D
ASV_117,T0_D_HOMO_2,7.383308287037986,D
ASV_117,T0_D_HOMO_3,11.59169092991813,D
ASV_117,T0_D_HOMO_4,10.24382921609816,D
ASV_117,T0_D_HOMO_5,11.29290384199729,D
ASV_117,T0_H_HOMO_1,5.148570360403759,H
ASV_117,T0_H_HOMO_2,5.148570360403761,H
ASV_117,T0_H_HOMO_3,5.148570360403761,H
ASV_117,T0_H_HOMO_4,5.148570360403761,H
ASV_117,T0_H_HOMO_5,5.148570360403759,H
ASV_119,T0_D_HOMO_1,5.148570360403761,D
ASV_119,T0_D_HOMO_2,5.148570360403759,D
ASV_119,T0_D_HOMO_3,5.148570360403759,D
ASV_119,T0_D_HOMO_4,5.148570360403759,D
ASV_119,T0_D_HOMO_5,5.148570360403759,D
ASV_119,T0_H_HOMO_1,5.148570360403759,H
ASV_119,T0_H_HOMO_2,5.148570360403761,H
ASV_119,T0_H_HOMO_3,5.148570360403761,H
ASV_119,T0_H_HOMO_4,5.148570360403761,H
ASV_119,T0_H_HOMO_5,5.148570360403759,H
ASV_120,T0_D_HOMO_1,5.148570360403761,D
ASV_120,T0_D_HOMO_2,5.148570360403759,D
ASV_120,T0_D_HOMO_3,5.148570360403759,D
ASV_120,T0_D_HOMO_4,5.148570360403759,D
ASV_120,T0_D_HOMO_5,5.148570360403759,D
ASV_120,T0_H_HOMO_1,5.148570360403759,H
ASV_120,T0_H_HOMO_2,5.148570360403761,H
ASV_120,T0_H_HOMO_3,5.148570360403761,H
ASV_120,T0_H_HOMO_4,5.148570360403761,H
ASV_120,T0_H_HOMO_5,5.148570360403759,H
ASV_121,T0_D_HOMO_1,5.148570360403761,D
ASV_121,T0_D_HOMO_2,5.148570360403759,D
ASV_121,T0_D_HOMO_3,5.148570360403759,D
ASV_121,T0_D_HOMO_4,5.148570360403759,D
ASV_121,T0_D_HOMO_5,5.148570360403759,D
ASV_121,T0_H_HOMO_1,5.148570360403759,H
ASV_121,T0_H_HOMO_2,5.148570360403761,H
ASV_121,T0_H_HOMO_3,5.148570360403761,H
ASV_121,T0_H_HOMO_4,5.148570360403761,H
ASV_121,T0_H_HOMO_5,5.148570360403759,H
ASV_122,T0_D_HOMO_1,5.148570360403761,D
ASV_122,T0_D_HOMO_2,5.148570360403759,D
ASV_122,T0_D_HOMO_3,8.178474902930725,D
ASV_122,T0_D_HOMO_4,5.148570360403759,D
ASV_122,T0_D_HOMO_5,5.148570360403759,D
ASV_122,T0_H_HOMO_1,5.148570360403759,H
ASV_122,T0_H_HOMO_2,5.148570360403761,H
ASV_122,T0_H_HOMO_3,5.148570360403761,H
ASV_122,T0_H_HOMO_4,5.148570360403761,H
ASV_122,T0_H_HOMO_5,5.148570360403759,H
ASV_123,T0_D_HOMO_1,5.148570360403761,D
ASV_123,T0_D_HOMO_2,5.148570360403759,D
ASV_123,T0_D_HOMO_3,7.345107624176208,D
ASV_123,T0_D_HOMO_4,5.148570360403759,D
ASV_123,T0_D_HOMO_5,5.148570360403759,D
ASV_123,T0_H_HOMO_1,5.148570360403759,H
ASV_123,T0_H_HOMO_2,5.148570360403761,H
ASV_123,T0_H_HOMO_3,5.148570360403761,H
ASV_123,T0_H_HOMO_4,5.148570360403761,H
ASV_123,T0_H_HOMO_5,5.148570360403759,H
ASV_124,T0_D_HOMO_1,5.148570360403761,D
ASV_124,T0_D_HOMO_2,5.148570360403759,D
ASV_124,T0_D_HOMO_3,5.148570360403759,D
ASV_124,T0_D_HOMO_4,5.148570360403759,D
ASV_124,T0_D_HOMO_5,5.148570360403759,D
ASV_124,T0_H_HOMO_1,5.148570360403759,H
ASV_124,T0_H_HOMO_2,5.148570360403761,H
ASV_124,T0_H_HOMO_3,5.148570360403761,H
ASV_124,T0_H_HOMO_4,5.148570360403761,H
ASV_124,T0_H_HOMO_5,5.148570360403759,H
ASV_126,T0_D_HOMO_1,5.148570360403761,D
ASV_126,T0_D_HOMO_2,5.148570360403759,D
ASV_126,T0_D_HOMO_3,5.148570360403759,D
ASV_126,T0_D_HOMO_4,5.148570360403759,D
ASV_126,T0_D_HOMO_5,5.148570360403759,D
ASV_126,T0_H_HOMO_1,5.148570360403759,H
ASV_126,T0_H_HOMO_2,5.148570360403761,H
ASV_126,T0_H_HOMO_3,9.772705005052815,H
ASV_126,T0_H_HOMO_4,10.695931027047223,H
ASV_126,T0_H_HOMO_5,9.423045583123054,H
ASV_127,T0_D_HOMO_1,5.148570360403761,D
ASV_127,T0_D_HOMO_2,5.148570360403759,D
ASV_127,T0_D_HOMO_3,5.148570360403759,D
ASV_127,T0_D_HOMO_4,5.148570360403759,D
ASV_127,T0_D_HOMO_5,5.148570360403759,D
ASV_127,T0_H_HOMO_1,5.148570360403759,H
ASV_127,T0_H_HOMO_2,5.148570360403761,H
ASV_127,T0_H_HOMO_3,5.148570360403761,H
ASV_127,T0_H_HOMO_4,5.148570360403761,H
ASV_127,T0_H_HOMO_5,5.148570360403759,H
ASV_129,T0_D_HOMO_1,5.148570360403761,D
ASV_129,T0_D_HOMO_2,5.148570360403759,D
ASV_129,T0_D_HOMO_3,5.148570360403759,D
ASV_129,T0_D_HOMO_4,9.28542723216456,D
ASV_129,T0_D_HOMO_5,5.148570360403759,D
ASV_129,T0_H_HOMO_1,5.148570360403759,H
ASV_129,T0_H_HOMO_2,5.148570360403761,H
ASV_129,T0_H_HOMO_3,5.148570360403761,H
ASV_129,T0_H_HOMO_4,5.148570360403761,H
ASV_129,T0_H_HOMO_5,10.385282204577205,H
ASV_130,T0_D_HOMO_1,5.148570360403761,D
ASV_130,T0_D_HOMO_2,5.148570360403759,D
ASV_130,T0_D_HOMO_3,5.148570360403759,D
ASV_130,T0_D_HOMO_4,5.148570360403759,D
ASV_130,T0_D_HOMO_5,5.148570360403759,D
ASV_130,T0_H_HOMO_1,5.148570360403759,H
ASV_130,T0_H_HOMO_2,5.148570360403761,H
ASV_130,T0_H_HOMO_3,5.148570360403761,H
ASV_130,T0_H_HOMO_4,5.148570360403761,H
ASV_130,T0_H_HOMO_5,5.148570360403759,H
ASV_131,T0_D_HOMO_1,5.148570360403761,D
ASV_131,T0_D_HOMO_2,5.148570360403759,D
ASV_131,T0_D_HOMO_3,5.148570360403759,D
ASV_131,T0_D_HOMO_4,5.148570360403759,D
ASV_131,T0_D_HOMO_5,5.148570360403759,D
ASV_131,T0_H_HOMO_1,5.148570360403759,H
ASV_131,T0_H_HOMO_2,5.148570360403761,H
ASV_131,T0_H_HOMO_3,5.148570360403761,H
ASV_131,T0_H_HOMO_4,5.148570360403761,H
ASV_131,T0_H_HOMO_5,5.148570360403759,H
ASV_132,T0_D_HOMO_1,5.148570360403761,D
ASV_132,T0_D_HOMO_2,5.148570360403759,D
ASV_132,T0_D_HOMO_3,5.148570360403759,D
ASV_132,T0_D_HOMO_4,5.148570360403759,D
ASV_132,T0_D_HOMO_5,5.148570360403759,D
ASV_132,T0_H_HOMO_1,12.732101565585875,H
ASV_132,T0_H_HOMO_2,11.226889649152207,H
ASV_132,T0_H_HOMO_3,12.200709557011722,H
ASV_132,T0_H_HOMO_4,10.953814612847676,H
ASV_132,T0_H_HOMO_5,11.68406850797359,H
ASV_133,T0_D_HOMO_1,5.148570360403761,D
ASV_133,T0_D_HOMO_2,5.148570360403759,D
ASV_133,T0_D_HOMO_3,5.148570360403759,D
ASV_133,T0_D_HOMO_4,5.148570360403759,D
ASV_133,T0_D_HOMO_5,5.148570360403759,D
ASV_133,T0_H_HOMO_1,5.148570360403759,H
ASV_133,T0_H_HOMO_2,5.148570360403761,H
ASV_133,T0_H_HOMO_3,5.148570360403761,H
ASV_133,T0_H_HOMO_4,5.148570360403761,H
ASV_133,T0_H_HOMO_5,5.148570360403759,H
ASV_134,T0_D_HOMO_1,5.148570360403761,D
ASV_134,T0_D_HOMO_2,5.148570360403759,D
ASV_134,T0_D_HOMO_3,5.148570360403759,D
ASV_134,T0_D_HOMO_4,8.3651891982449,D
ASV_134,T0_D_HOMO_5,5.148570360403759,D
ASV_134,T0_H_HOMO_1,5.148570360403759,H
ASV_134,T0_H_HOMO_2,5.148570360403761,H
ASV_134,T0_H_HOMO_3,5.148570360403761,H
ASV_134,T0_H_HOMO_4,5.148570360403761,H
ASV_134,T0_H_HOMO_5,5.148570360403759,H
ASV_135,T0_D_HOMO_1,8.715147436574979,D
ASV_135,T0_D_HOMO_2,7.383308287037986,D
ASV_135,T0_D_HOMO_3,9.087337266394945,D
ASV_135,T0_D_HOMO_4,5.148570360403759,D
ASV_135,T0_D_HOMO_5,9.352829955467776,D
ASV_135,T0_H_HOMO_1,9.476326779392654,H
ASV_135,T0_H_HOMO_2,10.136109326067153,H
ASV_135,T0_H_HOMO_3,10.338033818684728,H
ASV_135,T0_H_HOMO_4,9.20955975106167,H
ASV_135,T0_H_HOMO_5,5.148570360403759,H
ASV_136,T0_D_HOMO_1,5.148570360403761,D
ASV_136,T0_D_HOMO_2,5.148570360403759,D
ASV_136,T0_D_HOMO_3,5.148570360403759,D
ASV_136,T0_D_HOMO_4,5.148570360403759,D
ASV_136,T0_D_HOMO_5,5.148570360403759,D
ASV_136,T0_H_HOMO_1,5.148570360403759,H
ASV_136,T0_H_HOMO_2,5.148570360403761,H
ASV_136,T0_H_HOMO_3,5.148570360403761,H
ASV_136,T0_H_HOMO_4,5.148570360403761,H
ASV_136,T0_H_HOMO_5,5.148570360403759,H
ASV_137,T0_D_HOMO_1,5.148570360403761,D
ASV_137,T0_D_HOMO_2,5.148570360403759,D
ASV_137,T0_D_HOMO_3,5.148570360403759,D
ASV_137,T0_D_HOMO_4,5.148570360403759,D
ASV_137,T0_D_HOMO_5,5.148570360403759,D
ASV_137,T0_H_HOMO_1,5.148570360403759,H
ASV_137,T0_H_HOMO_2,5.148570360403761,H
ASV_137,T0_H_HOMO_3,5.148570360403761,H
ASV_137,T0_H_HOMO_4,5.148570360403761,H
ASV_137,T0_H_HOMO_5,5.148570360403759,H
ASV_138,T0_D_HOMO_1,5.148570360403761,D
ASV_138,T0_D_HOMO_2,5.148570360403759,D
ASV_138,T0_D_HOMO_3,5.148570360403759,D
ASV_138,T0_D_HOMO_4,5.148570360403759,D
ASV_138,T0_D_HOMO_5,5.148570360403759,D
ASV_138,T0_H_HOMO_1,5.148570360403759,H
ASV_138,T0_H_HOMO_2,5.148570360403761,H
ASV_138,T0_H_HOMO_3,5.148570360403761,H
ASV_138,T0_H_HOMO_4,5.148570360403761,H
ASV_138,T0_H_HOMO_5,5.148570360403759,H
ASV_140,T0_D_HOMO_1,5.148570360403761,D
ASV_140,T0_D_HOMO_2,5.148570360403759,D
ASV_140,T0_D_HOMO_3,5.148570360403759,D
ASV_140,T0_D_HOMO_4,5.148570360403759,D
ASV_140,T0_D_HOMO_5,5.148570360403759,D
ASV_140,T0_H_HOMO_1,5.148570360403759,H
ASV_140,T0_H_HOMO_2,5.148570360403761,H
ASV_140,T0_H_HOMO_3,5.148570360403761,H
ASV_140,T0_H_HOMO_4,5.148570360403761,H
ASV_140,T0_H_HOMO_5,5.148570360403759,H
ASV_142,T0_D_HOMO_1,5.148570360403761,D
ASV_142,T0_D_HOMO_2,9.436475465825527,D
ASV_142,T0_D_HOMO_3,10.039514385369847,D
ASV_142,T0_D_HOMO_4,5.148570360403759,D
ASV_142,T0_D_HOMO_5,5.148570360403759,D
ASV_142,T0_H_HOMO_1,5.148570360403759,H
ASV_142,T0_H_HOMO_2,5.148570360403761,H
ASV_142,T0_H_HOMO_3,5.148570360403761,H
ASV_142,T0_H_HOMO_4,5.148570360403761,H
ASV_142,T0_H_HOMO_5,5.148570360403759,H
ASV_144,T0_D_HOMO_1,6.3849133164002225,D
ASV_144,T0_D_HOMO_2,7.383308287037986,D
ASV_144,T0_D_HOMO_3,5.148570360403759,D
ASV_144,T0_D_HOMO_4,5.148570360403759,D
ASV_144,T0_D_HOMO_5,5.148570360403759,D
ASV_144,T0_H_HOMO_1,5.148570360403759,H
ASV_144,T0_H_HOMO_2,5.148570360403761,H
ASV_144,T0_H_HOMO_3,5.148570360403761,H
ASV_144,T0_H_HOMO_4,5.148570360403761,H
ASV_144,T0_H_HOMO_5,5.148570360403759,H
ASV_145,T0_D_HOMO_1,5.148570360403761,D
ASV_145,T0_D_HOMO_2,5.148570360403759,D
ASV_145,T0_D_HOMO_3,5.148570360403759,D
ASV_145,T0_D_HOMO_4,5.148570360403759,D
ASV_145,T0_D_HOMO_5,5.148570360403759,D
ASV_145,T0_H_HOMO_1,5.148570360403759,H
ASV_145,T0_H_HOMO_2,5.148570360403761,H
ASV_145,T0_H_HOMO_3,5.148570360403761,H
ASV_145,T0_H_HOMO_4,5.148570360403761,H
ASV_145,T0_H_HOMO_5,5.148570360403759,H
ASV_149,T0_D_HOMO_1,7.832047265738768,D
ASV_149,T0_D_HOMO_2,7.383308287037986,D
ASV_149,T0_D_HOMO_3,5.148570360403759,D
ASV_149,T0_D_HOMO_4,5.148570360403759,D
ASV_149,T0_D_HOMO_5,5.148570360403759,D
ASV_149,T0_H_HOMO_1,5.148570360403759,H
ASV_149,T0_H_HOMO_2,5.148570360403761,H
ASV_149,T0_H_HOMO_3,5.148570360403761,H
ASV_149,T0_H_HOMO_4,5.148570360403761,H
ASV_149,T0_H_HOMO_5,5.148570360403759,H
ASV_150,T0_D_HOMO_1,10.157027145269597,D
ASV_150,T0_D_HOMO_2,5.148570360403759,D
ASV_150,T0_D_HOMO_3,8.178474902930725,D
ASV_150,T0_D_HOMO_4,5.148570360403759,D
ASV_150,T0_D_HOMO_5,5.148570360403759,D
ASV_150,T0_H_HOMO_1,5.148570360403759,H
ASV_150,T0_H_HOMO_2,5.148570360403761,H
ASV_150,T0_H_HOMO_3,5.148570360403761,H
ASV_150,T0_H_HOMO_4,5.148570360403761,H
ASV_150,T0_H_HOMO_5,5.148570360403759,H
ASV_151,T0_D_HOMO_1,5.148570360403761,D
ASV_151,T0_D_HOMO_2,5.148570360403759,D
ASV_151,T0_D_HOMO_3,5.148570360403759,D
ASV_151,T0_D_HOMO_4,5.148570360403759,D
ASV_151,T0_D_HOMO_5,5.148570360403759,D
ASV_151,T0_H_HOMO_1,5.148570360403759,H
ASV_151,T0_H_HOMO_2,5.148570360403761,H
ASV_151,T0_H_HOMO_3,5.148570360403761,H
ASV_151,T0_H_HOMO_4,5.148570360403761,H
ASV_151,T0_H_HOMO_5,5.148570360403759,H
ASV_153,T0_D_HOMO_1,5.148570360403761,D
ASV_153,T0_D_HOMO_2,5.148570360403759,D
ASV_153,T0_D_HOMO_3,7.345107624176208,D
ASV_153,T0_D_HOMO_4,5.148570360403759,D
ASV_153,T0_D_HOMO_5,5.148570360403759,D
ASV_153,T0_H_HOMO_1,9.87329055751361,H
ASV_153,T0_H_HOMO_2,5.148570360403761,H
ASV_153,T0_H_HOMO_3,5.148570360403761,H
ASV_153,T0_H_HOMO_4,5.148570360403761,H
ASV_153,T0_H_HOMO_5,5.148570360403759,H
ASV_154,T0_D_HOMO_1,5.148570360403761,D
ASV_154,T0_D_HOMO_2,5.148570360403759,D
ASV_154,T0_D_HOMO_3,5.148570360403759,D
ASV_154,T0_D_HOMO_4,5.148570360403759,D
ASV_154,T0_D_HOMO_5,5.148570360403759,D
ASV_154,T0_H_HOMO_1,5.148570360403759,H
ASV_154,T0_H_HOMO_2,5.148570360403761,H
ASV_154,T0_H_HOMO_3,5.148570360403761,H
ASV_154,T0_H_HOMO_4,5.148570360403761,H
ASV_154,T0_H_HOMO_5,5.148570360403759,H
ASV_155,T0_D_HOMO_1,5.148570360403761,D
ASV_155,T0_D_HOMO_2,5.148570360403759,D
ASV_155,T0_D_HOMO_3,5.148570360403759,D
ASV_155,T0_D_HOMO_4,5.148570360403759,D
ASV_155,T0_D_HOMO_5,5.148570360403759,D
ASV_155,T0_H_HOMO_1,6.790165770904973,H
ASV_155,T0_H_HOMO_2,9.180882638153543,H
ASV_155,T0_H_HOMO_3,5.148570360403761,H
ASV_155,T0_H_HOMO_4,10.612910604813452,H
ASV_155,T0_H_HOMO_5,9.423045583123054,H
ASV_156,T0_D_HOMO_1,5.148570360403761,D
ASV_156,T0_D_HOMO_2,5.148570360403759,D
ASV_156,T0_D_HOMO_3,5.148570360403759,D
ASV_156,T0_D_HOMO_4,5.148570360403759,D
ASV_156,T0_D_HOMO_5,5.148570360403759,D
ASV_156,T0_H_HOMO_1,5.148570360403759,H
ASV_156,T0_H_HOMO_2,5.148570360403761,H
ASV_156,T0_H_HOMO_3,5.148570360403761,H
ASV_156,T0_H_HOMO_4,5.148570360403761,H
ASV_156,T0_H_HOMO_5,5.148570360403759,H
ASV_159,T0_D_HOMO_1,5.148570360403761,D
ASV_159,T0_D_HOMO_2,5.148570360403759,D
ASV_159,T0_D_HOMO_3,5.148570360403759,D
ASV_159,T0_D_HOMO_4,5.148570360403759,D
ASV_159,T0_D_HOMO_5,5.148570360403759,D
ASV_159,T0_H_HOMO_1,5.148570360403759,H
ASV_159,T0_H_HOMO_2,5.148570360403761,H
ASV_159,T0_H_HOMO_3,5.148570360403761,H
ASV_159,T0_H_HOMO_4,5.148570360403761,H
ASV_159,T0_H_HOMO_5,5.148570360403759,H
ASV_160,T0_D_HOMO_1,5.148570360403761,D
ASV_160,T0_D_HOMO_2,5.148570360403759,D
ASV_160,T0_D_HOMO_3,5.148570360403759,D
ASV_160,T0_D_HOMO_4,5.148570360403759,D
ASV_160,T0_D_HOMO_5,5.148570360403759,D
ASV_160,T0_H_HOMO_1,5.148570360403759,H
ASV_160,T0_H_HOMO_2,5.148570360403761,H
ASV_160,T0_H_HOMO_3,5.148570360403761,H
ASV_160,T0_H_HOMO_4,5.148570360403761,H
ASV_160,T0_H_HOMO_5,5.148570360403759,H
ASV_161,T0_D_HOMO_1,8.715147436574979,D
ASV_161,T0_D_HOMO_2,5.148570360403759,D
ASV_161,T0_D_HOMO_3,5.148570360403759,D
ASV_161,T0_D_HOMO_4,5.148570360403759,D
ASV_161,T0_D_HOMO_5,5.148570360403759,D
ASV_161,T0_H_HOMO_1,5.148570360403759,H
ASV_161,T0_H_HOMO_2,5.148570360403761,H
ASV_161,T0_H_HOMO_3,5.148570360403761,H
ASV_161,T0_H_HOMO_4,5.148570360403761,H
ASV_161,T0_H_HOMO_5,5.148570360403759,H
ASV_163,T0_D_HOMO_1,8.715147436574979,D
ASV_163,T0_D_HOMO_2,5.148570360403759,D
ASV_163,T0_D_HOMO_3,5.148570360403759,D
ASV_163,T0_D_HOMO_4,5.148570360403759,D
ASV_163,T0_D_HOMO_5,5.148570360403759,D
ASV_163,T0_H_HOMO_1,5.148570360403759,H
ASV_163,T0_H_HOMO_2,5.148570360403761,H
ASV_163,T0_H_HOMO_3,5.148570360403761,H
ASV_163,T0_H_HOMO_4,5.148570360403761,H
ASV_163,T0_H_HOMO_5,5.148570360403759,H
ASV_165,T0_D_HOMO_1,9.258939196659666,D
ASV_165,T0_D_HOMO_2,7.383308287037986,D
ASV_165,T0_D_HOMO_3,5.148570360403759,D
ASV_165,T0_D_HOMO_4,5.148570360403759,D
ASV_165,T0_D_HOMO_5,5.148570360403759,D
ASV_165,T0_H_HOMO_1,5.148570360403759,H
ASV_165,T0_H_HOMO_2,5.148570360403761,H
ASV_165,T0_H_HOMO_3,5.148570360403761,H
ASV_165,T0_H_HOMO_4,5.148570360403761,H
ASV_165,T0_H_HOMO_5,5.148570360403759,H
ASV_167,T0_D_HOMO_1,5.148570360403761,D
ASV_167,T0_D_HOMO_2,5.148570360403759,D
ASV_167,T0_D_HOMO_3,5.148570360403759,D
ASV_167,T0_D_HOMO_4,5.148570360403759,D
ASV_167,T0_D_HOMO_5,5.148570360403759,D
ASV_167,T0_H_HOMO_1,8.028338926670099,H
ASV_167,T0_H_HOMO_2,5.148570360403761,H
ASV_167,T0_H_HOMO_3,5.148570360403761,H
ASV_167,T0_H_HOMO_4,5.148570360403761,H
ASV_167,T0_H_HOMO_5,5.148570360403759,H
ASV_168,T0_D_HOMO_1,5.148570360403761,D
ASV_168,T0_D_HOMO_2,5.148570360403759,D
ASV_168,T0_D_HOMO_3,5.148570360403759,D
ASV_168,T0_D_HOMO_4,5.148570360403759,D
ASV_168,T0_D_HOMO_5,5.148570360403759,D
ASV_168,T0_H_HOMO_1,5.148570360403759,H
ASV_168,T0_H_HOMO_2,5.148570360403761,H
ASV_168,T0_H_HOMO_3,5.148570360403761,H
ASV_168,T0_H_HOMO_4,5.148570360403761,H
ASV_168,T0_H_HOMO_5,5.148570360403759,H
ASV_169,T0_D_HOMO_1,5.148570360403761,D
ASV_169,T0_D_HOMO_2,5.148570360403759,D
ASV_169,T0_D_HOMO_3,5.148570360403759,D
ASV_169,T0_D_HOMO_4,5.148570360403759,D
ASV_169,T0_D_HOMO_5,5.148570360403759,D
ASV_169,T0_H_HOMO_1,5.148570360403759,H
ASV_169,T0_H_HOMO_2,5.148570360403761,H
ASV_169,T0_H_HOMO_3,5.148570360403761,H
ASV_169,T0_H_HOMO_4,5.148570360403761,H
ASV_169,T0_H_HOMO_5,5.148570360403759,H
ASV_171,T0_D_HOMO_1,5.148570360403761,D
ASV_171,T0_D_HOMO_2,5.148570360403759,D
ASV_171,T0_D_HOMO_3,5.148570360403759,D
ASV_171,T0_D_HOMO_4,5.148570360403759,D
ASV_171,T0_D_HOMO_5,5.148570360403759,D
ASV_171,T0_H_HOMO_1,5.148570360403759,H
ASV_171,T0_H_HOMO_2,5.148570360403761,H
ASV_171,T0_H_HOMO_3,5.148570360403761,H
ASV_171,T0_H_HOMO_4,5.148570360403761,H
ASV_171,T0_H_HOMO_5,5.148570360403759,H
ASV_172,T0_D_HOMO_1,5.148570360403761,D
ASV_172,T0_D_HOMO_2,5.148570360403759,D
ASV_172,T0_D_HOMO_3,5.148570360403759,D
ASV_172,T0_D_HOMO_4,5.148570360403759,D
ASV_172,T0_D_HOMO_5,5.148570360403759,D
ASV_172,T0_H_HOMO_1,5.148570360403759,H
ASV_172,T0_H_HOMO_2,5.148570360403761,H
ASV_172,T0_H_HOMO_3,5.148570360403761,H
ASV_172,T0_H_HOMO_4,5.148570360403761,H
ASV_172,T0_H_HOMO_5,5.148570360403759,H
ASV_173,T0_D_HOMO_1,5.148570360403761,D
ASV_173,T0_D_HOMO_2,8.221283941172784,D
ASV_173,T0_D_HOMO_3,7.345107624176208,D
ASV_173,T0_D_HOMO_4,9.28542723216456,D
ASV_173,T0_D_HOMO_5,10.718103486777322,D
ASV_173,T0_H_HOMO_1,5.148570360403759,H
ASV_173,T0_H_HOMO_2,5.148570360403761,H
ASV_173,T0_H_HOMO_3,5.148570360403761,H
ASV_173,T0_H_HOMO_4,6.354947625689174,H
ASV_173,T0_H_HOMO_5,5.148570360403759,H
ASV_174,T0_D_HOMO_1,5.148570360403761,D
ASV_174,T0_D_HOMO_2,5.148570360403759,D
ASV_174,T0_D_HOMO_3,5.148570360403759,D
ASV_174,T0_D_HOMO_4,5.148570360403759,D
ASV_174,T0_D_HOMO_5,5.148570360403759,D
ASV_174,T0_H_HOMO_1,5.148570360403759,H
ASV_174,T0_H_HOMO_2,5.148570360403761,H
ASV_174,T0_H_HOMO_3,5.148570360403761,H
ASV_174,T0_H_HOMO_4,5.148570360403761,H
ASV_174,T0_H_HOMO_5,5.148570360403759,H
ASV_175,T0_D_HOMO_1,5.148570360403761,D
ASV_175,T0_D_HOMO_2,5.148570360403759,D
ASV_175,T0_D_HOMO_3,5.148570360403759,D
ASV_175,T0_D_HOMO_4,5.148570360403759,D
ASV_175,T0_D_HOMO_5,5.148570360403759,D
ASV_175,T0_H_HOMO_1,7.538195977322027,H
ASV_175,T0_H_HOMO_2,5.148570360403761,H
ASV_175,T0_H_HOMO_3,5.148570360403761,H
ASV_175,T0_H_HOMO_4,8.492407649566017,H
ASV_175,T0_H_HOMO_5,5.148570360403759,H
ASV_176,T0_D_HOMO_1,5.148570360403761,D
ASV_176,T0_D_HOMO_2,5.148570360403759,D
ASV_176,T0_D_HOMO_3,5.148570360403759,D
ASV_176,T0_D_HOMO_4,5.148570360403759,D
ASV_176,T0_D_HOMO_5,5.148570360403759,D
ASV_176,T0_H_HOMO_1,5.148570360403759,H
ASV_176,T0_H_HOMO_2,5.148570360403761,H
ASV_176,T0_H_HOMO_3,5.148570360403761,H
ASV_176,T0_H_HOMO_4,5.148570360403761,H
ASV_176,T0_H_HOMO_5,5.148570360403759,H
ASV_178,T0_D_HOMO_1,5.148570360403761,D
ASV_178,T0_D_HOMO_2,5.148570360403759,D
ASV_178,T0_D_HOMO_3,5.148570360403759,D
ASV_178,T0_D_HOMO_4,5.148570360403759,D
ASV_178,T0_D_HOMO_5,5.148570360403759,D
ASV_178,T0_H_HOMO_1,5.148570360403759,H
ASV_178,T0_H_HOMO_2,5.148570360403761,H
ASV_178,T0_H_HOMO_3,5.148570360403761,H
ASV_178,T0_H_HOMO_4,5.148570360403761,H
ASV_178,T0_H_HOMO_5,5.148570360403759,H
ASV_179,T0_D_HOMO_1,5.148570360403761,D
ASV_179,T0_D_HOMO_2,5.148570360403759,D
ASV_179,T0_D_HOMO_3,5.148570360403759,D
ASV_179,T0_D_HOMO_4,5.148570360403759,D
ASV_179,T0_D_HOMO_5,5.148570360403759,D
ASV_179,T0_H_HOMO_1,5.148570360403759,H
ASV_179,T0_H_HOMO_2,5.148570360403761,H
ASV_179,T0_H_HOMO_3,5.148570360403761,H
ASV_179,T0_H_HOMO_4,5.148570360403761,H
ASV_179,T0_H_HOMO_5,5.148570360403759,H
ASV_180,T0_D_HOMO_1,5.148570360403761,D
ASV_180,T0_D_HOMO_2,5.148570360403759,D
ASV_180,T0_D_HOMO_3,5.148570360403759,D
ASV_180,T0_D_HOMO_4,5.148570360403759,D
ASV_180,T0_D_HOMO_5,5.148570360403759,D
ASV_180,T0_H_HOMO_1,5.148570360403759,H
ASV_180,T0_H_HOMO_2,5.148570360403761,H
ASV_180,T0_H_HOMO_3,5.148570360403761,H
ASV_180,T0_H_HOMO_4,5.148570360403761,H
ASV_180,T0_H_HOMO_5,5.148570360403759,H
ASV_183,T0_D_HOMO_1,6.3849133164002225,D
ASV_183,T0_D_HOMO_2,5.148570360403759,D
ASV_183,T0_D_HOMO_3,7.345107624176208,D
ASV_183,T0_D_HOMO_4,5.148570360403759,D
ASV_183,T0_D_HOMO_5,5.148570360403759,D
ASV_183,T0_H_HOMO_1,5.148570360403759,H
ASV_183,T0_H_HOMO_2,5.148570360403761,H
ASV_183,T0_H_HOMO_3,5.148570360403761,H
ASV_183,T0_H_HOMO_4,5.148570360403761,H
ASV_183,T0_H_HOMO_5,5.148570360403759,H
ASV_184,T0_D_HOMO_1,5.148570360403761,D
ASV_184,T0_D_HOMO_2,5.148570360403759,D
ASV_184,T0_D_HOMO_3,5.148570360403759,D
ASV_184,T0_D_HOMO_4,5.148570360403759,D
ASV_184,T0_D_HOMO_5,5.148570360403759,D
ASV_184,T0_H_HOMO_1,5.148570360403759,H
ASV_184,T0_H_HOMO_2,5.148570360403761,H
ASV_184,T0_H_HOMO_3,5.148570360403761,H
ASV_184,T0_H_HOMO_4,5.148570360403761,H
ASV_184,T0_H_HOMO_5,5.148570360403759,H
ASV_185,T0_D_HOMO_1,9.258939196659666,D
ASV_185,T0_D_HOMO_2,5.148570360403759,D
ASV_185,T0_D_HOMO_3,5.148570360403759,D
ASV_185,T0_D_HOMO_4,5.148570360403759,D
ASV_185,T0_D_HOMO_5,5.148570360403759,D
ASV_185,T0_H_HOMO_1,8.028338926670099,H
ASV_185,T0_H_HOMO_2,9.73615118315193,H
ASV_185,T0_H_HOMO_3,10.173042345363621,H
ASV_185,T0_H_HOMO_4,9.979386760870613,H
ASV_185,T0_H_HOMO_5,9.423045583123054,H
ASV_187,T0_D_HOMO_1,5.148570360403761,D
ASV_187,T0_D_HOMO_2,5.148570360403759,D
ASV_187,T0_D_HOMO_3,5.148570360403759,D
ASV_187,T0_D_HOMO_4,5.148570360403759,D
ASV_187,T0_D_HOMO_5,5.148570360403759,D
ASV_187,T0_H_HOMO_1,5.148570360403759,H
ASV_187,T0_H_HOMO_2,5.148570360403761,H
ASV_187,T0_H_HOMO_3,5.148570360403761,H
ASV_187,T0_H_HOMO_4,5.148570360403761,H
ASV_187,T0_H_HOMO_5,5.148570360403759,H
ASV_190,T0_D_HOMO_1,5.148570360403761,D
ASV_190,T0_D_HOMO_2,5.148570360403759,D
ASV_190,T0_D_HOMO_3,5.148570360403759,D
ASV_190,T0_D_HOMO_4,5.148570360403759,D
ASV_190,T0_D_HOMO_5,5.148570360403759,D
ASV_190,T0_H_HOMO_1,5.148570360403759,H
ASV_190,T0_H_HOMO_2,5.148570360403761,H
ASV_190,T0_H_HOMO_3,5.148570360403761,H
ASV_190,T0_H_HOMO_4,5.148570360403761,H
ASV_190,T0_H_HOMO_5,5.148570360403759,H
ASV_191,T0_D_HOMO_1,5.148570360403761,D
ASV_191,T0_D_HOMO_2,5.148570360403759,D
ASV_191,T0_D_HOMO_3,5.148570360403759,D
ASV_191,T0_D_HOMO_4,5.148570360403759,D
ASV_191,T0_D_HOMO_5,5.148570360403759,D
ASV_191,T0_H_HOMO_1,5.148570360403759,H
ASV_191,T0_H_HOMO_2,5.148570360403761,H
ASV_191,T0_H_HOMO_3,5.148570360403761,H
ASV_191,T0_H_HOMO_4,5.148570360403761,H
ASV_191,T0_H_HOMO_5,5.148570360403759,H
ASV_195,T0_D_HOMO_1,5.148570360403761,D
ASV_195,T0_D_HOMO_2,5.148570360403759,D
ASV_195,T0_D_HOMO_3,5.148570360403759,D
ASV_195,T0_D_HOMO_4,5.148570360403759,D
ASV_195,T0_D_HOMO_5,5.148570360403759,D
ASV_195,T0_H_HOMO_1,5.148570360403759,H
ASV_195,T0_H_HOMO_2,5.148570360403761,H
ASV_195,T0_H_HOMO_3,5.148570360403761,H
ASV_195,T0_H_HOMO_4,9.091865369922841,H
ASV_195,T0_H_HOMO_5,5.148570360403759,H
ASV_196,T0_D_HOMO_1,5.148570360403761,D
ASV_196,T0_D_HOMO_2,5.148570360403759,D
ASV_196,T0_D_HOMO_3,5.148570360403759,D
ASV_196,T0_D_HOMO_4,5.148570360403759,D
ASV_196,T0_D_HOMO_5,5.148570360403759,D
ASV_196,T0_H_HOMO_1,5.148570360403759,H
ASV_196,T0_H_HOMO_2,5.148570360403761,H
ASV_196,T0_H_HOMO_3,5.148570360403761,H
ASV_196,T0_H_HOMO_4,5.148570360403761,H
ASV_196,T0_H_HOMO_5,5.148570360403759,H
ASV_197,T0_D_HOMO_1,5.148570360403761,D
ASV_197,T0_D_HOMO_2,5.148570360403759,D
ASV_197,T0_D_HOMO_3,5.148570360403759,D
ASV_197,T0_D_HOMO_4,9.842791414732492,D
ASV_197,T0_D_HOMO_5,5.148570360403759,D
ASV_197,T0_H_HOMO_1,9.476326779392654,H
ASV_197,T0_H_HOMO_2,5.148570360403761,H
ASV_197,T0_H_HOMO_3,5.148570360403761,H
ASV_197,T0_H_HOMO_4,5.148570360403761,H
ASV_197,T0_H_HOMO_5,11.68406850797359,H
ASV_198,T0_D_HOMO_1,5.148570360403761,D
ASV_198,T0_D_HOMO_2,5.148570360403759,D
ASV_198,T0_D_HOMO_3,8.70332310015918,D
ASV_198,T0_D_HOMO_4,8.3651891982449,D
ASV_198,T0_D_HOMO_5,8.806478520556206,D
ASV_198,T0_H_HOMO_1,5.148570360403759,H
ASV_198,T0_H_HOMO_2,5.148570360403761,H
ASV_198,T0_H_HOMO_3,5.148570360403761,H
ASV_198,T0_H_HOMO_4,5.148570360403761,H
ASV_198,T0_H_HOMO_5,5.148570360403759,H
ASV_199,T0_D_HOMO_1,8.340138297909524,D
ASV_199,T0_D_HOMO_2,5.148570360403759,D
ASV_199,T0_D_HOMO_3,5.148570360403759,D
ASV_199,T0_D_HOMO_4,5.148570360403759,D
ASV_199,T0_D_HOMO_5,9.748167370473885,D
ASV_199,T0_H_HOMO_1,5.148570360403759,H
ASV_199,T0_H_HOMO_2,5.148570360403761,H
ASV_199,T0_H_HOMO_3,5.148570360403761,H
ASV_199,T0_H_HOMO_4,5.148570360403761,H
ASV_199,T0_H_HOMO_5,5.148570360403759,H
ASV_200,T0_D_HOMO_1,5.148570360403761,D
ASV_200,T0_D_HOMO_2,5.148570360403759,D
ASV_200,T0_D_HOMO_3,5.148570360403759,D
ASV_200,T0_D_HOMO_4,5.148570360403759,D
ASV_200,T0_D_HOMO_5,5.148570360403759,D
ASV_200,T0_H_HOMO_1,5.148570360403759,H
ASV_200,T0_H_HOMO_2,5.148570360403761,H
ASV_200,T0_H_HOMO_3,5.148570360403761,H
ASV_200,T0_H_HOMO_4,5.148570360403761,H
ASV_200,T0_H_HOMO_5,5.148570360403759,H
ASV_201,T0_D_HOMO_1,5.148570360403761,D
ASV_201,T0_D_HOMO_2,5.148570360403759,D
ASV_201,T0_D_HOMO_3,5.148570360403759,D
ASV_201,T0_D_HOMO_4,5.148570360403759,D
ASV_201,T0_D_HOMO_5,5.148570360403759,D
ASV_201,T0_H_HOMO_1,5.148570360403759,H
ASV_201,T0_H_HOMO_2,5.148570360403761,H
ASV_201,T0_H_HOMO_3,5.148570360403761,H
ASV_201,T0_H_HOMO_4,5.148570360403761,H
ASV_201,T0_H_HOMO_5,5.148570360403759,H
ASV_202,T0_D_HOMO_1,7.832047265738768,D
ASV_202,T0_D_HOMO_2,5.148570360403759,D
ASV_202,T0_D_HOMO_3,5.148570360403759,D
ASV_202,T0_D_HOMO_4,5.148570360403759,D
ASV_202,T0_D_HOMO_5,5.148570360403759,D
ASV_202,T0_H_HOMO_1,5.148570360403759,H
ASV_202,T0_H_HOMO_2,5.148570360403761,H
ASV_202,T0_H_HOMO_3,5.148570360403761,H
ASV_202,T0_H_HOMO_4,5.148570360403761,H
ASV_202,T0_H_HOMO_5,5.148570360403759,H
ASV_203,T0_D_HOMO_1,5.148570360403761,D
ASV_203,T0_D_HOMO_2,7.383308287037986,D
ASV_203,T0_D_HOMO_3,7.345107624176208,D
ASV_203,T0_D_HOMO_4,8.3651891982449,D
ASV_203,T0_D_HOMO_5,9.352829955467776,D
ASV_203,T0_H_HOMO_1,5.148570360403759,H
ASV_203,T0_H_HOMO_2,5.148570360403761,H
ASV_203,T0_H_HOMO_3,5.148570360403761,H
ASV_203,T0_H_HOMO_4,5.148570360403761,H
ASV_203,T0_H_HOMO_5,10.385282204577205,H
ASV_204,T0_D_HOMO_1,6.3849133164002225,D
ASV_204,T0_D_HOMO_2,5.148570360403759,D
ASV_204,T0_D_HOMO_3,5.148570360403759,D
ASV_204,T0_D_HOMO_4,5.148570360403759,D
ASV_204,T0_D_HOMO_5,5.148570360403759,D
ASV_204,T0_H_HOMO_1,5.148570360403759,H
ASV_204,T0_H_HOMO_2,5.148570360403761,H
ASV_204,T0_H_HOMO_3,5.148570360403761,H
ASV_204,T0_H_HOMO_4,5.148570360403761,H
ASV_204,T0_H_HOMO_5,5.148570360403759,H
ASV_206,T0_D_HOMO_1,10.328723994428763,D
ASV_206,T0_D_HOMO_2,9.132894245263659,D
ASV_206,T0_D_HOMO_3,10.923533280911165,D
ASV_206,T0_D_HOMO_4,10.55729181624465,D
ASV_206,T0_D_HOMO_5,10.058144985304386,D
ASV_206,T0_H_HOMO_1,5.148570360403759,H
ASV_206,T0_H_HOMO_2,5.148570360403761,H
ASV_206,T0_H_HOMO_3,5.148570360403761,H
ASV_206,T0_H_HOMO_4,5.148570360403761,H
ASV_206,T0_H_HOMO_5,5.148570360403759,H
ASV_207,T0_D_HOMO_1,5.148570360403761,D
ASV_207,T0_D_HOMO_2,5.148570360403759,D
ASV_207,T0_D_HOMO_3,5.148570360403759,D
ASV_207,T0_D_HOMO_4,5.148570360403759,D
ASV_207,T0_D_HOMO_5,5.148570360403759,D
ASV_207,T0_H_HOMO_1,5.148570360403759,H
ASV_207,T0_H_HOMO_2,8.639345655576568,H
ASV_207,T0_H_HOMO_3,8.738525860621273,H
ASV_207,T0_H_HOMO_4,5.148570360403761,H
ASV_207,T0_H_HOMO_5,11.68406850797359,H
ASV_208,T0_D_HOMO_1,12.365845754940159,D
ASV_208,T0_D_HOMO_2,11.449466654985331,D
ASV_208,T0_D_HOMO_3,10.923533280911165,D
ASV_208,T0_D_HOMO_4,11.390115198457112,D
ASV_208,T0_D_HOMO_5,11.033942888072644,D
ASV_208,T0_H_HOMO_1,5.148570360403759,H
ASV_208,T0_H_HOMO_2,5.148570360403761,H
ASV_208,T0_H_HOMO_3,5.148570360403761,H
ASV_208,T0_H_HOMO_4,5.148570360403761,H
ASV_208,T0_H_HOMO_5,5.148570360403759,H
ASV_211,T0_D_HOMO_1,5.148570360403761,D
ASV_211,T0_D_HOMO_2,9.132894245263659,D
ASV_211,T0_D_HOMO_3,5.148570360403759,D
ASV_211,T0_D_HOMO_4,5.148570360403759,D
ASV_211,T0_D_HOMO_5,5.148570360403759,D
ASV_211,T0_H_HOMO_1,5.148570360403759,H
ASV_211,T0_H_HOMO_2,5.148570360403761,H
ASV_211,T0_H_HOMO_3,5.148570360403761,H
ASV_211,T0_H_HOMO_4,5.148570360403761,H
ASV_211,T0_H_HOMO_5,10.385282204577205,H
ASV_212,T0_D_HOMO_1,9.012514339702102,D
ASV_212,T0_D_HOMO_2,5.148570360403759,D
ASV_212,T0_D_HOMO_3,5.148570360403759,D
ASV_212,T0_D_HOMO_4,5.148570360403759,D
ASV_212,T0_D_HOMO_5,5.148570360403759,D
ASV_212,T0_H_HOMO_1,5.148570360403759,H
ASV_212,T0_H_HOMO_2,5.148570360403761,H
ASV_212,T0_H_HOMO_3,5.148570360403761,H
ASV_212,T0_H_HOMO_4,5.148570360403761,H
ASV_212,T0_H_HOMO_5,5.148570360403759,H
ASV_214,T0_D_HOMO_1,5.148570360403761,D
ASV_214,T0_D_HOMO_2,8.221283941172784,D
ASV_214,T0_D_HOMO_3,5.148570360403759,D
ASV_214,T0_D_HOMO_4,5.148570360403759,D
ASV_214,T0_D_HOMO_5,5.148570360403759,D
ASV_214,T0_H_HOMO_1,5.148570360403759,H
ASV_214,T0_H_HOMO_2,5.148570360403761,H
ASV_214,T0_H_HOMO_3,8.640797438809276,H
ASV_214,T0_H_HOMO_4,5.148570360403761,H
ASV_214,T0_H_HOMO_5,5.148570360403759,H
ASV_215,T0_D_HOMO_1,5.148570360403761,D
ASV_215,T0_D_HOMO_2,5.148570360403759,D
ASV_215,T0_D_HOMO_3,5.148570360403759,D
ASV_215,T0_D_HOMO_4,5.148570360403759,D
ASV_215,T0_D_HOMO_5,5.148570360403759,D
ASV_215,T0_H_HOMO_1,5.148570360403759,H
ASV_215,T0_H_HOMO_2,5.148570360403761,H
ASV_215,T0_H_HOMO_3,5.148570360403761,H
ASV_215,T0_H_HOMO_4,5.148570360403761,H
ASV_215,T0_H_HOMO_5,5.148570360403759,H
ASV_216,T0_D_HOMO_1,7.040771408177656,D
ASV_216,T0_D_HOMO_2,10.086582027596588,D
ASV_216,T0_D_HOMO_3,10.039514385369847,D
ASV_216,T0_D_HOMO_4,11.676150916850059,D
ASV_216,T0_D_HOMO_5,10.884649053567511,D
ASV_216,T0_H_HOMO_1,6.191252093601262,H
ASV_216,T0_H_HOMO_2,5.148570360403761,H
ASV_216,T0_H_HOMO_3,5.148570360403761,H
ASV_216,T0_H_HOMO_4,5.148570360403761,H
ASV_216,T0_H_HOMO_5,11.68406850797359,H
ASV_218,T0_D_HOMO_1,5.148570360403761,D
ASV_218,T0_D_HOMO_2,5.148570360403759,D
ASV_218,T0_D_HOMO_3,5.148570360403759,D
ASV_218,T0_D_HOMO_4,5.148570360403759,D
ASV_218,T0_D_HOMO_5,5.148570360403759,D
ASV_218,T0_H_HOMO_1,5.148570360403759,H
ASV_218,T0_H_HOMO_2,5.148570360403761,H
ASV_218,T0_H_HOMO_3,5.148570360403761,H
ASV_218,T0_H_HOMO_4,5.148570360403761,H
ASV_218,T0_H_HOMO_5,5.148570360403759,H
ASV_219,T0_D_HOMO_1,5.148570360403761,D
ASV_219,T0_D_HOMO_2,8.221283941172784,D
ASV_219,T0_D_HOMO_3,8.178474902930725,D
ASV_219,T0_D_HOMO_4,5.148570360403759,D
ASV_219,T0_D_HOMO_5,5.148570360403759,D
ASV_219,T0_H_HOMO_1,6.790165770904973,H
ASV_219,T0_H_HOMO_2,5.148570360403761,H
ASV_219,T0_H_HOMO_3,9.346364190977178,H
ASV_219,T0_H_HOMO_4,5.148570360403761,H
ASV_219,T0_H_HOMO_5,5.148570360403759,H
ASV_221,T0_D_HOMO_1,8.340138297909524,D
ASV_221,T0_D_HOMO_2,7.383308287037986,D
ASV_221,T0_D_HOMO_3,7.345107624176208,D
ASV_221,T0_D_HOMO_4,5.148570360403759,D
ASV_221,T0_D_HOMO_5,5.148570360403759,D
ASV_221,T0_H_HOMO_1,5.148570360403759,H
ASV_221,T0_H_HOMO_2,5.148570360403761,H
ASV_221,T0_H_HOMO_3,5.148570360403761,H
ASV_221,T0_H_HOMO_4,5.148570360403761,H
ASV_221,T0_H_HOMO_5,5.148570360403759,H
ASV_222,T0_D_HOMO_1,5.148570360403761,D
ASV_222,T0_D_HOMO_2,5.148570360403759,D
ASV_222,T0_D_HOMO_3,5.148570360403759,D
ASV_222,T0_D_HOMO_4,5.148570360403759,D
ASV_222,T0_D_HOMO_5,5.148570360403759,D
ASV_222,T0_H_HOMO_1,5.148570360403759,H
ASV_222,T0_H_HOMO_2,5.148570360403761,H
ASV_222,T0_H_HOMO_3,5.148570360403761,H
ASV_222,T0_H_HOMO_4,5.148570360403761,H
ASV_222,T0_H_HOMO_5,5.148570360403759,H
ASV_224,T0_D_HOMO_1,5.148570360403761,D
ASV_224,T0_D_HOMO_2,5.148570360403759,D
ASV_224,T0_D_HOMO_3,5.148570360403759,D
ASV_224,T0_D_HOMO_4,5.148570360403759,D
ASV_224,T0_D_HOMO_5,5.148570360403759,D
ASV_224,T0_H_HOMO_1,5.148570360403759,H
ASV_224,T0_H_HOMO_2,5.148570360403761,H
ASV_224,T0_H_HOMO_3,5.148570360403761,H
ASV_224,T0_H_HOMO_4,5.148570360403761,H
ASV_224,T0_H_HOMO_5,5.148570360403759,H
ASV_225,T0_D_HOMO_1,5.148570360403761,D
ASV_225,T0_D_HOMO_2,5.148570360403759,D
ASV_225,T0_D_HOMO_3,5.148570360403759,D
ASV_225,T0_D_HOMO_4,5.148570360403759,D
ASV_225,T0_D_HOMO_5,5.148570360403759,D
ASV_225,T0_H_HOMO_1,6.790165770904973,H
ASV_225,T0_H_HOMO_2,5.148570360403761,H
ASV_225,T0_H_HOMO_3,5.148570360403761,H
ASV_225,T0_H_HOMO_4,5.148570360403761,H
ASV_225,T0_H_HOMO_5,5.148570360403759,H
ASV_226,T0_D_HOMO_1,5.148570360403761,D
ASV_226,T0_D_HOMO_2,5.148570360403759,D
ASV_226,T0_D_HOMO_3,5.148570360403759,D
ASV_226,T0_D_HOMO_4,5.148570360403759,D
ASV_226,T0_D_HOMO_5,5.148570360403759,D
ASV_226,T0_H_HOMO_1,5.148570360403759,H
ASV_226,T0_H_HOMO_2,5.148570360403761,H
ASV_226,T0_H_HOMO_3,5.148570360403761,H
ASV_226,T0_H_HOMO_4,5.148570360403761,H
ASV_226,T0_H_HOMO_5,5.148570360403759,H
ASV_228,T0_D_HOMO_1,14.695771600515894,D
ASV_228,T0_D_HOMO_2,12.005430688568653,D
ASV_228,T0_D_HOMO_3,11.910299074492624,D
ASV_228,T0_D_HOMO_4,12.298652314596954,D
ASV_228,T0_D_HOMO_5,12.782146010586974,D
ASV_228,T0_H_HOMO_1,5.148570360403759,H
ASV_228,T0_H_HOMO_2,5.148570360403761,H
ASV_228,T0_H_HOMO_3,5.148570360403761,H
ASV_228,T0_H_HOMO_4,7.00262552027885,H
ASV_228,T0_H_HOMO_5,5.148570360403759,H
ASV_229,T0_D_HOMO_1,5.148570360403761,D
ASV_229,T0_D_HOMO_2,5.148570360403759,D
ASV_229,T0_D_HOMO_3,5.148570360403759,D
ASV_229,T0_D_HOMO_4,5.148570360403759,D
ASV_229,T0_D_HOMO_5,5.148570360403759,D
ASV_229,T0_H_HOMO_1,10.230150956217068,H
ASV_229,T0_H_HOMO_2,5.148570360403761,H
ASV_229,T0_H_HOMO_3,5.148570360403761,H
ASV_229,T0_H_HOMO_4,5.148570360403761,H
ASV_229,T0_H_HOMO_5,5.148570360403759,H
ASV_230,T0_D_HOMO_1,5.148570360403761,D
ASV_230,T0_D_HOMO_2,5.148570360403759,D
ASV_230,T0_D_HOMO_3,5.148570360403759,D
ASV_230,T0_D_HOMO_4,5.148570360403759,D
ASV_230,T0_D_HOMO_5,5.148570360403759,D
ASV_230,T0_H_HOMO_1,5.148570360403759,H
ASV_230,T0_H_HOMO_2,5.148570360403761,H
ASV_230,T0_H_HOMO_3,5.148570360403761,H
ASV_230,T0_H_HOMO_4,5.148570360403761,H
ASV_230,T0_H_HOMO_5,5.148570360403759,H
ASV_232,T0_D_HOMO_1,5.148570360403761,D
ASV_232,T0_D_HOMO_2,5.148570360403759,D
ASV_232,T0_D_HOMO_3,5.148570360403759,D
ASV_232,T0_D_HOMO_4,5.148570360403759,D
ASV_232,T0_D_HOMO_5,5.148570360403759,D
ASV_232,T0_H_HOMO_1,5.148570360403759,H
ASV_232,T0_H_HOMO_2,5.148570360403761,H
ASV_232,T0_H_HOMO_3,5.148570360403761,H
ASV_232,T0_H_HOMO_4,5.148570360403761,H
ASV_232,T0_H_HOMO_5,5.148570360403759,H
ASV_233,T0_D_HOMO_1,6.3849133164002225,D
ASV_233,T0_D_HOMO_2,7.383308287037986,D
ASV_233,T0_D_HOMO_3,5.148570360403759,D
ASV_233,T0_D_HOMO_4,5.148570360403759,D
ASV_233,T0_D_HOMO_5,5.148570360403759,D
ASV_233,T0_H_HOMO_1,5.148570360403759,H
ASV_233,T0_H_HOMO_2,5.148570360403761,H
ASV_233,T0_H_HOMO_3,5.148570360403761,H
ASV_233,T0_H_HOMO_4,5.148570360403761,H
ASV_233,T0_H_HOMO_5,5.148570360403759,H
ASV_236,T0_D_HOMO_1,9.012514339702102,D
ASV_236,T0_D_HOMO_2,7.383308287037986,D
ASV_236,T0_D_HOMO_3,8.178474902930725,D
ASV_236,T0_D_HOMO_4,5.148570360403759,D
ASV_236,T0_D_HOMO_5,5.148570360403759,D
ASV_236,T0_H_HOMO_1,5.148570360403759,H
ASV_236,T0_H_HOMO_2,5.148570360403761,H
ASV_236,T0_H_HOMO_3,5.148570360403761,H
ASV_236,T0_H_HOMO_4,5.148570360403761,H
ASV_236,T0_H_HOMO_5,5.148570360403759,H
ASV_237,T0_D_HOMO_1,5.148570360403761,D
ASV_237,T0_D_HOMO_2,5.148570360403759,D
ASV_237,T0_D_HOMO_3,5.148570360403759,D
ASV_237,T0_D_HOMO_4,5.148570360403759,D
ASV_237,T0_D_HOMO_5,5.148570360403759,D
ASV_237,T0_H_HOMO_1,5.148570360403759,H
ASV_237,T0_H_HOMO_2,5.148570360403761,H
ASV_237,T0_H_HOMO_3,5.148570360403761,H
ASV_237,T0_H_HOMO_4,5.148570360403761,H
ASV_237,T0_H_HOMO_5,5.148570360403759,H
ASV_239,T0_D_HOMO_1,8.340138297909524,D
ASV_239,T0_D_HOMO_2,7.383308287037986,D
ASV_239,T0_D_HOMO_3,5.148570360403759,D
ASV_239,T0_D_HOMO_4,5.148570360403759,D
ASV_239,T0_D_HOMO_5,5.148570360403759,D
ASV_239,T0_H_HOMO_1,5.148570360403759,H
ASV_239,T0_H_HOMO_2,5.148570360403761,H
ASV_239,T0_H_HOMO_3,5.148570360403761,H
ASV_239,T0_H_HOMO_4,5.148570360403761,H
ASV_239,T0_H_HOMO_5,5.148570360403759,H
ASV_240,T0_D_HOMO_1,5.148570360403761,D
ASV_240,T0_D_HOMO_2,5.148570360403759,D
ASV_240,T0_D_HOMO_3,5.148570360403759,D
ASV_240,T0_D_HOMO_4,5.148570360403759,D
ASV_240,T0_D_HOMO_5,7.916473626959115,D
ASV_240,T0_H_HOMO_1,5.148570360403759,H
ASV_240,T0_H_HOMO_2,5.148570360403761,H
ASV_240,T0_H_HOMO_3,5.148570360403761,H
ASV_240,T0_H_HOMO_4,5.148570360403761,H
ASV_240,T0_H_HOMO_5,5.148570360403759,H
ASV_241,T0_D_HOMO_1,5.148570360403761,D
ASV_241,T0_D_HOMO_2,5.148570360403759,D
ASV_241,T0_D_HOMO_3,5.148570360403759,D
ASV_241,T0_D_HOMO_4,9.28542723216456,D
ASV_241,T0_D_HOMO_5,5.148570360403759,D
ASV_241,T0_H_HOMO_1,5.148570360403759,H
ASV_241,T0_H_HOMO_2,5.148570360403761,H
ASV_241,T0_H_HOMO_3,5.148570360403761,H
ASV_241,T0_H_HOMO_4,5.148570360403761,H
ASV_241,T0_H_HOMO_5,5.148570360403759,H
ASV_242,T0_D_HOMO_1,9.140981823047552,D
ASV_242,T0_D_HOMO_2,5.148570360403759,D
ASV_242,T0_D_HOMO_3,8.178474902930725,D
ASV_242,T0_D_HOMO_4,5.148570360403759,D
ASV_242,T0_D_HOMO_5,5.148570360403759,D
ASV_242,T0_H_HOMO_1,5.148570360403759,H
ASV_242,T0_H_HOMO_2,5.148570360403761,H
ASV_242,T0_H_HOMO_3,5.148570360403761,H
ASV_242,T0_H_HOMO_4,5.148570360403761,H
ASV_242,T0_H_HOMO_5,5.148570360403759,H
ASV_243,T0_D_HOMO_1,5.148570360403761,D
ASV_243,T0_D_HOMO_2,5.148570360403759,D
ASV_243,T0_D_HOMO_3,5.148570360403759,D
ASV_243,T0_D_HOMO_4,5.148570360403759,D
ASV_243,T0_D_HOMO_5,5.148570360403759,D
ASV_243,T0_H_HOMO_1,5.148570360403759,H
ASV_243,T0_H_HOMO_2,8.266464659085855,H
ASV_243,T0_H_HOMO_3,5.148570360403761,H
ASV_243,T0_H_HOMO_4,5.148570360403761,H
ASV_243,T0_H_HOMO_5,9.423045583123054,H
ASV_247,T0_D_HOMO_1,5.148570360403761,D
ASV_247,T0_D_HOMO_2,5.148570360403759,D
ASV_247,T0_D_HOMO_3,5.148570360403759,D
ASV_247,T0_D_HOMO_4,5.148570360403759,D
ASV_247,T0_D_HOMO_5,5.148570360403759,D
ASV_247,T0_H_HOMO_1,5.148570360403759,H
ASV_247,T0_H_HOMO_2,5.148570360403761,H
ASV_247,T0_H_HOMO_3,5.148570360403761,H
ASV_247,T0_H_HOMO_4,5.148570360403761,H
ASV_247,T0_H_HOMO_5,5.148570360403759,H
ASV_248,T0_D_HOMO_1,5.148570360403761,D
ASV_248,T0_D_HOMO_2,5.148570360403759,D
ASV_248,T0_D_HOMO_3,5.148570360403759,D
ASV_248,T0_D_HOMO_4,5.148570360403759,D
ASV_248,T0_D_HOMO_5,5.148570360403759,D
ASV_248,T0_H_HOMO_1,5.148570360403759,H
ASV_248,T0_H_HOMO_2,5.148570360403761,H
ASV_248,T0_H_HOMO_3,5.148570360403761,H
ASV_248,T0_H_HOMO_4,5.148570360403761,H
ASV_248,T0_H_HOMO_5,5.148570360403759,H
ASV_250,T0_D_HOMO_1,9.962100775192706,D
ASV_250,T0_D_HOMO_2,5.148570360403759,D
ASV_250,T0_D_HOMO_3,5.148570360403759,D
ASV_250,T0_D_HOMO_4,5.148570360403759,D
ASV_250,T0_D_HOMO_5,10.058144985304386,D
ASV_250,T0_H_HOMO_1,5.148570360403759,H
ASV_250,T0_H_HOMO_2,5.148570360403761,H
ASV_250,T0_H_HOMO_3,5.148570360403761,H
ASV_250,T0_H_HOMO_4,5.148570360403761,H
ASV_250,T0_H_HOMO_5,5.148570360403759,H
ASV_252,T0_D_HOMO_1,5.148570360403761,D
ASV_252,T0_D_HOMO_2,5.148570360403759,D
ASV_252,T0_D_HOMO_3,7.345107624176208,D
ASV_252,T0_D_HOMO_4,5.148570360403759,D
ASV_252,T0_D_HOMO_5,5.148570360403759,D
ASV_252,T0_H_HOMO_1,9.476326779392654,H
ASV_252,T0_H_HOMO_2,10.248084194627388,H
ASV_252,T0_H_HOMO_3,5.148570360403761,H
ASV_252,T0_H_HOMO_4,5.148570360403761,H
ASV_252,T0_H_HOMO_5,5.148570360403759,H
ASV_254,T0_D_HOMO_1,5.148570360403761,D
ASV_254,T0_D_HOMO_2,5.148570360403759,D
ASV_254,T0_D_HOMO_3,5.148570360403759,D
ASV_254,T0_D_HOMO_4,5.148570360403759,D
ASV_254,T0_D_HOMO_5,5.148570360403759,D
ASV_254,T0_H_HOMO_1,5.148570360403759,H
ASV_254,T0_H_HOMO_2,5.148570360403761,H
ASV_254,T0_H_HOMO_3,5.148570360403761,H
ASV_254,T0_H_HOMO_4,5.148570360403761,H
ASV_254,T0_H_HOMO_5,5.148570360403759,H
ASV_258,T0_D_HOMO_1,5.148570360403761,D
ASV_258,T0_D_HOMO_2,5.148570360403759,D
ASV_258,T0_D_HOMO_3,5.148570360403759,D
ASV_258,T0_D_HOMO_4,5.148570360403759,D
ASV_258,T0_D_HOMO_5,5.148570360403759,D
ASV_258,T0_H_HOMO_1,5.148570360403759,H
ASV_258,T0_H_HOMO_2,5.148570360403761,H
ASV_258,T0_H_HOMO_3,5.148570360403761,H
ASV_258,T0_H_HOMO_4,5.148570360403761,H
ASV_258,T0_H_HOMO_5,5.148570360403759,H
ASV_259,T0_D_HOMO_1,5.148570360403761,D
ASV_259,T0_D_HOMO_2,5.148570360403759,D
ASV_259,T0_D_HOMO_3,5.148570360403759,D
ASV_259,T0_D_HOMO_4,5.148570360403759,D
ASV_259,T0_D_HOMO_5,5.148570360403759,D
ASV_259,T0_H_HOMO_1,5.148570360403759,H
ASV_259,T0_H_HOMO_2,5.148570360403761,H
ASV_259,T0_H_HOMO_3,5.148570360403761,H
ASV_259,T0_H_HOMO_4,5.148570360403761,H
ASV_259,T0_H_HOMO_5,5.148570360403759,H
ASV_261,T0_D_HOMO_1,5.148570360403761,D
ASV_261,T0_D_HOMO_2,5.148570360403759,D
ASV_261,T0_D_HOMO_3,5.148570360403759,D
ASV_261,T0_D_HOMO_4,5.148570360403759,D
ASV_261,T0_D_HOMO_5,5.148570360403759,D
ASV_261,T0_H_HOMO_1,5.148570360403759,H
ASV_261,T0_H_HOMO_2,11.226889649152207,H
ASV_261,T0_H_HOMO_3,10.173042345363621,H
ASV_261,T0_H_HOMO_4,11.082813910398775,H
ASV_261,T0_H_HOMO_5,10.957434009591115,H
ASV_263,T0_D_HOMO_1,5.148570360403761,D
ASV_263,T0_D_HOMO_2,7.383308287037986,D
ASV_263,T0_D_HOMO_3,7.345107624176208,D
ASV_263,T0_D_HOMO_4,5.148570360403759,D
ASV_263,T0_D_HOMO_5,5.148570360403759,D
ASV_263,T0_H_HOMO_1,8.810842793699093,H
ASV_263,T0_H_HOMO_2,5.148570360403761,H
ASV_263,T0_H_HOMO_3,8.640797438809276,H
ASV_263,T0_H_HOMO_4,8.293505472478044,H
ASV_263,T0_H_HOMO_5,10.385282204577205,H
ASV_264,T0_D_HOMO_1,10.747298674182943,D
ASV_264,T0_D_HOMO_2,11.148911193598543,D
ASV_264,T0_D_HOMO_3,10.204026541318646,D
ASV_264,T0_D_HOMO_4,9.842791414732492,D
ASV_264,T0_D_HOMO_5,11.29290384199729,D
ASV_264,T0_H_HOMO_1,5.148570360403759,H
ASV_264,T0_H_HOMO_2,5.148570360403761,H
ASV_264,T0_H_HOMO_3,5.148570360403761,H
ASV_264,T0_H_HOMO_4,5.148570360403761,H
ASV_264,T0_H_HOMO_5,9.423045583123054,H
ASV_268,T0_D_HOMO_1,5.148570360403761,D
ASV_268,T0_D_HOMO_2,7.383308287037986,D
ASV_268,T0_D_HOMO_3,9.640594628293695,D
ASV_268,T0_D_HOMO_4,5.148570360403759,D
ASV_268,T0_D_HOMO_5,5.148570360403759,D
ASV_268,T0_H_HOMO_1,5.148570360403759,H
ASV_268,T0_H_HOMO_2,5.148570360403761,H
ASV_268,T0_H_HOMO_3,5.148570360403761,H
ASV_268,T0_H_HOMO_4,5.148570360403761,H
ASV_268,T0_H_HOMO_5,5.148570360403759,H
ASV_270,T0_D_HOMO_1,5.148570360403761,D
ASV_270,T0_D_HOMO_2,5.148570360403759,D
ASV_270,T0_D_HOMO_3,5.148570360403759,D
ASV_270,T0_D_HOMO_4,5.148570360403759,D
ASV_270,T0_D_HOMO_5,5.148570360403759,D
ASV_270,T0_H_HOMO_1,5.148570360403759,H
ASV_270,T0_H_HOMO_2,5.148570360403761,H
ASV_270,T0_H_HOMO_3,5.148570360403761,H
ASV_270,T0_H_HOMO_4,5.148570360403761,H
ASV_270,T0_H_HOMO_5,5.148570360403759,H
ASV_273,T0_D_HOMO_1,5.148570360403761,D
ASV_273,T0_D_HOMO_2,5.148570360403759,D
ASV_273,T0_D_HOMO_3,5.148570360403759,D
ASV_273,T0_D_HOMO_4,5.148570360403759,D
ASV_273,T0_D_HOMO_5,5.148570360403759,D
ASV_273,T0_H_HOMO_1,5.148570360403759,H
ASV_273,T0_H_HOMO_2,5.148570360403761,H
ASV_273,T0_H_HOMO_3,5.148570360403761,H
ASV_273,T0_H_HOMO_4,5.148570360403761,H
ASV_273,T0_H_HOMO_5,5.148570360403759,H
ASV_274,T0_D_HOMO_1,10.82585889644724,D
ASV_274,T0_D_HOMO_2,8.221283941172784,D
ASV_274,T0_D_HOMO_3,7.345107624176208,D
ASV_274,T0_D_HOMO_4,8.3651891982449,D
ASV_274,T0_D_HOMO_5,5.148570360403759,D
ASV_274,T0_H_HOMO_1,5.148570360403759,H
ASV_274,T0_H_HOMO_2,5.148570360403761,H
ASV_274,T0_H_HOMO_3,5.148570360403761,H
ASV_274,T0_H_HOMO_4,5.148570360403761,H
ASV_274,T0_H_HOMO_5,5.148570360403759,H
ASV_275,T0_D_HOMO_1,5.148570360403761,D
ASV_275,T0_D_HOMO_2,5.148570360403759,D
ASV_275,T0_D_HOMO_3,5.148570360403759,D
ASV_275,T0_D_HOMO_4,5.148570360403759,D
ASV_275,T0_D_HOMO_5,5.148570360403759,D
ASV_275,T0_H_HOMO_1,5.148570360403759,H
ASV_275,T0_H_HOMO_2,5.148570360403761,H
ASV_275,T0_H_HOMO_3,5.148570360403761,H
ASV_275,T0_H_HOMO_4,5.148570360403761,H
ASV_275,T0_H_HOMO_5,5.148570360403759,H
ASV_276,T0_D_HOMO_1,5.148570360403761,D
ASV_276,T0_D_HOMO_2,5.148570360403759,D
ASV_276,T0_D_HOMO_3,5.148570360403759,D
ASV_276,T0_D_HOMO_4,5.148570360403759,D
ASV_276,T0_D_HOMO_5,5.148570360403759,D
ASV_276,T0_H_HOMO_1,8.222454636723628,H
ASV_276,T0_H_HOMO_2,5.148570360403761,H
ASV_276,T0_H_HOMO_3,9.147220090595,H
ASV_276,T0_H_HOMO_4,5.148570360403761,H
ASV_276,T0_H_HOMO_5,5.148570360403759,H
ASV_278,T0_D_HOMO_1,5.148570360403761,D
ASV_278,T0_D_HOMO_2,5.148570360403759,D
ASV_278,T0_D_HOMO_3,5.148570360403759,D
ASV_278,T0_D_HOMO_4,5.148570360403759,D
ASV_278,T0_D_HOMO_5,5.148570360403759,D
ASV_278,T0_H_HOMO_1,5.148570360403759,H
ASV_278,T0_H_HOMO_2,5.148570360403761,H
ASV_278,T0_H_HOMO_3,5.148570360403761,H
ASV_278,T0_H_HOMO_4,5.148570360403761,H
ASV_278,T0_H_HOMO_5,5.148570360403759,H
ASV_281,T0_D_HOMO_1,5.148570360403761,D
ASV_281,T0_D_HOMO_2,5.148570360403759,D
ASV_281,T0_D_HOMO_3,5.148570360403759,D
ASV_281,T0_D_HOMO_4,5.148570360403759,D
ASV_281,T0_D_HOMO_5,5.148570360403759,D
ASV_281,T0_H_HOMO_1,5.148570360403759,H
ASV_281,T0_H_HOMO_2,5.148570360403761,H
ASV_281,T0_H_HOMO_3,5.148570360403761,H
ASV_281,T0_H_HOMO_4,5.148570360403761,H
ASV_281,T0_H_HOMO_5,5.148570360403759,H
ASV_282,T0_D_HOMO_1,5.148570360403761,D
ASV_282,T0_D_HOMO_2,5.148570360403759,D
ASV_282,T0_D_HOMO_3,5.148570360403759,D
ASV_282,T0_D_HOMO_4,5.148570360403759,D
ASV_282,T0_D_HOMO_5,5.148570360403759,D
ASV_282,T0_H_HOMO_1,5.148570360403759,H
ASV_282,T0_H_HOMO_2,5.148570360403761,H
ASV_282,T0_H_HOMO_3,5.148570360403761,H
ASV_282,T0_H_HOMO_4,5.148570360403761,H
ASV_282,T0_H_HOMO_5,5.148570360403759,H
ASV_284,T0_D_HOMO_1,5.148570360403761,D
ASV_284,T0_D_HOMO_2,8.221283941172784,D
ASV_284,T0_D_HOMO_3,5.148570360403759,D
ASV_284,T0_D_HOMO_4,5.148570360403759,D
ASV_284,T0_D_HOMO_5,5.148570360403759,D
ASV_284,T0_H_HOMO_1,5.148570360403759,H
ASV_284,T0_H_HOMO_2,5.148570360403761,H
ASV_284,T0_H_HOMO_3,5.148570360403761,H
ASV_284,T0_H_HOMO_4,5.148570360403761,H
ASV_284,T0_H_HOMO_5,5.148570360403759,H
ASV_286,T0_D_HOMO_1,6.3849133164002225,D
ASV_286,T0_D_HOMO_2,8.747925718660444,D
ASV_286,T0_D_HOMO_3,5.148570360403759,D
ASV_286,T0_D_HOMO_4,5.148570360403759,D
ASV_286,T0_D_HOMO_5,5.148570360403759,D
ASV_286,T0_H_HOMO_1,5.148570360403759,H
ASV_286,T0_H_HOMO_2,5.148570360403761,H
ASV_286,T0_H_HOMO_3,5.148570360403761,H
ASV_286,T0_H_HOMO_4,5.148570360403761,H
ASV_286,T0_H_HOMO_5,10.385282204577205,H
ASV_288,T0_D_HOMO_1,5.148570360403761,D
ASV_288,T0_D_HOMO_2,5.148570360403759,D
ASV_288,T0_D_HOMO_3,5.148570360403759,D
ASV_288,T0_D_HOMO_4,5.148570360403759,D
ASV_288,T0_D_HOMO_5,5.148570360403759,D
ASV_288,T0_H_HOMO_1,6.191252093601262,H
ASV_288,T0_H_HOMO_2,6.980609545841962,H
ASV_288,T0_H_HOMO_3,5.148570360403761,H
ASV_288,T0_H_HOMO_4,5.148570360403761,H
ASV_288,T0_H_HOMO_5,5.148570360403759,H
ASV_289,T0_D_HOMO_1,5.148570360403761,D
ASV_289,T0_D_HOMO_2,5.148570360403759,D
ASV_289,T0_D_HOMO_3,5.148570360403759,D
ASV_289,T0_D_HOMO_4,5.148570360403759,D
ASV_289,T0_D_HOMO_5,5.148570360403759,D
ASV_289,T0_H_HOMO_1,5.148570360403759,H
ASV_289,T0_H_HOMO_2,5.148570360403761,H
ASV_289,T0_H_HOMO_3,5.148570360403761,H
ASV_289,T0_H_HOMO_4,5.148570360403761,H
ASV_289,T0_H_HOMO_5,5.148570360403759,H
ASV_290,T0_D_HOMO_1,5.148570360403761,D
ASV_290,T0_D_HOMO_2,5.148570360403759,D
ASV_290,T0_D_HOMO_3,5.148570360403759,D
ASV_290,T0_D_HOMO_4,5.148570360403759,D
ASV_290,T0_D_HOMO_5,5.148570360403759,D
ASV_290,T0_H_HOMO_1,5.148570360403759,H
ASV_290,T0_H_HOMO_2,5.148570360403761,H
ASV_290,T0_H_HOMO_3,5.148570360403761,H
ASV_290,T0_H_HOMO_4,5.148570360403761,H
ASV_290,T0_H_HOMO_5,5.148570360403759,H
ASV_292,T0_D_HOMO_1,5.148570360403761,D
ASV_292,T0_D_HOMO_2,5.148570360403759,D
ASV_292,T0_D_HOMO_3,5.148570360403759,D
ASV_292,T0_D_HOMO_4,5.148570360403759,D
ASV_292,T0_D_HOMO_5,5.148570360403759,D
ASV_292,T0_H_HOMO_1,5.148570360403759,H
ASV_292,T0_H_HOMO_2,5.148570360403761,H
ASV_292,T0_H_HOMO_3,5.148570360403761,H
ASV_292,T0_H_HOMO_4,5.148570360403761,H
ASV_292,T0_H_HOMO_5,5.148570360403759,H
ASV_293,T0_D_HOMO_1,5.148570360403761,D
ASV_293,T0_D_HOMO_2,5.148570360403759,D
ASV_293,T0_D_HOMO_3,5.148570360403759,D
ASV_293,T0_D_HOMO_4,5.148570360403759,D
ASV_293,T0_D_HOMO_5,5.148570360403759,D
ASV_293,T0_H_HOMO_1,5.148570360403759,H
ASV_293,T0_H_HOMO_2,5.148570360403761,H
ASV_293,T0_H_HOMO_3,5.148570360403761,H
ASV_293,T0_H_HOMO_4,5.148570360403761,H
ASV_293,T0_H_HOMO_5,5.148570360403759,H
ASV_295,T0_D_HOMO_1,5.148570360403761,D
ASV_295,T0_D_HOMO_2,5.148570360403759,D
ASV_295,T0_D_HOMO_3,5.148570360403759,D
ASV_295,T0_D_HOMO_4,5.148570360403759,D
ASV_295,T0_D_HOMO_5,5.148570360403759,D
ASV_295,T0_H_HOMO_1,5.148570360403759,H
ASV_295,T0_H_HOMO_2,5.148570360403761,H
ASV_295,T0_H_HOMO_3,5.148570360403761,H
ASV_295,T0_H_HOMO_4,5.148570360403761,H
ASV_295,T0_H_HOMO_5,5.148570360403759,H
ASV_297,T0_D_HOMO_1,5.148570360403761,D
ASV_297,T0_D_HOMO_2,5.148570360403759,D
ASV_297,T0_D_HOMO_3,5.148570360403759,D
ASV_297,T0_D_HOMO_4,5.148570360403759,D
ASV_297,T0_D_HOMO_5,5.148570360403759,D
ASV_297,T0_H_HOMO_1,5.148570360403759,H
ASV_297,T0_H_HOMO_2,5.148570360403761,H
ASV_297,T0_H_HOMO_3,5.148570360403761,H
ASV_297,T0_H_HOMO_4,5.148570360403761,H
ASV_297,T0_H_HOMO_5,5.148570360403759,H
ASV_298,T0_D_HOMO_1,11.103237822128623,D
ASV_298,T0_D_HOMO_2,7.383308287037986,D
ASV_298,T0_D_HOMO_3,5.148570360403759,D
ASV_298,T0_D_HOMO_4,9.28542723216456,D
ASV_298,T0_D_HOMO_5,8.806478520556206,D
ASV_298,T0_H_HOMO_1,5.148570360403759,H
ASV_298,T0_H_HOMO_2,5.148570360403761,H
ASV_298,T0_H_HOMO_3,5.148570360403761,H
ASV_298,T0_H_HOMO_4,5.148570360403761,H
ASV_298,T0_H_HOMO_5,5.148570360403759,H
ASV_299,T0_D_HOMO_1,6.3849133164002225,D
ASV_299,T0_D_HOMO_2,5.148570360403759,D
ASV_299,T0_D_HOMO_3,5.148570360403759,D
ASV_299,T0_D_HOMO_4,5.148570360403759,D
ASV_299,T0_D_HOMO_5,5.148570360403759,D
ASV_299,T0_H_HOMO_1,5.148570360403759,H
ASV_299,T0_H_HOMO_2,5.148570360403761,H
ASV_299,T0_H_HOMO_3,5.148570360403761,H
ASV_299,T0_H_HOMO_4,5.148570360403761,H
ASV_299,T0_H_HOMO_5,5.148570360403759,H
ASV_300,T0_D_HOMO_1,5.148570360403761,D
ASV_300,T0_D_HOMO_2,5.148570360403759,D
ASV_300,T0_D_HOMO_3,5.148570360403759,D
ASV_300,T0_D_HOMO_4,5.148570360403759,D
ASV_300,T0_D_HOMO_5,5.148570360403759,D
ASV_300,T0_H_HOMO_1,5.148570360403759,H
ASV_300,T0_H_HOMO_2,5.148570360403761,H
ASV_300,T0_H_HOMO_3,5.148570360403761,H
ASV_300,T0_H_HOMO_4,5.148570360403761,H
ASV_300,T0_H_HOMO_5,5.148570360403759,H
ASV_301,T0_D_HOMO_1,5.148570360403761,D
ASV_301,T0_D_HOMO_2,5.148570360403759,D
ASV_301,T0_D_HOMO_3,5.148570360403759,D
ASV_301,T0_D_HOMO_4,5.148570360403759,D
ASV_301,T0_D_HOMO_5,5.148570360403759,D
ASV_301,T0_H_HOMO_1,5.148570360403759,H
ASV_301,T0_H_HOMO_2,5.148570360403761,H
ASV_301,T0_H_HOMO_3,9.521323824351134,H
ASV_301,T0_H_HOMO_4,7.00262552027885,H
ASV_301,T0_H_HOMO_5,5.148570360403759,H
ASV_302,T0_D_HOMO_1,5.148570360403761,D
ASV_302,T0_D_HOMO_2,5.148570360403759,D
ASV_302,T0_D_HOMO_3,5.148570360403759,D
ASV_302,T0_D_HOMO_4,8.3651891982449,D
ASV_302,T0_D_HOMO_5,5.148570360403759,D
ASV_302,T0_H_HOMO_1,7.803983327660328,H
ASV_302,T0_H_HOMO_2,5.148570360403761,H
ASV_302,T0_H_HOMO_3,5.148570360403761,H
ASV_302,T0_H_HOMO_4,5.148570360403761,H
ASV_302,T0_H_HOMO_5,10.957434009591115,H
ASV_303,T0_D_HOMO_1,10.157027145269597,D
ASV_303,T0_D_HOMO_2,5.148570360403759,D
ASV_303,T0_D_HOMO_3,5.148570360403759,D
ASV_303,T0_D_HOMO_4,5.148570360403759,D
ASV_303,T0_D_HOMO_5,5.148570360403759,D
ASV_303,T0_H_HOMO_1,5.148570360403759,H
ASV_303,T0_H_HOMO_2,5.148570360403761,H
ASV_303,T0_H_HOMO_3,5.148570360403761,H
ASV_303,T0_H_HOMO_4,5.148570360403761,H
ASV_303,T0_H_HOMO_5,5.148570360403759,H
ASV_307,T0_D_HOMO_1,5.148570360403761,D
ASV_307,T0_D_HOMO_2,7.383308287037986,D
ASV_307,T0_D_HOMO_3,8.70332310015918,D
ASV_307,T0_D_HOMO_4,8.3651891982449,D
ASV_307,T0_D_HOMO_5,5.148570360403759,D
ASV_307,T0_H_HOMO_1,5.148570360403759,H
ASV_307,T0_H_HOMO_2,5.148570360403761,H
ASV_307,T0_H_HOMO_3,5.148570360403761,H
ASV_307,T0_H_HOMO_4,5.148570360403761,H
ASV_307,T0_H_HOMO_5,5.148570360403759,H
ASV_308,T0_D_HOMO_1,5.148570360403761,D
ASV_308,T0_D_HOMO_2,5.148570360403759,D
ASV_308,T0_D_HOMO_3,5.148570360403759,D
ASV_308,T0_D_HOMO_4,5.148570360403759,D
ASV_308,T0_D_HOMO_5,5.148570360403759,D
ASV_308,T0_H_HOMO_1,5.148570360403759,H
ASV_308,T0_H_HOMO_2,5.148570360403761,H
ASV_308,T0_H_HOMO_3,5.148570360403761,H
ASV_308,T0_H_HOMO_4,5.148570360403761,H
ASV_308,T0_H_HOMO_5,5.148570360403759,H
ASV_312,T0_D_HOMO_1,5.148570360403761,D
ASV_312,T0_D_HOMO_2,5.148570360403759,D
ASV_312,T0_D_HOMO_3,5.148570360403759,D
ASV_312,T0_D_HOMO_4,9.28542723216456,D
ASV_312,T0_D_HOMO_5,5.148570360403759,D
ASV_312,T0_H_HOMO_1,5.148570360403759,H
ASV_312,T0_H_HOMO_2,5.148570360403761,H
ASV_312,T0_H_HOMO_3,5.148570360403761,H
ASV_312,T0_H_HOMO_4,5.148570360403761,H
ASV_312,T0_H_HOMO_5,5.148570360403759,H
ASV_315,T0_D_HOMO_1,5.148570360403761,D
ASV_315,T0_D_HOMO_2,5.148570360403759,D
ASV_315,T0_D_HOMO_3,5.148570360403759,D
ASV_315,T0_D_HOMO_4,5.148570360403759,D
ASV_315,T0_D_HOMO_5,5.148570360403759,D
ASV_315,T0_H_HOMO_1,5.148570360403759,H
ASV_315,T0_H_HOMO_2,5.148570360403761,H
ASV_315,T0_H_HOMO_3,5.148570360403761,H
ASV_315,T0_H_HOMO_4,5.148570360403761,H
ASV_315,T0_H_HOMO_5,5.148570360403759,H
ASV_316,T0_D_HOMO_1,5.148570360403761,D
ASV_316,T0_D_HOMO_2,5.148570360403759,D
ASV_316,T0_D_HOMO_3,5.148570360403759,D
ASV_316,T0_D_HOMO_4,5.148570360403759,D
ASV_316,T0_D_HOMO_5,5.148570360403759,D
ASV_316,T0_H_HOMO_1,5.148570360403759,H
ASV_316,T0_H_HOMO_2,5.148570360403761,H
ASV_316,T0_H_HOMO_3,5.148570360403761,H
ASV_316,T0_H_HOMO_4,5.148570360403761,H
ASV_316,T0_H_HOMO_5,5.148570360403759,H
ASV_318,T0_D_HOMO_1,5.148570360403761,D
ASV_318,T0_D_HOMO_2,5.148570360403759,D
ASV_318,T0_D_HOMO_3,5.148570360403759,D
ASV_318,T0_D_HOMO_4,5.148570360403759,D
ASV_318,T0_D_HOMO_5,5.148570360403759,D
ASV_318,T0_H_HOMO_1,5.148570360403759,H
ASV_318,T0_H_HOMO_2,5.148570360403761,H
ASV_318,T0_H_HOMO_3,5.148570360403761,H
ASV_318,T0_H_HOMO_4,5.148570360403761,H
ASV_318,T0_H_HOMO_5,5.148570360403759,H
ASV_319,T0_D_HOMO_1,5.148570360403761,D
ASV_319,T0_D_HOMO_2,5.148570360403759,D
ASV_319,T0_D_HOMO_3,5.148570360403759,D
ASV_319,T0_D_HOMO_4,5.148570360403759,D
ASV_319,T0_D_HOMO_5,5.148570360403759,D
ASV_319,T0_H_HOMO_1,5.148570360403759,H
ASV_319,T0_H_HOMO_2,5.148570360403761,H
ASV_319,T0_H_HOMO_3,5.148570360403761,H
ASV_319,T0_H_HOMO_4,5.148570360403761,H
ASV_319,T0_H_HOMO_5,5.148570360403759,H
ASV_320,T0_D_HOMO_1,5.148570360403761,D
ASV_320,T0_D_HOMO_2,5.148570360403759,D
ASV_320,T0_D_HOMO_3,5.148570360403759,D
ASV_320,T0_D_HOMO_4,5.148570360403759,D
ASV_320,T0_D_HOMO_5,5.148570360403759,D
ASV_320,T0_H_HOMO_1,5.148570360403759,H
ASV_320,T0_H_HOMO_2,5.148570360403761,H
ASV_320,T0_H_HOMO_3,5.148570360403761,H
ASV_320,T0_H_HOMO_4,5.148570360403761,H
ASV_320,T0_H_HOMO_5,5.148570360403759,H
ASV_321,T0_D_HOMO_1,5.148570360403761,D
ASV_321,T0_D_HOMO_2,5.148570360403759,D
ASV_321,T0_D_HOMO_3,5.148570360403759,D
ASV_321,T0_D_HOMO_4,5.148570360403759,D
ASV_321,T0_D_HOMO_5,7.916473626959115,D
ASV_321,T0_H_HOMO_1,5.148570360403759,H
ASV_321,T0_H_HOMO_2,5.148570360403761,H
ASV_321,T0_H_HOMO_3,5.148570360403761,H
ASV_321,T0_H_HOMO_4,7.448027124058801,H
ASV_321,T0_H_HOMO_5,5.148570360403759,H
ASV_322,T0_D_HOMO_1,5.148570360403761,D
ASV_322,T0_D_HOMO_2,5.148570360403759,D
ASV_322,T0_D_HOMO_3,5.148570360403759,D
ASV_322,T0_D_HOMO_4,5.148570360403759,D
ASV_322,T0_D_HOMO_5,5.148570360403759,D
ASV_322,T0_H_HOMO_1,5.148570360403759,H
ASV_322,T0_H_HOMO_2,5.148570360403761,H
ASV_322,T0_H_HOMO_3,5.148570360403761,H
ASV_322,T0_H_HOMO_4,5.148570360403761,H
ASV_322,T0_H_HOMO_5,5.148570360403759,H
ASV_324,T0_D_HOMO_1,5.148570360403761,D
ASV_324,T0_D_HOMO_2,5.148570360403759,D
ASV_324,T0_D_HOMO_3,5.148570360403759,D
ASV_324,T0_D_HOMO_4,5.148570360403759,D
ASV_324,T0_D_HOMO_5,5.148570360403759,D
ASV_324,T0_H_HOMO_1,5.148570360403759,H
ASV_324,T0_H_HOMO_2,5.148570360403761,H
ASV_324,T0_H_HOMO_3,5.148570360403761,H
ASV_324,T0_H_HOMO_4,5.148570360403761,H
ASV_324,T0_H_HOMO_5,5.148570360403759,H
ASV_325,T0_D_HOMO_1,5.148570360403761,D
ASV_325,T0_D_HOMO_2,5.148570360403759,D
ASV_325,T0_D_HOMO_3,5.148570360403759,D
ASV_325,T0_D_HOMO_4,5.148570360403759,D
ASV_325,T0_D_HOMO_5,5.148570360403759,D
ASV_325,T0_H_HOMO_1,5.148570360403759,H
ASV_325,T0_H_HOMO_2,5.148570360403761,H
ASV_325,T0_H_HOMO_3,5.148570360403761,H
ASV_325,T0_H_HOMO_4,5.148570360403761,H
ASV_325,T0_H_HOMO_5,5.148570360403759,H
ASV_327,T0_D_HOMO_1,5.148570360403761,D
ASV_327,T0_D_HOMO_2,5.148570360403759,D
ASV_327,T0_D_HOMO_3,5.148570360403759,D
ASV_327,T0_D_HOMO_4,5.148570360403759,D
ASV_327,T0_D_HOMO_5,5.148570360403759,D
ASV_327,T0_H_HOMO_1,5.148570360403759,H
ASV_327,T0_H_HOMO_2,5.148570360403761,H
ASV_327,T0_H_HOMO_3,5.148570360403761,H
ASV_327,T0_H_HOMO_4,9.318372672789307,H
ASV_327,T0_H_HOMO_5,5.148570360403759,H
ASV_328,T0_D_HOMO_1,5.148570360403761,D
ASV_328,T0_D_HOMO_2,9.687147704945222,D
ASV_328,T0_D_HOMO_3,9.640594628293695,D
ASV_328,T0_D_HOMO_4,9.842791414732492,D
ASV_328,T0_D_HOMO_5,11.169225954877767,D
ASV_328,T0_H_HOMO_1,8.68468966973944,H
ASV_328,T0_H_HOMO_2,5.148570360403761,H
ASV_328,T0_H_HOMO_3,5.148570360403761,H
ASV_328,T0_H_HOMO_4,5.148570360403761,H
ASV_328,T0_H_HOMO_5,10.385282204577205,H
ASV_329,T0_D_HOMO_1,10.529859527082454,D
ASV_329,T0_D_HOMO_2,7.383308287037986,D
ASV_329,T0_D_HOMO_3,5.148570360403759,D
ASV_329,T0_D_HOMO_4,5.148570360403759,D
ASV_329,T0_D_HOMO_5,5.148570360403759,D
ASV_329,T0_H_HOMO_1,5.148570360403759,H
ASV_329,T0_H_HOMO_2,5.148570360403761,H
ASV_329,T0_H_HOMO_3,5.148570360403761,H
ASV_329,T0_H_HOMO_4,5.148570360403761,H
ASV_329,T0_H_HOMO_5,5.148570360403759,H
ASV_332,T0_D_HOMO_1,5.148570360403761,D
ASV_332,T0_D_HOMO_2,5.148570360403759,D
ASV_332,T0_D_HOMO_3,5.148570360403759,D
ASV_332,T0_D_HOMO_4,5.148570360403759,D
ASV_332,T0_D_HOMO_5,5.148570360403759,D
ASV_332,T0_H_HOMO_1,5.148570360403759,H
ASV_332,T0_H_HOMO_2,5.148570360403761,H
ASV_332,T0_H_HOMO_3,5.148570360403761,H
ASV_332,T0_H_HOMO_4,5.148570360403761,H
ASV_332,T0_H_HOMO_5,5.148570360403759,H
ASV_333,T0_D_HOMO_1,5.148570360403761,D
ASV_333,T0_D_HOMO_2,5.148570360403759,D
ASV_333,T0_D_HOMO_3,8.178474902930725,D
ASV_333,T0_D_HOMO_4,5.148570360403759,D
ASV_333,T0_D_HOMO_5,5.148570360403759,D
ASV_333,T0_H_HOMO_1,10.690280208628671,H
ASV_333,T0_H_HOMO_2,11.690431876473902,H
ASV_333,T0_H_HOMO_3,11.968665022389754,H
ASV_333,T0_H_HOMO_4,11.336745766271665,H
ASV_333,T0_H_HOMO_5,12.356296494889035,H
ASV_337,T0_D_HOMO_1,5.148570360403761,D
ASV_337,T0_D_HOMO_2,5.148570360403759,D
ASV_337,T0_D_HOMO_3,5.148570360403759,D
ASV_337,T0_D_HOMO_4,5.148570360403759,D
ASV_337,T0_D_HOMO_5,5.148570360403759,D
ASV_337,T0_H_HOMO_1,5.148570360403759,H
ASV_337,T0_H_HOMO_2,5.148570360403761,H
ASV_337,T0_H_HOMO_3,5.148570360403761,H
ASV_337,T0_H_HOMO_4,5.148570360403761,H
ASV_337,T0_H_HOMO_5,5.148570360403759,H
ASV_343,T0_D_HOMO_1,9.815786975841604,D
ASV_343,T0_D_HOMO_2,5.148570360403759,D
ASV_343,T0_D_HOMO_3,5.148570360403759,D
ASV_343,T0_D_HOMO_4,8.3651891982449,D
ASV_343,T0_D_HOMO_5,5.148570360403759,D
ASV_343,T0_H_HOMO_1,5.148570360403759,H
ASV_343,T0_H_HOMO_2,5.148570360403761,H
ASV_343,T0_H_HOMO_3,5.148570360403761,H
ASV_343,T0_H_HOMO_4,5.148570360403761,H
ASV_343,T0_H_HOMO_5,5.148570360403759,H
ASV_344,T0_D_HOMO_1,5.148570360403761,D
ASV_344,T0_D_HOMO_2,5.148570360403759,D
ASV_344,T0_D_HOMO_3,5.148570360403759,D
ASV_344,T0_D_HOMO_4,5.148570360403759,D
ASV_344,T0_D_HOMO_5,5.148570360403759,D
ASV_344,T0_H_HOMO_1,5.148570360403759,H
ASV_344,T0_H_HOMO_2,5.148570360403761,H
ASV_344,T0_H_HOMO_3,5.148570360403761,H
ASV_344,T0_H_HOMO_4,5.148570360403761,H
ASV_344,T0_H_HOMO_5,5.148570360403759,H
ASV_349,T0_D_HOMO_1,5.148570360403761,D
ASV_349,T0_D_HOMO_2,5.148570360403759,D
ASV_349,T0_D_HOMO_3,5.148570360403759,D
ASV_349,T0_D_HOMO_4,5.148570360403759,D
ASV_349,T0_D_HOMO_5,5.148570360403759,D
ASV_349,T0_H_HOMO_1,5.148570360403759,H
ASV_349,T0_H_HOMO_2,5.148570360403761,H
ASV_349,T0_H_HOMO_3,5.148570360403761,H
ASV_349,T0_H_HOMO_4,5.148570360403761,H
ASV_349,T0_H_HOMO_5,5.148570360403759,H
ASV_350,T0_D_HOMO_1,5.148570360403761,D
ASV_350,T0_D_HOMO_2,5.148570360403759,D
ASV_350,T0_D_HOMO_3,5.148570360403759,D
ASV_350,T0_D_HOMO_4,5.148570360403759,D
ASV_350,T0_D_HOMO_5,5.148570360403759,D
ASV_350,T0_H_HOMO_1,5.148570360403759,H
ASV_350,T0_H_HOMO_2,5.148570360403761,H
ASV_350,T0_H_HOMO_3,5.148570360403761,H
ASV_350,T0_H_HOMO_4,5.148570360403761,H
ASV_350,T0_H_HOMO_5,5.148570360403759,H
ASV_351,T0_D_HOMO_1,5.148570360403761,D
ASV_351,T0_D_HOMO_2,5.148570360403759,D
ASV_351,T0_D_HOMO_3,5.148570360403759,D
ASV_351,T0_D_HOMO_4,5.148570360403759,D
ASV_351,T0_D_HOMO_5,5.148570360403759,D
ASV_351,T0_H_HOMO_1,7.803983327660328,H
ASV_351,T0_H_HOMO_2,5.148570360403761,H
ASV_351,T0_H_HOMO_3,5.148570360403761,H
ASV_351,T0_H_HOMO_4,5.148570360403761,H
ASV_351,T0_H_HOMO_5,5.148570360403759,H
ASV_352,T0_D_HOMO_1,5.148570360403761,D
ASV_352,T0_D_HOMO_2,5.148570360403759,D
ASV_352,T0_D_HOMO_3,5.148570360403759,D
ASV_352,T0_D_HOMO_4,5.148570360403759,D
ASV_352,T0_D_HOMO_5,5.148570360403759,D
ASV_352,T0_H_HOMO_1,5.148570360403759,H
ASV_352,T0_H_HOMO_2,5.148570360403761,H
ASV_352,T0_H_HOMO_3,5.148570360403761,H
ASV_352,T0_H_HOMO_4,5.148570360403761,H
ASV_352,T0_H_HOMO_5,5.148570360403759,H
ASV_354,T0_D_HOMO_1,5.148570360403761,D
ASV_354,T0_D_HOMO_2,5.148570360403759,D
ASV_354,T0_D_HOMO_3,8.178474902930725,D
ASV_354,T0_D_HOMO_4,5.148570360403759,D
ASV_354,T0_D_HOMO_5,5.148570360403759,D
ASV_354,T0_H_HOMO_1,5.148570360403759,H
ASV_354,T0_H_HOMO_2,5.148570360403761,H
ASV_354,T0_H_HOMO_3,5.148570360403761,H
ASV_354,T0_H_HOMO_4,5.148570360403761,H
ASV_354,T0_H_HOMO_5,5.148570360403759,H
ASV_357,T0_D_HOMO_1,5.148570360403761,D
ASV_357,T0_D_HOMO_2,5.148570360403759,D
ASV_357,T0_D_HOMO_3,5.148570360403759,D
ASV_357,T0_D_HOMO_4,5.148570360403759,D
ASV_357,T0_D_HOMO_5,5.148570360403759,D
ASV_357,T0_H_HOMO_1,8.028338926670099,H
ASV_357,T0_H_HOMO_2,5.148570360403761,H
ASV_357,T0_H_HOMO_3,5.148570360403761,H
ASV_357,T0_H_HOMO_4,5.148570360403761,H
ASV_357,T0_H_HOMO_5,5.148570360403759,H
ASV_359,T0_D_HOMO_1,5.148570360403761,D
ASV_359,T0_D_HOMO_2,5.148570360403759,D
ASV_359,T0_D_HOMO_3,5.148570360403759,D
ASV_359,T0_D_HOMO_4,5.148570360403759,D
ASV_359,T0_D_HOMO_5,5.148570360403759,D
ASV_359,T0_H_HOMO_1,5.148570360403759,H
ASV_359,T0_H_HOMO_2,5.148570360403761,H
ASV_359,T0_H_HOMO_3,5.148570360403761,H
ASV_359,T0_H_HOMO_4,5.148570360403761,H
ASV_359,T0_H_HOMO_5,5.148570360403759,H
ASV_361,T0_D_HOMO_1,5.148570360403761,D
ASV_361,T0_D_HOMO_2,5.148570360403759,D
ASV_361,T0_D_HOMO_3,5.148570360403759,D
ASV_361,T0_D_HOMO_4,5.148570360403759,D
ASV_361,T0_D_HOMO_5,5.148570360403759,D
ASV_361,T0_H_HOMO_1,5.148570360403759,H
ASV_361,T0_H_HOMO_2,5.148570360403761,H
ASV_361,T0_H_HOMO_3,5.148570360403761,H
ASV_361,T0_H_HOMO_4,5.148570360403761,H
ASV_361,T0_H_HOMO_5,5.148570360403759,H
ASV_364,T0_D_HOMO_1,5.148570360403761,D
ASV_364,T0_D_HOMO_2,5.148570360403759,D
ASV_364,T0_D_HOMO_3,5.148570360403759,D
ASV_364,T0_D_HOMO_4,5.148570360403759,D
ASV_364,T0_D_HOMO_5,5.148570360403759,D
ASV_364,T0_H_HOMO_1,5.148570360403759,H
ASV_364,T0_H_HOMO_2,5.148570360403761,H
ASV_364,T0_H_HOMO_3,5.148570360403761,H
ASV_364,T0_H_HOMO_4,5.148570360403761,H
ASV_364,T0_H_HOMO_5,5.148570360403759,H
ASV_367,T0_D_HOMO_1,5.148570360403761,D
ASV_367,T0_D_HOMO_2,5.148570360403759,D
ASV_367,T0_D_HOMO_3,5.148570360403759,D
ASV_367,T0_D_HOMO_4,5.148570360403759,D
ASV_367,T0_D_HOMO_5,5.148570360403759,D
ASV_367,T0_H_HOMO_1,5.148570360403759,H
ASV_367,T0_H_HOMO_2,5.148570360403761,H
ASV_367,T0_H_HOMO_3,5.148570360403761,H
ASV_367,T0_H_HOMO_4,5.148570360403761,H
ASV_367,T0_H_HOMO_5,5.148570360403759,H
ASV_369,T0_D_HOMO_1,6.3849133164002225,D
ASV_369,T0_D_HOMO_2,7.383308287037986,D
ASV_369,T0_D_HOMO_3,7.345107624176208,D
ASV_369,T0_D_HOMO_4,9.28542723216456,D
ASV_369,T0_D_HOMO_5,5.148570360403759,D
ASV_369,T0_H_HOMO_1,5.148570360403759,H
ASV_369,T0_H_HOMO_2,5.148570360403761,H
ASV_369,T0_H_HOMO_3,5.148570360403761,H
ASV_369,T0_H_HOMO_4,5.148570360403761,H
ASV_369,T0_H_HOMO_5,5.148570360403759,H
ASV_372,T0_D_HOMO_1,5.148570360403761,D
ASV_372,T0_D_HOMO_2,5.148570360403759,D
ASV_372,T0_D_HOMO_3,5.148570360403759,D
ASV_372,T0_D_HOMO_4,5.148570360403759,D
ASV_372,T0_D_HOMO_5,5.148570360403759,D
ASV_372,T0_H_HOMO_1,5.148570360403759,H
ASV_372,T0_H_HOMO_2,5.148570360403761,H
ASV_372,T0_H_HOMO_3,5.148570360403761,H
ASV_372,T0_H_HOMO_4,5.148570360403761,H
ASV_372,T0_H_HOMO_5,11.366023248772928,H
ASV_374,T0_D_HOMO_1,5.148570360403761,D
ASV_374,T0_D_HOMO_2,5.148570360403759,D
ASV_374,T0_D_HOMO_3,5.148570360403759,D
ASV_374,T0_D_HOMO_4,5.148570360403759,D
ASV_374,T0_D_HOMO_5,5.148570360403759,D
ASV_374,T0_H_HOMO_1,5.148570360403759,H
ASV_374,T0_H_HOMO_2,5.148570360403761,H
ASV_374,T0_H_HOMO_3,5.148570360403761,H
ASV_374,T0_H_HOMO_4,5.148570360403761,H
ASV_374,T0_H_HOMO_5,5.148570360403759,H
ASV_375,T0_D_HOMO_1,10.273731258230649,D
ASV_375,T0_D_HOMO_2,11.807964657146172,D
ASV_375,T0_D_HOMO_3,7.345107624176208,D
ASV_375,T0_D_HOMO_4,10.24382921609816,D
ASV_375,T0_D_HOMO_5,12.021687864925974,D
ASV_375,T0_H_HOMO_1,9.134138876761904,H
ASV_375,T0_H_HOMO_2,5.148570360403761,H
ASV_375,T0_H_HOMO_3,5.148570360403761,H
ASV_375,T0_H_HOMO_4,5.148570360403761,H
ASV_375,T0_H_HOMO_5,5.148570360403759,H
ASV_376,T0_D_HOMO_1,5.148570360403761,D
ASV_376,T0_D_HOMO_2,5.148570360403759,D
ASV_376,T0_D_HOMO_3,5.148570360403759,D
ASV_376,T0_D_HOMO_4,5.148570360403759,D
ASV_376,T0_D_HOMO_5,5.148570360403759,D
ASV_376,T0_H_HOMO_1,5.148570360403759,H
ASV_376,T0_H_HOMO_2,5.148570360403761,H
ASV_376,T0_H_HOMO_3,5.148570360403761,H
ASV_376,T0_H_HOMO_4,5.148570360403761,H
ASV_376,T0_H_HOMO_5,5.148570360403759,H
ASV_378,T0_D_HOMO_1,5.148570360403761,D
ASV_378,T0_D_HOMO_2,5.148570360403759,D
ASV_378,T0_D_HOMO_3,5.148570360403759,D
ASV_378,T0_D_HOMO_4,5.148570360403759,D
ASV_378,T0_D_HOMO_5,5.148570360403759,D
ASV_378,T0_H_HOMO_1,5.148570360403759,H
ASV_378,T0_H_HOMO_2,5.148570360403761,H
ASV_378,T0_H_HOMO_3,5.148570360403761,H
ASV_378,T0_H_HOMO_4,5.148570360403761,H
ASV_378,T0_H_HOMO_5,5.148570360403759,H
ASV_381,T0_D_HOMO_1,5.148570360403761,D
ASV_381,T0_D_HOMO_2,5.148570360403759,D
ASV_381,T0_D_HOMO_3,7.345107624176208,D
ASV_381,T0_D_HOMO_4,9.28542723216456,D
ASV_381,T0_D_HOMO_5,9.352829955467776,D
ASV_381,T0_H_HOMO_1,5.148570360403759,H
ASV_381,T0_H_HOMO_2,5.148570360403761,H
ASV_381,T0_H_HOMO_3,5.148570360403761,H
ASV_381,T0_H_HOMO_4,5.148570360403761,H
ASV_381,T0_H_HOMO_5,5.148570360403759,H
ASV_384,T0_D_HOMO_1,5.148570360403761,D
ASV_384,T0_D_HOMO_2,5.148570360403759,D
ASV_384,T0_D_HOMO_3,5.148570360403759,D
ASV_384,T0_D_HOMO_4,5.148570360403759,D
ASV_384,T0_D_HOMO_5,5.148570360403759,D
ASV_384,T0_H_HOMO_1,5.148570360403759,H
ASV_384,T0_H_HOMO_2,5.148570360403761,H
ASV_384,T0_H_HOMO_3,5.148570360403761,H
ASV_384,T0_H_HOMO_4,5.148570360403761,H
ASV_384,T0_H_HOMO_5,5.148570360403759,H
ASV_386,T0_D_HOMO_1,7.832047265738768,D
ASV_386,T0_D_HOMO_2,5.148570360403759,D
ASV_386,T0_D_HOMO_3,5.148570360403759,D
ASV_386,T0_D_HOMO_4,5.148570360403759,D
ASV_386,T0_D_HOMO_5,5.148570360403759,D
ASV_386,T0_H_HOMO_1,5.148570360403759,H
ASV_386,T0_H_HOMO_2,5.148570360403761,H
ASV_386,T0_H_HOMO_3,5.148570360403761,H
ASV_386,T0_H_HOMO_4,5.148570360403761,H
ASV_386,T0_H_HOMO_5,5.148570360403759,H
ASV_387,T0_D_HOMO_1,5.148570360403761,D
ASV_387,T0_D_HOMO_2,5.148570360403759,D
ASV_387,T0_D_HOMO_3,5.148570360403759,D
ASV_387,T0_D_HOMO_4,5.148570360403759,D
ASV_387,T0_D_HOMO_5,5.148570360403759,D
ASV_387,T0_H_HOMO_1,5.148570360403759,H
ASV_387,T0_H_HOMO_2,5.148570360403761,H
ASV_387,T0_H_HOMO_3,5.148570360403761,H
ASV_387,T0_H_HOMO_4,5.148570360403761,H
ASV_387,T0_H_HOMO_5,5.148570360403759,H
ASV_390,T0_D_HOMO_1,5.148570360403761,D
ASV_390,T0_D_HOMO_2,5.148570360403759,D
ASV_390,T0_D_HOMO_3,5.148570360403759,D
ASV_390,T0_D_HOMO_4,5.148570360403759,D
ASV_390,T0_D_HOMO_5,5.148570360403759,D
ASV_390,T0_H_HOMO_1,5.148570360403759,H
ASV_390,T0_H_HOMO_2,5.148570360403761,H
ASV_390,T0_H_HOMO_3,5.148570360403761,H
ASV_390,T0_H_HOMO_4,8.492407649566017,H
ASV_390,T0_H_HOMO_5,5.148570360403759,H
ASV_397,T0_D_HOMO_1,5.148570360403761,D
ASV_397,T0_D_HOMO_2,5.148570360403759,D
ASV_397,T0_D_HOMO_3,5.148570360403759,D
ASV_397,T0_D_HOMO_4,5.148570360403759,D
ASV_397,T0_D_HOMO_5,5.148570360403759,D
ASV_397,T0_H_HOMO_1,5.148570360403759,H
ASV_397,T0_H_HOMO_2,5.148570360403761,H
ASV_397,T0_H_HOMO_3,5.148570360403761,H
ASV_397,T0_H_HOMO_4,5.148570360403761,H
ASV_397,T0_H_HOMO_5,5.148570360403759,H
ASV_401,T0_D_HOMO_1,7.489991650101433,D
ASV_401,T0_D_HOMO_2,5.148570360403759,D
ASV_401,T0_D_HOMO_3,7.345107624176208,D
ASV_401,T0_D_HOMO_4,8.3651891982449,D
ASV_401,T0_D_HOMO_5,5.148570360403759,D
ASV_401,T0_H_HOMO_1,6.790165770904973,H
ASV_401,T0_H_HOMO_2,8.266464659085855,H
ASV_401,T0_H_HOMO_3,8.166166836081425,H
ASV_401,T0_H_HOMO_4,7.448027124058801,H
ASV_401,T0_H_HOMO_5,5.148570360403759,H
ASV_402,T0_D_HOMO_1,5.148570360403761,D
ASV_402,T0_D_HOMO_2,5.148570360403759,D
ASV_402,T0_D_HOMO_3,5.148570360403759,D
ASV_402,T0_D_HOMO_4,5.148570360403759,D
ASV_402,T0_D_HOMO_5,5.148570360403759,D
ASV_402,T0_H_HOMO_1,5.148570360403759,H
ASV_402,T0_H_HOMO_2,5.148570360403761,H
ASV_402,T0_H_HOMO_3,5.148570360403761,H
ASV_402,T0_H_HOMO_4,5.148570360403761,H
ASV_402,T0_H_HOMO_5,5.148570360403759,H
ASV_403,T0_D_HOMO_1,5.148570360403761,D
ASV_403,T0_D_HOMO_2,5.148570360403759,D
ASV_403,T0_D_HOMO_3,5.148570360403759,D
ASV_403,T0_D_HOMO_4,5.148570360403759,D
ASV_403,T0_D_HOMO_5,5.148570360403759,D
ASV_403,T0_H_HOMO_1,8.546439101308763,H
ASV_403,T0_H_HOMO_2,5.148570360403761,H
ASV_403,T0_H_HOMO_3,5.148570360403761,H
ASV_403,T0_H_HOMO_4,5.148570360403761,H
ASV_403,T0_H_HOMO_5,5.148570360403759,H
ASV_407,T0_D_HOMO_1,5.148570360403761,D
ASV_407,T0_D_HOMO_2,5.148570360403759,D
ASV_407,T0_D_HOMO_3,5.148570360403759,D
ASV_407,T0_D_HOMO_4,5.148570360403759,D
ASV_407,T0_D_HOMO_5,5.148570360403759,D
ASV_407,T0_H_HOMO_1,5.148570360403759,H
ASV_407,T0_H_HOMO_2,5.148570360403761,H
ASV_407,T0_H_HOMO_3,5.148570360403761,H
ASV_407,T0_H_HOMO_4,5.148570360403761,H
ASV_407,T0_H_HOMO_5,5.148570360403759,H
ASV_409,T0_D_HOMO_1,5.148570360403761,D
ASV_409,T0_D_HOMO_2,5.148570360403759,D
ASV_409,T0_D_HOMO_3,5.148570360403759,D
ASV_409,T0_D_HOMO_4,5.148570360403759,D
ASV_409,T0_D_HOMO_5,5.148570360403759,D
ASV_409,T0_H_HOMO_1,5.148570360403759,H
ASV_409,T0_H_HOMO_2,5.148570360403761,H
ASV_409,T0_H_HOMO_3,5.148570360403761,H
ASV_409,T0_H_HOMO_4,5.148570360403761,H
ASV_409,T0_H_HOMO_5,9.423045583123054,H
ASV_414,T0_D_HOMO_1,5.148570360403761,D
ASV_414,T0_D_HOMO_2,5.148570360403759,D
ASV_414,T0_D_HOMO_3,5.148570360403759,D
ASV_414,T0_D_HOMO_4,5.148570360403759,D
ASV_414,T0_D_HOMO_5,5.148570360403759,D
ASV_414,T0_H_HOMO_1,5.148570360403759,H
ASV_414,T0_H_HOMO_2,5.148570360403761,H
ASV_414,T0_H_HOMO_3,5.148570360403761,H
ASV_414,T0_H_HOMO_4,5.148570360403761,H
ASV_414,T0_H_HOMO_5,5.148570360403759,H
ASV_415,T0_D_HOMO_1,5.148570360403761,D
ASV_415,T0_D_HOMO_2,5.148570360403759,D
ASV_415,T0_D_HOMO_3,5.148570360403759,D
ASV_415,T0_D_HOMO_4,5.148570360403759,D
ASV_415,T0_D_HOMO_5,5.148570360403759,D
ASV_415,T0_H_HOMO_1,5.148570360403759,H
ASV_415,T0_H_HOMO_2,5.148570360403761,H
ASV_415,T0_H_HOMO_3,5.148570360403761,H
ASV_415,T0_H_HOMO_4,5.148570360403761,H
ASV_415,T0_H_HOMO_5,5.148570360403759,H
ASV_416,T0_D_HOMO_1,5.148570360403761,D
ASV_416,T0_D_HOMO_2,5.148570360403759,D
ASV_416,T0_D_HOMO_3,5.148570360403759,D
ASV_416,T0_D_HOMO_4,5.148570360403759,D
ASV_416,T0_D_HOMO_5,5.148570360403759,D
ASV_416,T0_H_HOMO_1,5.148570360403759,H
ASV_416,T0_H_HOMO_2,5.148570360403761,H
ASV_416,T0_H_HOMO_3,5.148570360403761,H
ASV_416,T0_H_HOMO_4,5.148570360403761,H
ASV_416,T0_H_HOMO_5,5.148570360403759,H
ASV_418,T0_D_HOMO_1,5.148570360403761,D
ASV_418,T0_D_HOMO_2,5.148570360403759,D
ASV_418,T0_D_HOMO_3,5.148570360403759,D
ASV_418,T0_D_HOMO_4,5.148570360403759,D
ASV_418,T0_D_HOMO_5,5.148570360403759,D
ASV_418,T0_H_HOMO_1,5.148570360403759,H
ASV_418,T0_H_HOMO_2,5.148570360403761,H
ASV_418,T0_H_HOMO_3,5.148570360403761,H
ASV_418,T0_H_HOMO_4,5.148570360403761,H
ASV_418,T0_H_HOMO_5,5.148570360403759,H
ASV_422,T0_D_HOMO_1,5.148570360403761,D
ASV_422,T0_D_HOMO_2,5.148570360403759,D
ASV_422,T0_D_HOMO_3,5.148570360403759,D
ASV_422,T0_D_HOMO_4,5.148570360403759,D
ASV_422,T0_D_HOMO_5,5.148570360403759,D
ASV_422,T0_H_HOMO_1,5.148570360403759,H
ASV_422,T0_H_HOMO_2,5.148570360403761,H
ASV_422,T0_H_HOMO_3,5.148570360403761,H
ASV_422,T0_H_HOMO_4,5.148570360403761,H
ASV_422,T0_H_HOMO_5,5.148570360403759,H
ASV_424,T0_D_HOMO_1,5.148570360403761,D
ASV_424,T0_D_HOMO_2,5.148570360403759,D
ASV_424,T0_D_HOMO_3,5.148570360403759,D
ASV_424,T0_D_HOMO_4,5.148570360403759,D
ASV_424,T0_D_HOMO_5,5.148570360403759,D
ASV_424,T0_H_HOMO_1,5.148570360403759,H
ASV_424,T0_H_HOMO_2,5.148570360403761,H
ASV_424,T0_H_HOMO_3,5.148570360403761,H
ASV_424,T0_H_HOMO_4,5.148570360403761,H
ASV_424,T0_H_HOMO_5,5.148570360403759,H
ASV_425,T0_D_HOMO_1,5.148570360403761,D
ASV_425,T0_D_HOMO_2,5.148570360403759,D
ASV_425,T0_D_HOMO_3,5.148570360403759,D
ASV_425,T0_D_HOMO_4,5.148570360403759,D
ASV_425,T0_D_HOMO_5,5.148570360403759,D
ASV_425,T0_H_HOMO_1,5.148570360403759,H
ASV_425,T0_H_HOMO_2,5.148570360403761,H
ASV_425,T0_H_HOMO_3,5.148570360403761,H
ASV_425,T0_H_HOMO_4,5.148570360403761,H
ASV_425,T0_H_HOMO_5,5.148570360403759,H
ASV_426,T0_D_HOMO_1,5.148570360403761,D
ASV_426,T0_D_HOMO_2,5.148570360403759,D
ASV_426,T0_D_HOMO_3,5.148570360403759,D
ASV_426,T0_D_HOMO_4,5.148570360403759,D
ASV_426,T0_D_HOMO_5,5.148570360403759,D
ASV_426,T0_H_HOMO_1,5.148570360403759,H
ASV_426,T0_H_HOMO_2,5.148570360403761,H
ASV_426,T0_H_HOMO_3,5.148570360403761,H
ASV_426,T0_H_HOMO_4,5.148570360403761,H
ASV_426,T0_H_HOMO_5,5.148570360403759,H
ASV_427,T0_D_HOMO_1,5.148570360403761,D
ASV_427,T0_D_HOMO_2,5.148570360403759,D
ASV_427,T0_D_HOMO_3,5.148570360403759,D
ASV_427,T0_D_HOMO_4,5.148570360403759,D
ASV_427,T0_D_HOMO_5,5.148570360403759,D
ASV_427,T0_H_HOMO_1,5.148570360403759,H
ASV_427,T0_H_HOMO_2,5.148570360403761,H
ASV_427,T0_H_HOMO_3,5.148570360403761,H
ASV_427,T0_H_HOMO_4,5.148570360403761,H
ASV_427,T0_H_HOMO_5,5.148570360403759,H
ASV_428,T0_D_HOMO_1,5.148570360403761,D
ASV_428,T0_D_HOMO_2,5.148570360403759,D
ASV_428,T0_D_HOMO_3,5.148570360403759,D
ASV_428,T0_D_HOMO_4,5.148570360403759,D
ASV_428,T0_D_HOMO_5,5.148570360403759,D
ASV_428,T0_H_HOMO_1,5.148570360403759,H
ASV_428,T0_H_HOMO_2,5.148570360403761,H
ASV_428,T0_H_HOMO_3,5.148570360403761,H
ASV_428,T0_H_HOMO_4,5.148570360403761,H
ASV_428,T0_H_HOMO_5,5.148570360403759,H
ASV_429,T0_D_HOMO_1,5.148570360403761,D
ASV_429,T0_D_HOMO_2,5.148570360403759,D
ASV_429,T0_D_HOMO_3,5.148570360403759,D
ASV_429,T0_D_HOMO_4,5.148570360403759,D
ASV_429,T0_D_HOMO_5,5.148570360403759,D
ASV_429,T0_H_HOMO_1,5.148570360403759,H
ASV_429,T0_H_HOMO_2,5.148570360403761,H
ASV_429,T0_H_HOMO_3,5.148570360403761,H
ASV_429,T0_H_HOMO_4,5.148570360403761,H
ASV_429,T0_H_HOMO_5,5.148570360403759,H
ASV_433,T0_D_HOMO_1,5.148570360403761,D
ASV_433,T0_D_HOMO_2,5.148570360403759,D
ASV_433,T0_D_HOMO_3,5.148570360403759,D
ASV_433,T0_D_HOMO_4,5.148570360403759,D
ASV_433,T0_D_HOMO_5,5.148570360403759,D
ASV_433,T0_H_HOMO_1,5.148570360403759,H
ASV_433,T0_H_HOMO_2,5.148570360403761,H
ASV_433,T0_H_HOMO_3,5.148570360403761,H
ASV_433,T0_H_HOMO_4,5.148570360403761,H
ASV_433,T0_H_HOMO_5,5.148570360403759,H
ASV_437,T0_D_HOMO_1,5.148570360403761,D
ASV_437,T0_D_HOMO_2,5.148570360403759,D
ASV_437,T0_D_HOMO_3,5.148570360403759,D
ASV_437,T0_D_HOMO_4,5.148570360403759,D
ASV_437,T0_D_HOMO_5,5.148570360403759,D
ASV_437,T0_H_HOMO_1,5.148570360403759,H
ASV_437,T0_H_HOMO_2,5.148570360403761,H
ASV_437,T0_H_HOMO_3,5.148570360403761,H
ASV_437,T0_H_HOMO_4,5.148570360403761,H
ASV_437,T0_H_HOMO_5,5.148570360403759,H
ASV_439,T0_D_HOMO_1,5.148570360403761,D
ASV_439,T0_D_HOMO_2,5.148570360403759,D
ASV_439,T0_D_HOMO_3,5.148570360403759,D
ASV_439,T0_D_HOMO_4,5.148570360403759,D
ASV_439,T0_D_HOMO_5,5.148570360403759,D
ASV_439,T0_H_HOMO_1,5.148570360403759,H
ASV_439,T0_H_HOMO_2,10.923841988514202,H
ASV_439,T0_H_HOMO_3,10.48607790640198,H
ASV_439,T0_H_HOMO_4,5.148570360403761,H
ASV_439,T0_H_HOMO_5,10.957434009591115,H
ASV_442,T0_D_HOMO_1,5.148570360403761,D
ASV_442,T0_D_HOMO_2,5.148570360403759,D
ASV_442,T0_D_HOMO_3,5.148570360403759,D
ASV_442,T0_D_HOMO_4,5.148570360403759,D
ASV_442,T0_D_HOMO_5,5.148570360403759,D
ASV_442,T0_H_HOMO_1,5.148570360403759,H
ASV_442,T0_H_HOMO_2,5.148570360403761,H
ASV_442,T0_H_HOMO_3,5.148570360403761,H
ASV_442,T0_H_HOMO_4,5.148570360403761,H
ASV_442,T0_H_HOMO_5,5.148570360403759,H
ASV_446,T0_D_HOMO_1,5.148570360403761,D
ASV_446,T0_D_HOMO_2,5.148570360403759,D
ASV_446,T0_D_HOMO_3,5.148570360403759,D
ASV_446,T0_D_HOMO_4,5.148570360403759,D
ASV_446,T0_D_HOMO_5,5.148570360403759,D
ASV_446,T0_H_HOMO_1,5.148570360403759,H
ASV_446,T0_H_HOMO_2,5.148570360403761,H
ASV_446,T0_H_HOMO_3,5.148570360403761,H
ASV_446,T0_H_HOMO_4,5.148570360403761,H
ASV_446,T0_H_HOMO_5,5.148570360403759,H
ASV_449,T0_D_HOMO_1,5.148570360403761,D
ASV_449,T0_D_HOMO_2,5.148570360403759,D
ASV_449,T0_D_HOMO_3,7.345107624176208,D
ASV_449,T0_D_HOMO_4,5.148570360403759,D
ASV_449,T0_D_HOMO_5,10.058144985304386,D
ASV_449,T0_H_HOMO_1,5.148570360403759,H
ASV_449,T0_H_HOMO_2,5.148570360403761,H
ASV_449,T0_H_HOMO_3,5.148570360403761,H
ASV_449,T0_H_HOMO_4,5.148570360403761,H
ASV_449,T0_H_HOMO_5,5.148570360403759,H
ASV_455,T0_D_HOMO_1,7.040771408177656,D
ASV_455,T0_D_HOMO_2,5.148570360403759,D
ASV_455,T0_D_HOMO_3,5.148570360403759,D
ASV_455,T0_D_HOMO_4,5.148570360403759,D
ASV_455,T0_D_HOMO_5,5.148570360403759,D
ASV_455,T0_H_HOMO_1,5.148570360403759,H
ASV_455,T0_H_HOMO_2,5.148570360403761,H
ASV_455,T0_H_HOMO_3,5.148570360403761,H
ASV_455,T0_H_HOMO_4,5.148570360403761,H
ASV_455,T0_H_HOMO_5,5.148570360403759,H
ASV_457,T0_D_HOMO_1,5.148570360403761,D
ASV_457,T0_D_HOMO_2,5.148570360403759,D
ASV_457,T0_D_HOMO_3,5.148570360403759,D
ASV_457,T0_D_HOMO_4,5.148570360403759,D
ASV_457,T0_D_HOMO_5,5.148570360403759,D
ASV_457,T0_H_HOMO_1,5.148570360403759,H
ASV_457,T0_H_HOMO_2,5.148570360403761,H
ASV_457,T0_H_HOMO_3,5.148570360403761,H
ASV_457,T0_H_HOMO_4,5.148570360403761,H
ASV_457,T0_H_HOMO_5,5.148570360403759,H
ASV_460,T0_D_HOMO_1,5.148570360403761,D
ASV_460,T0_D_HOMO_2,5.148570360403759,D
ASV_460,T0_D_HOMO_3,5.148570360403759,D
ASV_460,T0_D_HOMO_4,5.148570360403759,D
ASV_460,T0_D_HOMO_5,5.148570360403759,D
ASV_460,T0_H_HOMO_1,5.148570360403759,H
ASV_460,T0_H_HOMO_2,5.148570360403761,H
ASV_460,T0_H_HOMO_3,5.148570360403761,H
ASV_460,T0_H_HOMO_4,5.148570360403761,H
ASV_460,T0_H_HOMO_5,5.148570360403759,H
ASV_463,T0_D_HOMO_1,5.148570360403761,D
ASV_463,T0_D_HOMO_2,5.148570360403759,D
ASV_463,T0_D_HOMO_3,5.148570360403759,D
ASV_463,T0_D_HOMO_4,5.148570360403759,D
ASV_463,T0_D_HOMO_5,5.148570360403759,D
ASV_463,T0_H_HOMO_1,5.148570360403759,H
ASV_463,T0_H_HOMO_2,5.148570360403761,H
ASV_463,T0_H_HOMO_3,5.148570360403761,H
ASV_463,T0_H_HOMO_4,7.00262552027885,H
ASV_463,T0_H_HOMO_5,5.148570360403759,H
ASV_465,T0_D_HOMO_1,5.148570360403761,D
ASV_465,T0_D_HOMO_2,5.148570360403759,D
ASV_465,T0_D_HOMO_3,5.148570360403759,D
ASV_465,T0_D_HOMO_4,5.148570360403759,D
ASV_465,T0_D_HOMO_5,5.148570360403759,D
ASV_465,T0_H_HOMO_1,5.148570360403759,H
ASV_465,T0_H_HOMO_2,5.148570360403761,H
ASV_465,T0_H_HOMO_3,5.148570360403761,H
ASV_465,T0_H_HOMO_4,5.148570360403761,H
ASV_465,T0_H_HOMO_5,5.148570360403759,H
ASV_470,T0_D_HOMO_1,5.148570360403761,D
ASV_470,T0_D_HOMO_2,5.148570360403759,D
ASV_470,T0_D_HOMO_3,5.148570360403759,D
ASV_470,T0_D_HOMO_4,5.148570360403759,D
ASV_470,T0_D_HOMO_5,5.148570360403759,D
ASV_470,T0_H_HOMO_1,5.148570360403759,H
ASV_470,T0_H_HOMO_2,5.148570360403761,H
ASV_470,T0_H_HOMO_3,5.148570360403761,H
ASV_470,T0_H_HOMO_4,5.148570360403761,H
ASV_470,T0_H_HOMO_5,5.148570360403759,H
ASV_473,T0_D_HOMO_1,5.148570360403761,D
ASV_473,T0_D_HOMO_2,5.148570360403759,D
ASV_473,T0_D_HOMO_3,5.148570360403759,D
ASV_473,T0_D_HOMO_4,5.148570360403759,D
ASV_473,T0_D_HOMO_5,5.148570360403759,D
ASV_473,T0_H_HOMO_1,5.148570360403759,H
ASV_473,T0_H_HOMO_2,5.148570360403761,H
ASV_473,T0_H_HOMO_3,5.148570360403761,H
ASV_473,T0_H_HOMO_4,5.148570360403761,H
ASV_473,T0_H_HOMO_5,5.148570360403759,H
ASV_479,T0_D_HOMO_1,6.3849133164002225,D
ASV_479,T0_D_HOMO_2,5.148570360403759,D
ASV_479,T0_D_HOMO_3,5.148570360403759,D
ASV_479,T0_D_HOMO_4,5.148570360403759,D
ASV_479,T0_D_HOMO_5,5.148570360403759,D
ASV_479,T0_H_HOMO_1,5.148570360403759,H
ASV_479,T0_H_HOMO_2,5.148570360403761,H
ASV_479,T0_H_HOMO_3,5.148570360403761,H
ASV_479,T0_H_HOMO_4,5.148570360403761,H
ASV_479,T0_H_HOMO_5,5.148570360403759,H
ASV_481,T0_D_HOMO_1,5.148570360403761,D
ASV_481,T0_D_HOMO_2,5.148570360403759,D
ASV_481,T0_D_HOMO_3,5.148570360403759,D
ASV_481,T0_D_HOMO_4,5.148570360403759,D
ASV_481,T0_D_HOMO_5,5.148570360403759,D
ASV_481,T0_H_HOMO_1,5.148570360403759,H
ASV_481,T0_H_HOMO_2,5.148570360403761,H
ASV_481,T0_H_HOMO_3,5.148570360403761,H
ASV_481,T0_H_HOMO_4,5.148570360403761,H
ASV_481,T0_H_HOMO_5,5.148570360403759,H
ASV_482,T0_D_HOMO_1,5.148570360403761,D
ASV_482,T0_D_HOMO_2,5.148570360403759,D
ASV_482,T0_D_HOMO_3,5.148570360403759,D
ASV_482,T0_D_HOMO_4,5.148570360403759,D
ASV_482,T0_D_HOMO_5,5.148570360403759,D
ASV_482,T0_H_HOMO_1,10.136870967802395,H
ASV_482,T0_H_HOMO_2,5.148570360403761,H
ASV_482,T0_H_HOMO_3,5.148570360403761,H
ASV_482,T0_H_HOMO_4,8.963709802870078,H
ASV_482,T0_H_HOMO_5,5.148570360403759,H
ASV_486,T0_D_HOMO_1,8.715147436574979,D
ASV_486,T0_D_HOMO_2,5.148570360403759,D
ASV_486,T0_D_HOMO_3,5.148570360403759,D
ASV_486,T0_D_HOMO_4,9.28542723216456,D
ASV_486,T0_D_HOMO_5,5.148570360403759,D
ASV_486,T0_H_HOMO_1,5.148570360403759,H
ASV_486,T0_H_HOMO_2,5.148570360403761,H
ASV_486,T0_H_HOMO_3,5.148570360403761,H
ASV_486,T0_H_HOMO_4,5.148570360403761,H
ASV_486,T0_H_HOMO_5,5.148570360403759,H
ASV_487,T0_D_HOMO_1,5.148570360403761,D
ASV_487,T0_D_HOMO_2,5.148570360403759,D
ASV_487,T0_D_HOMO_3,8.178474902930725,D
ASV_487,T0_D_HOMO_4,8.3651891982449,D
ASV_487,T0_D_HOMO_5,5.148570360403759,D
ASV_487,T0_H_HOMO_1,5.148570360403759,H
ASV_487,T0_H_HOMO_2,5.148570360403761,H
ASV_487,T0_H_HOMO_3,5.148570360403761,H
ASV_487,T0_H_HOMO_4,5.148570360403761,H
ASV_487,T0_H_HOMO_5,5.148570360403759,H
ASV_488,T0_D_HOMO_1,5.148570360403761,D
ASV_488,T0_D_HOMO_2,5.148570360403759,D
ASV_488,T0_D_HOMO_3,5.148570360403759,D
ASV_488,T0_D_HOMO_4,5.148570360403759,D
ASV_488,T0_D_HOMO_5,5.148570360403759,D
ASV_488,T0_H_HOMO_1,5.148570360403759,H
ASV_488,T0_H_HOMO_2,5.148570360403761,H
ASV_488,T0_H_HOMO_3,5.148570360403761,H
ASV_488,T0_H_HOMO_4,5.148570360403761,H
ASV_488,T0_H_HOMO_5,5.148570360403759,H
ASV_491,T0_D_HOMO_1,5.148570360403761,D
ASV_491,T0_D_HOMO_2,5.148570360403759,D
ASV_491,T0_D_HOMO_3,5.148570360403759,D
ASV_491,T0_D_HOMO_4,5.148570360403759,D
ASV_491,T0_D_HOMO_5,5.148570360403759,D
ASV_491,T0_H_HOMO_1,5.148570360403759,H
ASV_491,T0_H_HOMO_2,5.148570360403761,H
ASV_491,T0_H_HOMO_3,5.148570360403761,H
ASV_491,T0_H_HOMO_4,5.148570360403761,H
ASV_491,T0_H_HOMO_5,5.148570360403759,H
ASV_493,T0_D_HOMO_1,5.148570360403761,D
ASV_493,T0_D_HOMO_2,5.148570360403759,D
ASV_493,T0_D_HOMO_3,5.148570360403759,D
ASV_493,T0_D_HOMO_4,5.148570360403759,D
ASV_493,T0_D_HOMO_5,5.148570360403759,D
ASV_493,T0_H_HOMO_1,5.148570360403759,H
ASV_493,T0_H_HOMO_2,5.148570360403761,H
ASV_493,T0_H_HOMO_3,5.148570360403761,H
ASV_493,T0_H_HOMO_4,5.148570360403761,H
ASV_493,T0_H_HOMO_5,5.148570360403759,H
ASV_494,T0_D_HOMO_1,5.148570360403761,D
ASV_494,T0_D_HOMO_2,5.148570360403759,D
ASV_494,T0_D_HOMO_3,5.148570360403759,D
ASV_494,T0_D_HOMO_4,5.148570360403759,D
ASV_494,T0_D_HOMO_5,5.148570360403759,D
ASV_494,T0_H_HOMO_1,5.148570360403759,H
ASV_494,T0_H_HOMO_2,5.148570360403761,H
ASV_494,T0_H_HOMO_3,5.148570360403761,H
ASV_494,T0_H_HOMO_4,5.148570360403761,H
ASV_494,T0_H_HOMO_5,5.148570360403759,H
ASV_495,T0_D_HOMO_1,5.148570360403761,D
ASV_495,T0_D_HOMO_2,5.148570360403759,D
ASV_495,T0_D_HOMO_3,5.148570360403759,D
ASV_495,T0_D_HOMO_4,5.148570360403759,D
ASV_495,T0_D_HOMO_5,5.148570360403759,D
ASV_495,T0_H_HOMO_1,9.550543068295068,H
ASV_495,T0_H_HOMO_2,5.148570360403761,H
ASV_495,T0_H_HOMO_3,5.148570360403761,H
ASV_495,T0_H_HOMO_4,5.148570360403761,H
ASV_495,T0_H_HOMO_5,5.148570360403759,H
ASV_496,T0_D_HOMO_1,5.148570360403761,D
ASV_496,T0_D_HOMO_2,5.148570360403759,D
ASV_496,T0_D_HOMO_3,5.148570360403759,D
ASV_496,T0_D_HOMO_4,5.148570360403759,D
ASV_496,T0_D_HOMO_5,5.148570360403759,D
ASV_496,T0_H_HOMO_1,5.148570360403759,H
ASV_496,T0_H_HOMO_2,5.148570360403761,H
ASV_496,T0_H_HOMO_3,5.148570360403761,H
ASV_496,T0_H_HOMO_4,5.148570360403761,H
ASV_496,T0_H_HOMO_5,5.148570360403759,H
ASV_497,T0_D_HOMO_1,5.148570360403761,D
ASV_497,T0_D_HOMO_2,5.148570360403759,D
ASV_497,T0_D_HOMO_3,5.148570360403759,D
ASV_497,T0_D_HOMO_4,5.148570360403759,D
ASV_497,T0_D_HOMO_5,5.148570360403759,D
ASV_497,T0_H_HOMO_1,5.148570360403759,H
ASV_497,T0_H_HOMO_2,5.148570360403761,H
ASV_497,T0_H_HOMO_3,5.148570360403761,H
ASV_497,T0_H_HOMO_4,5.148570360403761,H
ASV_497,T0_H_HOMO_5,5.148570360403759,H
ASV_498,T0_D_HOMO_1,5.148570360403761,D
ASV_498,T0_D_HOMO_2,5.148570360403759,D
ASV_498,T0_D_HOMO_3,5.148570360403759,D
ASV_498,T0_D_HOMO_4,5.148570360403759,D
ASV_498,T0_D_HOMO_5,5.148570360403759,D
ASV_498,T0_H_HOMO_1,5.148570360403759,H
ASV_498,T0_H_HOMO_2,5.148570360403761,H
ASV_498,T0_H_HOMO_3,5.148570360403761,H
ASV_498,T0_H_HOMO_4,5.148570360403761,H
ASV_498,T0_H_HOMO_5,5.148570360403759,H
ASV_499,T0_D_HOMO_1,5.148570360403761,D
ASV_499,T0_D_HOMO_2,5.148570360403759,D
ASV_499,T0_D_HOMO_3,5.148570360403759,D
ASV_499,T0_D_HOMO_4,5.148570360403759,D
ASV_499,T0_D_HOMO_5,5.148570360403759,D
ASV_499,T0_H_HOMO_1,5.148570360403759,H
ASV_499,T0_H_HOMO_2,5.148570360403761,H
ASV_499,T0_H_HOMO_3,5.148570360403761,H
ASV_499,T0_H_HOMO_4,5.148570360403761,H
ASV_499,T0_H_HOMO_5,5.148570360403759,H
ASV_503,T0_D_HOMO_1,5.148570360403761,D
ASV_503,T0_D_HOMO_2,5.148570360403759,D
ASV_503,T0_D_HOMO_3,5.148570360403759,D
ASV_503,T0_D_HOMO_4,5.148570360403759,D
ASV_503,T0_D_HOMO_5,5.148570360403759,D
ASV_503,T0_H_HOMO_1,5.148570360403759,H
ASV_503,T0_H_HOMO_2,5.148570360403761,H
ASV_503,T0_H_HOMO_3,5.148570360403761,H
ASV_503,T0_H_HOMO_4,5.148570360403761,H
ASV_503,T0_H_HOMO_5,5.148570360403759,H
ASV_508,T0_D_HOMO_1,5.148570360403761,D
ASV_508,T0_D_HOMO_2,5.148570360403759,D
ASV_508,T0_D_HOMO_3,5.148570360403759,D
ASV_508,T0_D_HOMO_4,5.148570360403759,D
ASV_508,T0_D_HOMO_5,5.148570360403759,D
ASV_508,T0_H_HOMO_1,5.148570360403759,H
ASV_508,T0_H_HOMO_2,5.148570360403761,H
ASV_508,T0_H_HOMO_3,5.148570360403761,H
ASV_508,T0_H_HOMO_4,5.148570360403761,H
ASV_508,T0_H_HOMO_5,5.148570360403759,H
ASV_513,T0_D_HOMO_1,5.148570360403761,D
ASV_513,T0_D_HOMO_2,5.148570360403759,D
ASV_513,T0_D_HOMO_3,5.148570360403759,D
ASV_513,T0_D_HOMO_4,5.148570360403759,D
ASV_513,T0_D_HOMO_5,5.148570360403759,D
ASV_513,T0_H_HOMO_1,5.148570360403759,H
ASV_513,T0_H_HOMO_2,5.148570360403761,H
ASV_513,T0_H_HOMO_3,5.148570360403761,H
ASV_513,T0_H_HOMO_4,5.148570360403761,H
ASV_513,T0_H_HOMO_5,5.148570360403759,H
ASV_515,T0_D_HOMO_1,5.148570360403761,D
ASV_515,T0_D_HOMO_2,5.148570360403759,D
ASV_515,T0_D_HOMO_3,5.148570360403759,D
ASV_515,T0_D_HOMO_4,5.148570360403759,D
ASV_515,T0_D_HOMO_5,5.148570360403759,D
ASV_515,T0_H_HOMO_1,5.148570360403759,H
ASV_515,T0_H_HOMO_2,5.148570360403761,H
ASV_515,T0_H_HOMO_3,5.148570360403761,H
ASV_515,T0_H_HOMO_4,5.148570360403761,H
ASV_515,T0_H_HOMO_5,5.148570360403759,H
ASV_516,T0_D_HOMO_1,5.148570360403761,D
ASV_516,T0_D_HOMO_2,5.148570360403759,D
ASV_516,T0_D_HOMO_3,5.148570360403759,D
ASV_516,T0_D_HOMO_4,5.148570360403759,D
ASV_516,T0_D_HOMO_5,5.148570360403759,D
ASV_516,T0_H_HOMO_1,5.148570360403759,H
ASV_516,T0_H_HOMO_2,5.148570360403761,H
ASV_516,T0_H_HOMO_3,5.148570360403761,H
ASV_516,T0_H_HOMO_4,5.148570360403761,H
ASV_516,T0_H_HOMO_5,5.148570360403759,H
ASV_517,T0_D_HOMO_1,5.148570360403761,D
ASV_517,T0_D_HOMO_2,7.383308287037986,D
ASV_517,T0_D_HOMO_3,8.70332310015918,D
ASV_517,T0_D_HOMO_4,5.148570360403759,D
ASV_517,T0_D_HOMO_5,10.058144985304386,D
ASV_517,T0_H_HOMO_1,5.148570360403759,H
ASV_517,T0_H_HOMO_2,5.148570360403761,H
ASV_517,T0_H_HOMO_3,5.148570360403761,H
ASV_517,T0_H_HOMO_4,5.148570360403761,H
ASV_517,T0_H_HOMO_5,5.148570360403759,H
ASV_522,T0_D_HOMO_1,5.148570360403761,D
ASV_522,T0_D_HOMO_2,5.148570360403759,D
ASV_522,T0_D_HOMO_3,5.148570360403759,D
ASV_522,T0_D_HOMO_4,5.148570360403759,D
ASV_522,T0_D_HOMO_5,5.148570360403759,D
ASV_522,T0_H_HOMO_1,5.148570360403759,H
ASV_522,T0_H_HOMO_2,5.148570360403761,H
ASV_522,T0_H_HOMO_3,5.148570360403761,H
ASV_522,T0_H_HOMO_4,5.148570360403761,H
ASV_522,T0_H_HOMO_5,5.148570360403759,H
ASV_523,T0_D_HOMO_1,9.012514339702102,D
ASV_523,T0_D_HOMO_2,8.221283941172784,D
ASV_523,T0_D_HOMO_3,7.345107624176208,D
ASV_523,T0_D_HOMO_4,5.148570360403759,D
ASV_523,T0_D_HOMO_5,5.148570360403759,D
ASV_523,T0_H_HOMO_1,5.148570360403759,H
ASV_523,T0_H_HOMO_2,5.148570360403761,H
ASV_523,T0_H_HOMO_3,5.987470424545251,H
ASV_523,T0_H_HOMO_4,5.148570360403761,H
ASV_523,T0_H_HOMO_5,5.148570360403759,H
ASV_527,T0_D_HOMO_1,5.148570360403761,D
ASV_527,T0_D_HOMO_2,5.148570360403759,D
ASV_527,T0_D_HOMO_3,5.148570360403759,D
ASV_527,T0_D_HOMO_4,5.148570360403759,D
ASV_527,T0_D_HOMO_5,5.148570360403759,D
ASV_527,T0_H_HOMO_1,5.148570360403759,H
ASV_527,T0_H_HOMO_2,5.148570360403761,H
ASV_527,T0_H_HOMO_3,5.148570360403761,H
ASV_527,T0_H_HOMO_4,5.148570360403761,H
ASV_527,T0_H_HOMO_5,5.148570360403759,H
ASV_528,T0_D_HOMO_1,5.148570360403761,D
ASV_528,T0_D_HOMO_2,5.148570360403759,D
ASV_528,T0_D_HOMO_3,5.148570360403759,D
ASV_528,T0_D_HOMO_4,5.148570360403759,D
ASV_528,T0_D_HOMO_5,5.148570360403759,D
ASV_528,T0_H_HOMO_1,5.148570360403759,H
ASV_528,T0_H_HOMO_2,5.148570360403761,H
ASV_528,T0_H_HOMO_3,5.148570360403761,H
ASV_528,T0_H_HOMO_4,5.148570360403761,H
ASV_528,T0_H_HOMO_5,5.148570360403759,H
ASV_531,T0_D_HOMO_1,5.148570360403761,D
ASV_531,T0_D_HOMO_2,5.148570360403759,D
ASV_531,T0_D_HOMO_3,5.148570360403759,D
ASV_531,T0_D_HOMO_4,5.148570360403759,D
ASV_531,T0_D_HOMO_5,5.148570360403759,D
ASV_531,T0_H_HOMO_1,5.148570360403759,H
ASV_531,T0_H_HOMO_2,5.148570360403761,H
ASV_531,T0_H_HOMO_3,5.148570360403761,H
ASV_531,T0_H_HOMO_4,5.148570360403761,H
ASV_531,T0_H_HOMO_5,5.148570360403759,H
ASV_533,T0_D_HOMO_1,5.148570360403761,D
ASV_533,T0_D_HOMO_2,5.148570360403759,D
ASV_533,T0_D_HOMO_3,7.345107624176208,D
ASV_533,T0_D_HOMO_4,9.28542723216456,D
ASV_533,T0_D_HOMO_5,9.748167370473885,D
ASV_533,T0_H_HOMO_1,5.148570360403759,H
ASV_533,T0_H_HOMO_2,5.148570360403761,H
ASV_533,T0_H_HOMO_3,5.148570360403761,H
ASV_533,T0_H_HOMO_4,5.148570360403761,H
ASV_533,T0_H_HOMO_5,5.148570360403759,H
ASV_547,T0_D_HOMO_1,5.148570360403761,D
ASV_547,T0_D_HOMO_2,5.148570360403759,D
ASV_547,T0_D_HOMO_3,5.148570360403759,D
ASV_547,T0_D_HOMO_4,8.3651891982449,D
ASV_547,T0_D_HOMO_5,5.148570360403759,D
ASV_547,T0_H_HOMO_1,5.148570360403759,H
ASV_547,T0_H_HOMO_2,5.148570360403761,H
ASV_547,T0_H_HOMO_3,5.148570360403761,H
ASV_547,T0_H_HOMO_4,5.148570360403761,H
ASV_547,T0_H_HOMO_5,5.148570360403759,H
ASV_548,T0_D_HOMO_1,5.148570360403761,D
ASV_548,T0_D_HOMO_2,5.148570360403759,D
ASV_548,T0_D_HOMO_3,5.148570360403759,D
ASV_548,T0_D_HOMO_4,5.148570360403759,D
ASV_548,T0_D_HOMO_5,5.148570360403759,D
ASV_548,T0_H_HOMO_1,5.148570360403759,H
ASV_548,T0_H_HOMO_2,5.148570360403761,H
ASV_548,T0_H_HOMO_3,5.148570360403761,H
ASV_548,T0_H_HOMO_4,5.148570360403761,H
ASV_548,T0_H_HOMO_5,5.148570360403759,H
ASV_550,T0_D_HOMO_1,5.148570360403761,D
ASV_550,T0_D_HOMO_2,5.148570360403759,D
ASV_550,T0_D_HOMO_3,5.148570360403759,D
ASV_550,T0_D_HOMO_4,5.148570360403759,D
ASV_550,T0_D_HOMO_5,5.148570360403759,D
ASV_550,T0_H_HOMO_1,5.148570360403759,H
ASV_550,T0_H_HOMO_2,5.148570360403761,H
ASV_550,T0_H_HOMO_3,5.148570360403761,H
ASV_550,T0_H_HOMO_4,5.148570360403761,H
ASV_550,T0_H_HOMO_5,5.148570360403759,H
ASV_554,T0_D_HOMO_1,5.148570360403761,D
ASV_554,T0_D_HOMO_2,5.148570360403759,D
ASV_554,T0_D_HOMO_3,7.345107624176208,D
ASV_554,T0_D_HOMO_4,8.3651891982449,D
ASV_554,T0_D_HOMO_5,5.148570360403759,D
ASV_554,T0_H_HOMO_1,5.148570360403759,H
ASV_554,T0_H_HOMO_2,5.148570360403761,H
ASV_554,T0_H_HOMO_3,5.148570360403761,H
ASV_554,T0_H_HOMO_4,5.148570360403761,H
ASV_554,T0_H_HOMO_5,5.148570360403759,H
ASV_556,T0_D_HOMO_1,5.148570360403761,D
ASV_556,T0_D_HOMO_2,5.148570360403759,D
ASV_556,T0_D_HOMO_3,5.148570360403759,D
ASV_556,T0_D_HOMO_4,5.148570360403759,D
ASV_556,T0_D_HOMO_5,5.148570360403759,D
ASV_556,T0_H_HOMO_1,5.148570360403759,H
ASV_556,T0_H_HOMO_2,5.148570360403761,H
ASV_556,T0_H_HOMO_3,5.148570360403761,H
ASV_556,T0_H_HOMO_4,5.148570360403761,H
ASV_556,T0_H_HOMO_5,5.148570360403759,H
ASV_557,T0_D_HOMO_1,5.148570360403761,D
ASV_557,T0_D_HOMO_2,5.148570360403759,D
ASV_557,T0_D_HOMO_3,5.148570360403759,D
ASV_557,T0_D_HOMO_4,5.148570360403759,D
ASV_557,T0_D_HOMO_5,5.148570360403759,D
ASV_557,T0_H_HOMO_1,5.148570360403759,H
ASV_557,T0_H_HOMO_2,5.148570360403761,H
ASV_557,T0_H_HOMO_3,5.148570360403761,H
ASV_557,T0_H_HOMO_4,5.148570360403761,H
ASV_557,T0_H_HOMO_5,5.148570360403759,H
ASV_558,T0_D_HOMO_1,5.148570360403761,D
ASV_558,T0_D_HOMO_2,5.148570360403759,D
ASV_558,T0_D_HOMO_3,5.148570360403759,D
ASV_558,T0_D_HOMO_4,5.148570360403759,D
ASV_558,T0_D_HOMO_5,5.148570360403759,D
ASV_558,T0_H_HOMO_1,5.148570360403759,H
ASV_558,T0_H_HOMO_2,5.148570360403761,H
ASV_558,T0_H_HOMO_3,5.148570360403761,H
ASV_558,T0_H_HOMO_4,5.148570360403761,H
ASV_558,T0_H_HOMO_5,5.148570360403759,H
ASV_559,T0_D_HOMO_1,5.148570360403761,D
ASV_559,T0_D_HOMO_2,5.148570360403759,D
ASV_559,T0_D_HOMO_3,5.148570360403759,D
ASV_559,T0_D_HOMO_4,5.148570360403759,D
ASV_559,T0_D_HOMO_5,5.148570360403759,D
ASV_559,T0_H_HOMO_1,5.148570360403759,H
ASV_559,T0_H_HOMO_2,5.148570360403761,H
ASV_559,T0_H_HOMO_3,5.148570360403761,H
ASV_559,T0_H_HOMO_4,5.148570360403761,H
ASV_559,T0_H_HOMO_5,9.423045583123054,H
ASV_560,T0_D_HOMO_1,8.715147436574979,D
ASV_560,T0_D_HOMO_2,11.379991962660583,D
ASV_560,T0_D_HOMO_3,11.759772457799754,D
ASV_560,T0_D_HOMO_4,11.222571605240852,D
ASV_560,T0_D_HOMO_5,13.085616106780638,D
ASV_560,T0_H_HOMO_1,5.148570360403759,H
ASV_560,T0_H_HOMO_2,5.148570360403761,H
ASV_560,T0_H_HOMO_3,5.148570360403761,H
ASV_560,T0_H_HOMO_4,5.148570360403761,H
ASV_560,T0_H_HOMO_5,5.148570360403759,H
ASV_561,T0_D_HOMO_1,5.148570360403761,D
ASV_561,T0_D_HOMO_2,5.148570360403759,D
ASV_561,T0_D_HOMO_3,5.148570360403759,D
ASV_561,T0_D_HOMO_4,5.148570360403759,D
ASV_561,T0_D_HOMO_5,5.148570360403759,D
ASV_561,T0_H_HOMO_1,5.148570360403759,H
ASV_561,T0_H_HOMO_2,5.148570360403761,H
ASV_561,T0_H_HOMO_3,5.148570360403761,H
ASV_561,T0_H_HOMO_4,5.148570360403761,H
ASV_561,T0_H_HOMO_5,5.148570360403759,H
ASV_566,T0_D_HOMO_1,5.148570360403761,D
ASV_566,T0_D_HOMO_2,5.148570360403759,D
ASV_566,T0_D_HOMO_3,5.148570360403759,D
ASV_566,T0_D_HOMO_4,5.148570360403759,D
ASV_566,T0_D_HOMO_5,5.148570360403759,D
ASV_566,T0_H_HOMO_1,5.148570360403759,H
ASV_566,T0_H_HOMO_2,5.148570360403761,H
ASV_566,T0_H_HOMO_3,5.148570360403761,H
ASV_566,T0_H_HOMO_4,5.148570360403761,H
ASV_566,T0_H_HOMO_5,5.148570360403759,H
ASV_568,T0_D_HOMO_1,5.148570360403761,D
ASV_568,T0_D_HOMO_2,5.148570360403759,D
ASV_568,T0_D_HOMO_3,5.148570360403759,D
ASV_568,T0_D_HOMO_4,5.148570360403759,D
ASV_568,T0_D_HOMO_5,5.148570360403759,D
ASV_568,T0_H_HOMO_1,5.148570360403759,H
ASV_568,T0_H_HOMO_2,5.148570360403761,H
ASV_568,T0_H_HOMO_3,5.148570360403761,H
ASV_568,T0_H_HOMO_4,5.148570360403761,H
ASV_568,T0_H_HOMO_5,5.148570360403759,H
ASV_569,T0_D_HOMO_1,5.148570360403761,D
ASV_569,T0_D_HOMO_2,5.148570360403759,D
ASV_569,T0_D_HOMO_3,5.148570360403759,D
ASV_569,T0_D_HOMO_4,5.148570360403759,D
ASV_569,T0_D_HOMO_5,5.148570360403759,D
ASV_569,T0_H_HOMO_1,5.148570360403759,H
ASV_569,T0_H_HOMO_2,5.148570360403761,H
ASV_569,T0_H_HOMO_3,5.148570360403761,H
ASV_569,T0_H_HOMO_4,5.148570360403761,H
ASV_569,T0_H_HOMO_5,5.148570360403759,H
ASV_580,T0_D_HOMO_1,5.148570360403761,D
ASV_580,T0_D_HOMO_2,5.148570360403759,D
ASV_580,T0_D_HOMO_3,5.148570360403759,D
ASV_580,T0_D_HOMO_4,5.148570360403759,D
ASV_580,T0_D_HOMO_5,5.148570360403759,D
ASV_580,T0_H_HOMO_1,5.148570360403759,H
ASV_580,T0_H_HOMO_2,5.148570360403761,H
ASV_580,T0_H_HOMO_3,5.148570360403761,H
ASV_580,T0_H_HOMO_4,5.148570360403761,H
ASV_580,T0_H_HOMO_5,5.148570360403759,H
ASV_581,T0_D_HOMO_1,5.148570360403761,D
ASV_581,T0_D_HOMO_2,5.148570360403759,D
ASV_581,T0_D_HOMO_3,5.148570360403759,D
ASV_581,T0_D_HOMO_4,5.148570360403759,D
ASV_581,T0_D_HOMO_5,5.148570360403759,D
ASV_581,T0_H_HOMO_1,5.148570360403759,H
ASV_581,T0_H_HOMO_2,5.148570360403761,H
ASV_581,T0_H_HOMO_3,5.148570360403761,H
ASV_581,T0_H_HOMO_4,5.148570360403761,H
ASV_581,T0_H_HOMO_5,5.148570360403759,H
ASV_587,T0_D_HOMO_1,5.148570360403761,D
ASV_587,T0_D_HOMO_2,5.148570360403759,D
ASV_587,T0_D_HOMO_3,7.345107624176208,D
ASV_587,T0_D_HOMO_4,9.28542723216456,D
ASV_587,T0_D_HOMO_5,10.31315705263252,D
ASV_587,T0_H_HOMO_1,5.148570360403759,H
ASV_587,T0_H_HOMO_2,5.148570360403761,H
ASV_587,T0_H_HOMO_3,5.148570360403761,H
ASV_587,T0_H_HOMO_4,5.148570360403761,H
ASV_587,T0_H_HOMO_5,5.148570360403759,H
ASV_589,T0_D_HOMO_1,5.148570360403761,D
ASV_589,T0_D_HOMO_2,5.148570360403759,D
ASV_589,T0_D_HOMO_3,5.148570360403759,D
ASV_589,T0_D_HOMO_4,5.148570360403759,D
ASV_589,T0_D_HOMO_5,5.148570360403759,D
ASV_589,T0_H_HOMO_1,5.148570360403759,H
ASV_589,T0_H_HOMO_2,5.148570360403761,H
ASV_589,T0_H_HOMO_3,5.148570360403761,H
ASV_589,T0_H_HOMO_4,5.148570360403761,H
ASV_589,T0_H_HOMO_5,5.148570360403759,H
ASV_590,T0_D_HOMO_1,5.148570360403761,D
ASV_590,T0_D_HOMO_2,5.148570360403759,D
ASV_590,T0_D_HOMO_3,5.148570360403759,D
ASV_590,T0_D_HOMO_4,5.148570360403759,D
ASV_590,T0_D_HOMO_5,5.148570360403759,D
ASV_590,T0_H_HOMO_1,5.148570360403759,H
ASV_590,T0_H_HOMO_2,5.148570360403761,H
ASV_590,T0_H_HOMO_3,5.148570360403761,H
ASV_590,T0_H_HOMO_4,5.148570360403761,H
ASV_590,T0_H_HOMO_5,5.148570360403759,H
ASV_591,T0_D_HOMO_1,5.148570360403761,D
ASV_591,T0_D_HOMO_2,5.148570360403759,D
ASV_591,T0_D_HOMO_3,5.148570360403759,D
ASV_591,T0_D_HOMO_4,5.148570360403759,D
ASV_591,T0_D_HOMO_5,5.148570360403759,D
ASV_591,T0_H_HOMO_1,5.148570360403759,H
ASV_591,T0_H_HOMO_2,5.148570360403761,H
ASV_591,T0_H_HOMO_3,5.148570360403761,H
ASV_591,T0_H_HOMO_4,5.148570360403761,H
ASV_591,T0_H_HOMO_5,5.148570360403759,H
ASV_592,T0_D_HOMO_1,5.148570360403761,D
ASV_592,T0_D_HOMO_2,5.148570360403759,D
ASV_592,T0_D_HOMO_3,5.148570360403759,D
ASV_592,T0_D_HOMO_4,5.148570360403759,D
ASV_592,T0_D_HOMO_5,5.148570360403759,D
ASV_592,T0_H_HOMO_1,5.148570360403759,H
ASV_592,T0_H_HOMO_2,5.148570360403761,H
ASV_592,T0_H_HOMO_3,5.148570360403761,H
ASV_592,T0_H_HOMO_4,5.148570360403761,H
ASV_592,T0_H_HOMO_5,5.148570360403759,H
ASV_604,T0_D_HOMO_1,5.148570360403761,D
ASV_604,T0_D_HOMO_2,5.148570360403759,D
ASV_604,T0_D_HOMO_3,5.148570360403759,D
ASV_604,T0_D_HOMO_4,5.148570360403759,D
ASV_604,T0_D_HOMO_5,5.148570360403759,D
ASV_604,T0_H_HOMO_1,5.148570360403759,H
ASV_604,T0_H_HOMO_2,5.148570360403761,H
ASV_604,T0_H_HOMO_3,5.148570360403761,H
ASV_604,T0_H_HOMO_4,5.148570360403761,H
ASV_604,T0_H_HOMO_5,5.148570360403759,H
ASV_613,T0_D_HOMO_1,5.148570360403761,D
ASV_613,T0_D_HOMO_2,5.148570360403759,D
ASV_613,T0_D_HOMO_3,5.148570360403759,D
ASV_613,T0_D_HOMO_4,5.148570360403759,D
ASV_613,T0_D_HOMO_5,5.148570360403759,D
ASV_613,T0_H_HOMO_1,5.148570360403759,H
ASV_613,T0_H_HOMO_2,5.148570360403761,H
ASV_613,T0_H_HOMO_3,5.148570360403761,H
ASV_613,T0_H_HOMO_4,5.148570360403761,H
ASV_613,T0_H_HOMO_5,5.148570360403759,H
ASV_614,T0_D_HOMO_1,5.148570360403761,D
ASV_614,T0_D_HOMO_2,5.148570360403759,D
ASV_614,T0_D_HOMO_3,5.148570360403759,D
ASV_614,T0_D_HOMO_4,5.148570360403759,D
ASV_614,T0_D_HOMO_5,5.148570360403759,D
ASV_614,T0_H_HOMO_1,5.148570360403759,H
ASV_614,T0_H_HOMO_2,5.148570360403761,H
ASV_614,T0_H_HOMO_3,5.148570360403761,H
ASV_614,T0_H_HOMO_4,5.148570360403761,H
ASV_614,T0_H_HOMO_5,5.148570360403759,H
ASV_617,T0_D_HOMO_1,5.148570360403761,D
ASV_617,T0_D_HOMO_2,5.148570360403759,D
ASV_617,T0_D_HOMO_3,5.148570360403759,D
ASV_617,T0_D_HOMO_4,5.148570360403759,D
ASV_617,T0_D_HOMO_5,5.148570360403759,D
ASV_617,T0_H_HOMO_1,5.148570360403759,H
ASV_617,T0_H_HOMO_2,5.148570360403761,H
ASV_617,T0_H_HOMO_3,5.148570360403761,H
ASV_617,T0_H_HOMO_4,5.148570360403761,H
ASV_617,T0_H_HOMO_5,5.148570360403759,H
ASV_619,T0_D_HOMO_1,5.148570360403761,D
ASV_619,T0_D_HOMO_2,5.148570360403759,D
ASV_619,T0_D_HOMO_3,5.148570360403759,D
ASV_619,T0_D_HOMO_4,5.148570360403759,D
ASV_619,T0_D_HOMO_5,5.148570360403759,D
ASV_619,T0_H_HOMO_1,5.148570360403759,H
ASV_619,T0_H_HOMO_2,5.148570360403761,H
ASV_619,T0_H_HOMO_3,5.148570360403761,H
ASV_619,T0_H_HOMO_4,5.148570360403761,H
ASV_619,T0_H_HOMO_5,5.148570360403759,H
ASV_630,T0_D_HOMO_1,5.148570360403761,D
ASV_630,T0_D_HOMO_2,5.148570360403759,D
ASV_630,T0_D_HOMO_3,5.148570360403759,D
ASV_630,T0_D_HOMO_4,5.148570360403759,D
ASV_630,T0_D_HOMO_5,5.148570360403759,D
ASV_630,T0_H_HOMO_1,5.148570360403759,H
ASV_630,T0_H_HOMO_2,5.148570360403761,H
ASV_630,T0_H_HOMO_3,5.148570360403761,H
ASV_630,T0_H_HOMO_4,5.148570360403761,H
ASV_630,T0_H_HOMO_5,5.148570360403759,H
ASV_649,T0_D_HOMO_1,5.148570360403761,D
ASV_649,T0_D_HOMO_2,5.148570360403759,D
ASV_649,T0_D_HOMO_3,5.148570360403759,D
ASV_649,T0_D_HOMO_4,5.148570360403759,D
ASV_649,T0_D_HOMO_5,5.148570360403759,D
ASV_649,T0_H_HOMO_1,5.148570360403759,H
ASV_649,T0_H_HOMO_2,5.148570360403761,H
ASV_649,T0_H_HOMO_3,5.148570360403761,H
ASV_649,T0_H_HOMO_4,5.148570360403761,H
ASV_649,T0_H_HOMO_5,5.148570360403759,H
ASV_650,T0_D_HOMO_1,5.148570360403761,D
ASV_650,T0_D_HOMO_2,5.148570360403759,D
ASV_650,T0_D_HOMO_3,5.148570360403759,D
ASV_650,T0_D_HOMO_4,5.148570360403759,D
ASV_650,T0_D_HOMO_5,5.148570360403759,D
ASV_650,T0_H_HOMO_1,5.148570360403759,H
ASV_650,T0_H_HOMO_2,5.148570360403761,H
ASV_650,T0_H_HOMO_3,5.148570360403761,H
ASV_650,T0_H_HOMO_4,5.148570360403761,H
ASV_650,T0_H_HOMO_5,5.148570360403759,H
ASV_654,T0_D_HOMO_1,5.148570360403761,D
ASV_654,T0_D_HOMO_2,5.148570360403759,D
ASV_654,T0_D_HOMO_3,5.148570360403759,D
ASV_654,T0_D_HOMO_4,5.148570360403759,D
ASV_654,T0_D_HOMO_5,5.148570360403759,D
ASV_654,T0_H_HOMO_1,5.148570360403759,H
ASV_654,T0_H_HOMO_2,5.148570360403761,H
ASV_654,T0_H_HOMO_3,5.148570360403761,H
ASV_654,T0_H_HOMO_4,5.148570360403761,H
ASV_654,T0_H_HOMO_5,5.148570360403759,H
ASV_656,T0_D_HOMO_1,5.148570360403761,D
ASV_656,T0_D_HOMO_2,5.148570360403759,D
ASV_656,T0_D_HOMO_3,5.148570360403759,D
ASV_656,T0_D_HOMO_4,5.148570360403759,D
ASV_656,T0_D_HOMO_5,5.148570360403759,D
ASV_656,T0_H_HOMO_1,5.148570360403759,H
ASV_656,T0_H_HOMO_2,5.148570360403761,H
ASV_656,T0_H_HOMO_3,5.148570360403761,H
ASV_656,T0_H_HOMO_4,5.148570360403761,H
ASV_656,T0_H_HOMO_5,5.148570360403759,H
ASV_657,T0_D_HOMO_1,5.148570360403761,D
ASV_657,T0_D_HOMO_2,5.148570360403759,D
ASV_657,T0_D_HOMO_3,5.148570360403759,D
ASV_657,T0_D_HOMO_4,5.148570360403759,D
ASV_657,T0_D_HOMO_5,5.148570360403759,D
ASV_657,T0_H_HOMO_1,5.148570360403759,H
ASV_657,T0_H_HOMO_2,5.148570360403761,H
ASV_657,T0_H_HOMO_3,5.148570360403761,H
ASV_657,T0_H_HOMO_4,5.148570360403761,H
ASV_657,T0_H_HOMO_5,5.148570360403759,H
ASV_664,T0_D_HOMO_1,5.148570360403761,D
ASV_664,T0_D_HOMO_2,5.148570360403759,D
ASV_664,T0_D_HOMO_3,5.148570360403759,D
ASV_664,T0_D_HOMO_4,5.148570360403759,D
ASV_664,T0_D_HOMO_5,5.148570360403759,D
ASV_664,T0_H_HOMO_1,5.148570360403759,H
ASV_664,T0_H_HOMO_2,5.148570360403761,H
ASV_664,T0_H_HOMO_3,5.148570360403761,H
ASV_664,T0_H_HOMO_4,5.148570360403761,H
ASV_664,T0_H_HOMO_5,5.148570360403759,H
ASV_678,T0_D_HOMO_1,5.148570360403761,D
ASV_678,T0_D_HOMO_2,5.148570360403759,D
ASV_678,T0_D_HOMO_3,5.148570360403759,D
ASV_678,T0_D_HOMO_4,5.148570360403759,D
ASV_678,T0_D_HOMO_5,5.148570360403759,D
ASV_678,T0_H_HOMO_1,5.148570360403759,H
ASV_678,T0_H_HOMO_2,5.148570360403761,H
ASV_678,T0_H_HOMO_3,5.148570360403761,H
ASV_678,T0_H_HOMO_4,5.148570360403761,H
ASV_678,T0_H_HOMO_5,5.148570360403759,H
ASV_679,T0_D_HOMO_1,5.148570360403761,D
ASV_679,T0_D_HOMO_2,5.148570360403759,D
ASV_679,T0_D_HOMO_3,5.148570360403759,D
ASV_679,T0_D_HOMO_4,5.148570360403759,D
ASV_679,T0_D_HOMO_5,5.148570360403759,D
ASV_679,T0_H_HOMO_1,5.148570360403759,H
ASV_679,T0_H_HOMO_2,5.148570360403761,H
ASV_679,T0_H_HOMO_3,5.148570360403761,H
ASV_679,T0_H_HOMO_4,5.148570360403761,H
ASV_679,T0_H_HOMO_5,5.148570360403759,H
ASV_683,T0_D_HOMO_1,5.148570360403761,D
ASV_683,T0_D_HOMO_2,5.148570360403759,D
ASV_683,T0_D_HOMO_3,5.148570360403759,D
ASV_683,T0_D_HOMO_4,5.148570360403759,D
ASV_683,T0_D_HOMO_5,5.148570360403759,D
ASV_683,T0_H_HOMO_1,5.148570360403759,H
ASV_683,T0_H_HOMO_2,5.148570360403761,H
ASV_683,T0_H_HOMO_3,5.148570360403761,H
ASV_683,T0_H_HOMO_4,5.148570360403761,H
ASV_683,T0_H_HOMO_5,5.148570360403759,H
ASV_692,T0_D_HOMO_1,5.148570360403761,D
ASV_692,T0_D_HOMO_2,5.148570360403759,D
ASV_692,T0_D_HOMO_3,5.148570360403759,D
ASV_692,T0_D_HOMO_4,5.148570360403759,D
ASV_692,T0_D_HOMO_5,5.148570360403759,D
ASV_692,T0_H_HOMO_1,5.148570360403759,H
ASV_692,T0_H_HOMO_2,5.148570360403761,H
ASV_692,T0_H_HOMO_3,5.148570360403761,H
ASV_692,T0_H_HOMO_4,5.148570360403761,H
ASV_692,T0_H_HOMO_5,5.148570360403759,H
ASV_713,T0_D_HOMO_1,5.148570360403761,D
ASV_713,T0_D_HOMO_2,5.148570360403759,D
ASV_713,T0_D_HOMO_3,5.148570360403759,D
ASV_713,T0_D_HOMO_4,5.148570360403759,D
ASV_713,T0_D_HOMO_5,5.148570360403759,D
ASV_713,T0_H_HOMO_1,5.148570360403759,H
ASV_713,T0_H_HOMO_2,5.148570360403761,H
ASV_713,T0_H_HOMO_3,5.148570360403761,H
ASV_713,T0_H_HOMO_4,5.148570360403761,H
ASV_713,T0_H_HOMO_5,5.148570360403759,H
ASV_716,T0_D_HOMO_1,5.148570360403761,D
ASV_716,T0_D_HOMO_2,5.148570360403759,D
ASV_716,T0_D_HOMO_3,5.148570360403759,D
ASV_716,T0_D_HOMO_4,5.148570360403759,D
ASV_716,T0_D_HOMO_5,5.148570360403759,D
ASV_716,T0_H_HOMO_1,5.148570360403759,H
ASV_716,T0_H_HOMO_2,5.148570360403761,H
ASV_716,T0_H_HOMO_3,5.148570360403761,H
ASV_716,T0_H_HOMO_4,5.148570360403761,H
ASV_716,T0_H_HOMO_5,5.148570360403759,H
ASV_728,T0_D_HOMO_1,5.148570360403761,D
ASV_728,T0_D_HOMO_2,5.148570360403759,D
ASV_728,T0_D_HOMO_3,5.148570360403759,D
ASV_728,T0_D_HOMO_4,5.148570360403759,D
ASV_728,T0_D_HOMO_5,5.148570360403759,D
ASV_728,T0_H_HOMO_1,5.148570360403759,H
ASV_728,T0_H_HOMO_2,5.148570360403761,H
ASV_728,T0_H_HOMO_3,5.148570360403761,H
ASV_728,T0_H_HOMO_4,5.148570360403761,H
ASV_728,T0_H_HOMO_5,5.148570360403759,H
ASV_749,T0_D_HOMO_1,5.148570360403761,D
ASV_749,T0_D_HOMO_2,5.148570360403759,D
ASV_749,T0_D_HOMO_3,5.148570360403759,D
ASV_749,T0_D_HOMO_4,5.148570360403759,D
ASV_749,T0_D_HOMO_5,5.148570360403759,D
ASV_749,T0_H_HOMO_1,5.148570360403759,H
ASV_749,T0_H_HOMO_2,5.148570360403761,H
ASV_749,T0_H_HOMO_3,5.148570360403761,H
ASV_749,T0_H_HOMO_4,5.148570360403761,H
ASV_749,T0_H_HOMO_5,5.148570360403759,H
ASV_750,T0_D_HOMO_1,5.148570360403761,D
ASV_750,T0_D_HOMO_2,7.383308287037986,D
ASV_750,T0_D_HOMO_3,5.148570360403759,D
ASV_750,T0_D_HOMO_4,5.148570360403759,D
ASV_750,T0_D_HOMO_5,5.148570360403759,D
ASV_750,T0_H_HOMO_1,5.148570360403759,H
ASV_750,T0_H_HOMO_2,5.148570360403761,H
ASV_750,T0_H_HOMO_3,5.148570360403761,H
ASV_750,T0_H_HOMO_4,5.148570360403761,H
ASV_750,T0_H_HOMO_5,5.148570360403759,H
ASV_754,T0_D_HOMO_1,5.148570360403761,D
ASV_754,T0_D_HOMO_2,5.148570360403759,D
ASV_754,T0_D_HOMO_3,5.148570360403759,D
ASV_754,T0_D_HOMO_4,5.148570360403759,D
ASV_754,T0_D_HOMO_5,5.148570360403759,D
ASV_754,T0_H_HOMO_1,5.148570360403759,H
ASV_754,T0_H_HOMO_2,5.148570360403761,H
ASV_754,T0_H_HOMO_3,5.148570360403761,H
ASV_754,T0_H_HOMO_4,5.148570360403761,H
ASV_754,T0_H_HOMO_5,5.148570360403759,H
ASV_762,T0_D_HOMO_1,5.148570360403761,D
ASV_762,T0_D_HOMO_2,5.148570360403759,D
ASV_762,T0_D_HOMO_3,5.148570360403759,D
ASV_762,T0_D_HOMO_4,5.148570360403759,D
ASV_762,T0_D_HOMO_5,5.148570360403759,D
ASV_762,T0_H_HOMO_1,5.148570360403759,H
ASV_762,T0_H_HOMO_2,5.148570360403761,H
ASV_762,T0_H_HOMO_3,5.148570360403761,H
ASV_762,T0_H_HOMO_4,5.148570360403761,H
ASV_762,T0_H_HOMO_5,5.148570360403759,H
ASV_778,T0_D_HOMO_1,5.148570360403761,D
ASV_778,T0_D_HOMO_2,5.148570360403759,D
ASV_778,T0_D_HOMO_3,5.148570360403759,D
ASV_778,T0_D_HOMO_4,5.148570360403759,D
ASV_778,T0_D_HOMO_5,5.148570360403759,D
ASV_778,T0_H_HOMO_1,5.148570360403759,H
ASV_778,T0_H_HOMO_2,5.148570360403761,H
ASV_778,T0_H_HOMO_3,5.148570360403761,H
ASV_778,T0_H_HOMO_4,5.148570360403761,H
ASV_778,T0_H_HOMO_5,5.148570360403759,H
ASV_785,T0_D_HOMO_1,5.148570360403761,D
ASV_785,T0_D_HOMO_2,5.148570360403759,D
ASV_785,T0_D_HOMO_3,5.148570360403759,D
ASV_785,T0_D_HOMO_4,5.148570360403759,D
ASV_785,T0_D_HOMO_5,5.148570360403759,D
ASV_785,T0_H_HOMO_1,5.148570360403759,H
ASV_785,T0_H_HOMO_2,5.148570360403761,H
ASV_785,T0_H_HOMO_3,5.148570360403761,H
ASV_785,T0_H_HOMO_4,5.148570360403761,H
ASV_785,T0_H_HOMO_5,5.148570360403759,H
ASV_792,T0_D_HOMO_1,5.148570360403761,D
ASV_792,T0_D_HOMO_2,5.148570360403759,D
ASV_792,T0_D_HOMO_3,5.148570360403759,D
ASV_792,T0_D_HOMO_4,5.148570360403759,D
ASV_792,T0_D_HOMO_5,5.148570360403759,D
ASV_792,T0_H_HOMO_1,5.148570360403759,H
ASV_792,T0_H_HOMO_2,5.148570360403761,H
ASV_792,T0_H_HOMO_3,5.148570360403761,H
ASV_792,T0_H_HOMO_4,5.148570360403761,H
ASV_792,T0_H_HOMO_5,5.148570360403759,H
ASV_802,T0_D_HOMO_1,5.148570360403761,D
ASV_802,T0_D_HOMO_2,7.383308287037986,D
ASV_802,T0_D_HOMO_3,5.148570360403759,D
ASV_802,T0_D_HOMO_4,5.148570360403759,D
ASV_802,T0_D_HOMO_5,5.148570360403759,D
ASV_802,T0_H_HOMO_1,5.148570360403759,H
ASV_802,T0_H_HOMO_2,5.148570360403761,H
ASV_802,T0_H_HOMO_3,5.148570360403761,H
ASV_802,T0_H_HOMO_4,5.148570360403761,H
ASV_802,T0_H_HOMO_5,5.148570360403759,H
ASV_820,T0_D_HOMO_1,5.148570360403761,D
ASV_820,T0_D_HOMO_2,7.383308287037986,D
ASV_820,T0_D_HOMO_3,5.148570360403759,D
ASV_820,T0_D_HOMO_4,5.148570360403759,D
ASV_820,T0_D_HOMO_5,5.148570360403759,D
ASV_820,T0_H_HOMO_1,5.148570360403759,H
ASV_820,T0_H_HOMO_2,5.148570360403761,H
ASV_820,T0_H_HOMO_3,5.148570360403761,H
ASV_820,T0_H_HOMO_4,9.686411067440346,H
ASV_820,T0_H_HOMO_5,5.148570360403759,H
ASV_829,T0_D_HOMO_1,5.148570360403761,D
ASV_829,T0_D_HOMO_2,5.148570360403759,D
ASV_829,T0_D_HOMO_3,5.148570360403759,D
ASV_829,T0_D_HOMO_4,5.148570360403759,D
ASV_829,T0_D_HOMO_5,5.148570360403759,D
ASV_829,T0_H_HOMO_1,5.148570360403759,H
ASV_829,T0_H_HOMO_2,5.148570360403761,H
ASV_829,T0_H_HOMO_3,5.148570360403761,H
ASV_829,T0_H_HOMO_4,5.148570360403761,H
ASV_829,T0_H_HOMO_5,5.148570360403759,H
ASV_863,T0_D_HOMO_1,5.148570360403761,D
ASV_863,T0_D_HOMO_2,5.148570360403759,D
ASV_863,T0_D_HOMO_3,5.148570360403759,D
ASV_863,T0_D_HOMO_4,5.148570360403759,D
ASV_863,T0_D_HOMO_5,5.148570360403759,D
ASV_863,T0_H_HOMO_1,5.148570360403759,H
ASV_863,T0_H_HOMO_2,5.148570360403761,H
ASV_863,T0_H_HOMO_3,5.148570360403761,H
ASV_863,T0_H_HOMO_4,5.148570360403761,H
ASV_863,T0_H_HOMO_5,5.148570360403759,H
ASV_870,T0_D_HOMO_1,5.148570360403761,D
ASV_870,T0_D_HOMO_2,5.148570360403759,D
ASV_870,T0_D_HOMO_3,5.148570360403759,D
ASV_870,T0_D_HOMO_4,5.148570360403759,D
ASV_870,T0_D_HOMO_5,5.148570360403759,D
ASV_870,T0_H_HOMO_1,5.148570360403759,H
ASV_870,T0_H_HOMO_2,5.148570360403761,H
ASV_870,T0_H_HOMO_3,5.148570360403761,H
ASV_870,T0_H_HOMO_4,5.148570360403761,H
ASV_870,T0_H_HOMO_5,5.148570360403759,H
ASV_920,T0_D_HOMO_1,6.3849133164002225,D
ASV_920,T0_D_HOMO_2,5.148570360403759,D
ASV_920,T0_D_HOMO_3,5.148570360403759,D
ASV_920,T0_D_HOMO_4,5.148570360403759,D
ASV_920,T0_D_HOMO_5,5.148570360403759,D
ASV_920,T0_H_HOMO_1,5.148570360403759,H
ASV_920,T0_H_HOMO_2,5.148570360403761,H
ASV_920,T0_H_HOMO_3,5.148570360403761,H
ASV_920,T0_H_HOMO_4,5.148570360403761,H
ASV_920,T0_H_HOMO_5,5.148570360403759,H
ASV_939,T0_D_HOMO_1,5.148570360403761,D
ASV_939,T0_D_HOMO_2,5.148570360403759,D
ASV_939,T0_D_HOMO_3,5.148570360403759,D
ASV_939,T0_D_HOMO_4,5.148570360403759,D
ASV_939,T0_D_HOMO_5,5.148570360403759,D
ASV_939,T0_H_HOMO_1,5.148570360403759,H
ASV_939,T0_H_HOMO_2,5.148570360403761,H
ASV_939,T0_H_HOMO_3,5.148570360403761,H
ASV_939,T0_H_HOMO_4,5.148570360403761,H
ASV_939,T0_H_HOMO_5,5.148570360403759,H
ASV_946,T0_D_HOMO_1,5.148570360403761,D
ASV_946,T0_D_HOMO_2,5.148570360403759,D
ASV_946,T0_D_HOMO_3,5.148570360403759,D
ASV_946,T0_D_HOMO_4,5.148570360403759,D
ASV_946,T0_D_HOMO_5,5.148570360403759,D
ASV_946,T0_H_HOMO_1,5.148570360403759,H
ASV_946,T0_H_HOMO_2,5.148570360403761,H
ASV_946,T0_H_HOMO_3,5.148570360403761,H
ASV_946,T0_H_HOMO_4,5.148570360403761,H
ASV_946,T0_H_HOMO_5,5.148570360403759,H
ASV_952,T0_D_HOMO_1,8.10834568916412,D
ASV_952,T0_D_HOMO_2,5.148570360403759,D
ASV_952,T0_D_HOMO_3,5.148570360403759,D
ASV_952,T0_D_HOMO_4,5.148570360403759,D
ASV_952,T0_D_HOMO_5,5.148570360403759,D
ASV_952,T0_H_HOMO_1,5.148570360403759,H
ASV_952,T0_H_HOMO_2,5.148570360403761,H
ASV_952,T0_H_HOMO_3,5.148570360403761,H
ASV_952,T0_H_HOMO_4,5.148570360403761,H
ASV_952,T0_H_HOMO_5,5.148570360403759,H
ASV_961,T0_D_HOMO_1,5.148570360403761,D
ASV_961,T0_D_HOMO_2,5.148570360403759,D
ASV_961,T0_D_HOMO_3,5.148570360403759,D
ASV_961,T0_D_HOMO_4,5.148570360403759,D
ASV_961,T0_D_HOMO_5,5.148570360403759,D
ASV_961,T0_H_HOMO_1,5.148570360403759,H
ASV_961,T0_H_HOMO_2,5.148570360403761,H
ASV_961,T0_H_HOMO_3,5.148570360403761,H
ASV_961,T0_H_HOMO_4,5.148570360403761,H
ASV_961,T0_H_HOMO_5,5.148570360403759,H
ASV_974,T0_D_HOMO_1,5.148570360403761,D
ASV_974,T0_D_HOMO_2,5.148570360403759,D
ASV_974,T0_D_HOMO_3,5.148570360403759,D
ASV_974,T0_D_HOMO_4,5.148570360403759,D
ASV_974,T0_D_HOMO_5,5.148570360403759,D
ASV_974,T0_H_HOMO_1,5.148570360403759,H
ASV_974,T0_H_HOMO_2,5.148570360403761,H
ASV_974,T0_H_HOMO_3,5.148570360403761,H
ASV_974,T0_H_HOMO_4,5.148570360403761,H
ASV_974,T0_H_HOMO_5,5.148570360403759,H
ASV_983,T0_D_HOMO_1,5.148570360403761,D
ASV_983,T0_D_HOMO_2,5.148570360403759,D
ASV_983,T0_D_HOMO_3,5.148570360403759,D
ASV_983,T0_D_HOMO_4,5.148570360403759,D
ASV_983,T0_D_HOMO_5,5.148570360403759,D
ASV_983,T0_H_HOMO_1,5.148570360403759,H
ASV_983,T0_H_HOMO_2,5.148570360403761,H
ASV_983,T0_H_HOMO_3,5.148570360403761,H
ASV_983,T0_H_HOMO_4,5.148570360403761,H
ASV_983,T0_H_HOMO_5,5.148570360403759,H
ASV_995,T0_D_HOMO_1,7.489991650101433,D
ASV_995,T0_D_HOMO_2,7.383308287037986,D
ASV_995,T0_D_HOMO_3,5.148570360403759,D
ASV_995,T0_D_HOMO_4,5.148570360403759,D
ASV_995,T0_D_HOMO_5,5.148570360403759,D
ASV_995,T0_H_HOMO_1,5.148570360403759,H
ASV_995,T0_H_HOMO_2,5.148570360403761,H
ASV_995,T0_H_HOMO_3,5.148570360403761,H
ASV_995,T0_H_HOMO_4,5.148570360403761,H
ASV_995,T0_H_HOMO_5,5.148570360403759,H
ASV_1008,T0_D_HOMO_1,5.148570360403761,D
ASV_1008,T0_D_HOMO_2,5.148570360403759,D
ASV_1008,T0_D_HOMO_3,5.148570360403759,D
ASV_1008,T0_D_HOMO_4,5.148570360403759,D
ASV_1008,T0_D_HOMO_5,5.148570360403759,D
ASV_1008,T0_H_HOMO_1,5.148570360403759,H
ASV_1008,T0_H_HOMO_2,5.148570360403761,H
ASV_1008,T0_H_HOMO_3,5.148570360403761,H
ASV_1008,T0_H_HOMO_4,5.148570360403761,H
ASV_1008,T0_H_HOMO_5,5.148570360403759,H
ASV_1037,T0_D_HOMO_1,5.148570360403761,D
ASV_1037,T0_D_HOMO_2,5.148570360403759,D
ASV_1037,T0_D_HOMO_3,5.148570360403759,D
ASV_1037,T0_D_HOMO_4,5.148570360403759,D
ASV_1037,T0_D_HOMO_5,5.148570360403759,D
ASV_1037,T0_H_HOMO_1,5.148570360403759,H
ASV_1037,T0_H_HOMO_2,5.148570360403761,H
ASV_1037,T0_H_HOMO_3,5.148570360403761,H
ASV_1037,T0_H_HOMO_4,5.148570360403761,H
ASV_1037,T0_H_HOMO_5,5.148570360403759,H
ASV_1064,T0_D_HOMO_1,7.489991650101433,D
ASV_1064,T0_D_HOMO_2,7.383308287037986,D
ASV_1064,T0_D_HOMO_3,5.148570360403759,D
ASV_1064,T0_D_HOMO_4,5.148570360403759,D
ASV_1064,T0_D_HOMO_5,5.148570360403759,D
ASV_1064,T0_H_HOMO_1,5.148570360403759,H
ASV_1064,T0_H_HOMO_2,5.148570360403761,H
ASV_1064,T0_H_HOMO_3,5.148570360403761,H
ASV_1064,T0_H_HOMO_4,5.148570360403761,H
ASV_1064,T0_H_HOMO_5,5.148570360403759,H
ASV_1103,T0_D_HOMO_1,5.148570360403761,D
ASV_1103,T0_D_HOMO_2,5.148570360403759,D
ASV_1103,T0_D_HOMO_3,5.148570360403759,D
ASV_1103,T0_D_HOMO_4,5.148570360403759,D
ASV_1103,T0_D_HOMO_5,5.148570360403759,D
ASV_1103,T0_H_HOMO_1,5.148570360403759,H
ASV_1103,T0_H_HOMO_2,5.148570360403761,H
ASV_1103,T0_H_HOMO_3,5.148570360403761,H
ASV_1103,T0_H_HOMO_4,5.148570360403761,H
ASV_1103,T0_H_HOMO_5,5.148570360403759,H
ASV_1147,T0_D_HOMO_1,7.489991650101433,D
ASV_1147,T0_D_HOMO_2,5.148570360403759,D
ASV_1147,T0_D_HOMO_3,7.345107624176208,D
ASV_1147,T0_D_HOMO_4,5.148570360403759,D
ASV_1147,T0_D_HOMO_5,5.148570360403759,D
ASV_1147,T0_H_HOMO_1,5.148570360403759,H
ASV_1147,T0_H_HOMO_2,5.148570360403761,H
ASV_1147,T0_H_HOMO_3,5.148570360403761,H
ASV_1147,T0_H_HOMO_4,5.148570360403761,H
ASV_1147,T0_H_HOMO_5,5.148570360403759,H
ASV_1172,T0_D_HOMO_1,6.3849133164002225,D
ASV_1172,T0_D_HOMO_2,5.148570360403759,D
ASV_1172,T0_D_HOMO_3,8.70332310015918,D
ASV_1172,T0_D_HOMO_4,5.148570360403759,D
ASV_1172,T0_D_HOMO_5,5.148570360403759,D
ASV_1172,T0_H_HOMO_1,5.148570360403759,H
ASV_1172,T0_H_HOMO_2,7.762290417318652,H
ASV_1172,T0_H_HOMO_3,5.987470424545251,H
ASV_1172,T0_H_HOMO_4,5.148570360403761,H
ASV_1172,T0_H_HOMO_5,5.148570360403759,H
ASV_1295,T0_D_HOMO_1,5.148570360403761,D
ASV_1295,T0_D_HOMO_2,5.148570360403759,D
ASV_1295,T0_D_HOMO_3,5.148570360403759,D
ASV_1295,T0_D_HOMO_4,5.148570360403759,D
ASV_1295,T0_D_HOMO_5,5.148570360403759,D
ASV_1295,T0_H_HOMO_1,5.148570360403759,H
ASV_1295,T0_H_HOMO_2,5.148570360403761,H
ASV_1295,T0_H_HOMO_3,5.148570360403761,H
ASV_1295,T0_H_HOMO_4,5.148570360403761,H
ASV_1295,T0_H_HOMO_5,5.148570360403759,H
ASV_1337,T0_D_HOMO_1,6.3849133164002225,D
ASV_1337,T0_D_HOMO_2,5.148570360403759,D
ASV_1337,T0_D_HOMO_3,5.148570360403759,D
ASV_1337,T0_D_HOMO_4,5.148570360403759,D
ASV_1337,T0_D_HOMO_5,5.148570360403759,D
ASV_1337,T0_H_HOMO_1,5.148570360403759,H
ASV_1337,T0_H_HOMO_2,5.148570360403761,H
ASV_1337,T0_H_HOMO_3,5.148570360403761,H
ASV_1337,T0_H_HOMO_4,5.148570360403761,H
ASV_1337,T0_H_HOMO_5,5.148570360403759,H
