asv_id,Domain,Phylum,Class,Order,Family,Genus,Species,Domain_confidence,Phylum_confidence,Class_confidence,Order_confidence,Family_confidence,Genus_confidence,Species_confidence
ASV_1,NA,NA,NA,NA,NA,NA,NA,NA,NA,NA,NA,NA,NA,NA
ASV_2,NA,NA,NA,NA,NA,NA,NA,NA,NA,NA,NA,NA,NA,NA
ASV_3,Bacteria,Pseudomonadota,Gammaproteobacteria,Alteromonadales,Colwelliaceae,Thalassotalea,Thalassotalea coralli,100.00000000000001,100.00000000000001,100.00000000000001,100.00000000000001,97.58333333333333,89.58333333333333,27.249999999999993
ASV_4,Bacteria,Verrucomicrobiota,Verrucomicrobiae,Verrucomicrobiales,Verrucomicrobiaceae,Haloferula,Haloferula phyci,100,100,100,100,100,100,78.33333333333333
ASV_5,Bacteria,Bacteroidota,Flavobacteriia,Flavobacteriales,Flavobacteriaceae,Seonamhaeicola,Seonamhaeicola aphaedonensis,100,100,100,100,100,100,100
ASV_6,Bacteria,Bacteroidota,Flavobacteriia,Flavobacteriales,Flavobacteriaceae,Dokdonia,Dokdonia lutea,100,100,100,100,100,100,100
ASV_7,Bacteria,Pseudomonadota,Alphaproteobacteria,Rhodobacterales,Roseobacteraceae,Thalassovita,Thalassovita mediterranea,100,100,100,100,81.16666666666667,77.33333333333333,74.33333333333331
ASV_8,Bacteria,Pseudomonadota,Gammaproteobacteria,Alteromonadales,Alteromonadaceae,Alteromonas,Alteromonas abrolhosensis,100,100,100,100,100,100,41.15162350579228
ASV_9,Bacteria,Verrucomicrobiota,Opitutae,Puniceicoccales,Coraliomargaritaceae,Coraliomargarita,Coraliomargarita akajimensis,100,100,100,100,100,100,75.66666666666667
ASV_10,Bacteria,Pseudomonadota,Gammaproteobacteria,Cellvibrionales,Cellvibrionaceae,Eionea,Eionea nigra,100,100,100,51.683333333333344,43.183333333333344,37.78333333333333,37.78333333333333
ASV_11,Bacteria,Bacteroidota,Saprospiria,Saprospirales,Saprospiraceae,Aureispira,Aureispira maritima,100,100,100,100,100,100,100
ASV_12,Bacteria,Bacteroidota,Flavobacteriia,Flavobacteriales,Flavobacteriaceae,Polaribacter,Polaribacter pacificus,100,100,100,100,100,53.91666666666662,23.36666666666666
ASV_13,NA,NA,NA,NA,NA,NA,NA,NA,NA,NA,NA,NA,NA,NA
ASV_14,Bacteria,Pseudomonadota,Alphaproteobacteria,Rhodobacterales,Roseobacteraceae,Thalassovita,Thalassovita mediterranea,100,100,100,100,83.73333333333332,60.18333333333335,58.68333333333335
ASV_15,Bacteria,Pseudomonadota,Gammaproteobacteria,Oceanospirillales,Oceanospirillaceae,Bacterioplanoides,Bacterioplanoides pacificum,100,100,100,98,96.5,76.00000000000001,76.00000000000001
ASV_16,Bacteria,Pseudomonadota,Alphaproteobacteria,Sneathiellales,Sneathiellaceae,Sneathiella,Sneathiella glossodoripedis,100,100,100,100,100,100,70
ASV_17,Bacteria,Pseudomonadota,Alphaproteobacteria,Sphingomonadales,Erythrobacteraceae,Erythrobacter,Erythrobacter rubeus,100,100,100,100,96.74302393512922,59.83972869236029,59.76830012093174
ASV_18,Bacteria,Pseudomonadota,Gammaproteobacteria,Cellvibrionales,Cellvibrionaceae,Pseudomaricurvus,Pseudomaricurvus alkylphenolicus,100,100,100,100,100,100,100
ASV_19,Bacteria,Pseudomonadota,Alphaproteobacteria,Kordiimonadales,Kordiimonadaceae,Kordiimonas,Kordiimonas laminariae,100,100,100,100,100,100,100
ASV_20,Bacteria,Pseudomonadota,Gammaproteobacteria,Alteromonadales,Alteromonadaceae,Alteromonas,Alteromonas confluentis,100,100,100,100,100,85.46296296296299,61.287037037037024
ASV_21,Bacteria,Bacteroidota,Flavobacteriia,Flavobacteriales,Flavobacteriaceae,Aureitalea,Aureitalea marina,100,100,100,100,100,26.33333333333333,26.33333333333333
ASV_22,Bacteria,Pseudomonadota,Alphaproteobacteria,Rhodobacterales,Roseobacteraceae,Roseibacterium,Roseibacterium elongatum,100,100,100,100,90.83809523809525,76.28809523809525,76.28809523809525
ASV_23,Bacteria,Pseudomonadota,Gammaproteobacteria,Alteromonadales,Pseudoalteromonadaceae,Pseudoalteromonas,Pseudoalteromonas gelatinilytica,100,100,100,100,100,100,30.199999999999992
ASV_24,Bacteria,Pseudomonadota,Alphaproteobacteria,Rhodobacterales,Roseobacteraceae,Ruegeria,Ruegeria profundi,100,100,100,100,97.91666666666667,97.91666666666667,43.36666666666665
ASV_25,Bacteria,Pseudomonadota,Gammaproteobacteria,Vibrionales,Vibrionaceae,Vibrio,Vibrio aquimaris,100.00000000000001,100.00000000000001,100.00000000000001,100.00000000000001,100.00000000000001,100.00000000000001,51.342857142857135
ASV_26,Bacteria,Pseudomonadota,Gammaproteobacteria,Alteromonadales,Colwelliaceae,Thalassotalea,Thalassotalea coralli,100,100,100,100,99.25,93.9166666666667,19.166666666666668
ASV_27,Bacteria,Bacteroidota,Flavobacteriia,Flavobacteriales,Flavobacteriaceae,Seonamhaeicola,Seonamhaeicola algicola,100,100,100,100,100,75.19999999999999,47.03333333333333
ASV_28,Bacteria,Pseudomonadota,Alphaproteobacteria,Sphingomonadales,Sphingomonadaceae,Sphingobium,Sphingobium limneticum,100,100,100,100,100,100,95.8
ASV_29,Bacteria,Pseudomonadota,Gammaproteobacteria,Oceanospirillales,Oceanospirillaceae,Oleispira,Oleispira antarctica,100,100,100,93.5,93.5,34.4,28.199999999999996
ASV_30,Bacteria,Pseudomonadota,Alphaproteobacteria,Rhodobacterales,Roseobacteraceae,Phaeobacter,Phaeobacter porticola,100,100,100,100,83.05,72.53333333333332,70.03333333333332
ASV_31,Bacteria,Pseudomonadota,Alphaproteobacteria,Rhodobacterales,Roseobacteraceae,Thalassovita,Thalassovita mediterranea,100,100,100,100,81.5,81.16666666666667,81.16666666666667
ASV_32,NA,NA,NA,NA,NA,NA,NA,NA,NA,NA,NA,NA,NA,NA
ASV_33,Bacteria,Pseudomonadota,Alphaproteobacteria,Hyphomonadales,Hyphomonadaceae,Hyphomonas,Hyphomonas atlantica,100,100,100,100,100,100,57.58333333333335
ASV_34,Bacteria,Pseudomonadota,Gammaproteobacteria,Oceanospirillales,Oceanospirillaceae,Oceanobacter,Oceanobacter mangrovi,100,100,100,100,100,98.1,60.86666666666665
ASV_35,Bacteria,Pseudomonadota,Alphaproteobacteria,Rhodobacterales,Roseobacteraceae,Pseudooceanicola,Wenxinia saemankumensis,100,100,100,100,52.93333333333335,31.71666666666668,28.066666666666674
ASV_36,Bacteria,Pseudomonadota,Alphaproteobacteria,Rhodospirillales,Terasakiellaceae,Terasakiella,Terasakiella salincola,100,100,100,100,100,100,100
ASV_37,Bacteria,Pseudomonadota,Gammaproteobacteria,Alteromonadales,Alteromonadaceae,Marisediminitalea,Marisediminitalea aggregata,100,100,100,100,100,47.5,47.5
ASV_38,Bacteria,Pseudomonadota,Gammaproteobacteria,Pseudomonadales,Pseudomonadaceae,Pseudomonas,Pseudomonas aeruginosa,100.00000000000001,100.00000000000001,100.00000000000001,100.00000000000001,100.00000000000001,100.00000000000001,91.0535714285714
ASV_39,Bacteria,Pseudomonadota,Alphaproteobacteria,Rhodobacterales,Roseobacteraceae,Thalassovita,Thalassovita mangrovi,100,100,100,100,89.53095238095239,54.711904761904755,54.711904761904755
ASV_40,Bacteria,Pseudomonadota,Alphaproteobacteria,Hyphomonadales,Hyphomonadaceae,Hyphomonas,Hyphomonas atlantica,100,100,100,100,100,100,48.676190476190456
ASV_41,Bacteria,Campylobacterota,Epsilonproteobacteria,Campylobacterales,Sulfurovaceae,Sulfurovum,Sulfurovum riftiae,100,100,100,100,100,100,33.98333333333333
ASV_42,Bacteria,Pseudomonadota,Gammaproteobacteria,Alteromonadales,Alteromonadaceae,Alteromonas,Alteromonas indica,100,100,100,100,100,65.95,16.416666666666668
ASV_43,Bacteria,Pseudomonadota,Gammaproteobacteria,Thiotrichales,Piscirickettsiaceae,Thiomicrorhabdus,Thiomicrorhabdus chilensis,100,100,100,100,100,86.83333333333331,29.5
ASV_44,Bacteria,Pseudomonadota,Alphaproteobacteria,Rhodobacterales,Roseobacteraceae,Ruegeria,Ruegeria conchae,100.00000000000001,100.00000000000001,100.00000000000001,100.00000000000001,58.50833333333336,58.17500000000003,41.50833333333336
ASV_45,Bacteria,Pseudomonadota,Gammaproteobacteria,Thiotrichales,Fastidiosibacteraceae,Cysteiniphilum,Cysteiniphilum marinum,100,100,100,100,100,100,99
ASV_46,Bacteria,Pseudomonadota,Alphaproteobacteria,Kordiimonadales,Kordiimonadaceae,Kordiimonas,Kordiimonas lipolytica,100,100,100,100,100,100,83.33333333333333
ASV_47,Bacteria,Pseudomonadota,Gammaproteobacteria,Alteromonadales,Alteromonadaceae,Alteromonas,Alteromonas confluentis,99.9999999999999,99.9999999999999,99.9999999999999,99.9999999999999,99.9999999999999,89.71904761904753,49.14969379971665
ASV_48,Bacteria,Bacteroidota,Saprospiria,Saprospirales,Saprospiraceae,Aureispira,Aureispira maritima,100,100,100,100,100,100,98
ASV_49,Bacteria,Pseudomonadota,Gammaproteobacteria,Cellvibrionales,Cellvibrionaceae,Eionea,Eionea nigra,99.99999999999999,99.99999999999999,99.99999999999999,54.16666666666666,50.333333333333336,46,46
ASV_50,Bacteria,Pseudomonadota,Alphaproteobacteria,Rhodobacterales,Roseobacteraceae,Poseidonocella,Pseudomarivita litorea,100,100,100,100,62.530952380952385,30.43333333333332,19.759523809523802
ASV_51,NA,NA,NA,NA,NA,NA,NA,NA,NA,NA,NA,NA,NA,NA
ASV_52,Bacteria,Pseudomonadota,Gammaproteobacteria,Thiotrichales,Fastidiosibacteraceae,Cysteiniphilum,Cysteiniphilum litorale,100,100,100,100,100,77.33333333333331,73.66666666666667
ASV_53,Bacteria,Pseudomonadota,Gammaproteobacteria,Oceanospirillales,Oceanospirillaceae,Thalassolituus,Thalassolituus oleivorans,100,100,100,98,94,50.000000000000014,45.33333333333334
ASV_54,Bacteria,Campylobacterota,Epsilonproteobacteria,Campylobacterales,Sulfurimonadaceae,Sulfurimonas,Sulfurimonas hydrogeniphila,100,100,100,100,100,100,28.89801587301587
ASV_55,NA,NA,NA,NA,NA,NA,NA,NA,NA,NA,NA,NA,NA,NA
ASV_56,Bacteria,Pseudomonadota,Gammaproteobacteria,Cellvibrionales,Halieaceae,Congregibacter,Congregibacter litoralis,100,100,100,100,100,59.833333333333336,59.833333333333336
ASV_57,Bacteria,Pseudomonadota,Alphaproteobacteria,Hyphomonadales,Hyphomonadaceae,Hyphomonas,Hyphomonas atlantica,100,100,100,100,100,100,48.825
ASV_58,Bacteria,Pseudomonadota,Gammaproteobacteria,Alteromonadales,Alteromonadaceae,Alteromonas,Alteromonas confluentis,100.00000000000003,100.00000000000003,100.00000000000003,100.00000000000003,100.00000000000003,87.24985507246379,56.650144927536196
ASV_59,Bacteria,Bdellovibrionota,Bacteriovoracia,Bacteriovoracales,Halobacteriovoraceae,Halobacteriovorax,Halobacteriovorax vibrionivorans,100,100,100,100,100,100,96.5
ASV_60,Bacteria,Pseudomonadota,Gammaproteobacteria,Vibrionales,Vibrionaceae,Vibrio,Vibrio fortis,100,100,100,100,100,100,70
ASV_61,Bacteria,Pseudomonadota,Gammaproteobacteria,Cellvibrionales,Cellvibrionaceae,Eionea,Eionea nigra,100,100,100,60.166666666666664,50.08333333333334,48.08333333333334,48.08333333333334
ASV_62,Bacteria,Verrucomicrobiota,Verrucomicrobiae,Verrucomicrobiales,Verrucomicrobiaceae,Haloferula,Haloferula phyci,100,100,100,100,100,100,73.66666666666666
ASV_63,Bacteria,Pseudomonadota,Alphaproteobacteria,Rhodobacterales,Roseobacteraceae,Shimia,Shimia marina,100,100,100,100,99.5,82.00000000000001,80.33333333333333
ASV_64,Bacteria,Verrucomicrobiota,Verrucomicrobiae,Verrucomicrobiales,Rubritaleaceae,Rubritalea,Rubritalea tangerina,100,100,100,100,100,100,86.5
ASV_65,Bacteria,Pseudomonadota,Gammaproteobacteria,Thiotrichales,Fastidiosibacteraceae,Cysteiniphilum,Cysteiniphilum litorale,100,100,100,100,100,84,83
ASV_66,Bacteria,Pseudomonadota,Gammaproteobacteria,Thiotrichales,Francisellaceae,Francisella,Francisella philomiragia,100,100,100,100,100,100,46.2404761904762
ASV_67,Bacteria,Pseudomonadota,Gammaproteobacteria,Alteromonadales,Pseudoalteromonadaceae,Pseudoalteromonas,Pseudoalteromonas piratica,100.00000000000001,100.00000000000001,100.00000000000001,100.00000000000001,99.87009803921569,86.13555806938159,36.04019181585682
ASV_68,Bacteria,Bacteroidota,Saprospiria,Saprospirales,Lewinellaceae,Lewinella,Lewinella cohaerens,100,100,100,100,100,100,100
ASV_69,Bacteria,Bacteroidota,Flavobacteriia,Flavobacteriales,Flavobacteriaceae,Allomuricauda,Allomuricauda onchidii,100.00000000000001,100.00000000000001,100.00000000000001,100.00000000000001,100.00000000000001,92.66666666666669,64.33333333333333
ASV_70,Bacteria,Pseudomonadota,Gammaproteobacteria,Vibrionales,Vibrionaceae,Vibrio,Vibrio tubiashii,100,100,100,100,100,100,100
ASV_71,Bacteria,Campylobacterota,Epsilonproteobacteria,Campylobacterales,Sulfurovaceae,Sulfurovum,Sulfurovum lithotrophicum,100,100,100,100,100,100,67.33333333333331
ASV_72,Bacteria,Pseudomonadota,Gammaproteobacteria,Oceanospirillales,Oceanospirillaceae,Bacterioplanoides,Bacterioplanoides pacificum,100,100,100,95.00000000000001,93.00000000000001,78.66666666666669,78.66666666666669
ASV_73,Bacteria,Pseudomonadota,Alphaproteobacteria,Rhodobacterales,Roseobacteraceae,Thalassovita,Shimia aestuarii,100,100,100,100,93.55,33.73333333333335,17.86666666666667
ASV_74,Bacteria,Pseudomonadota,Alphaproteobacteria,Rhodobacterales,Paracoccaceae,Aliiroseovarius,Aliiroseovarius crassostreae,100,100,100,100,72.0583333333333,39.875,30.319444444444443
ASV_75,Bacteria,Pseudomonadota,Gammaproteobacteria,Oceanospirillales,Oceanospirillaceae,Neptuniibacter,Neptuniibacter caesariensis,100,100,100,100,100,100,73.5
ASV_76,Bacteria,Pseudomonadota,Gammaproteobacteria,Alteromonadales,Colwelliaceae,Thalassotalea,Thalassotalea coralli,100,100,100,100,98,91.46666666666668,35.033333333333346
ASV_77,Bacteria,Bacteroidota,Saprospiria,Saprospirales,Haliscomenobacteraceae,Phaeodactylibacter,Phaeodactylibacter luteus,100,100,100,100,100,100,100
ASV_78,NA,NA,NA,NA,NA,NA,NA,NA,NA,NA,NA,NA,NA,NA
ASV_79,Bacteria,Pseudomonadota,Gammaproteobacteria,Alteromonadales,Colwelliaceae,Thalassotalea,Thalassotalea coralli,100,100,100,98,98,97,42.083333333333336
ASV_80,Bacteria,Pseudomonadota,Gammaproteobacteria,Oceanospirillales,Oceanospirillaceae,Bacterioplanoides,Bacterioplanoides pacificum,100.00000000000003,100.00000000000003,100.00000000000003,96.00000000000004,94.1666666666667,65.4166666666667,65.4166666666667
ASV_81,Bacteria,Bacteroidota,Saprospiria,Saprospirales,Lewinellaceae,Flavilitoribacter,Flavilitoribacter nigricans,100,100,100,100,100,53.5,53.5
ASV_82,Bacteria,Pseudomonadota,Gammaproteobacteria,Vibrionales,Vibrionaceae,Vibrio,Vibrio hannami,100,100,100,100,100,100,38.16666666666664
ASV_83,Bacteria,Pseudomonadota,Alphaproteobacteria,Rhodobacterales,Paracoccaceae,Pseudooceanicola,Pseudooceanicola spongiae,100,100,100,100,57.37857142857145,29.735714285714284,29.592857142857152
ASV_84,Bacteria,Pseudomonadota,Alphaproteobacteria,Rhodobacterales,Roseobacteraceae,Phaeobacter,Phaeobacter italicus,100,100,100,100,91.01666666666668,36.11666666666664,36.11666666666664
ASV_85,Bacteria,Pseudomonadota,Gammaproteobacteria,Oceanospirillales,Alcanivoracaceae,Alcanivorax,Alcanivorax profundi,100,100,100,100,100,100,92
ASV_86,Bacteria,Pseudomonadota,Gammaproteobacteria,Vibrionales,Vibrionaceae,Vibrio,Vibrio hannami,100,100,100,100,100,100,60.00000000000001
ASV_87,Bacteria,Pseudomonadota,Gammaproteobacteria,Oceanospirillales,Endozoicomonadaceae,Endozoicomonas,Endozoicomonas montiporae,100,100,100,100,100,100,61.583333333333336
ASV_88,Bacteria,Pseudomonadota,Gammaproteobacteria,Alteromonadales,Colwelliaceae,Thalassotalea,Thalassotalea coralli,100,100,100,98,98,95,44.333333333333336
ASV_89,Bacteria,Pseudomonadota,Alphaproteobacteria,Rhodobacterales,Roseobacteraceae,Celeribacter,Celeribacter litoreus,100,100,100,100,97.83333333333333,64.58333333333334,38.33333333333335
ASV_90,Bacteria,Pseudomonadota,Gammaproteobacteria,Cellvibrionales,Cellvibrionaceae,Pseudoteredinibacter,Pseudoteredinibacter isoporae,100,100,100,100,100,100,100
ASV_91,Bacteria,Bacteroidota,Flavobacteriia,Flavobacteriales,Flavobacteriaceae,Kordia,Kordia jejudonensis,100.00000000000001,100.00000000000001,100.00000000000001,100.00000000000001,100.00000000000001,100.00000000000001,57.2
ASV_92,Bacteria,Bacteroidota,Flavobacteriia,Flavobacteriales,Flavobacteriaceae,Pseudotenacibaculum,Pseudotenacibaculum haliotis,100,100,100,100,100,68.9666666666667,68.9666666666667
ASV_93,Bacteria,Pseudomonadota,Gammaproteobacteria,Alteromonadales,Alteromonadaceae,Paraglaciecola,Paraglaciecola aquimarina,100,100,100,100,100,46.66666666666665,46.66666666666665
ASV_94,Bacteria,Pseudomonadota,Alphaproteobacteria,Rhodobacterales,Roseobacteraceae,Celeribacter,Celeribacter litoreus,100,100,100,100,96.10000000000001,52.376190476190466,30.533333333333324
ASV_95,NA,NA,NA,NA,NA,NA,NA,NA,NA,NA,NA,NA,NA,NA
ASV_96,Bacteria,Pseudomonadota,Alphaproteobacteria,Sphingomonadales,Erythrobacteraceae,Altererythrobacter,Altererythrobacter rubellus,100.00000000000001,100.00000000000001,100.00000000000001,100.00000000000001,95.02717205395224,56.797867818456055,56.797867818456055
ASV_97,Bacteria,Pseudomonadota,Alphaproteobacteria,Hyphomonadales,Hyphomonadaceae,Hyphomonas,Hyphomonas adhaerens,99.99999999999999,99.99999999999999,99.99999999999999,99.99999999999999,99.99999999999999,95.66666666666664,44
ASV_98,Bacteria,Bacteroidota,Saprospiria,Saprospirales,Saprospiraceae,Aureispira,Aureispira maritima,100,100,100,100,100,100,100
ASV_99,NA,NA,NA,NA,NA,NA,NA,NA,NA,NA,NA,NA,NA,NA
ASV_100,Bacteria,Pseudomonadota,Alphaproteobacteria,Rhodobacterales,Roseobacteraceae,Tropicibacter,Tropicibacter naphthalenivorans,100.00000000000003,100.00000000000003,100.00000000000003,100.00000000000003,94.33333333333336,67.73690476190477,67.73690476190477
ASV_101,Bacteria,Pseudomonadota,Gammaproteobacteria,Oceanospirillales,Endozoicomonadaceae,Endozoicomonas,Endozoicomonas montiporae,100,100,100,100,99,99,58.833333333333336
ASV_102,Bacteria,Bacteroidota,Flavobacteriia,Flavobacteriales,Flavobacteriaceae,Polaribacter,Polaribacter lacunae,100,100,100,100,100,95.83333333333333,72.16666666666669
ASV_103,Bacteria,Campylobacterota,Epsilonproteobacteria,Campylobacterales,Sulfurovaceae,Sulfurovum,Sulfurovum aggregans,100,100,100,100,100,100,89.75
ASV_104,Bacteria,Pseudomonadota,Gammaproteobacteria,Alteromonadales,Alteromonadaceae,Alteromonas,Alteromonas abrolhosensis,100,100,100,100,100,92.13691387559808,24.10243670868249
ASV_105,Bacteria,Verrucomicrobiota,Verrucomicrobiae,Verrucomicrobiales,Rubritaleaceae,Rubritalea,Rubritalea tangerina,100,100,100,100,100,100,74
ASV_106,Bacteria,Verrucomicrobiota,Opitutae,Puniceicoccales,Coraliomargaritaceae,Coraliomargarita,Coraliomargarita akajimensis,100,100,100,100,100,100,76.66666666666667
ASV_107,Bacteria,Pseudomonadota,Gammaproteobacteria,Oceanospirillales,Oceanospirillaceae,Oleispira,Oleispira lenta,100,100,100,100,100,100,97
ASV_108,Bacteria,Pseudomonadota,Gammaproteobacteria,Alteromonadales,Alteromonadaceae,Alteromonas,Alteromonas abrolhosensis,100,100,100,100,100,95.47249909510779,25.114253909294977
ASV_109,Bacteria,Pseudomonadota,Gammaproteobacteria,Thiotrichales,Francisellaceae,Allofrancisella,Allofrancisella frigidaquae,100,100,100,100,100,53.25000000000001,29.83333333333333
ASV_110,Bacteria,Bacteroidota,Flavobacteriia,Flavobacteriales,Flavobacteriaceae,Seonamhaeicola,Seonamhaeicola aphaedonensis,100,100,100,100,100,100,100
ASV_111,Bacteria,Pseudomonadota,Alphaproteobacteria,Hyphomonadales,Hyphomonadaceae,Hyphomonas,Hyphomonas beringensis,100,100,100,100,100,97.5,35.70000000000001
ASV_112,Bacteria,Pseudomonadota,Gammaproteobacteria,Chromatiales,NA,Sedimenticola,Sedimenticola thiotaurini,100.00000000000001,100.00000000000001,100.00000000000001,53.16666666666666,33.50000000000001,22.250000000000004,22.250000000000004
ASV_113,NA,NA,NA,NA,NA,NA,NA,NA,NA,NA,NA,NA,NA,NA
ASV_114,Bacteria,Verrucomicrobiota,Opitutae,Puniceicoccales,Coraliomargaritaceae,Coraliomargarita,Coraliomargarita akajimensis,100,100,97.41666666666669,97.41666666666669,97.41666666666669,97.41666666666669,63.16666666666666
ASV_115,Bacteria,Pseudomonadota,Gammaproteobacteria,Oceanospirillales,Oceanospirillaceae,Oleispira,Oleispira lenta,100,100,100,100,100,100,99
ASV_116,Bacteria,Pseudomonadota,Gammaproteobacteria,Alteromonadales,Pseudoalteromonadaceae,Algicola,Algicola bacteriolytica,100,100,100,100,100,100,100
ASV_117,Bacteria,Pseudomonadota,Alphaproteobacteria,Rhodobacterales,Roseobacteraceae,Sulfitobacter,Sulfitobacter pontiacus,100,100,100,100,99.5,99.5,90.58333333333333
ASV_118,Bacteria,Pseudomonadota,Gammaproteobacteria,Alteromonadales,Alteromonadaceae,Alteromonas,Alteromonas abrolhosensis,99.99999999999997,99.99999999999997,99.99999999999997,99.99999999999997,99.99999999999997,99.72934384456119,40.59378462132532
ASV_119,Bacteria,Bacteroidota,Flavobacteriia,Flavobacteriales,Flavobacteriaceae,Flavobacterium,Flavobacterium sediminis,100,100,100,100,100,100,51
ASV_120,Bacteria,Chlamydiota,Chlamydiia,Parachlamydiales,Parachlamydiaceae,Parachlamydia,Parachlamydia acanthamoebae,100,100,100,100,97,90.5,90.5
ASV_121,NA,NA,NA,NA,NA,NA,NA,NA,NA,NA,NA,NA,NA,NA
ASV_122,NA,NA,NA,NA,NA,NA,NA,NA,NA,NA,NA,NA,NA,NA
ASV_123,Bacteria,Pseudomonadota,Alphaproteobacteria,Sphingomonadales,Erythrobacteraceae,Erythrobacter,Erythrobacter rubeus,99.99999999999999,99.99999999999999,99.99999999999999,99.99999999999999,86.44391025641026,39.451923076923045,36.97275641025637
ASV_124,Bacteria,Pseudomonadota,Gammaproteobacteria,Alteromonadales,Alteromonadaceae,Marisediminitalea,Marisediminitalea aggregata,99.99999999999999,99.99999999999999,99.99999999999999,99.99999999999999,99.99999999999999,70.0833333333334,70.0833333333334
ASV_125,Bacteria,Pseudomonadota,Gammaproteobacteria,Oceanospirillales,Oceanospirillaceae,Oceanospirillum,Oceanospirillum beijerinckii,100,100,100,70.15238095238092,63.56904761904763,56.36904761904762,23.850000000000012
ASV_126,Bacteria,Campylobacterota,Epsilonproteobacteria,Campylobacterales,Sulfurovaceae,Sulfurovum,Sulfurovum riftiae,100,100,100,100,100,100,65.11666666666666
ASV_127,Bacteria,Pseudomonadota,Gammaproteobacteria,Arenicellales,Arenicellaceae,Arenicella,Arenicella chitinivorans,100,100,100,100,100,99.5,53
ASV_128,Bacteria,Pseudomonadota,Gammaproteobacteria,Alteromonadales,Colwelliaceae,Thalassotalea,Thalassotalea loyana,100,100,100,100,100,95.5,21.866666666666664
ASV_129,Bacteria,Pseudomonadota,Gammaproteobacteria,Alteromonadales,Alteromonadaceae,Marisediminitalea,Marisediminitalea aggregata,100,100,100,100,100,43.25000000000001,43.25000000000001
ASV_130,Bacteria,Bacteroidota,Flavobacteriia,Flavobacteriales,Flavobacteriaceae,Allomuricauda,Allomuricauda ochracea,100,100,100,100,100,100,68.5
ASV_131,Bacteria,Pseudomonadota,Gammaproteobacteria,Alteromonadales,Pseudoalteromonadaceae,Pseudoalteromonas,Pseudoalteromonas piratica,100,100,100,100,100,100,50
ASV_132,Bacteria,Pseudomonadota,Gammaproteobacteria,Alteromonadales,Alteromonadaceae,Alteromonas,Alteromonas aestuariivivens,100.00000000000001,100.00000000000001,100.00000000000001,100.00000000000001,100.00000000000001,94.34404761904764,44.18614718614717
ASV_133,Bacteria,Pseudomonadota,Gammaproteobacteria,Alteromonadales,Alteromonadaceae,Alteromonas,Alteromonas confluentis,100,100,100,100,100,90.79047619047617,56.90952380952381
ASV_134,Bacteria,Pseudomonadota,Gammaproteobacteria,Vibrionales,Vibrionaceae,Vibrio,Vibrio quintilis,100,100,100,100,100,96.5,42.25
ASV_135,Bacteria,Pseudomonadota,Alphaproteobacteria,Rhodobacterales,Roseobacteraceae,Maritimibacter,Maritimibacter fusiformis,100.00000000000001,100.00000000000001,100.00000000000001,100.00000000000001,52.032142857142865,40.804761904761904,21.15119047619049
ASV_136,Bacteria,Bacteroidota,Flavobacteriia,Flavobacteriales,Flavobacteriaceae,Allomuricauda,Allomuricauda nanhaiensis,100,100,100,100,100,86.66666666666667,72
ASV_137,Bacteria,Pseudomonadota,Alphaproteobacteria,Hyphomicrobiales,Cohaesibacteraceae,Cohaesibacter,Cohaesibacter gelatinilyticus,100,100,100,100,100,100,92.5
ASV_138,Bacteria,Bacteroidota,Flavobacteriia,Flavobacteriales,Flavobacteriaceae,Mesoflavibacter,Mesoflavibacter zeaxanthinifaciens,100,100,100,100,100,33.833333333333336,30.25
ASV_139,Bacteria,Pseudomonadota,Alphaproteobacteria,Rhodobacterales,Paracoccaceae,Pseudodonghicola,Pseudodonghicola xiamenensis,100,100,100,100,64.1416666666667,41.425000000000026,41.425000000000026
ASV_140,Bacteria,Pseudomonadota,Gammaproteobacteria,Alteromonadales,Pseudoalteromonadaceae,Pseudoalteromonas,Pseudoalteromonas ostreae,100.00000000000001,100.00000000000001,100.00000000000001,100.00000000000001,100.00000000000001,100.00000000000001,26.68333333333332
ASV_141,Bacteria,Pseudomonadota,Gammaproteobacteria,Vibrionales,Vibrionaceae,Vibrio,Vibrio neptunius,100,100,100,100,100,100,95.49999999999999
ASV_142,Bacteria,Pseudomonadota,Betaproteobacteria,Nitrosomonadales,Methylophilaceae,Methylotenera,Methylotenera oryzisoli,100,100,100,100,78.5,78.5,78.5
ASV_143,Bacteria,Chlamydiota,Chlamydiia,Parachlamydiales,Waddliaceae,Waddlia,Waddlia malaysiensis,100,100,100,100,100,100,70.5
ASV_144,Bacteria,Pseudomonadota,Gammaproteobacteria,Alteromonadales,Colwelliaceae,Thalassotalea,Thalassotalea coralli,100,100,100,100,100,99,85.33333333333333
ASV_145,Bacteria,Pseudomonadota,Gammaproteobacteria,Thiotrichales,Fastidiosibacteraceae,Cysteiniphilum,Cysteiniphilum litorale,100,100,100,100,100,88,86.5
ASV_146,Bacteria,Pseudomonadota,Gammaproteobacteria,Oceanospirillales,Oceanospirillaceae,Thalassolituus,Thalassolituus oleivorans,100,100,100,98,93.5,50.16666666666666,49.833333333333336
ASV_147,Bacteria,Bacteroidota,Saprospiria,Saprospirales,Saprospiraceae,Aureispira,Aureispira maritima,100,100,100,100,100,100,100
ASV_148,Bacteria,Pseudomonadota,Gammaproteobacteria,Alteromonadales,Colwelliaceae,Thalassotalea,Thalassotalea coralli,100,100,100,90.3333333333333,90.3333333333333,89.5,38.16666666666666
ASV_149,Bacteria,Campylobacterota,Epsilonproteobacteria,Campylobacterales,Arcobacteraceae,Malaciobacter,Malaciobacter pacificus,99.99999999999999,99.99999999999999,99.99999999999999,99.99999999999999,99.99999999999999,61.166666666666636,50.66666666666664
ASV_150,Bacteria,Myxococcota,NA,Nannocystales,Nannocystaceae,Plesiocystis,Plesiocystis pacifica,100,100,84.75,84.75,84.75,83.25,83.25
ASV_151,Bacteria,Pseudomonadota,Alphaproteobacteria,Rhodobacterales,Roseobacteraceae,Mesobacterium,Mesobacterium pallidum,100.00000000000004,100.00000000000004,100.00000000000004,100.00000000000004,79.67142857142858,52.7261904761905,52.7261904761905
ASV_152,NA,NA,NA,NA,NA,NA,NA,NA,NA,NA,NA,NA,NA,NA
ASV_153,Bacteria,Pseudomonadota,Gammaproteobacteria,Oceanospirillales,Oceanospirillaceae,Oceanobacter,Oceanobacter mangrovi,100,100,100,100,100,90.93333333333334,87.86666666666667
ASV_154,Bacteria,Pseudomonadota,Alphaproteobacteria,Rhodobacterales,Roseobacteraceae,Phaeobacter,Phaeobacter italicus,100,100,100,100,100,99.5,99.5
ASV_155,Bacteria,Pseudomonadota,Alphaproteobacteria,Kordiimonadales,Kordiimonadaceae,Kordiimonas,Kordiimonas laminariae,100,100,100,100,100,100,100
ASV_156,Bacteria,Pseudomonadota,Gammaproteobacteria,Vibrionales,Vibrionaceae,Vibrio,Vibrio pelagius,100,100,100,100,100,100,86.66666666666666
ASV_157,Bacteria,Pseudomonadota,Gammaproteobacteria,Thiotrichales,Piscirickettsiaceae,Methylophaga,Methylophaga marina,100,100,100,100,100,98.4,96.73333333333335
ASV_158,Bacteria,Myxococcota,Myxococcia,Myxococcales,NA,Enhygromyxa,Enhygromyxa salina,100,100,61.66666666666666,61.66666666666666,61.66666666666666,61.66666666666666,61.66666666666666
ASV_159,Bacteria,Bacteroidota,Flavobacteriia,Flavobacteriales,Flavobacteriaceae,Dokdonia,Dokdonia lutea,100,100,100,100,100,100,98
ASV_160,NA,NA,NA,NA,NA,NA,NA,NA,NA,NA,NA,NA,NA,NA
ASV_161,Bacteria,Bacteroidota,Flavobacteriia,Flavobacteriales,Flavobacteriaceae,Allomuricauda,Allomuricauda flava,100,100,100,100,100,100,57
ASV_162,Bacteria,Pseudomonadota,Alphaproteobacteria,Rhodobacterales,Roseobacteraceae,Sulfitobacter,Sulfitobacter porphyrae,100,100,100,100,100,100,85.83333333333333
ASV_163,Bacteria,Pseudomonadota,Gammaproteobacteria,Alteromonadales,Colwelliaceae,Thalassotalea,Thalassotalea loyana,100,100,100,100,100,100,33.66666666666665
ASV_164,Bacteria,Pseudomonadota,Gammaproteobacteria,Oceanospirillales,Oceanospirillaceae,Spongiispira,Spongiispira norvegica,100,100,100,99,99,72.33333333333333,72.33333333333333
ASV_165,Bacteria,Pseudomonadota,Gammaproteobacteria,Oceanospirillales,Oceanospirillaceae,Thalassolituus,Thalassolituus maritimus,100,100,100,100,100,100,100
ASV_166,Bacteria,Pseudomonadota,Gammaproteobacteria,Alteromonadales,Colwelliaceae,Thalassomonas,Thalassomonas actiniarum,100,100,100,84.66666666666667,84.66666666666667,52.833333333333336,47.66666666666665
ASV_167,Bacteria,Pseudomonadota,Alphaproteobacteria,Rhodobacterales,Paracoccaceae,Pseudodonghicola,Pseudodonghicola xiamenensis,100,100,100,100,74.60476190476189,51.876190476190466,51.876190476190466
ASV_168,NA,NA,NA,NA,NA,NA,NA,NA,NA,NA,NA,NA,NA,NA
ASV_169,Bacteria,Pseudomonadota,Gammaproteobacteria,Alteromonadales,Alteromonadaceae,Alteromonas,Alteromonas confluentis,100,100,100,100,100,76.68595571095568,48.611310428701756
ASV_170,NA,NA,NA,NA,NA,NA,NA,NA,NA,NA,NA,NA,NA,NA
ASV_171,Bacteria,Pseudomonadota,Gammaproteobacteria,Thiotrichales,Piscirickettsiaceae,Hydrogenovibrio,Hydrogenovibrio kuenenii,99.99999999999999,99.99999999999999,99.99999999999999,99.99999999999999,99.99999999999999,99.99999999999999,62.83333333333333
ASV_172,Bacteria,Bacteroidota,Flavobacteriia,Flavobacteriales,Cryomorphaceae,Acidiluteibacter,Acidiluteibacter ferrifornacis,100,100,100,100,100,100,100
ASV_173,Bacteria,Campylobacterota,Epsilonproteobacteria,Campylobacterales,Sulfurovaceae,Sulfurovum,Sulfurovum riftiae,100.00000000000001,100.00000000000001,100.00000000000001,100.00000000000001,100.00000000000001,100.00000000000001,29.5
ASV_174,Bacteria,Pseudomonadota,Gammaproteobacteria,Thiotrichales,Fastidiosibacteraceae,Cysteiniphilum,Cysteiniphilum litorale,100,100,100,100,100,79.16666666666666,72.33333333333331
ASV_175,Bacteria,Pseudomonadota,Alphaproteobacteria,Rhodobacterales,Roseobacteraceae,Thalassovita,Thalassovita mangrovi,100,100,100,100,53.4059523809524,37.40119047619048,34.417857142857144
ASV_176,Bacteria,Pseudomonadota,Alphaproteobacteria,Hyphomicrobiales,Parvibaculaceae,Pyruvatibacter,Pyruvatibacter mobilis,100,100,100,100,100,100,100
ASV_177,Bacteria,Pseudomonadota,Gammaproteobacteria,Alteromonadales,Alteromonadaceae,Alteromonas,Alteromonas abrolhosensis,99.99999999999999,99.99999999999999,99.99999999999999,99.99999999999999,99.99999999999999,99.99999999999999,40.901877572331166
ASV_178,Bacteria,Pseudomonadota,Gammaproteobacteria,Vibrionales,Vibrionaceae,Vibrio,Vibrio tubiashii,100,100,100,100,100,100,99.66666666666667
ASV_179,Bacteria,Pseudomonadota,Alphaproteobacteria,Maricaulales,Robiginitomaculaceae,Algimonas,Algimonas porphyrae,100,100,100,100,100,100,100
ASV_180,Bacteria,Pseudomonadota,Alphaproteobacteria,Rhodobacterales,Roseobacteraceae,Mesobacterium,Mesobacterium pallidum,100.00000000000001,100.00000000000001,100.00000000000001,100.00000000000001,78.29949494949497,72.31868686868685,72.31868686868685
ASV_181,Bacteria,Pseudomonadota,Alphaproteobacteria,Sphingomonadales,Erythrobacteraceae,Qipengyuania,Erythrobacter rubeus,99.99999999999999,99.99999999999999,99.99999999999999,99.99999999999999,94.34811066126856,53.64494891073836,30.43323693850009
ASV_182,Bacteria,Pseudomonadota,Gammaproteobacteria,Alteromonadales,Colwelliaceae,Thalassotalea,Thalassotalea coralli,100,100,100,100,100,94.25,56.25
ASV_183,Bacteria,Pseudomonadota,Gammaproteobacteria,Vibrionales,Vibrionaceae,Vibrio,Vibrio neptunius,100,100,100,100,100,100,49.233333333333334
ASV_184,Bacteria,Pseudomonadota,Alphaproteobacteria,Rhodobacterales,Roseobacteraceae,Thalassovita,Thalassovita mediterranea,100,100,100,100,78,77.5,75.83333333333331
ASV_185,Bacteria,Pseudomonadota,Alphaproteobacteria,Rhodobacterales,Roseobacteraceae,Shimia,Shimia aquaeponti,100,100,100,100,59.59523809523811,24.033333333333324,24.033333333333324
ASV_186,Bacteria,Bacteroidota,Saprospiria,Saprospirales,Saprospiraceae,Saprospira,Saprospira grandis,100,100,100,100,100,100,100
ASV_187,Bacteria,Pseudomonadota,Gammaproteobacteria,Oceanospirillales,Oceanospirillaceae,Thalassolituus,Thalassolituus oleivorans,100.00000000000001,100.00000000000001,100.00000000000001,99.00000000000001,95.10000000000001,53.566666666666656,53.23333333333334
ASV_188,Bacteria,Actinomycetota,Actinomycetes,Mycobacteriales,Dietziaceae,Dietzia,Dietzia psychralcaliphila,100,100,100,100,100,100,44.75
ASV_189,Bacteria,Pseudomonadota,Gammaproteobacteria,Oceanospirillales,Oceanospirillaceae,Neptuniibacter,Neptuniibacter caesariensis,100,100,100,100,100,100,100
ASV_190,Bacteria,Pseudomonadota,Gammaproteobacteria,Oceanospirillales,Oceanospirillaceae,Thalassolituus,Bacterioplanoides pacificum,100,100,100,90.75,79.91666666666667,41.91666666666664,33.16666666666665
ASV_191,Bacteria,Pseudomonadota,Gammaproteobacteria,Oceanospirillales,Oceanospirillaceae,Oleispira,Oleispira lenta,100,100,100,100,100,100,96.5
ASV_192,Bacteria,Bacteroidota,Flavobacteriia,Flavobacteriales,Flavobacteriaceae,Psychroserpens,Psychroserpens mesophilus,100,100,100,100,100,60.5,59
ASV_193,Bacteria,Pseudomonadota,Gammaproteobacteria,Alteromonadales,Pseudoalteromonadaceae,Pseudoalteromonas,Pseudoalteromonas phenolica,100,100,100,100,100,100,96.41666666666667
ASV_194,Bacteria,Pseudomonadota,Gammaproteobacteria,Vibrionales,Vibrionaceae,Vibrio,Vibrio coralliilyticus,100,100,100,100,100,100,48.5
ASV_195,Bacteria,Pseudomonadota,Alphaproteobacteria,Rhodobacterales,Roseobacteraceae,Dinoroseobacter,Dinoroseobacter shibae,100.00000000000004,100.00000000000004,100.00000000000004,100.00000000000004,88.83333333333337,67.50000000000004,67.50000000000004
ASV_196,Bacteria,Pseudomonadota,Gammaproteobacteria,Vibrionales,Vibrionaceae,Vibrio,Vibrio neptunius,100,100,100,100,100,100,98.06666666666669
ASV_197,Bacteria,Campylobacterota,Epsilonproteobacteria,Campylobacterales,Arcobacteraceae,Halarcobacter,Halarcobacter bivalviorum,100,100,100,100,100,98.5,98.5
ASV_198,Bacteria,Pseudomonadota,Gammaproteobacteria,Oceanospirillales,Oceanospirillaceae,Neptuniibacter,Neptuniibacter marinus,100,100,100,100,100,100,80.16666666666666
ASV_199,Bacteria,Pseudomonadota,Betaproteobacteria,Burkholderiales,Burkholderiaceae,Paraburkholderia,Paraburkholderia fungorum,99.99999999999999,99.99999999999999,99.99999999999999,99.99999999999999,99.99999999999999,99.99999999999999,59.89999999999999
ASV_200,Bacteria,Pseudomonadota,Gammaproteobacteria,Alteromonadales,Colwelliaceae,Thalassotalea,Thalassotalea marina,100,100,100,100,100,88.16666666666666,40.66666666666665
ASV_201,Bacteria,Bacteroidota,Flavobacteriia,Flavobacteriales,Flavobacteriaceae,Gilvibacter,Gilvibacter sediminis,100,100,100,100,100,100,100
ASV_202,Bacteria,Bacteroidota,Cytophagia,Cytophagales,Microscillaceae,Microscilla,Microscilla marina,100,100,100,100,100,100,100
ASV_203,Bacteria,Pseudomonadota,Gammaproteobacteria,Alteromonadales,Pseudoalteromonadaceae,Psychrosphaera,Psychrosphaera ytuae,100.00000000000011,100.00000000000011,100.00000000000011,100.00000000000011,99.85027173913055,82.06003584229389,48.11559139784946
ASV_204,Bacteria,Pseudomonadota,Alphaproteobacteria,Rhodobacterales,Roseobacteraceae,Pseudoponticoccus,Pseudoponticoccus marisrubri,100,100,100,100,71.38333333333331,29.08333333333332,29.08333333333332
ASV_205,Bacteria,Campylobacterota,Epsilonproteobacteria,Campylobacterales,Arcobacteraceae,Halarcobacter,Halarcobacter bivalviorum,100,100,100,100,100,94.33333333333333,93.66666666666669
ASV_206,Bacteria,Pseudomonadota,Alphaproteobacteria,Hyphomicrobiales,Parvibaculaceae,Tepidicaulis,Tepidicaulis marinus,100,100,100,100,94,94,94
ASV_207,Bacteria,Pseudomonadota,Gammaproteobacteria,Alteromonadales,Colwelliaceae,Thalassotalea,Thalassotalea agarivorans,100,100,100,100,100,96,35.16666666666666
ASV_208,Bacteria,Pseudomonadota,Gammaproteobacteria,Alteromonadales,Alteromonadaceae,Aestuariibacter,Aestuariibacter halophilus,100,100,100,100,100,38.6,38.6
ASV_209,Bacteria,Pseudomonadota,Gammaproteobacteria,Alteromonadales,Pseudoalteromonadaceae,Algicola,Algicola sagamiensis,100.00000000000003,100.00000000000003,100.00000000000003,100.00000000000003,98.5,98.5,60
ASV_210,Bacteria,Pseudomonadota,Alphaproteobacteria,Rhodobacterales,Roseobacteraceae,Roseovarius,Roseovarius pacificus,100.00000000000009,100.00000000000009,100.00000000000009,100.00000000000009,94.11111111111119,64.05515873015874,64.05515873015874
ASV_211,Bacteria,Pseudomonadota,Gammaproteobacteria,Cellvibrionales,Cellvibrionaceae,Eionea,Eionea nigra,100,100,100,60.500000000000014,44.750000000000014,41.000000000000014,41.000000000000014
ASV_212,Bacteria,Bacteroidota,Flavobacteriia,Flavobacteriales,Cryomorphaceae,Acidiluteibacter,Acidiluteibacter ferrifornacis,100,100,100,100,59.00000000000001,59.00000000000001,59.00000000000001
ASV_213,Bacteria,Pseudomonadota,Gammaproteobacteria,Thiotrichales,Francisellaceae,Francisella,Francisella philomiragia,100,100,100,100,100,100,83.64999999999996
ASV_214,Bacteria,Campylobacterota,Epsilonproteobacteria,Campylobacterales,Arcobacteraceae,Malaciobacter,Malaciobacter pacificus,100,100,100,100,100,46.04999999999998,34.81666666666663
ASV_215,Bacteria,Pseudomonadota,Gammaproteobacteria,Alteromonadales,Alteromonadaceae,Bowmanella,Bowmanella denitrificans,100.00000000000003,100.00000000000003,100.00000000000003,100.00000000000003,100.00000000000003,40.41666666666665,31.41666666666667
ASV_216,Bacteria,Pseudomonadota,Gammaproteobacteria,Alteromonadales,Colwelliaceae,Thalassotalea,Thalassotalea fusca,100.00000000000001,100.00000000000001,100.00000000000001,100.00000000000001,100.00000000000001,97.08333333333334,41.86666666666666
ASV_217,Bacteria,Pseudomonadota,Gammaproteobacteria,Alteromonadales,Alteromonadaceae,Alteromonas,Alteromonas abrolhosensis,100,100,100,100,100,99.95,41.17725621501633
ASV_218,Bacteria,Pseudomonadota,Gammaproteobacteria,Oceanospirillales,Oceanospirillaceae,Oleispira,Oleispira lenta,100,100,100,100,100,100,99.5
ASV_219,Bacteria,Campylobacterota,Epsilonproteobacteria,Campylobacterales,Sulfurimonadaceae,Sulfurimonas,Sulfurimonas paralvinellae,100,100,100,100,100,100,57.93333333333332
ASV_220,Bacteria,Pseudomonadota,Alphaproteobacteria,Hyphomicrobiales,Parvibaculaceae,Pyruvatibacter,Pyruvatibacter mobilis,100,100,100,100,100,100,100
ASV_221,Bacteria,Bacteroidota,Flavobacteriia,Flavobacteriales,Flavobacteriaceae,Aureitalea,Aureitalea marina,100,100,100,100,100,36.833333333333336,36.833333333333336
ASV_222,NA,NA,NA,NA,NA,NA,NA,NA,NA,NA,NA,NA,NA,NA
ASV_223,Bacteria,Pseudomonadota,Gammaproteobacteria,Oceanospirillales,Oceanospirillaceae,Neptuniibacter,Neptuniibacter caesariensis,100,100,100,100,100,100,100
ASV_224,Bacteria,Pseudomonadota,Gammaproteobacteria,Oceanospirillales,Oceanospirillaceae,Neptuniibacter,Neptuniibacter caesariensis,100,100,100,100,100,100,96.5
ASV_225,Bacteria,Pseudomonadota,Gammaproteobacteria,Vibrionales,Vibrionaceae,Vibrio,Vibrio cincinnatiensis,100,100,100,100,100,92,34.6
ASV_226,Bacteria,Pseudomonadota,Alphaproteobacteria,Hyphomicrobiales,Stappiaceae,Roseibium,Roseibium marinum,100,100,100,96.10714285714285,96.10714285714285,78.28809523809521,34.409523809523826
ASV_227,Bacteria,Pseudomonadota,Gammaproteobacteria,Oceanospirillales,Oceanospirillaceae,Marinomonas,Marinomonas communis,100,100,100,100,100,100,90.08333333333333
ASV_228,Bacteria,Pseudomonadota,Gammaproteobacteria,Vibrionales,Vibrionaceae,Vibrio,Vibrio tubiashii,100.00000000000007,100.00000000000007,100.00000000000007,100.00000000000007,100.00000000000007,100.00000000000007,55.12793040293041
ASV_229,Bacteria,Pseudomonadota,Alphaproteobacteria,Rhodobacterales,Roseobacteraceae,Donghicola,Donghicola eburneus,100,100,100,100,100,99.5,99.5
ASV_230,Bacteria,Verrucomicrobiota,Opitutae,Puniceicoccales,Coraliomargaritaceae,Coraliomargarita,Coraliomargarita akajimensis,100,100,100,100,100,100,78.66666666666667
ASV_231,Bacteria,Pseudomonadota,Gammaproteobacteria,Oceanospirillales,Oceanospirillaceae,Amphritea,Amphritea japonica,100,100,100,100,100,100,70.5
ASV_232,Bacteria,Pseudomonadota,Gammaproteobacteria,Oceanospirillales,Pleioneaceae,Aliikangiella,Aliikangiella marina,100,100,100,100,79.66666666666666,79.66666666666666,48.333333333333336
ASV_233,Bacteria,Pseudomonadota,Alphaproteobacteria,Rickettsiales,Rickettsiaceae,Rickettsia,Rickettsia sibirica,100.00000000000003,100.00000000000003,100.00000000000003,100.00000000000003,100.00000000000003,93.25000000000001,25.108241758241768
ASV_234,Bacteria,Pseudomonadota,Gammaproteobacteria,Vibrionales,Vibrionaceae,Vibrio,Vibrio alginolyticus,99.99999999999999,99.99999999999999,99.99999999999999,99.99999999999999,99.99999999999999,99.99999999999999,27.39533555539747
ASV_235,Bacteria,Campylobacterota,Epsilonproteobacteria,Campylobacterales,Sulfurovaceae,Sulfurovum,Sulfurovum denitrificans,100,100,100,100,100,100,80.58333333333333
ASV_236,Bacteria,Pseudomonadota,Gammaproteobacteria,Vibrionales,Vibrionaceae,Vibrio,Vibrio xuii,100,100,100,100,100,100,100
ASV_237,Bacteria,Campylobacterota,Epsilonproteobacteria,Campylobacterales,Sulfurovaceae,Sulfurovum,Sulfurovum aggregans,100,100,100,100,100,100,93.5
ASV_238,Bacteria,Bacteroidota,Flavobacteriia,Flavobacteriales,Crocinitomicaceae,Fluviicola,Salinirepens amamiensis,100,100,100,100,99.75,44.16666666666666,34.33333333333333
ASV_239,Bacteria,Bacteroidota,Saprospiria,Saprospirales,Saprospiraceae,Aureispira,Aureispira maritima,100,100,100,100,100,100,100
ASV_240,Bacteria,Pseudomonadota,Gammaproteobacteria,Alteromonadales,Alteromonadaceae,Alteromonas,Alteromonas confluentis,99.99999999999999,99.99999999999999,99.99999999999999,99.99999999999999,99.99999999999999,88.3,55.955555555555534
ASV_241,Bacteria,Pseudomonadota,Gammaproteobacteria,Oceanospirillales,Oceanospirillaceae,Oceaniserpentilla,Oceaniserpentilla haliotis,100,100,100,100,100,87,87
ASV_242,Bacteria,Bacteroidota,Flavobacteriia,Flavobacteriales,Flavobacteriaceae,Tenacibaculum,Tenacibaculum litopenaei,100,100,100,100,100,100,100
ASV_243,Bacteria,Pseudomonadota,Gammaproteobacteria,Alteromonadales,Pseudoalteromonadaceae,Pseudoalteromonas,Psychrosphaera aquimarina,99.99999999999997,99.99999999999997,99.99999999999997,99.99999999999997,99.99999999999997,55.92500000000001,18.666666666666664
ASV_244,Bacteria,Pseudomonadota,Gammaproteobacteria,Cellvibrionales,Cellvibrionaceae,Pseudoteredinibacter,Pseudoteredinibacter isoporae,100,100,100,100,100,100,100
ASV_245,Bacteria,Pseudomonadota,Alphaproteobacteria,Holosporales,Caedimonadaceae,Caedimonas,Caedimonas varicaedens,100,100,100,78.16666666666667,78.16666666666667,78.16666666666667,78.16666666666667
ASV_246,Bacteria,Pseudomonadota,Gammaproteobacteria,Alteromonadales,Pseudoalteromonadaceae,Pseudoalteromonas,Pseudoalteromonas piratica,100,100,100,100,100,100,50
ASV_247,Bacteria,Pseudomonadota,Alphaproteobacteria,Rhodobacterales,Roseobacteraceae,Aliiruegeria,Aliiruegeria lutimaris,100,100,100,100,92.46666666666668,29.669047619047625,20.459523809523805
ASV_248,Bacteria,Pseudomonadota,Alphaproteobacteria,Hyphomonadales,Hyphomonadaceae,Hyphomonas,Hyphomonas beringensis,100,100,100,100,100,100,42.516666666666644
ASV_249,Bacteria,Pseudomonadota,Gammaproteobacteria,Cellvibrionales,Cellvibrionaceae,Marinagarivorans,Marinagarivorans algicola,100,100,100,100,100,100,100
ASV_250,NA,NA,NA,NA,NA,NA,NA,NA,NA,NA,NA,NA,NA,NA
ASV_251,Bacteria,Campylobacterota,Epsilonproteobacteria,Campylobacterales,Sulfurimonadaceae,Sulfurimonas,Sulfurimonas paralvinellae,100,100,100,100,85.5,85.5,81.5
ASV_252,Bacteria,Pseudomonadota,Gammaproteobacteria,Alteromonadales,Alteromonadaceae,Alteromonas,Alteromonas abrolhosensis,100.00000000000006,100.00000000000006,100.00000000000006,100.00000000000006,100.00000000000006,100.00000000000006,39.27954832442652
ASV_253,NA,NA,NA,NA,NA,NA,NA,NA,NA,NA,NA,NA,NA,NA
ASV_254,Bacteria,Pseudomonadota,Alphaproteobacteria,Rhodobacterales,Paracoccaceae,Pseudooceanicola,Pseudooceanicola antarcticus,100,100,100,100,74.5416666666667,52.46428571428572,25.217857142857156
ASV_255,Bacteria,Pseudomonadota,Gammaproteobacteria,Alteromonadales,Alteromonadaceae,Alteromonas,Alteromonas abrolhosensis,100,100,100,100,100,99.94736842105263,41.29245726110984
ASV_256,NA,NA,NA,NA,NA,NA,NA,NA,NA,NA,NA,NA,NA,NA
ASV_257,Bacteria,Pseudomonadota,Gammaproteobacteria,Oceanospirillales,Oceanospirillaceae,Thalassolituus,Thalassolituus oleivorans,100,100,100,100,98.5,60.5,59.16666666666665
ASV_258,Bacteria,Pseudomonadota,Gammaproteobacteria,Oceanospirillales,Oceanospirillaceae,Oleispira,Oleispira lenta,100,100,100,100,100,100,100
ASV_259,NA,NA,NA,NA,NA,NA,NA,NA,NA,NA,NA,NA,NA,NA
ASV_260,Bacteria,Pseudomonadota,Gammaproteobacteria,Alteromonadales,Alteromonadaceae,Alteromonas,Alteromonas confluentis,100,100,100,100,100,82.24880952380951,40.298809523809574
ASV_261,Bacteria,Pseudomonadota,Alphaproteobacteria,Rhodobacterales,Roseobacteraceae,Thalassovita,Thalassovita aquimarina,100,100,100,100,91.75,69.91666666666667,66.75
ASV_262,Bacteria,Pseudomonadota,Alphaproteobacteria,Sphingomonadales,Erythrobacteraceae,Erythrobacter,Erythrobacter rubeus,100,100,100,100,99.45238095238093,47.24999999999997,44.5833333333333
ASV_263,NA,NA,NA,NA,NA,NA,NA,NA,NA,NA,NA,NA,NA,NA
ASV_264,Bacteria,Pseudomonadota,Alphaproteobacteria,Rhodobacterales,Roseobacteraceae,Jannaschia,Jannaschia donghaensis,100,100,100,100,63.116666666666674,26.93333333333333,19.733333333333327
ASV_265,Bacteria,Pseudomonadota,Alphaproteobacteria,Rhodobacterales,Roseobacteraceae,Thalassovita,Thalassovita aquimarina,100,100,100,100,97.5,97.25,95.33333333333333
ASV_266,Bacteria,Pseudomonadota,Alphaproteobacteria,Rhodobacterales,Paracoccaceae,Tritonibacter,Tritonibacter litoralis,100,100,100,100,96.41666666666669,95.91666666666669,79.91666666666669
ASV_267,Bacteria,Pseudomonadota,Gammaproteobacteria,Alteromonadales,Pseudoalteromonadaceae,Pseudoalteromonas,Pseudoalteromonas peptidolytica,100,100,100,100,100,100,68.24133605240392
ASV_268,Bacteria,Pseudomonadota,Gammaproteobacteria,Alteromonadales,Pseudoalteromonadaceae,Psychrosphaera,Psychrosphaera aestuarii,100,100,100,100,100,79.66666666666666,24.749999999999993
ASV_269,Bacteria,Bacteroidota,Flavobacteriia,Flavobacteriales,Cryomorphaceae,Acidiluteibacter,Acidiluteibacter ferrifornacis,100,100,100,100,100,100,100
ASV_270,Bacteria,Verrucomicrobiota,Verrucomicrobiae,Verrucomicrobiales,Verrucomicrobiaceae,Fucophilus,Fucophilus fucoidanolyticus,100,100,100,100,100,100,100
ASV_271,Bacteria,Pseudomonadota,Gammaproteobacteria,Alteromonadales,Colwelliaceae,Thalassotalea,Thalassotalea montiporae,99.99999999999999,99.99999999999999,99.99999999999999,99.99999999999999,99.99999999999999,99.99999999999999,45.41666666666664
ASV_272,Bacteria,Pseudomonadota,Gammaproteobacteria,Alteromonadales,Alteromonadaceae,Alteromonas,Alteromonas confluentis,100,100,100,100,100,84.34761904761908,48.35952380952381
ASV_273,Bacteria,Pseudomonadota,Gammaproteobacteria,Vibrionales,Vibrionaceae,Vibrio,Vibrio campbellii,99.99999999999999,99.99999999999999,99.99999999999999,99.99999999999999,99.99999999999999,99.99999999999999,30.58643924874574
ASV_274,Bacteria,Pseudomonadota,Gammaproteobacteria,Alteromonadales,Colwelliaceae,Thalassotalea,Thalassomonas actiniarum,100,100,100,92.41666666666669,92.41666666666669,50.58333333333333,26.166666666666664
ASV_275,Bacteria,Pseudomonadota,Gammaproteobacteria,Oceanospirillales,Oceanospirillaceae,Bacterioplanoides,Bacterioplanoides pacificum,100,100,100,100,100,100,100
ASV_276,Bacteria,Campylobacterota,Epsilonproteobacteria,Campylobacterales,Sulfurovaceae,Sulfurovum,Sulfurovum riftiae,100,100,100,100,100,100,50.83333333333333
ASV_277,Bacteria,Bacteroidota,Saprospiria,Saprospirales,Saprospiraceae,Aureispira,Aureispira maritima,100,100,100,100,100,100,67.5
ASV_278,Bacteria,Pseudomonadota,Gammaproteobacteria,Alteromonadales,Alteromonadaceae,Salinimonas,Salinimonas iocasae,100.00000000000001,100.00000000000001,100.00000000000001,100.00000000000001,100.00000000000001,82.16666666666667,75.66666666666667
ASV_279,Bacteria,Pseudomonadota,Gammaproteobacteria,Vibrionales,Vibrionaceae,Vibrio,Vibrio xuii,100.00000000000001,100.00000000000001,100.00000000000001,100.00000000000001,100.00000000000001,92.80000000000001,60.78333333333335
ASV_280,Bacteria,Bacteroidota,Flavobacteriia,Flavobacteriales,Flavobacteriaceae,Polaribacter,Polaribacter pacificus,100.00000000000001,100.00000000000001,100.00000000000001,100.00000000000001,100.00000000000001,59.05952380952383,29.55952380952381
ASV_281,Bacteria,Pseudomonadota,Gammaproteobacteria,Alteromonadales,Alteromonadaceae,Alteromonas,Alteromonas australica,100.00000000000003,100.00000000000003,100.00000000000003,100.00000000000003,100.00000000000003,94.67322677322679,18.440766551864936
ASV_282,Bacteria,Bacteroidota,Flavobacteriia,Flavobacteriales,Flavobacteriaceae,Psychroserpens,Psychroserpens mesophilus,100,100,100,100,100,99.5,99.5
ASV_283,Bacteria,Pseudomonadota,Alphaproteobacteria,Kordiimonadales,Kordiimonadaceae,Kordiimonas,Kordiimonas lacus,100,100,100,100,100,100,44.45
ASV_284,Bacteria,Pseudomonadota,Gammaproteobacteria,Vibrionales,Vibrionaceae,Vibrio,Vibrio neptunius,100,100,100,100,100,100,55.16666666666665
ASV_285,Bacteria,Pseudomonadota,Gammaproteobacteria,Thiotrichales,Fastidiosibacteraceae,Cysteiniphilum,Cysteiniphilum litorale,100,100,100,100,100,88.5,88.5
ASV_286,Bacteria,Pseudomonadota,Gammaproteobacteria,Alteromonadales,Pseudoalteromonadaceae,Pseudoalteromonas,Pseudoalteromonas piscicida,99.99999999999974,99.99999999999974,99.99999999999974,99.99999999999974,99.83311781609166,99.83311781609166,38.36107906146013
ASV_287,Bacteria,Pseudomonadota,Gammaproteobacteria,Vibrionales,Vibrionaceae,Vibrio,Vibrio alginolyticus,99.99999999999996,99.99999999999996,99.99999999999996,99.99999999999996,99.99999999999996,99.99999999999996,68.07575757575754
ASV_288,Bacteria,Pseudomonadota,Alphaproteobacteria,Rhodobacterales,Roseobacteraceae,Shimia,Shimia marina,100,100,100,100,99.5,97.5,96.83333333333333
ASV_289,Bacteria,Pseudomonadota,Gammaproteobacteria,Alteromonadales,Colwelliaceae,Thalassotalea,Thalassotalea marina,100,100,100,100,100,96.5,37.166666666666664
ASV_290,Bacteria,Pseudomonadota,Gammaproteobacteria,Cellvibrionales,Cellvibrionaceae,Pseudoteredinibacter,Pseudoteredinibacter isoporae,100,100,100,100,100,100,100
ASV_291,Bacteria,Pseudomonadota,Gammaproteobacteria,Alteromonadales,Colwelliaceae,Thalassomonas,Photobacterium swingsii,100,100,100,62.966666666666654,62.966666666666654,34.33333333333334,33.36666666666666
ASV_292,Bacteria,Pseudomonadota,Gammaproteobacteria,Oceanospirillales,Oceanospirillaceae,Spongiispira,Spongiispira norvegica,100,100,100,100,100,99,99
ASV_293,Bacteria,Verrucomicrobiota,Verrucomicrobiae,Verrucomicrobiales,Verrucomicrobiaceae,Fucophilus,Fucophilus fucoidanolyticus,100,100,100,100,100,100,100
ASV_294,Bacteria,Pseudomonadota,Betaproteobacteria,Nitrosomonadales,Methylophilaceae,Methylotenera,Methylotenera oryzisoli,100,100,100,97.5,78.33333333333333,78.33333333333333,78.33333333333333
ASV_295,Bacteria,Pseudomonadota,Gammaproteobacteria,Oceanospirillales,Endozoicomonadaceae,Endozoicomonas,Endozoicomonas acroporae,100,100,100,100,100,100,51.16666666666664
ASV_296,Bacteria,Bacillota,Bacilli,Lactobacillales,Streptococcaceae,Streptococcus,Streptococcus oralis,100.00000000000003,100.00000000000003,100.00000000000003,100.00000000000003,100.00000000000003,100.00000000000003,25.836244107383543
ASV_297,Bacteria,Bacteroidota,Flavobacteriia,Flavobacteriales,Flavobacteriaceae,Tenacibaculum,Tenacibaculum crassostreae,100,100,100,100,100,90.16666666666669,70.33333333333333
ASV_298,Bacteria,Pseudomonadota,Gammaproteobacteria,Alteromonadales,Colwelliaceae,Thalassotalea,Thalassotalea marina,100,100,100,100,100,93.33333333333331,25.66666666666667
ASV_299,Bacteria,Pseudomonadota,Gammaproteobacteria,Oceanospirillales,Oleiphilaceae,Oleiphilus,Oleiphilus messinensis,100,100,100,55.5,39.333333333333336,39.333333333333336,39.333333333333336
ASV_300,Bacteria,Pseudomonadota,Alphaproteobacteria,Rhodobacterales,Roseobacteraceae,Shimia,Shimia marina,100.00000000000001,100.00000000000001,100.00000000000001,100.00000000000001,92.08333333333331,61.50000000000002,50.500000000000014
ASV_301,Bacteria,Planctomycetota,Planctomycetia,Planctomycetales,Planctomycetaceae,Thalassoglobus,Thalassoglobus neptunius,100,100,100,100,100,100,100
ASV_302,Bacteria,Pseudomonadota,Gammaproteobacteria,Alteromonadales,Pseudoalteromonadaceae,Psychrosphaera,Psychrosphaera ytuae,100,100,100,100,99.80288537549404,78.50000000000001,43.50000000000001
ASV_303,Bacteria,Pseudomonadota,Alphaproteobacteria,Rhodobacterales,Paracoccaceae,Aliiroseovarius,Aliiroseovarius marinus,100,100,100,100,55.86666666666666,51.800000000000004,51.63333333333335
ASV_304,Bacteria,Pseudomonadota,Gammaproteobacteria,Oceanospirillales,Endozoicomonadaceae,Endozoicomonas,Endozoicomonas montiporae,100,100,100,100,100,100,60.75000000000001
ASV_305,Bacteria,Pseudomonadota,Alphaproteobacteria,Rhodobacterales,Roseobacteraceae,Thalassovita,Thalassovita mediterranea,100.00000000000001,100.00000000000001,100.00000000000001,100.00000000000001,82.62499999999999,62.99166666666666,61.15833333333335
ASV_306,NA,NA,NA,NA,NA,NA,NA,NA,NA,NA,NA,NA,NA,NA
ASV_307,NA,NA,NA,NA,NA,NA,NA,NA,NA,NA,NA,NA,NA,NA
ASV_308,Bacteria,Bacteroidota,Saprospiria,Saprospirales,Saprospiraceae,Aureispira,Aureispira maritima,100,100,100,100,100,100,100
ASV_309,Bacteria,Campylobacterota,Epsilonproteobacteria,Campylobacterales,Sulfurovaceae,Sulfurovum,Sulfurovum riftiae,100,100,100,100,100,100,66
ASV_310,Bacteria,Pseudomonadota,Gammaproteobacteria,Alteromonadales,Alteromonadaceae,Neptunicella,Neptunicella marina,100,100,100,100,100,72.33333333333331,72.33333333333331
ASV_311,Bacteria,Pseudomonadota,Gammaproteobacteria,Pseudomonadales,Pseudomonadaceae,Pseudomonas,Pseudomonas aeruginosa,100,100,100,100,100,100,91.64999999999999
ASV_312,Bacteria,Pseudomonadota,Gammaproteobacteria,Vibrionales,Vibrionaceae,Vibrio,Vibrio neptunius,100.00000000000001,100.00000000000001,100.00000000000001,100.00000000000001,100.00000000000001,100.00000000000001,45.13333333333333
ASV_313,Bacteria,Pseudomonadota,Gammaproteobacteria,Alteromonadales,Alteromonadaceae,Marisediminitalea,Marisediminitalea aggregata,100,100,100,100,100,100,100
ASV_314,Bacteria,Campylobacterota,Epsilonproteobacteria,Campylobacterales,Sulfurovaceae,Sulfurovum,Sulfurovum lithotrophicum,100,100,100,100,100,100,51.75
ASV_315,Bacteria,Pseudomonadota,Gammaproteobacteria,Alteromonadales,Alteromonadaceae,Alteromonas,Alteromonas confluentis,100.00000000000001,100.00000000000001,100.00000000000001,100.00000000000001,100.00000000000001,83.95238095238096,59.097619047619055
ASV_316,NA,NA,NA,NA,NA,NA,NA,NA,NA,NA,NA,NA,NA,NA
ASV_317,Bacteria,Pseudomonadota,Gammaproteobacteria,Thiotrichales,Francisellaceae,Allofrancisella,Allofrancisella frigidaquae,100,100,100,100,100,56.542857142857144,30.659523809523797
ASV_318,Bacteria,Pseudomonadota,Gammaproteobacteria,Alteromonadales,Pseudoalteromonadaceae,Psychrosphaera,Psychrosphaera ytuae,100,100,100,100,100,100,100
ASV_319,Bacteria,Bacteroidota,Flavobacteriia,Flavobacteriales,Crocinitomicaceae,Salinirepens,Salinirepens amamiensis,100,100,100,100,100,97.5,97.5
ASV_320,Bacteria,Pseudomonadota,Gammaproteobacteria,Alteromonadales,Pseudoalteromonadaceae,Pseudoalteromonas,Pseudoalteromonas luteoviolacea,100.00000000000001,100.00000000000001,100.00000000000001,100.00000000000001,99.89260057471266,99.89260057471266,80.29912856071962
ASV_321,Bacteria,Pseudomonadota,Gammaproteobacteria,Vibrionales,Vibrionaceae,Vibrio,Vibrio hannami,100,100,100,100,100,100,94.5
ASV_322,Bacteria,Pseudomonadota,Alphaproteobacteria,Holosporales,Caedimonadaceae,Caedimonas,Caedimonas varicaedens,100,100,100,54.73333333333333,54.73333333333333,54.73333333333333,54.73333333333333
ASV_323,Bacteria,Pseudomonadota,Gammaproteobacteria,Oceanospirillales,Oceanospirillaceae,Spongiispira,Spongiispira norvegica,100,100,100,98.33333333333333,96.66666666666669,66.83333333333336,66.83333333333336
ASV_324,Bacteria,Bacteroidota,Cytophagia,Cytophagales,Reichenbachiellaceae,Ekhidna,Ekhidna lutea,100,100,100,100,100,100,100
ASV_325,Bacteria,Pseudomonadota,Gammaproteobacteria,Alteromonadales,Colwelliaceae,Thalassotalea,Thalassotalea loyana,100,100,100,98,98,97.5,53.833333333333336
ASV_326,Bacteria,Pseudomonadota,Gammaproteobacteria,Alteromonadales,Colwelliaceae,Thalassotalea,Thalassotalea insulae,100.00000000000001,100.00000000000001,100.00000000000001,95.00000000000001,95.00000000000001,85.66666666666669,44.41666666666665
ASV_327,Bacteria,Pseudomonadota,Gammaproteobacteria,Alteromonadales,Colwelliaceae,Thalassotalea,Thalassomonas actiniarum,100.00000000000001,100.00000000000001,100.00000000000001,89.66666666666669,89.66666666666669,59.16666666666666,26.666666666666664
ASV_328,NA,NA,NA,NA,NA,NA,NA,NA,NA,NA,NA,NA,NA,NA
ASV_329,Bacteria,Pseudomonadota,Alphaproteobacteria,Rhodobacterales,Roseobacteraceae,Celeribacter,Celeribacter litoreus,100,100,100,100,93.91666666666667,76.70000000000002,42.91666666666666
ASV_330,Bacteria,Pseudomonadota,Gammaproteobacteria,Alteromonadales,Alteromonadaceae,Alteromonas,Alteromonas confluentis,100,100,100,100,100,66.89166666666667,41.60833333333336
ASV_331,Bacteria,Bacteroidota,Flavobacteriia,Flavobacteriales,Flavobacteriaceae,Psychroserpens,Psychroserpens mesophilus,100,100,100,100,100,97,97
ASV_332,Bacteria,Pseudomonadota,Gammaproteobacteria,Vibrionales,Vibrionaceae,Vibrio,Vibrio diabolicus,100,100,100,100,100,100,46.583333333333336
ASV_333,Bacteria,Pseudomonadota,Alphaproteobacteria,Rhodobacterales,Roseobacteraceae,Celeribacter,Celeribacter litoreus,100,100,100,100,89.0583333333333,36.825,18.175
ASV_334,Bacteria,Pseudomonadota,Alphaproteobacteria,Sphingomonadales,Sphingomonadaceae,Sphingopyxis,Sphingopyxis alaskensis,100.00000000000001,100.00000000000001,100.00000000000001,100.00000000000001,100.00000000000001,100.00000000000001,42.19682539682541
ASV_335,Bacteria,Bacteroidota,Cytophagia,Cytophagales,Reichenbachiellaceae,Reichenbachiella,Reichenbachiella faecimaris,100,100,100,100,82.14999999999999,82.14999999999999,61.75
ASV_336,Bacteria,Pseudomonadota,Gammaproteobacteria,Vibrionales,Vibrionaceae,Vibrio,Vibrio hannami,99.99999999999999,99.99999999999999,99.99999999999999,99.99999999999999,99.99999999999999,85.91666666666669,23.25
ASV_337,Bacteria,Actinomycetota,Actinomycetes,Mycobacteriales,Corynebacteriaceae,Corynebacterium,Corynebacterium sputi,100,100,100,100,100,100,100
ASV_338,Bacteria,Pseudomonadota,Gammaproteobacteria,Oceanospirillales,Oceanospirillaceae,Bermanella,Bermanella marisrubri,100,100,100,100,100,52.33333333333333,52.33333333333333
ASV_339,Bacteria,Pseudomonadota,Gammaproteobacteria,Vibrionales,Vibrionaceae,Vibrio,Vibrio brasiliensis,100,100,100,100,100,100,59.49999999999999
ASV_340,Bacteria,Pseudomonadota,Gammaproteobacteria,Alteromonadales,Alteromonadaceae,Aestuariibacter,Aestuariibacter salexigens,100.00000000000001,100.00000000000001,100.00000000000001,100.00000000000001,100.00000000000001,51.86666666666665,26.666666666666668
ASV_341,Bacteria,Bacteroidota,Flavobacteriia,Flavobacteriales,Flavobacteriaceae,Seonamhaeicola,Seonamhaeicola aphaedonensis,100,100,100,100,100,100,100
ASV_342,Bacteria,Pseudomonadota,Gammaproteobacteria,Oceanospirillales,Oleiphilaceae,Oleiphilus,Oleiphilus messinensis,100,100,100,59.75,38.08333333333333,38.08333333333333,38.08333333333333
ASV_343,Bacteria,Pseudomonadota,Gammaproteobacteria,Oceanospirillales,Oceanospirillaceae,Marinobacterium,Marinobacterium jannaschii,100,100,100,100,100,53.43333333333333,29.06666666666666
ASV_344,Bacteria,Pseudomonadota,Gammaproteobacteria,Oceanospirillales,Oceanospirillaceae,Oceanospirillum,Oceanospirillum maris,100,100,100,100,100,100,38.216666666666654
ASV_345,NA,NA,NA,NA,NA,NA,NA,NA,NA,NA,NA,NA,NA,NA
ASV_346,Bacteria,Pseudomonadota,Alphaproteobacteria,Rhodobacterales,Paracoccaceae,Pseudooceanicola,Pseudooceanicola spongiae,100,100,100,100,60.189285714285745,22.967857142857156,22.063095238095244
ASV_347,Bacteria,Pseudomonadota,Alphaproteobacteria,Rhodospirillales,Kiloniellaceae,Kiloniella,Kiloniella litopenaei,100.00000000000001,100.00000000000001,100.00000000000001,100.00000000000001,100.00000000000001,100.00000000000001,54.50000000000001
ASV_348,Bacteria,Campylobacterota,Epsilonproteobacteria,Campylobacterales,Sulfurimonadaceae,Sulfurimonas,Sulfurimonas paralvinellae,100,100,100,100,100,100,45.75952380952381
ASV_349,Bacteria,Pseudomonadota,Gammaproteobacteria,Oceanospirillales,Oceanospirillaceae,Oceanospirillum,Oceanospirillum beijerinckii,100,100,100,100,100,100,72.89999999999999
ASV_350,Bacteria,Pseudomonadota,Gammaproteobacteria,Vibrionales,Vibrionaceae,Vibrio,Vibrio hannami,100,100,100,100,100,100,100
ASV_351,Bacteria,Pseudomonadota,Gammaproteobacteria,Thiotrichales,Francisellaceae,Pseudofrancisella,Pseudofrancisella aestuarii,100,100,100,100,100,66,66
ASV_352,Bacteria,Campylobacterota,Epsilonproteobacteria,Campylobacterales,Sulfurimonadaceae,Sulfurimonas,Sulfurimonas paralvinellae,100,100,100,100,100,100,100
ASV_353,Bacteria,Bacteroidota,Flavobacteriia,Flavobacteriales,Flavobacteriaceae,Mesoflavibacter,Mesoflavibacter zeaxanthinifaciens,100,100,100,100,100,100,100
ASV_354,NA,NA,NA,NA,NA,NA,NA,NA,NA,NA,NA,NA,NA,NA
ASV_355,Bacteria,Pseudomonadota,Gammaproteobacteria,Oceanospirillales,Oceanospirillaceae,Oceanobacter,Oceanobacter mangrovi,100,100,100,100,100,92.66666666666666,90
ASV_356,Bacteria,Pseudomonadota,Gammaproteobacteria,Oceanospirillales,Oceanospirillaceae,Bermanella,Bermanella marisrubri,100.00000000000001,100.00000000000001,100.00000000000001,97.33333333333334,97.33333333333334,63.91666666666666,63.91666666666666
ASV_357,Bacteria,Pseudomonadota,Gammaproteobacteria,Oceanospirillales,Oceanospirillaceae,Neptuniibacter,Neptuniibacter caesariensis,100.00000000000001,100.00000000000001,100.00000000000001,100.00000000000001,100.00000000000001,100.00000000000001,39.16666666666666
ASV_358,Bacteria,Bacteroidota,Saprospiria,Saprospirales,Lewinellaceae,Flavilitoribacter,Flavilitoribacter nigricans,100,100,100,100,53,53,53
ASV_359,Bacteria,Pseudomonadota,Gammaproteobacteria,Vibrionales,Vibrionaceae,Vibrio,Vibrio aquimaris,100.00000000000001,100.00000000000001,100.00000000000001,100.00000000000001,100.00000000000001,100.00000000000001,40.150000000000006
ASV_360,NA,NA,NA,NA,NA,NA,NA,NA,NA,NA,NA,NA,NA,NA
ASV_361,Bacteria,Pseudomonadota,Gammaproteobacteria,Alteromonadales,Pseudoalteromonadaceae,Pseudoalteromonas,Pseudoalteromonas luteoviolacea,100,100,100,100,99.96153846153848,99.96153846153848,87.26247585534671
ASV_362,Bacteria,Bacteroidota,Flavobacteriia,Flavobacteriales,Flavobacteriaceae,Aestuariimonas,Aestuariimonas insulae,100,100,100,100,100,61.50000000000002,61.50000000000002
ASV_363,Bacteria,Pseudomonadota,Alphaproteobacteria,Sphingomonadales,Erythrobacteraceae,Erythrobacter,Erythrobacter rubeus,100,100,100,100,97.06652850073903,62.44495855022172,61.94495855022172
ASV_364,Bacteria,Pseudomonadota,Gammaproteobacteria,Vibrionales,Vibrionaceae,Vibrio,Vibrio jasicida,100,100,100,100,100,100,87.37503434970826
ASV_365,Bacteria,Pseudomonadota,Gammaproteobacteria,Oceanospirillales,Alcanivoracaceae,Alcanivorax,Alcanivorax jadensis,100,100,100,100,100,95.16666666666667,46.25000000000001
ASV_366,Bacteria,Pseudomonadota,Alphaproteobacteria,Sneathiellales,Sneathiellaceae,Sneathiella,Sneathiella glossodoripedis,100,100,100,100,100,100,67.83333333333331
ASV_367,Bacteria,Pseudomonadota,Gammaproteobacteria,Alteromonadales,Alteromonadaceae,Bowmanella,Bowmanella pacifica,100,100,100,100,100,61.33333333333332,26.499999999999993
ASV_368,Bacteria,Bacteroidota,Flavobacteriia,Flavobacteriales,Flavobacteriaceae,Polaribacter,Polaribacter lacunae,100,100,100,100,100,100,98.33333333333333
ASV_369,Bacteria,Pseudomonadota,Alphaproteobacteria,Rhodobacterales,Roseobacteraceae,Ruegeria,Ruegeria atlantica,100.00000000000001,100.00000000000001,100.00000000000001,100.00000000000001,97.12380952380951,97.12380952380951,92.25714285714287
ASV_370,Bacteria,Campylobacterota,Epsilonproteobacteria,Campylobacterales,Sulfurovaceae,Sulfurovum,Sulfurovum riftiae,100,100,100,100,100,100,53.03333333333335
ASV_371,Bacteria,Bacteroidota,Saprospiria,Saprospirales,Lewinellaceae,Flavilitoribacter,Flavilitoribacter nigricans,100.00000000000001,100.00000000000001,100.00000000000001,100.00000000000001,59.66666666666666,59.66666666666666,59.66666666666666
ASV_372,Bacteria,Pseudomonadota,Gammaproteobacteria,Alteromonadales,Colwelliaceae,Thalassotalea,Thalassotalea coralli,100,100,100,100,100,99,77
ASV_373,Bacteria,Pseudomonadota,Alphaproteobacteria,Rhodospirillales,Terasakiellaceae,Terasakiella,Terasakiella brassicae,100,100,100,100,100,100,63.33333333333333
ASV_374,Bacteria,Pseudomonadota,Gammaproteobacteria,Alteromonadales,Colwelliaceae,Thalassotalea,Thalassotalea coralli,100,100,100,100,100,99.5,66.16666666666669
ASV_375,Bacteria,Pseudomonadota,Alphaproteobacteria,Sneathiellales,Sneathiellaceae,Sneathiella,Sneathiella glossodoripedis,100,100,100,100,100,100,81.91666666666669
ASV_376,Bacteria,Pseudomonadota,Gammaproteobacteria,Vibrionales,Vibrionaceae,Vibrio,Photobacterium aphoticum,100,100,100,100,100,69.24242424242424,26.75757575757575
ASV_377,Bacteria,Pseudomonadota,Gammaproteobacteria,Alteromonadales,Alteromonadaceae,Alteromonas,Alteromonas indica,100,100,100,100,100,51.621904761904666,26.609047619047587
ASV_378,Bacteria,Pseudomonadota,Betaproteobacteria,Burkholderiales,Burkholderiaceae,Ralstonia,Ralstonia insidiosa,100,100,100,100,100,100,100
ASV_379,Bacteria,Pseudomonadota,Gammaproteobacteria,Cellvibrionales,Cellvibrionaceae,Pseudomaricurvus,Pseudomaricurvus alkylphenolicus,100,100,100,100,100,98,98
ASV_380,Bacteria,Pseudomonadota,Gammaproteobacteria,Alteromonadales,Colwelliaceae,Thalassotalea,Thalassotalea insulae,100.00000000000001,100.00000000000001,100.00000000000001,92.83333333333333,92.83333333333333,82.43333333333335,37.23333333333335
ASV_381,Bacteria,Pseudomonadota,Gammaproteobacteria,Alteromonadales,Colwelliaceae,Thalassotalea,Thalassotalea marina,100.00000000000001,100.00000000000001,100.00000000000001,100.00000000000001,100.00000000000001,96.66666666666669,54.83333333333336
ASV_382,Bacteria,Pseudomonadota,Alphaproteobacteria,Rhodobacterales,Roseobacteraceae,Ruegeria,Ruegeria atlantica,100.00000000000001,100.00000000000001,100.00000000000001,100.00000000000001,80.6142857142857,80.03095238095237,36.73809523809525
ASV_383,Bacteria,Bacteroidota,Flavobacteriia,Flavobacteriales,Flavobacteriaceae,Allomuricauda,Allomuricauda ochracea,100,100,100,100,100,100,39.16666666666665
ASV_384,Bacteria,Pseudomonadota,Alphaproteobacteria,Rhodobacterales,Roseobacteraceae,Tateyamaria,Tateyamaria omphalii,100,100,100,100,59.295238095238126,20.66666666666667,20.66666666666667
ASV_385,Bacteria,Pseudomonadota,Alphaproteobacteria,Rhodobacterales,Paracoccaceae,Marimonas,Marimonas lutisalis,100.00000000000001,100.00000000000001,100.00000000000001,100.00000000000001,72.6619047619048,33.309523809523824,33.309523809523824
ASV_386,Bacteria,Pseudomonadota,Gammaproteobacteria,Alteromonadales,Colwelliaceae,Thalassotalea,Thalassotalea ganghwensis,100,100,100,100,100,97,31.16666666666667
ASV_387,Bacteria,Pseudomonadota,Alphaproteobacteria,Rhodospirillales,Terasakiellaceae,Terasakiella,Terasakiella brassicae,100,100,100,100,100,100,93.83333333333333
ASV_388,Bacteria,Pseudomonadota,Gammaproteobacteria,Oceanospirillales,Oceanospirillaceae,Alkalimarinus,Alkalimarinus sediminis,100,100,100,55.58333333333332,55.58333333333332,31.49999999999999,31.49999999999999
ASV_389,Bacteria,Bacteroidota,Saprospiria,Saprospirales,Saprospiraceae,Aureispira,Aureispira maritima,100,100,100,100,100,100,100
ASV_390,NA,NA,NA,NA,NA,NA,NA,NA,NA,NA,NA,NA,NA,NA
ASV_391,Bacteria,Pseudomonadota,Gammaproteobacteria,Thiotrichales,Fastidiosibacteraceae,Cysteiniphilum,Cysteiniphilum marinum,100,100,100,100,100,100,99.5
ASV_392,Bacteria,Verrucomicrobiota,Opitutae,Puniceicoccales,Coraliomargaritaceae,Coraliomargarita,Coraliomargarita akajimensis,100,100,92.33333333333331,92.33333333333331,92.33333333333331,92.33333333333331,92.33333333333331
ASV_393,Bacteria,Pseudomonadota,Gammaproteobacteria,Alteromonadales,Colwelliaceae,Thalassotalea,Thalassotalea coralli,100,100,100,100,68.75,66.41666666666667,23.33333333333332
ASV_394,Bacteria,Pseudomonadota,Gammaproteobacteria,Alteromonadales,Alteromonadaceae,Alteromonas,Alteromonas abrolhosensis,99.99999999999997,99.99999999999997,99.99999999999997,99.99999999999997,99.99999999999997,76.04767046370017,27.607663271553413
ASV_395,Bacteria,Bacteroidota,Flavobacteriia,Flavobacteriales,Flavobacteriaceae,Allomuricauda,Allomuricauda amphidinii,100,100,100,100,100,99,75.5
ASV_396,Bacteria,Pseudomonadota,Gammaproteobacteria,Vibrionales,Vibrionaceae,Vibrio,Vibrio fortis,100,100,100,100,100,100,28.199999999999996
ASV_397,NA,NA,NA,NA,NA,NA,NA,NA,NA,NA,NA,NA,NA,NA
ASV_398,Bacteria,Pseudomonadota,Gammaproteobacteria,Alteromonadales,Alteromonadaceae,Alteromonas,Salinimonas chungwhensis,100.00000000000001,100.00000000000001,100.00000000000001,100.00000000000001,100.00000000000001,49.023809523809554,36.83333333333333
ASV_399,Bacteria,Campylobacterota,Epsilonproteobacteria,Campylobacterales,Sulfurimonadaceae,Sulfurimonas,Sulfurimonas gotlandica,100,100,100,100,88.66666666666666,85.66666666666666,61.75
ASV_400,Bacteria,Pseudomonadota,Alphaproteobacteria,Rhodobacterales,Roseobacteraceae,Celeribacter,Celeribacter litoreus,100.00000000000001,100.00000000000001,100.00000000000001,100.00000000000001,94.50000000000001,76.71666666666671,45.53333333333335
ASV_401,Bacteria,Pseudomonadota,Gammaproteobacteria,Vibrionales,Vibrionaceae,Vibrio,Vibrio xuii,100,100,100,100,100,100,90.50000000000003
ASV_402,Bacteria,Pseudomonadota,Alphaproteobacteria,Rhodobacterales,Roseobacteraceae,Phycobacter,Phycobacter azelaicus,100,100,100,100,57.06666666666666,43.949999999999996,43.949999999999996
ASV_403,NA,NA,NA,NA,NA,NA,NA,NA,NA,NA,NA,NA,NA,NA
ASV_404,Bacteria,Pseudomonadota,Gammaproteobacteria,Vibrionales,Vibrionaceae,Vibrio,Vibrio mytili,100.00000000000001,100.00000000000001,100.00000000000001,100.00000000000001,100.00000000000001,81.09861111111111,30.162499999999998
ASV_405,Bacteria,Pseudomonadota,Gammaproteobacteria,Alteromonadales,Colwelliaceae,Thalassotalea,Thalassotalea loyana,100,100,100,100,100,95.41666666666669,27.999999999999993
ASV_406,Bacteria,Pseudomonadota,Gammaproteobacteria,Chromatiales,Sedimenticolaceae,Thiolapillus,Thiolapillus brandeum,100,100,100,81.66666666666667,43.50000000000001,43.50000000000001,43.50000000000001
ASV_407,Bacteria,Pseudomonadota,Gammaproteobacteria,Oceanospirillales,Oceanospirillaceae,Thalassolituus,Thalassolituus maritimus,100,100,100,100,100,100,100
ASV_408,Bacteria,Pseudomonadota,Gammaproteobacteria,Oceanospirillales,Oceanospirillaceae,Bacterioplanes,Bacterioplanes sanyensis,100,100,100,100,100,100,100
ASV_409,Bacteria,Pseudomonadota,Gammaproteobacteria,Alteromonadales,Pseudoalteromonadaceae,Pseudoalteromonas,Pseudoalteromonas piratica,100.00000000000003,100.00000000000003,100.00000000000003,100.00000000000003,99.85803039702233,79.02469706368902,29.188187343059425
ASV_410,Bacteria,Bacteroidota,Cytophagia,Cytophagales,Roseivirgaceae,Roseivirga,Roseivirga misakiensis,100,100,100,100,100,100,75.58333333333333
ASV_411,Bacteria,Bacteroidota,Flavobacteriia,Flavobacteriales,Flavobacteriaceae,Urechidicola,Urechidicola croceus,100,100,100,100,100,97,97
ASV_412,Bacteria,Bacteroidota,Saprospiria,Saprospirales,Lewinellaceae,Lewinella,Lewinella cohaerens,100.00000000000001,100.00000000000001,100.00000000000001,100.00000000000001,100.00000000000001,76.33333333333333,76.33333333333333
ASV_413,Bacteria,Pseudomonadota,Alphaproteobacteria,Rhodospirillales,Terasakiellaceae,Terasakiella,Terasakiella pusilla,100,100,100,100,100,100,100
ASV_414,Bacteria,Pseudomonadota,Gammaproteobacteria,Oceanospirillales,Oceanospirillaceae,Neptunomonas,Neptunomonas marina,100,100,100,100,100,100,94.5
ASV_415,Bacteria,Pseudomonadota,Alphaproteobacteria,Rhodobacterales,Roseobacteraceae,Roseibacterium,Roseibacterium elongatum,100,100,100,100,91.30952380952381,71.8547619047619,71.8547619047619
ASV_416,Bacteria,Campylobacterota,Epsilonproteobacteria,Campylobacterales,Sulfurovaceae,Sulfurovum,Sulfurovum riftiae,100,100,100,100,96.41666666666669,96.41666666666669,27.250000000000004
ASV_417,Bacteria,Campylobacterota,Epsilonproteobacteria,Campylobacterales,Sulfurimonadaceae,Sulfurimonas,Sulfurimonas hydrogeniphila,100.00000000000001,100.00000000000001,100.00000000000001,100.00000000000001,100.00000000000001,100.00000000000001,28.655952380952378
ASV_418,Bacteria,Myxococcota,NA,Nannocystales,Nannocystaceae,Plesiocystis,Plesiocystis pacifica,100,100,100,100,100,100,100
ASV_419,Bacteria,Pseudomonadota,Alphaproteobacteria,Kordiimonadales,Kordiimonadaceae,Kordiimonas,Kordiimonas laminariae,100,100,100,100,100,100,100
ASV_420,Bacteria,Pseudomonadota,Gammaproteobacteria,Alteromonadales,Alteromonadaceae,Alteromonas,Alteromonas pelagimontana,100,100,100,100,100,76.63333333333331,58.83333333333333
ASV_421,Bacteria,Pseudomonadota,Alphaproteobacteria,Kordiimonadales,Kordiimonadaceae,Kordiimonas,Kordiimonas marina,100,100,100,100,100,100,42.25000000000001
ASV_422,Bacteria,Pseudomonadota,Gammaproteobacteria,Cellvibrionales,Cellvibrionaceae,Pseudoteredinibacter,Pseudoteredinibacter isoporae,100,100,100,100,100,87.5,87.5
ASV_423,Bacteria,Pseudomonadota,Alphaproteobacteria,Rhodobacterales,Roseobacteraceae,Mesobacterium,Mesobacterium pallidum,100,100,100,100,77.61190476190477,67.1595238095238,67.1595238095238
ASV_424,Bacteria,Pseudomonadota,Gammaproteobacteria,Pseudomonadales,Pseudomonadaceae,Pseudomonas,Pseudomonas fluorescens,100,100,100,100,100,100,72.7278499278499
ASV_425,Bacteria,Bacteroidota,Flavobacteriia,Flavobacteriales,Flavobacteriaceae,Seonamhaeicola,Seonamhaeicola aphaedonensis,100,100,100,100,100,87.50000000000001,87.00000000000001
ASV_426,Bacteria,Bacteroidota,Flavobacteriia,Flavobacteriales,Flavobacteriaceae,Constantimarinum,Constantimarinum furrinae,100.00000000000003,100.00000000000003,100.00000000000003,100.00000000000003,100.00000000000003,63.642857142857174,63.642857142857174
ASV_427,Bacteria,Pseudomonadota,Gammaproteobacteria,Thiotrichales,Fastidiosibacteraceae,Cysteiniphilum,Cysteiniphilum litorale,100,100,100,100,100,100,99.5
ASV_428,Bacteria,Pseudomonadota,Gammaproteobacteria,Vibrionales,Vibrionaceae,Vibrio,Vibrio coralliilyticus,99.99999999999999,99.99999999999999,99.99999999999999,99.99999999999999,99.99999999999999,99.99999999999999,56.000000000000014
ASV_429,Bacteria,Bacteroidota,Flavobacteriia,Flavobacteriales,Flavobacteriaceae,Croceivirga,Croceivirga lutea,100,100,100,100,100,93.5,93.5
ASV_430,Bacteria,Campylobacterota,Epsilonproteobacteria,Campylobacterales,Sulfurovaceae,Sulfurovum,Sulfurovum riftiae,100,100,100,100,100,100,71.16666666666667
ASV_431,Bacteria,Pseudomonadota,Gammaproteobacteria,Oceanospirillales,Oceanospirillaceae,Marinomonas,Marinomonas communis,100,100,100,100,100,100,99.66666666666667
ASV_432,Bacteria,Campylobacterota,Epsilonproteobacteria,Campylobacterales,Arcobacteraceae,Malaciobacter,Malaciobacter pacificus,100.00000000000001,100.00000000000001,100.00000000000001,100.00000000000001,100.00000000000001,82.45238095238093,70.55952380952381
ASV_433,Bacteria,Pseudomonadota,Gammaproteobacteria,Alteromonadales,Alteromonadaceae,Alteromonas,Alteromonas confluentis,100,100,100,100,100,85.30000000000003,60.33852813852808
ASV_434,Bacteria,Pseudomonadota,Gammaproteobacteria,Alteromonadales,Colwelliaceae,Thalassotalea,Thalassotalea fusca,100,100,100,100,100,100,32.91666666666666
ASV_435,Bacteria,Pseudomonadota,Alphaproteobacteria,Rhodospirillales,Rhodospirillaceae,Denitrobaculum,Denitrobaculum tricleocarpae,100,100,100,100,100,100,100
ASV_436,Bacteria,Pseudomonadota,Alphaproteobacteria,Rhodobacterales,Roseobacteraceae,Pelagimonas,Pelagimonas phthalicica,100,100,100,100,99.66666666666667,99.33333333333333,99.33333333333333
ASV_437,NA,NA,NA,NA,NA,NA,NA,NA,NA,NA,NA,NA,NA,NA
ASV_438,Bacteria,Pseudomonadota,Gammaproteobacteria,Thiotrichales,Francisellaceae,Francisella,Francisella philomiragia,100,100,100,100,100,100,82.94999999999999
ASV_439,Bacteria,Pseudomonadota,Gammaproteobacteria,Alteromonadales,Colwelliaceae,Thalassotalea,Thalassotalea ponticola,100,100,100,96.8095238095238,83.30952380952381,68.30952380952381,16.726190476190478
ASV_440,Bacteria,Pseudomonadota,Gammaproteobacteria,Vibrionales,Vibrionaceae,Vibrio,Vibrio coralliilyticus,100,100,100,100,100,100,98.5
ASV_441,Bacteria,Pseudomonadota,Alphaproteobacteria,Rhodobacterales,Roseobacteraceae,Phaeobacter,Phaeobacter porticola,100.00000000000001,100.00000000000001,100.00000000000001,100.00000000000001,92.16666666666667,81.02499999999999,79.33333333333331
ASV_442,Bacteria,Pseudomonadota,Alphaproteobacteria,Rhodobacterales,Roseobacteraceae,Shimia,Shimia marina,100,100,100,100,100,96.5,95.5
ASV_443,Bacteria,Pseudomonadota,Gammaproteobacteria,Vibrionales,Vibrionaceae,Photobacterium,Photobacterium leiognathi,100,100,100,100,100,100,100
ASV_444,Bacteria,Verrucomicrobiota,Opitutae,Puniceicoccales,Coraliomargaritaceae,Coraliomargarita,Coraliomargarita akajimensis,100.00000000000001,100.00000000000001,99.66666666666669,99.66666666666669,99.66666666666669,99.66666666666669,80.00000000000001
ASV_445,Bacteria,Bacteroidota,Flavobacteriia,Flavobacteriales,Flavobacteriaceae,Allomuricauda,Allomuricauda ochracea,100,100,100,100,100,89.33333333333331,80.33333333333331
ASV_446,Bacteria,Pseudomonadota,Alphaproteobacteria,Rhodobacterales,Roseobacteraceae,Roseovarius,Roseovarius aestuarii,100,100,100,100,92.26190476190477,80.06428571428573,45.31904761904761
ASV_447,Bacteria,Bacillota,Bacilli,Lactobacillales,Streptococcaceae,Streptococcus,Streptococcus toyakuensis,100,100,100,100,100,100,52.402534122549156
ASV_448,Bacteria,Pseudomonadota,Alphaproteobacteria,Hyphomicrobiales,Phyllobacteriaceae,Mesorhizobium,Mesorhizobium terrae,100,100,100,100,100,99.5,99.12499999999999
ASV_449,Bacteria,Pseudomonadota,Gammaproteobacteria,Alteromonadales,Pseudoalteromonadaceae,Psychrosphaera,Psychrosphaera ytuae,99.99999999999994,99.99999999999994,99.99999999999994,99.99999999999994,99.70593249492434,82.58166666666666,49.5
ASV_450,NA,NA,NA,NA,NA,NA,NA,NA,NA,NA,NA,NA,NA,NA
ASV_451,Bacteria,Pseudomonadota,Gammaproteobacteria,Moraxellales,Moraxellaceae,Acinetobacter,Acinetobacter johnsonii,100,100,100,100,100,100,90.52142857142854
ASV_452,Bacteria,Pseudomonadota,Gammaproteobacteria,Alteromonadales,Pseudoalteromonadaceae,Pseudoalteromonas,Pseudoalteromonas piratica,100,100,100,100,99.8403475906982,86.34034759069819,29.482013955801243
ASV_453,Bacteria,Campylobacterota,Epsilonproteobacteria,Campylobacterales,Sulfurimonadaceae,Sulfurimonas,Sulfurimonas crateris,100.00000000000001,100.00000000000001,100.00000000000001,100.00000000000001,95.00000000000001,95.00000000000001,38.08333333333335
ASV_454,Bacteria,Pseudomonadota,Alphaproteobacteria,Rhodobacterales,Roseobacteraceae,Shimia,Shimia abyssi,100.00000000000001,100.00000000000001,100.00000000000001,100.00000000000001,78.80000000000001,65.35000000000001,47.700000000000024
ASV_455,Bacteria,Pseudomonadota,Gammaproteobacteria,Alteromonadales,Colwelliaceae,Thalassotalea,Thalassotalea agarivorans,100,100,100,100,100,99.33333333333329,30.866666666666653
ASV_456,Bacteria,Pseudomonadota,Gammaproteobacteria,Thiotrichales,Fastidiosibacteraceae,Cysteiniphilum,Cysteiniphilum litorale,100,100,100,100,100,75,72.5
ASV_457,Bacteria,Campylobacterota,Epsilonproteobacteria,Campylobacterales,Sulfurovaceae,Sulfurovum,Sulfurovum denitrificans,100,100,100,100,100,100,65.58333333333333
ASV_458,Bacteria,Pseudomonadota,Gammaproteobacteria,Oceanospirillales,Oceanospirillaceae,Bacterioplanoides,Bacterioplanoides pacificum,100,100,100,79.6,74.35,51.83333333333333,51.83333333333333
ASV_459,Bacteria,Verrucomicrobiota,Opitutae,Puniceicoccales,Coraliomargaritaceae,Coraliomargarita,Coraliomargarita akajimensis,100,100,100,100,100,100,93
ASV_460,Bacteria,Verrucomicrobiota,Opitutae,Puniceicoccales,Coraliomargaritaceae,Coraliomargarita,Coraliomargarita akajimensis,100,100,100,100,100,100,67.66666666666667
ASV_461,Bacteria,Pseudomonadota,Gammaproteobacteria,Alteromonadales,Alteromonadaceae,Alteromonas,Alteromonas confluentis,100.00000000000003,100.00000000000003,100.00000000000003,100.00000000000003,100.00000000000003,51.200000000000024,22.933333333333334
ASV_462,Bacteria,Campylobacterota,Epsilonproteobacteria,Campylobacterales,Arcobacteraceae,Malaciobacter,Malaciobacter pacificus,100,100,100,100,100,68.45,34.7
ASV_463,Bacteria,Pseudomonadota,Gammaproteobacteria,Oceanospirillales,Oceanospirillaceae,Bacterioplanoides,Bacterioplanoides pacificum,100,100,100,76.33333333333334,75.33333333333334,51.83333333333336,51.83333333333336
ASV_464,Bacteria,Pseudomonadota,Gammaproteobacteria,Vibrionales,Vibrionaceae,Vibrio,Vibrio fortis,100,100,100,100,100,100,72
ASV_465,Bacteria,Pseudomonadota,Gammaproteobacteria,Vibrionales,Vibrionaceae,Vibrio,Vibrio jasicida,100,100,100,100,100,100,41.47126516436851
ASV_466,Bacteria,Pseudomonadota,Gammaproteobacteria,Thiotrichales,Francisellaceae,Francisella,Francisella philomiragia,100.00000000000001,100.00000000000001,100.00000000000001,100.00000000000001,100.00000000000001,100.00000000000001,66.8
ASV_467,Bacteria,Pseudomonadota,Gammaproteobacteria,Vibrionales,Vibrionaceae,Vibrio,Vibrio fortis,100.00000000000001,100.00000000000001,100.00000000000001,100.00000000000001,100.00000000000001,100.00000000000001,75.36666666666669
ASV_468,Bacteria,Pseudomonadota,Alphaproteobacteria,Hyphomicrobiales,Phyllobacteriaceae,Pseudaminobacter,Pseudaminobacter arsenicus,100,100,100,100,76.99880952380953,23.650000000000002,23.650000000000002
ASV_469,Bacteria,Bacteroidota,Flavobacteriia,Flavobacteriales,Flavobacteriaceae,Pontimicrobium,Pontimicrobium aquaticum,100,100,100,100,100,44.150000000000006,44.150000000000006
ASV_470,Bacteria,Pseudomonadota,Alphaproteobacteria,Sphingomonadales,Sphingomonadaceae,Sphingobium,Sphingobium limneticum,100,100,100,100,100,99.87499999999999,95.16666666666666
ASV_471,Bacteria,Pseudomonadota,Gammaproteobacteria,Alteromonadales,Colwelliaceae,Thalassotalea,Thalassotalea loyana,100,100,100,100,100,100,99
ASV_472,Bacteria,Pseudomonadota,Alphaproteobacteria,Hyphomonadales,Hyphomonadaceae,Hyphomonas,Hyphomonas atlantica,99.99999999999997,99.99999999999997,99.99999999999997,99.99999999999997,99.99999999999997,99.99999999999997,46.83333333333332
ASV_473,NA,NA,NA,NA,NA,NA,NA,NA,NA,NA,NA,NA,NA,NA
ASV_474,Bacteria,Pseudomonadota,Gammaproteobacteria,Vibrionales,Vibrionaceae,Vibrio,Vibrio neptunius,100,100,100,100,100,100,92.66666666666667
ASV_475,Bacteria,Pseudomonadota,Gammaproteobacteria,Alteromonadales,Alteromonadaceae,Alteromonas,Alteromonas abrolhosensis,99.99999999999999,99.99999999999999,99.99999999999999,99.99999999999999,99.99999999999999,99.99999999999999,38.22680070710761
ASV_476,Bacteria,Pseudomonadota,Gammaproteobacteria,Alteromonadales,Alteromonadaceae,Bowmanella,Bowmanella denitrificans,100,100,100,100,100,65.19999999999999,56.949999999999996
ASV_477,Bacteria,Pseudomonadota,Alphaproteobacteria,Rhodobacterales,Roseobacteraceae,Thalassovita,Thalassovita mediterranea,100,100,100,100,79,79,78.66666666666667
ASV_478,Bacteria,Pseudomonadota,Gammaproteobacteria,Pseudomonadales,Marinobacteraceae,Marinobacter,Marinobacter nauticus,100,100,100,100,100,100,99.66666666666667
ASV_479,Bacteria,Bacteroidota,Flavobacteriia,Flavobacteriales,Flavobacteriaceae,Seonamhaeicola,Seonamhaeicola aphaedonensis,100,100,100,100,100,100,97.5
ASV_480,Bacteria,Pseudomonadota,Alphaproteobacteria,Rhodobacterales,Roseobacteraceae,Thalassovita,Thalassovita mediterranea,100,100,100,100,77.25,77.25,77.25
ASV_481,Bacteria,Pseudomonadota,Gammaproteobacteria,Alteromonadales,Pseudoalteromonadaceae,Psychrosphaera,Psychrosphaera saromensis,100,100,100,100,100,94.71666666666668,34.783333333333346
ASV_482,NA,NA,NA,NA,NA,NA,NA,NA,NA,NA,NA,NA,NA,NA
ASV_483,Bacteria,Campylobacterota,Epsilonproteobacteria,Campylobacterales,Sulfurovaceae,Sulfurovum,Sulfurovum aggregans,100,100,100,100,100,100,96.33333333333333
ASV_484,Bacteria,Pseudomonadota,Gammaproteobacteria,Alteromonadales,Colwelliaceae,Thalassomonas,Thalassomonas actiniarum,100,100,100,86.41666666666667,86.41666666666667,52.83333333333334,43.66666666666666
ASV_485,Bacteria,Pseudomonadota,Alphaproteobacteria,Hyphomonadales,Hyphomonadaceae,Hyphomonas,Hyphomonas adhaerens,100,100,100,100,100,100,56.58333333333332
ASV_486,Bacteria,Pseudomonadota,Alphaproteobacteria,Rhodobacterales,Roseobacteraceae,Phaeobacter,Phaeobacter porticola,100,100,100,100,87.08333333333333,71.83333333333333,70
ASV_487,Bacteria,Pseudomonadota,Gammaproteobacteria,Alteromonadales,Pseudoalteromonadaceae,Psychrosphaera,Psychrosphaera aestuarii,100,100,100,100,100,99,38.833333333333336
ASV_488,Bacteria,Pseudomonadota,Gammaproteobacteria,Alteromonadales,Alteromonadaceae,Alteromonas,Alteromonas abrolhosensis,99.99999999999999,99.99999999999999,99.99999999999999,99.99999999999999,99.99999999999999,99.92307692307688,40.590813072600646
ASV_489,Bacteria,Bacteroidota,Flavobacteriia,Flavobacteriales,Flavobacteriaceae,Nonlabens,Nonlabens tegetincola,100.00000000000001,100.00000000000001,100.00000000000001,100.00000000000001,100.00000000000001,100.00000000000001,100.00000000000001
ASV_490,Bacteria,Bacteroidota,Saprospiria,Saprospirales,Haliscomenobacteraceae,Phaeodactylibacter,Phaeodactylibacter luteus,100,100,100,100,100,100,100
ASV_491,Bacteria,Pseudomonadota,Gammaproteobacteria,Thiotrichales,Francisellaceae,Francisella,Francisella uliginis,100,100,100,100,100,100,97.66666666666667
ASV_492,Bacteria,Pseudomonadota,Alphaproteobacteria,Hyphomicrobiales,Parvibaculaceae,Pyruvatibacter,Pyruvatibacter mobilis,100,100,100,100,100,100,100
ASV_493,Bacteria,Pseudomonadota,Alphaproteobacteria,Hyphomicrobiales,Stappiaceae,Roseibium,Roseibium hamelinense,100,100,100,100,100,100,97
ASV_494,NA,NA,NA,NA,NA,NA,NA,NA,NA,NA,NA,NA,NA,NA
ASV_495,NA,NA,NA,NA,NA,NA,NA,NA,NA,NA,NA,NA,NA,NA
ASV_496,Bacteria,Pseudomonadota,Gammaproteobacteria,Oceanospirillales,Oceanospirillaceae,Neptunomonas,Neptunomonas antarctica,100,100,100,100,100,96,83
ASV_497,NA,NA,NA,NA,NA,NA,NA,NA,NA,NA,NA,NA,NA,NA
ASV_498,Bacteria,Bacteroidota,Flavobacteriia,Flavobacteriales,Flavobacteriaceae,Allomuricauda,Allomuricauda amphidinii,100,100,100,100,100,93.5,60.333333333333336
ASV_499,Bacteria,Bacteroidota,Flavobacteriia,Flavobacteriales,Flavobacteriaceae,Allomuricauda,Allomuricauda flava,100,100,100,100,100,100,99
ASV_500,Bacteria,Pseudomonadota,Gammaproteobacteria,Cellvibrionales,Cellvibrionaceae,Pseudomaricurvus,Pseudomaricurvus alkylphenolicus,100,100,100,100,100,96.83333333333333,96.83333333333333
ASV_501,Bacteria,Pseudomonadota,Gammaproteobacteria,Oceanospirillales,Oceanospirillaceae,Oleispira,Oleispira lenta,100,100,100,100,100,100,97
ASV_502,NA,NA,NA,NA,NA,NA,NA,NA,NA,NA,NA,NA,NA,NA
ASV_503,Bacteria,Pseudomonadota,Alphaproteobacteria,Kordiimonadales,Kordiimonadaceae,Kordiimonas,Kordiimonas lipolytica,100,100,100,100,100,100,77.33333333333333
ASV_504,Bacteria,Pseudomonadota,Gammaproteobacteria,Oceanospirillales,Oceanospirillaceae,Thalassolituus,Thalassolituus alkanivorans,100,100,100,100,100,100,100
ASV_505,Bacteria,Pseudomonadota,Gammaproteobacteria,Oceanospirillales,Oceanospirillaceae,Oceanospirillum,Oceanospirillum beijerinckii,100.00000000000001,100.00000000000001,100.00000000000001,79.83333333333333,77.33333333333333,74.41666666666669,44.41666666666664
ASV_506,Bacteria,Pseudomonadota,Gammaproteobacteria,Moraxellales,Moraxellaceae,Acinetobacter,Acinetobacter oryzae,100.00000000000003,100.00000000000003,100.00000000000003,100.00000000000003,100.00000000000003,100.00000000000003,60.36666666666668
ASV_507,Bacteria,Pseudomonadota,Gammaproteobacteria,Alteromonadales,Alteromonadaceae,Glaciecola,Glaciecola punicea,100,100,100,100,100,43.833333333333336,43.833333333333336
ASV_508,Bacteria,Pseudomonadota,Gammaproteobacteria,Chromatiales,Chromatiaceae,Rheinheimera,Rheinheimera japonica,100,100,100,100,100,100,36.00000000000001
ASV_509,Bacteria,Pseudomonadota,Gammaproteobacteria,Vibrionales,Vibrionaceae,Vibrio,Vibrio fortis,100.00000000000001,100.00000000000001,100.00000000000001,100.00000000000001,100.00000000000001,100.00000000000001,72.66666666666667
ASV_510,NA,NA,NA,NA,NA,NA,NA,NA,NA,NA,NA,NA,NA,NA
ASV_511,Bacteria,Pseudomonadota,Alphaproteobacteria,Rhodobacterales,Roseobacteraceae,Ruegeria,Ruegeria arenilitoris,100,100,100,100,97.66666666666666,97.66666666666666,45.66666666666666
ASV_512,Bacteria,Pseudomonadota,Alphaproteobacteria,Rhodobacterales,Paracoccaceae,Coraliihabitans,Coraliihabitans acroporae,100,100,100,99,99,83.5,83.5
ASV_513,Bacteria,Pseudomonadota,Gammaproteobacteria,Alteromonadales,Colwelliaceae,Thalassotalea,Thalassotalea coralli,100,100,100,93.16666666666667,79.55555555555553,73.80555555555553,24.311111111111103
ASV_514,Bacteria,Pseudomonadota,Betaproteobacteria,Burkholderiales,Comamonadaceae,Delftia,Delftia tsuruhatensis,100,100,100,100,100,100,59.33333333333333
ASV_515,Bacteria,Pseudomonadota,Gammaproteobacteria,Alteromonadales,Alteromonadaceae,Marisediminitalea,Marisediminitalea aggregata,100,100,100,100,100,49.16666666666665,49.16666666666665
ASV_516,Bacteria,Pseudomonadota,Gammaproteobacteria,Oceanospirillales,Alcanivoracaceae,Marinicella,Marinicella litoralis,100,100,100,100,100,100,65.5
ASV_517,Bacteria,Campylobacterota,Epsilonproteobacteria,Campylobacterales,Arcobacteraceae,Malaciobacter,Malaciobacter molluscorum,100,100,100,100,100,96.16666666666666,83.41666666666667
ASV_518,NA,NA,NA,NA,NA,NA,NA,NA,NA,NA,NA,NA,NA,NA
ASV_519,Bacteria,Pseudomonadota,Gammaproteobacteria,Oceanospirillales,Oceanospirillaceae,Oceanobacter,Oceanobacter mangrovi,100,100,100,100,100,97.66666666666666,62
ASV_520,NA,NA,NA,NA,NA,NA,NA,NA,NA,NA,NA,NA,NA,NA
ASV_521,Bacteria,Pseudomonadota,Alphaproteobacteria,Hyphomonadales,Hyphomonadaceae,Hyphomonas,Hyphomonas atlantica,100,100,100,100,100,100,54.83333333333334
ASV_522,Bacteria,Bacillota,Clostridia,Peptostreptococcales,Eubacteriales Family XII. Incertae Sedis,Fusibacter,Fusibacter paucivorans,100,100,100,60,37,37,36.5
ASV_523,Bacteria,Bacteroidota,Flavobacteriia,Flavobacteriales,Flavobacteriaceae,Allomuricauda,Allomuricauda flava,100.00000000000001,100.00000000000001,100.00000000000001,100.00000000000001,100.00000000000001,79.7,71.7
ASV_524,Bacteria,Pseudomonadota,Alphaproteobacteria,Rhodobacterales,Roseobacteraceae,Sulfitobacter,Aquicoccus porphyridii,100,100,100,100,63.880952380952415,32.641666666666644,26.9345238095238
ASV_525,Bacteria,Planctomycetota,Planctomycetia,Planctomycetales,Planctomycetaceae,Fuerstiella,Fuerstiella marisgermanici,100,100,100,100,100,100,100
ASV_526,Bacteria,Bacteroidota,Flavobacteriia,Flavobacteriales,Flavobacteriaceae,Seonamhaeicola,Seonamhaeicola algicola,100,100,100,100,100,74.03333333333332,46.2
ASV_527,Bacteria,Pseudomonadota,Gammaproteobacteria,Pseudomonadales,Pseudomonadaceae,Stutzerimonas,Stutzerimonas stutzeri,100,100,100,100,100,93.24999999999999,93.24999999999999
ASV_528,Bacteria,Pseudomonadota,Gammaproteobacteria,Vibrionales,Vibrionaceae,Vibrio,Vibrio mytili,100,100,100,100,100,100,81.91666666666666
ASV_529,Bacteria,Pseudomonadota,Alphaproteobacteria,Sphingomonadales,Erythrobacteraceae,Paraurantiacibacter,Paraurantiacibacter namhicola,100,100,100,100,92.68836353704775,27.99358974358973,27.99358974358973
ASV_530,Bacteria,Pseudomonadota,Gammaproteobacteria,Alteromonadales,Colwelliaceae,Thalassotalea,Thalassotalea coralli,100,100,100,100,100,96.5,78.00000000000001
ASV_531,Bacteria,Pseudomonadota,Alphaproteobacteria,Maricaulales,Robiginitomaculaceae,Litorimonas,Litorimonas taeanensis,100,100,100,100,100,54.83333333333333,41.66666666666665
ASV_532,Bacteria,Pseudomonadota,Gammaproteobacteria,Oceanospirillales,Oceanospirillaceae,Bacterioplanoides,Bacterioplanoides pacificum,100,100,100,95.16666666666669,92.50000000000003,62.00000000000002,62.00000000000002
ASV_533,Bacteria,Pseudomonadota,Gammaproteobacteria,Vibrionales,Vibrionaceae,Vibrio,Vibrio aquimaris,100,100,100,100,100,100,42.44285714285714
ASV_534,Bacteria,Pseudomonadota,Gammaproteobacteria,Thiotrichales,Francisellaceae,Francisella,Francisella philomiragia,99.99999999999999,99.99999999999999,99.99999999999999,99.99999999999999,99.99999999999999,99.99999999999999,51.232142857142875
ASV_535,Bacteria,Bacteroidota,Flavobacteriia,Flavobacteriales,Flavobacteriaceae,Dokdonia,Dokdonia lutea,100,100,100,100,100,100,100
ASV_536,Bacteria,Pseudomonadota,Gammaproteobacteria,Thiotrichales,Thiolinaceae,Thiolinea,Thiolinea disciformis,100,100,100,100,54.666666666666636,54.666666666666636,54.666666666666636
ASV_537,Bacteria,Bacteroidota,Flavobacteriia,Flavobacteriales,Flavobacteriaceae,Seonamhaeicola,Seonamhaeicola aphaedonensis,100.00000000000001,100.00000000000001,100.00000000000001,100.00000000000001,100.00000000000001,58.66666666666667,51.16666666666667
ASV_538,Bacteria,Pseudomonadota,Gammaproteobacteria,Vibrionales,Vibrionaceae,Vibrio,Vibrio neptunius,100,100,100,100,100,100,97.33333333333333
ASV_539,Bacteria,Pseudomonadota,Gammaproteobacteria,Thiohalobacterales,Thiohalobacteraceae,Thiohalobacter,Thiohalobacter thiocyanaticus,100.00000000000001,100.00000000000001,100.00000000000001,66.9166666666667,66.9166666666667,66.9166666666667,66.9166666666667
ASV_540,Bacteria,Pseudomonadota,Alphaproteobacteria,Rhodobacterales,Roseobacteraceae,Thalassovita,Thalassovita mediterranea,100,100,100,100,73.83333333333333,57.58333333333336,56.916666666666664
ASV_541,Bacteria,Pseudomonadota,Gammaproteobacteria,Alteromonadales,Pseudoalteromonadaceae,Pseudoalteromonas,Pseudoalteromonas tetraodonis,100.00000000000003,100.00000000000003,100.00000000000003,100.00000000000003,99.22487246636425,99.22487246636425,15.95106002847797
ASV_542,NA,NA,NA,NA,NA,NA,NA,NA,NA,NA,NA,NA,NA,NA
ASV_543,Bacteria,Bacteroidota,Flavobacteriia,Flavobacteriales,Flavobacteriaceae,Dokdonia,Dokdonia lutea,100.00000000000001,100.00000000000001,100.00000000000001,100.00000000000001,100.00000000000001,100.00000000000001,66.83333333333331
ASV_544,Bacteria,Bacteroidota,Saprospiria,Saprospirales,Saprospiraceae,Aureispira,Aureispira maritima,100,100,100,100,100,100,100
ASV_545,Bacteria,Pseudomonadota,Gammaproteobacteria,Thiotrichales,Piscirickettsiaceae,Hydrogenovibrio,Hydrogenovibrio thermophilus,100,100,100,100,100,100,100
ASV_546,Bacteria,Pseudomonadota,Alphaproteobacteria,Rhodobacterales,Paracoccaceae,Thalassovita,Planktotalea frisia,100,100,100,100,55.2,28.150000000000006,27.23333333333332
ASV_547,Bacteria,Bacteroidota,Cytophagia,Cytophagales,Roseivirgaceae,Roseivirga,Roseivirga misakiensis,100,100,100,100,100,100,97.75
ASV_548,Bacteria,Bacteroidota,Flavobacteriia,Flavobacteriales,Flavobacteriaceae,Allomuricauda,Allomuricauda pacifica,100,100,100,100,100,99,99
ASV_549,Bacteria,Campylobacterota,Epsilonproteobacteria,Campylobacterales,Sulfurovaceae,Sulfurovum,Sulfurovum lithotrophicum,100,100,100,100,100,100,81.83333333333333
ASV_550,Bacteria,Pseudomonadota,Alphaproteobacteria,Rhodobacterales,Roseobacteraceae,Dinoroseobacter,Dinoroseobacter shibae,100,100,100,100,79.71666666666665,57.29999999999999,57.29999999999999
ASV_551,Bacteria,Bacteroidota,Flavobacteriia,Flavobacteriales,Flavobacteriaceae,Seonamhaeicola,Seonamhaeicola aphaedonensis,100,100,100,100,100,97,88
ASV_552,Bacteria,Planctomycetota,Phycisphaerae,Phycisphaerales,Phycisphaeraceae,Algisphaera,Algisphaera agarilytica,100,100,100,100,100,100,100
ASV_553,Bacteria,Pseudomonadota,Gammaproteobacteria,Oceanospirillales,Oceanospirillaceae,Bacterioplanoides,Bacterioplanoides pacificum,100,100,100,95.08333333333333,92.58333333333333,57.50000000000001,57.50000000000001
ASV_554,Bacteria,Bacteroidota,Flavobacteriia,Flavobacteriales,Flavobacteriaceae,Seonamhaeicola,Seonamhaeicola aphaedonensis,100,100,100,100,100,100,93.5
ASV_555,Bacteria,Pseudomonadota,Gammaproteobacteria,Thiotrichales,Fastidiosibacteraceae,Cysteiniphilum,Cysteiniphilum marinum,100,100,100,100,100,100,99
ASV_556,Bacteria,Pseudomonadota,Alphaproteobacteria,Hyphomicrobiales,Nitrobacteraceae,Bradyrhizobium,Bradyrhizobium elkanii,99.99999999999997,99.99999999999997,99.99999999999997,99.99999999999997,99.99999999999997,96.99363307599512,12.02546769601939
ASV_557,NA,NA,NA,NA,NA,NA,NA,NA,NA,NA,NA,NA,NA,NA
ASV_558,Bacteria,Pseudomonadota,Alphaproteobacteria,Rhodobacterales,Roseobacteraceae,Wenxinia,Wenxinia saemankumensis,100,100,100,100,57.650000000000006,31.58333333333332,29.333333333333325
ASV_559,NA,NA,NA,NA,NA,NA,NA,NA,NA,NA,NA,NA,NA,NA
ASV_560,Bacteria,Pseudomonadota,Gammaproteobacteria,Alteromonadales,Colwelliaceae,Thalassotalea,Thalassotalea loyana,100,100,100,100,100,100,64.5
ASV_561,Bacteria,Pseudomonadota,Gammaproteobacteria,Alteromonadales,Alteromonadaceae,Alteromonas,Alteromonas confluentis,100,100,100,100,100,84.46666666666668,57.81346153846154
ASV_562,Bacteria,Pseudomonadota,Gammaproteobacteria,Pseudomonadales,Pseudomonadaceae,Pseudomonas,Pseudomonas aeruginosa,100,100,100,100,100,100,89.30129870129866
ASV_563,Bacteria,Pseudomonadota,Gammaproteobacteria,Alteromonadales,Alteromonadaceae,Salinimonas,Salinimonas iocasae,100,100,100,100,100,100,81.5
ASV_564,Bacteria,Pseudomonadota,Gammaproteobacteria,Alteromonadales,Colwelliaceae,Thalassotalea,Thalassotalea loyana,100,100,100,100,100,100,91.83333333333333
ASV_565,Bacteria,Pseudomonadota,Gammaproteobacteria,Alteromonadales,Colwelliaceae,Thalassotalea,Thalassotalea coralli,100,100,100,100,93.33333333333331,92.33333333333331,63.25000000000001
ASV_566,Bacteria,Bacteroidota,Flavobacteriia,Flavobacteriales,Flavobacteriaceae,Croceivirga,Croceivirga lutea,100,100,100,100,100,99,99
ASV_567,Bacteria,Nitrospirota,Nitrospiria,Nitrospirales,Nitrospiraceae,Nitrospira,Nitrospira japonica,100,100,100,100,100,100,100
ASV_568,Bacteria,Bacteroidota,Flavobacteriia,Flavobacteriales,Flavobacteriaceae,Dokdonia,Dokdonia lutea,100,100,100,100,100,68.83333333333333,44.00000000000001
ASV_569,Bacteria,Pseudomonadota,Gammaproteobacteria,Alteromonadales,Alteromonadaceae,Alteromonas,Alteromonas halophila,100,100,100,100,100,100,100
ASV_570,Bacteria,Pseudomonadota,Gammaproteobacteria,Alteromonadales,Pseudoalteromonadaceae,Pseudoalteromonas,Pseudoalteromonas profundi,100,100,100,100,100,100,100
ASV_571,Bacteria,Pseudomonadota,Gammaproteobacteria,Alteromonadales,Alteromonadaceae,Alteromonas,Alteromonas confluentis,99.99999999999999,99.99999999999999,99.99999999999999,99.99999999999999,99.99999999999999,85.5333333333333,61.36666666666664
ASV_572,Bacteria,Pseudomonadota,Alphaproteobacteria,Hyphomonadales,Hyphomonadaceae,Hyphomonas,Hyphomonas atlantica,100,100,100,100,100,100,44.62619047619048
ASV_573,Bacteria,Pseudomonadota,Alphaproteobacteria,Hyphomicrobiales,Stappiaceae,Roseibium,Roseibium polysiphoniae,100,100,100,100,100,100,100
ASV_574,Bacteria,Campylobacterota,Epsilonproteobacteria,Campylobacterales,Sulfurimonadaceae,Sulfurimonas,Sulfurimonas paralvinellae,100,100,100,100,76.41666666666667,72.25,70.25000000000001
ASV_575,Bacteria,Pseudomonadota,Alphaproteobacteria,Rhodobacterales,Roseobacteraceae,Celeribacter,Celeribacter ethanolicus,100,100,100,100,99.5,79.40476190476191,74.55952380952381
ASV_576,Bacteria,Pseudomonadota,Gammaproteobacteria,Thiotrichales,Piscirickettsiaceae,Hydrogenovibrio,Hydrogenovibrio thermophilus,100,100,100,100,100,100,97.5
ASV_577,Bacteria,Actinomycetota,Actinomycetes,Micrococcales,Ornithinimicrobiaceae,Ornithinimicrobium,Ornithinimicrobium pratense,100,100,100,100,100,96.16666666666667,50.283333333333346
ASV_578,Bacteria,Pseudomonadota,Alphaproteobacteria,Hyphomicrobiales,Cohaesibacteraceae,Cohaesibacter,Cohaesibacter gelatinilyticus,100,100,100,100,100,100,56.5
ASV_579,NA,NA,NA,NA,NA,NA,NA,NA,NA,NA,NA,NA,NA,NA
ASV_580,Bacteria,Campylobacterota,Epsilonproteobacteria,Campylobacterales,Arcobacteraceae,Malaciobacter,Malaciobacter pacificus,100,100,100,100,100,55.83333333333333,43
ASV_581,NA,NA,NA,NA,NA,NA,NA,NA,NA,NA,NA,NA,NA,NA
ASV_582,Bacteria,Pseudomonadota,Alphaproteobacteria,Hyphomicrobiales,Parvibaculaceae,Tepidicaulis,Tepidicaulis marinus,100,100,100,100,85,85,85
ASV_583,NA,NA,NA,NA,NA,NA,NA,NA,NA,NA,NA,NA,NA,NA
ASV_584,Bacteria,Bacillota,Bacilli,Lactobacillales,Carnobacteriaceae,Dolosigranulum,Dolosigranulum pigrum,100,100,100,100,100,100,100
ASV_585,Bacteria,Pseudomonadota,Gammaproteobacteria,Alteromonadales,Pseudoalteromonadaceae,Algicola,Algicola sagamiensis,100,100,100,100,100,100,66
ASV_586,Bacteria,Pseudomonadota,Gammaproteobacteria,Alteromonadales,Pseudoalteromonadaceae,Pseudoalteromonas,Pseudoalteromonas piratica,100,100,100,100,100,100,46
ASV_587,Bacteria,Verrucomicrobiota,Opitutae,Puniceicoccales,Coraliomargaritaceae,Coraliomargarita,Coraliomargarita sinensis,100,100,87.41666666666667,87.41666666666667,87.41666666666667,87.41666666666667,76.25
ASV_588,Bacteria,Bacteroidota,Flavobacteriia,Flavobacteriales,Flavobacteriaceae,Jejudonia,Jejudonia soesokkakensis,100,100,100,100,100,47.976190476190496,47.976190476190496
ASV_589,Bacteria,Pseudomonadota,Gammaproteobacteria,Alteromonadales,Alteromonadaceae,Alteromonas,Alteromonas abrolhosensis,100,100,100,100,100,99.96153846153847,41.09437687542411
ASV_590,Bacteria,Pseudomonadota,Gammaproteobacteria,Thiotrichales,Fastidiosibacteraceae,Cysteiniphilum,Cysteiniphilum litorale,100,100,100,100,100,87.83333333333331,80.5
ASV_591,Bacteria,Pseudomonadota,Alphaproteobacteria,Rhodobacterales,Paracoccaceae,Planktotalea,Planktotalea frisia,100.00000000000001,100.00000000000001,100.00000000000001,100.00000000000001,51.27777777777778,20.43333333333332,19.64999999999999
ASV_592,Bacteria,Pseudomonadota,Alphaproteobacteria,Hyphomonadales,Hyphomonadaceae,Hyphomonas,Hyphomonas pacifica,100,100,100,100,100,90.18333333333332,49.983333333333334
ASV_593,NA,NA,NA,NA,NA,NA,NA,NA,NA,NA,NA,NA,NA,NA
ASV_594,Bacteria,Pseudomonadota,Gammaproteobacteria,Alteromonadales,Pseudoalteromonadaceae,Psychrosphaera,Psychrosphaera saromensis,100.00000000000001,100.00000000000001,100.00000000000001,100.00000000000001,100.00000000000001,99.04347826086962,57.62681159420294
ASV_595,Bacteria,Pseudomonadota,Betaproteobacteria,Burkholderiales,Comamonadaceae,Acidovorax,Acidovorax carolinensis,100,100,100,100,100,85.45,49.816666666666634
ASV_596,Bacteria,Pseudomonadota,Gammaproteobacteria,Oceanospirillales,Oceanospirillaceae,Neptunomonas,Neptunomonas antarctica,100,100,100,100,100,90.66666666666667,77.33333333333333
ASV_597,Bacteria,Pseudomonadota,Gammaproteobacteria,Alteromonadales,Colwelliaceae,Thalassotalea,Thalassotalea loyana,100,100,100,100,100,97.50000000000001,35.50000000000001
ASV_598,Bacteria,Verrucomicrobiota,Opitutae,Puniceicoccales,Coraliomargaritaceae,Coraliomargarita,Coraliomargarita akajimensis,100,100,100,100,100,100,100
ASV_599,Bacteria,Pseudomonadota,Gammaproteobacteria,Alteromonadales,Pseudoalteromonadaceae,Pseudoalteromonas,Pseudoalteromonas piratica,99.99999999999999,99.99999999999999,99.99999999999999,99.99999999999999,99.9255172413793,88.56093390804595,31.26680500658765
ASV_600,Bacteria,Pseudomonadota,Alphaproteobacteria,Hyphomonadales,Hyphomonadaceae,Hyphomonas,Hyphomonas jannaschiana,100,100,100,100,100,100,48.70833333333335
ASV_601,Bacteria,Pseudomonadota,Alphaproteobacteria,Rhodospirillales,Rhodospirillaceae,Ferrovibrio,Ferrovibrio terrae,100,100,100,100,100,100,80.33333333333333
ASV_602,Bacteria,Pseudomonadota,Gammaproteobacteria,Alteromonadales,Alteromonadaceae,Alteromonas,Alteromonas confluentis,100.00000000000003,100.00000000000003,100.00000000000003,100.00000000000003,100.00000000000003,85.96666666666673,57.3305555555555
ASV_603,Bacteria,Pseudomonadota,Gammaproteobacteria,Alteromonadales,Colwelliaceae,Colwellia,Colwellia piezophila,100.00000000000001,100.00000000000001,100.00000000000001,62.63333333333333,62.63333333333333,32.05,13.900000000000002
ASV_604,Bacteria,Pseudomonadota,Gammaproteobacteria,Oceanospirillales,Oceanospirillaceae,Marinomonas,Marinomonas communis,100,100,100,100,100,100,100
ASV_605,Bacteria,Pseudomonadota,Alphaproteobacteria,Rhodobacterales,Roseobacteraceae,Jannaschia,Roseibacterium beibuensis,100.00000000000001,100.00000000000001,100.00000000000001,100.00000000000001,64.17142857142856,25.526190476190475,16.78333333333332
ASV_606,Bacteria,Pseudomonadota,Alphaproteobacteria,Rhodobacterales,Roseobacteraceae,Phaeobacter,Marinovum algicola,100,100,100,100,73.11870074370076,25.24960039960041,21.897544122544133
ASV_607,Bacteria,Pseudomonadota,Gammaproteobacteria,Alteromonadales,Ferrimonadaceae,Ferrimonas,Ferrimonas sediminicola,100,100,100,100,100,100,90.66666666666666
ASV_608,Bacteria,Pseudomonadota,Gammaproteobacteria,Oceanospirillales,Oceanospirillaceae,Amphritea,Amphritea japonica,100.00000000000001,100.00000000000001,100.00000000000001,100.00000000000001,100.00000000000001,99.00000000000001,70.83333333333333
ASV_609,Bacteria,Pseudomonadota,Gammaproteobacteria,Alteromonadales,Pseudoalteromonadaceae,Psychrosphaera,Psychrosphaera aquimarina,100,100,100,100,96,91.08333333333333,38.66666666666666
ASV_610,Bacteria,Pseudomonadota,Gammaproteobacteria,Alteromonadales,Colwelliaceae,Thalassotalea,Thalassotalea coralli,100,100,100,92.41666666666669,92.41666666666669,84.75,27.416666666666668
ASV_611,Bacteria,Bacteroidota,Flavobacteriia,Flavobacteriales,Flavobacteriaceae,Seonamhaeicola,Seonamhaeicola aphaedonensis,100,100,100,100,100,97.5,97
ASV_612,Bacteria,Bacteroidota,Flavobacteriia,Flavobacteriales,Flavobacteriaceae,Winogradskyella,Winogradskyella flava,100.00000000000001,100.00000000000001,100.00000000000001,100.00000000000001,100.00000000000001,100.00000000000001,50.33333333333334
ASV_613,Bacteria,Pseudomonadota,Alphaproteobacteria,Rhodobacterales,Roseobacteraceae,Lentibacter,Lentibacter algarum,100,100,100,100,96.5,91.5,91.5
ASV_614,Bacteria,Planctomycetota,Planctomycetia,Planctomycetales,Planctomycetaceae,Fuerstiella,Fuerstiella marisgermanici,100,100,100,100,100,100,100
ASV_615,Bacteria,Pseudomonadota,Gammaproteobacteria,Vibrionales,Vibrionaceae,Vibrio,Vibrio brasiliensis,100,100,100,100,100,100,65.7
ASV_616,Bacteria,Pseudomonadota,Gammaproteobacteria,Moraxellales,Moraxellaceae,Acinetobacter,Acinetobacter johnsonii,100,100,100,100,100,100,94.05
ASV_617,Bacteria,Bacteroidota,Flavobacteriia,Flavobacteriales,Flavobacteriaceae,Polaribacter,Polaribacter marinaquae,100,100,100,100,100,62.15,25.14999999999999
ASV_618,Bacteria,Bdellovibrionota,Bacteriovoracia,Bacteriovoracales,Bacteriovoracaceae,Bacteriovorax,Bacteriovorax stolpii,100,100,100,100,73,73,73
ASV_619,Bacteria,Bacteroidota,Flavobacteriia,Flavobacteriales,Flavobacteriaceae,Allomuricauda,Allomuricauda beolgyonensis,100,100,100,100,100,100,59.533333333333346
ASV_620,Bacteria,Bacteroidota,Flavobacteriia,Flavobacteriales,Flavobacteriaceae,Leptobacterium,Leptobacterium flavescens,100,100,100,100,100,76.56666666666666,76.56666666666666
ASV_621,Bacteria,Pseudomonadota,Gammaproteobacteria,Oceanospirillales,Oceanospirillaceae,Bermanella,Bermanella marisrubri,100,100,100,100,100,100,100
ASV_622,Bacteria,Bacteroidota,Flavobacteriia,Flavobacteriales,Flavobacteriaceae,Psychroserpens,Psychroserpens mesophilus,100,100,100,100,100,99.5,99.5
ASV_623,Bacteria,Pseudomonadota,Gammaproteobacteria,Alteromonadales,Alteromonadaceae,Bowmanella,Marisediminitalea aggregata,100.00000000000001,100.00000000000001,100.00000000000001,100.00000000000001,100.00000000000001,48.83333333333334,35.333333333333336
ASV_624,Bacteria,Pseudomonadota,Alphaproteobacteria,Sphingomonadales,Sphingomonadaceae,Sphingobium,Sphingobium yanoikuyae,100,100,100,100,100,99.5,87.46666666666667
ASV_625,Bacteria,Pseudomonadota,Gammaproteobacteria,Oceanospirillales,Oceanospirillaceae,Marinomonas,Marinomonas communis,100,100,100,100,100,100,39.333333333333336
ASV_626,Bacteria,Pseudomonadota,Alphaproteobacteria,Rhodobacterales,Roseobacteraceae,Thalassovita,Thalassovita mangrovi,100,100,100,100,86.24523809523812,49.49285714285716,49.49285714285716
ASV_627,Bacteria,Pseudomonadota,Betaproteobacteria,Nitrosomonadales,Methylophilaceae,Methylotenera,Methylotenera oryzisoli,100,100,100,98.5,80.33333333333331,80.33333333333331,80.33333333333331
ASV_628,Bacteria,Pseudomonadota,Gammaproteobacteria,Alteromonadales,Colwelliaceae,Thalassotalea,Thalassotalea marina,100,100,100,95,95,78.25,30.666666666666664
ASV_629,Bacteria,Pseudomonadota,Gammaproteobacteria,Oceanospirillales,Oceanospirillaceae,Oceanospirillum,Oceanospirillum nioense,100,100,100,63.75,63.75,61,43
ASV_630,Bacteria,Chlamydiota,Chlamydiia,Parachlamydiales,Simkaniaceae,Simkania,Simkania negevensis,100,100,100,100,100,100,100
ASV_631,Bacteria,Pseudomonadota,Alphaproteobacteria,Rickettsiales,NA,Lyticum,Lyticum flagellatum,100,100,100,100,100,100,100
ASV_632,Bacteria,Pseudomonadota,Alphaproteobacteria,Rhodobacterales,Roseobacteraceae,Thalassovita,Thalassovita mediterranea,100.00000000000001,100.00000000000001,100.00000000000001,100.00000000000001,79.93333333333334,66.53333333333335,64.70000000000002
ASV_633,Bacteria,Pseudomonadota,Gammaproteobacteria,Alteromonadales,Pseudoalteromonadaceae,Psychrosphaera,Psychrosphaera saromensis,100,100,100,100,100,92.16666666666664,54.833333333333314
ASV_634,Bacteria,Campylobacterota,Epsilonproteobacteria,Campylobacterales,Sulfurovaceae,Sulfurovum,Sulfurovum indicum,100,100,100,100,100,100,59.53333333333333
ASV_635,Bacteria,Pseudomonadota,Alphaproteobacteria,Rhodobacterales,Roseobacteraceae,Phaeobacter,Phaeobacter italicus,100.00000000000001,100.00000000000001,100.00000000000001,100.00000000000001,88.82499999999999,31.84166666666665,31.84166666666665
ASV_636,Bacteria,Pseudomonadota,Alphaproteobacteria,Rhodobacterales,Roseobacteraceae,Roseobacter,Roseobacter litoralis,100,100,100,100,68.5238095238095,32.370238095238086,28.70357142857143
ASV_637,NA,NA,NA,NA,NA,NA,NA,NA,NA,NA,NA,NA,NA,NA
ASV_638,Bacteria,Pseudomonadota,Gammaproteobacteria,Alteromonadales,Colwelliaceae,Thalassotalea,Thalassotalea coralli,100,100,100,100,97.33333333333331,88.83333333333331,33.583333333333336
ASV_639,Bacteria,Pseudomonadota,Gammaproteobacteria,Vibrionales,Vibrionaceae,Vibrio,Vibrio fortis,100,100,100,100,100,100,73.06666666666666
ASV_640,Bacteria,Pseudomonadota,Alphaproteobacteria,Rhodospirillales,Terasakiellaceae,Terasakiella,Terasakiella brassicae,100,100,100,100,100,100,94.33333333333333
ASV_641,Bacteria,Bacteroidota,Saprospiria,Saprospirales,Lewinellaceae,Lewinella,Lewinella cohaerens,100,100,100,100,100,66.91666666666667,66.91666666666667
ASV_642,Bacteria,Pseudomonadota,Alphaproteobacteria,Rickettsiales,Rickettsiaceae,Rickettsia,Rickettsia montanensis,100.00000000000001,100.00000000000001,100.00000000000001,100.00000000000001,100.00000000000001,91.12666666666668,30.335573593073587
ASV_643,Bacteria,Pseudomonadota,Alphaproteobacteria,Rhodobacterales,Roseobacteraceae,Ruegeria,Ruegeria conchae,100,100,100,100,100,100,100
ASV_644,Bacteria,Pseudomonadota,Gammaproteobacteria,Alteromonadales,Alteromonadaceae,Salinimonas,Salinimonas chungwhensis,100,100,100,100,100,48.1666666666667,37.66666666666669
ASV_645,Bacteria,Bacteroidota,Flavobacteriia,Flavobacteriales,Flavobacteriaceae,Winogradskyella,Winogradskyella echinorum,100,100,100,100,100,100,52.5
ASV_646,Bacteria,Planctomycetota,Planctomycetia,Isosphaerales,Isosphaeraceae,Tautonia,Tautonia sociabilis,100.00000000000001,100.00000000000001,100.00000000000001,100.00000000000001,100.00000000000001,55.000000000000014,35.50000000000001
ASV_647,NA,NA,NA,NA,NA,NA,NA,NA,NA,NA,NA,NA,NA,NA
ASV_648,Bacteria,Pseudomonadota,Alphaproteobacteria,Rhodobacterales,Paracoccaceae,Maritimibacter,Planktomarina temperata,100,100,100,100,59.64404761904761,18.696428571428573,15.919047619047623
ASV_649,Bacteria,Pseudomonadota,Alphaproteobacteria,Rhodobacterales,Paracoccaceae,Tritonibacter,Tritonibacter aquimaris,100,100,100,100,55.016666666666644,49.09444444444444,43.92222222222223
ASV_650,Bacteria,Pseudomonadota,Gammaproteobacteria,Alteromonadales,Colwelliaceae,Thalassotalea,Thalassotalea loyana,100,100,100,91.16666666666666,91.16666666666666,86.83333333333331,23.83333333333333
ASV_651,NA,NA,NA,NA,NA,NA,NA,NA,NA,NA,NA,NA,NA,NA
ASV_652,Bacteria,Bacteroidota,Flavobacteriia,Flavobacteriales,Flavobacteriaceae,Seonamhaeicola,Seonamhaeicola aphaedonensis,100,100,100,100,100,81.33333333333333,73.16666666666669
ASV_653,Bacteria,Pseudomonadota,Gammaproteobacteria,Alteromonadales,Pseudoalteromonadaceae,Pseudoalteromonas,Pseudoalteromonas tetraodonis,100.00000000000006,100.00000000000006,100.00000000000006,100.00000000000006,99.15521353535638,99.15521353535638,16.404781129078902
ASV_654,Bacteria,Pseudomonadota,Gammaproteobacteria,Alteromonadales,Pseudoalteromonadaceae,Pseudoalteromonas,Pseudoalteromonas piratica,100.00000000000001,100.00000000000001,100.00000000000001,100.00000000000001,99.87738095238093,83.37738095238095,27.649364041755337
ASV_655,Bacteria,Pseudomonadota,Alphaproteobacteria,Rhodobacterales,Roseobacteraceae,Ruegeria,Ruegeria profundi,100.00000000000003,100.00000000000003,100.00000000000003,100.00000000000003,98.38333333333334,98.38333333333334,50.78333333333335
ASV_656,Bacteria,Pseudomonadota,Gammaproteobacteria,Alteromonadales,Alteromonadaceae,Alteromonas,Alteromonas aestuariivivens,100,100,100,100,100,56.555687830687845,42.11441798941797
ASV_657,Bacteria,Pseudomonadota,Gammaproteobacteria,Alteromonadales,Colwelliaceae,Thalassotalea,Thalassotalea coralli,100.00000000000001,100.00000000000001,100.00000000000001,99.44444444444446,98.44444444444446,90.5238095238095,33
ASV_658,Bacteria,Pseudomonadota,Gammaproteobacteria,Alteromonadales,Alteromonadaceae,Halioxenophilus,Halioxenophilus aromaticivorans,100,100,93.66666666666667,83.83333333333333,83.83333333333333,83.83333333333333,83.83333333333333
ASV_659,Bacteria,Pseudomonadota,Gammaproteobacteria,Oceanospirillales,Oleiphilaceae,Oleiphilus,Oleiphilus messinensis,100,100,100,46.766666666666666,33.53333333333335,33.53333333333335,33.53333333333335
ASV_660,Bacteria,Pseudomonadota,Alphaproteobacteria,Rhodospirillales,Terasakiellaceae,Terasakiella,Terasakiella pusilla,100,100,100,100,100,100,68.33333333333333
ASV_661,Bacteria,Pseudomonadota,Gammaproteobacteria,Alteromonadales,Alteromonadaceae,Aliiglaciecola,Paraglaciecola aquimarina,100,100,100,100,100,43.45098741837875,41.829775297166634
ASV_662,Bacteria,Pseudomonadota,Gammaproteobacteria,Alteromonadales,Alteromonadaceae,Marisediminitalea,Marisediminitalea aggregata,100,100,100,100,100,49,49
ASV_663,NA,NA,NA,NA,NA,NA,NA,NA,NA,NA,NA,NA,NA,NA
ASV_664,Bacteria,Pseudomonadota,Gammaproteobacteria,Alteromonadales,Pseudoalteromonadaceae,Pseudoalteromonas,Pseudoalteromonas piratica,100,100,100,100,100,100,39.5
ASV_665,Bacteria,Pseudomonadota,Gammaproteobacteria,Alteromonadales,Alteromonadaceae,Alteromonas,Alteromonas abrolhosensis,100.00000000000006,100.00000000000006,100.00000000000006,100.00000000000006,100.00000000000006,64.14640329159785,23.109477402841257
ASV_666,Bacteria,Pseudomonadota,Betaproteobacteria,Neisseriales,Neisseriaceae,Snodgrassella,Snodgrassella alvi,100,100,100,100,100,100,100
ASV_667,Bacteria,Planctomycetota,Planctomycetia,Pirellulales,Pirellulaceae,Mariniblastus,Mariniblastus fucicola,100,100,100,100,100,86.00000000000001,86.00000000000001
ASV_668,Bacteria,Bacteroidota,Flavobacteriia,Flavobacteriales,Flavobacteriaceae,Seonamhaeicola,Seonamhaeicola aphaedonensis,100,100,100,100,100,81.91666666666667,71.41666666666667
ASV_669,Bacteria,Pseudomonadota,Gammaproteobacteria,Alteromonadales,Alteromonadaceae,Marisediminitalea,Marisediminitalea aggregata,100,100,100,100,100,77.25,77.25
ASV_670,NA,NA,NA,NA,NA,NA,NA,NA,NA,NA,NA,NA,NA,NA
ASV_671,Bacteria,Pseudomonadota,Gammaproteobacteria,Alteromonadales,Alteromonadaceae,Alteromonas,Alteromonas australica,100.00000000000006,100.00000000000006,100.00000000000006,100.00000000000006,100.00000000000006,96.49333333333338,25.118519635716453
ASV_672,Bacteria,Pseudomonadota,Gammaproteobacteria,Oceanospirillales,Oceanospirillaceae,Marinomonas,Marinomonas communis,100,100,100,100,100,100,72.83333333333331
ASV_673,NA,NA,NA,NA,NA,NA,NA,NA,NA,NA,NA,NA,NA,NA
ASV_674,Bacteria,Pseudomonadota,Alphaproteobacteria,Hyphomicrobiales,Bartonellaceae,Bartonella,Bartonella apis,100,100,100,100,95.84285714285714,95.84285714285714,95.84285714285714
ASV_675,Bacteria,Bacteroidota,Flavobacteriia,Flavobacteriales,Flavobacteriaceae,Tenacibaculum,Tenacibaculum sediminilitoris,100,100,100,100,100,100,24.55
ASV_676,Bacteria,Pseudomonadota,Alphaproteobacteria,Rhodobacterales,Paracoccaceae,Aquicoccus,Aquicoccus porphyridii,100,100,100,100,64.7666666666667,61.766666666666666,61.766666666666666
ASV_677,Bacteria,Pseudomonadota,Gammaproteobacteria,Cellvibrionales,Cellvibrionaceae,Pseudomaricurvus,Pseudomaricurvus alkylphenolicus,100,100,100,100,100,100,100
ASV_678,Bacteria,Bacteroidota,Flavobacteriia,Flavobacteriales,Flavobacteriaceae,Cochleicola,Cochleicola gelatinilyticus,100,100,100,100,100,25.33333333333332,25.33333333333332
ASV_679,NA,NA,NA,NA,NA,NA,NA,NA,NA,NA,NA,NA,NA,NA
ASV_680,Bacteria,Bacteroidota,Flavobacteriia,Flavobacteriales,Flavobacteriaceae,Mesoflavibacter,Mesoflavibacter zeaxanthinifaciens,100,100,100,100,100,90.83333333333333,85.58333333333333
ASV_681,Bacteria,Bacteroidota,Flavobacteriia,Flavobacteriales,Flavobacteriaceae,Polaribacter,Polaribacter pacificus,99.99999999999999,99.99999999999999,99.99999999999999,99.99999999999999,99.99999999999999,50.600000000000016,35.633333333333354
ASV_682,Bacteria,Pseudomonadota,Alphaproteobacteria,Rhodobacterales,Roseobacteraceae,Ruegeria,Ruegeria arenilitoris,100.00000000000001,100.00000000000001,100.00000000000001,100.00000000000001,93.38333333333333,46.81666666666665,25.7
ASV_683,Bacteria,Pseudomonadota,Gammaproteobacteria,Cellvibrionales,Cellvibrionaceae,Eionea,Eionea nigra,100.00000000000006,100.00000000000006,100.00000000000006,46.783333333333374,36.61666666666668,25.450000000000017,25.450000000000017
ASV_684,Bacteria,Pseudomonadota,Gammaproteobacteria,Alteromonadales,Colwelliaceae,Thalassotalea,Thalassomonas actiniarum,100,100,100,99.8333333333333,99.8333333333333,62.01666666666664,27.983333333333317
ASV_685,Bacteria,Pseudomonadota,Gammaproteobacteria,Alteromonadales,Pseudoalteromonadaceae,Algicola,Algicola bacteriolytica,100,100,100,100,100,100,100
ASV_686,Bacteria,Pseudomonadota,Gammaproteobacteria,Cellvibrionales,Halieaceae,Congregibacter,Congregibacter litoralis,100,100,100,100,100,57.5,57.5
ASV_687,Bacteria,Pseudomonadota,Gammaproteobacteria,Thiotrichales,Fastidiosibacteraceae,Cysteiniphilum,Cysteiniphilum litorale,100,100,100,100,100,100,92.5
ASV_688,Bacteria,Bacteroidota,Flavobacteriia,Flavobacteriales,Flavobacteriaceae,Olleya,Olleya aquimaris,100,100,100,100,100,31.566666666666666,31.566666666666666
ASV_689,Bacteria,Bdellovibrionota,Bacteriovoracia,Bacteriovoracales,Halobacteriovoraceae,Halobacteriovorax,Halobacteriovorax marinus,100,100,100,100,100,100,58.25
ASV_690,Bacteria,Bacteroidota,Flavobacteriia,Flavobacteriales,Flavobacteriaceae,Psychroserpens,Psychroserpens mesophilus,100,100,100,100,100,91.16666666666667,90.33333333333333
ASV_691,Bacteria,Pseudomonadota,Alphaproteobacteria,Rhodobacterales,Paracoccaceae,Ruegeria,Tritonibacter mobilis,99.99999999999997,99.99999999999997,99.99999999999997,99.99999999999997,63.77380952380952,36.22619047619045,32.769841269841265
ASV_692,Bacteria,Pseudomonadota,Gammaproteobacteria,Vibrionales,Vibrionaceae,Vibrio,Vibrio hannami,100,100,100,100,100,100,93.55882352941171
ASV_693,Bacteria,Pseudomonadota,Gammaproteobacteria,Alteromonadales,Alteromonadaceae,Alteromonas,Alteromonas confluentis,100,100,100,100,100,85.5,58.10000000000001
ASV_694,Bacteria,Pseudomonadota,Alphaproteobacteria,Rhodobacterales,Paracoccaceae,Amylibacter,Amylibacter lutimaris,100,100,100,100,60.430952380952405,23.519047619047623,23.185714285714283
ASV_695,Bacteria,Bacteroidota,Flavobacteriia,Flavobacteriales,Flavobacteriaceae,Seonamhaeicola,Seonamhaeicola aphaedonensis,100,100,100,100,100,49.11666666666665,44.53333333333333
ASV_696,Bacteria,Pseudomonadota,Gammaproteobacteria,Thiotrichales,Piscirickettsiaceae,Methylophaga,Methylophaga thiooxydans,100,100,100,100,100,100,100
ASV_697,Bacteria,Pseudomonadota,Gammaproteobacteria,Alteromonadales,Colwelliaceae,Thalassotalea,Thalassotalea ponticola,100,100,100,100,93.5,90.5,48.458333333333336
ASV_698,Bacteria,Pseudomonadota,Alphaproteobacteria,Rhodobacterales,Roseobacteraceae,Phaeobacter,Phaeobacter italicus,100,100,100,100,99.66666666666667,81.50000000000001,81.50000000000001
ASV_699,Bacteria,Bacteroidota,Flavobacteriia,Flavobacteriales,Flavobacteriaceae,Dokdonia,Dokdonia lutea,100,100,100,100,100,91.33333333333331,84.16666666666667
ASV_700,Bacteria,Pseudomonadota,Gammaproteobacteria,Oceanospirillales,Oceanospirillaceae,Litoribacillus,Litoribacillus peritrichatus,100,100,100,100,100,100,100
ASV_701,Bacteria,Pseudomonadota,Gammaproteobacteria,Thiotrichales,Fastidiosibacteraceae,Cysteiniphilum,Cysteiniphilum litorale,100,100,100,100,100,75,68.5
ASV_702,Bacteria,Pseudomonadota,Gammaproteobacteria,Oceanospirillales,Alcanivoracaceae,Alcanivorax,Alcanivorax jadensis,100,100,100,100,100,93.5,32.58333333333333
ASV_703,Bacteria,Pseudomonadota,Gammaproteobacteria,Alteromonadales,Alteromonadaceae,Alteromonas,Alteromonas abrolhosensis,100.00000000000004,100.00000000000004,100.00000000000004,100.00000000000004,100.00000000000004,100.00000000000004,41.875939255252746
ASV_704,Bacteria,Pseudomonadota,Betaproteobacteria,Burkholderiales,NA,Aquabacterium,Aquabacterium parvum,100,100,100,100,100,100,100
ASV_705,Bacteria,Pseudomonadota,Alphaproteobacteria,Rhodobacterales,Roseobacteraceae,Sulfitobacter,Sulfitobacter pontiacus,100,100,100,100,95.60714285714285,89.7857142857143,45.39285714285715
ASV_706,NA,NA,NA,NA,NA,NA,NA,NA,NA,NA,NA,NA,NA,NA
ASV_707,Bacteria,Pseudomonadota,Gammaproteobacteria,Vibrionales,Vibrionaceae,Vibrio,Vibrio hangzhouensis,100,100,100,100,100,100,90.66499999999986
ASV_708,Bacteria,Pseudomonadota,Alphaproteobacteria,Rhodobacterales,Paracoccaceae,Aquicoccus,Aquicoccus porphyridii,100.00000000000001,100.00000000000001,100.00000000000001,100.00000000000001,65.75238095238093,46.509523809523806,46.509523809523806
ASV_709,Bacteria,Pseudomonadota,Alphaproteobacteria,Rhodobacterales,Paracoccaceae,Aliiroseovarius,Aliiroseovarius pelagivivens,99.99999999999999,99.99999999999999,99.99999999999999,99.99999999999999,68.91814574314576,44.30054112554114,38.41868686868687
ASV_710,Bacteria,Pseudomonadota,Gammaproteobacteria,Vibrionales,Vibrionaceae,Vibrio,Vibrio fortis,100.00000000000001,100.00000000000001,100.00000000000001,100.00000000000001,100.00000000000001,99.88888888888887,62.113492063492046
ASV_711,Bacteria,Pseudomonadota,Gammaproteobacteria,Thiotrichales,Francisellaceae,Francisella,Allofrancisella guangzhouensis,100,100,100,86.16666666666666,86.16666666666666,60.60000000000001,19.733333333333324
ASV_712,Bacteria,Pseudomonadota,Gammaproteobacteria,Alteromonadales,Colwelliaceae,Thalassotalea,Thalassotalea loyana,100,100,100,100,96.25,95.25,50
ASV_713,Bacteria,Bacteroidota,Flavobacteriia,Flavobacteriales,Flavobacteriaceae,Tenacibaculum,Tenacibaculum litopenaei,100,100,100,100,100,80,59.333333333333336
ASV_714,Bacteria,Pseudomonadota,Alphaproteobacteria,Rhodobacterales,Paracoccaceae,Meridianimarinicoccus,Meridianimarinicoccus roseus,100,100,100,100,91.5,37.333333333333336,37.333333333333336
ASV_715,Bacteria,Pseudomonadota,Alphaproteobacteria,Rhodobacterales,Paracoccaceae,Thioclava,Thioclava electrotropha,100,100,100,100,100,97.3238095238095,92.7285714285714
ASV_716,Bacteria,Pseudomonadota,Gammaproteobacteria,Alteromonadales,Alteromonadaceae,Alteromonas,Alteromonas confluentis,100.00000000000001,100.00000000000001,100.00000000000001,100.00000000000001,100.00000000000001,87.4110671936759,60.33893280632414
ASV_717,Bacteria,Bacteroidota,Flavobacteriia,Flavobacteriales,Flavobacteriaceae,Seonamhaeicola,Seonamhaeicola maritimus,100,100,100,100,100,66.83333333333331,66.83333333333331
ASV_718,Bacteria,Pseudomonadota,Gammaproteobacteria,Cellvibrionales,Halieaceae,Pseudohaliea,Pseudohaliea rubra,100.00000000000001,100.00000000000001,100.00000000000001,100.00000000000001,100.00000000000001,66.16666666666669,66.16666666666669
ASV_719,Bacteria,Campylobacterota,Epsilonproteobacteria,Campylobacterales,Arcobacteraceae,Halarcobacter,Halarcobacter bivalviorum,100.00000000000001,100.00000000000001,100.00000000000001,100.00000000000001,100.00000000000001,72.36666666666666,71.7
ASV_720,Bacteria,Pseudomonadota,Gammaproteobacteria,Alteromonadales,Pseudoalteromonadaceae,Pseudoalteromonas,Pseudoalteromonas gelatinilytica,100,100,100,100,100,100,29.666666666666664
ASV_721,Bacteria,Pseudomonadota,Gammaproteobacteria,Alteromonadales,Alteromonadaceae,Bowmanella,Bowmanella pacifica,100,100,100,100,100,45.86666666666665,44.36666666666665
ASV_722,Bacteria,Pseudomonadota,Gammaproteobacteria,Alteromonadales,Colwelliaceae,Thalassotalea,Thalassotalea loyana,100,100,100,100,100,100,78.66666666666667
ASV_723,Bacteria,Pseudomonadota,Gammaproteobacteria,Alteromonadales,Colwelliaceae,Thalassotalea,Thalassotalea coralli,100,100,100,95.41666666666669,95.41666666666669,95.41666666666669,61.91666666666666
ASV_724,Bacteria,Bacteroidota,Saprospiria,Saprospirales,Lewinellaceae,Neolewinella,Neolewinella lutea,100,100,100,100,69.00000000000001,40.83333333333335,33.166666666666664
ASV_725,Bacteria,Bacteroidota,Flavobacteriia,Flavobacteriales,Flavobacteriaceae,Aureicoccus,Aureicoccus marinus,100,100,100,100,100,100,100
ASV_726,Bacteria,Pseudomonadota,Gammaproteobacteria,Cellvibrionales,Spongiibacteraceae,Spongiibacter,Spongiibacter marinus,100,100,100,100,100,100,100
ASV_727,Bacteria,Bdellovibrionota,Bacteriovoracia,Bacteriovoracales,Halobacteriovoraceae,Halobacteriovorax,Halobacteriovorax marinus,100,100,100,100,100,100,97.5
ASV_728,Bacteria,Bacteroidota,Flavobacteriia,Flavobacteriales,Flavobacteriaceae,Tenacibaculum,Tenacibaculum skagerrakense,100.00000000000001,100.00000000000001,100.00000000000001,100.00000000000001,100.00000000000001,99.33333333333334,73.50952380952383
ASV_729,Bacteria,Pseudomonadota,Gammaproteobacteria,Alteromonadales,Colwelliaceae,Thalassotalea,Thalassotalea coralli,100,100,100,98,98,95.5,34.75
ASV_730,Bacteria,Pseudomonadota,Gammaproteobacteria,Cellvibrionales,Halieaceae,Luminiphilus,Luminiphilus syltensis,100,100,100,100,100,49,49
ASV_731,Bacteria,Pseudomonadota,Gammaproteobacteria,Oceanospirillales,Oceanospirillaceae,Bacterioplanoides,Bacterioplanoides pacificum,99.99999999999999,99.99999999999999,99.99999999999999,96.49999999999999,95.49999999999999,55.666666666666636,55.666666666666636
ASV_732,Bacteria,Pseudomonadota,Alphaproteobacteria,Sphingomonadales,Erythrobacteraceae,Pontixanthobacter,Pontixanthobacter aquaemixtae,100,100,100,100,91.0583333333333,55.56666666666664,27.783333333333317
ASV_733,Bacteria,Pseudomonadota,Gammaproteobacteria,Alteromonadales,Colwelliaceae,Thalassotalea,Thalassotalea coralli,100,100,100,100,99,89.83333333333331,37.83333333333334
ASV_734,Bacteria,Pseudomonadota,Gammaproteobacteria,Vibrionales,Vibrionaceae,Vibrio,Vibrio pelagius,100.00000000000001,100.00000000000001,100.00000000000001,100.00000000000001,100.00000000000001,100.00000000000001,52.35555555555555
ASV_735,Bacteria,Bacteroidota,Saprospiria,Saprospirales,Lewinellaceae,Lewinella,Lewinella cohaerens,100,100,100,100,100,100,100
ASV_736,Bacteria,Pseudomonadota,Gammaproteobacteria,Alteromonadales,Pseudoalteromonadaceae,Pseudoalteromonas,Pseudoalteromonas piratica,100.00000000000004,100.00000000000004,100.00000000000004,100.00000000000004,99.96428571428575,87.16820728291319,30.76823752228164
ASV_737,Bacteria,Pseudomonadota,Gammaproteobacteria,Oceanospirillales,Oceanospirillaceae,Bacterioplanoides,Bacterioplanoides pacificum,100,100,100,99.00000000000001,98.00000000000001,79.33333333333333,79.33333333333333
ASV_738,Bacteria,Pseudomonadota,Gammaproteobacteria,Thiotrichales,Fastidiosibacteraceae,Cysteiniphilum,Cysteiniphilum litorale,100,100,100,100,100,87.5,85.5
ASV_739,NA,NA,NA,NA,NA,NA,NA,NA,NA,NA,NA,NA,NA,NA
ASV_740,Bacteria,Pseudomonadota,Alphaproteobacteria,Kordiimonadales,Kordiimonadaceae,Kordiimonas,Kordiimonas lipolytica,100,100,100,100,100,100,78.33333333333333
ASV_741,Bacteria,Pseudomonadota,Gammaproteobacteria,Vibrionales,Vibrionaceae,Vibrio,Vibrio diabolicus,100,100,100,100,100,100,43.45000000000002
ASV_742,Bacteria,Pseudomonadota,Gammaproteobacteria,Moraxellales,Moraxellaceae,Acinetobacter,Acinetobacter johnsonii,100,100,100,100,100,100,96.90396825396827
ASV_743,Bacteria,Bacteroidota,Bacteroidia,Marinilabiliales,Prolixibacteraceae,Mangrovibacterium,Mangrovibacterium lignilyticum,99.99999999999999,99.99999999999999,99.99999999999999,99.99999999999999,99.99999999999999,51.5,51.5
ASV_744,Bacteria,Pseudomonadota,Alphaproteobacteria,Rhodobacterales,Roseobacteraceae,Phycobacter,Phycobacter azelaicus,100.00000000000001,100.00000000000001,100.00000000000001,100.00000000000001,74.3,50.05000000000002,50.05000000000002
ASV_745,Bacteria,Pseudomonadota,Gammaproteobacteria,Alteromonadales,Colwelliaceae,Thalassotalea,Thalassotalea coralli,100,100,100,99,99,96.5,40.66666666666667
ASV_746,Bacteria,Pseudomonadota,Gammaproteobacteria,Pseudomonadales,Pseudomonadaceae,Pseudomonas,Pseudomonas paralactis,100,100,100,100,100,100,19.740151515151513
ASV_747,Bacteria,Campylobacterota,Epsilonproteobacteria,Campylobacterales,Sulfurovaceae,Sulfurovum,Sulfurovum aggregans,100,100,100,100,100,100,90.33333333333333
ASV_748,Bacteria,Pseudomonadota,Gammaproteobacteria,Alteromonadales,Colwelliaceae,Thalassotalea,Thalassotalea euphylliae,100,100,100,100,100,100,64.83333333333331
ASV_749,Bacteria,Pseudomonadota,Gammaproteobacteria,Oceanospirillales,Oceanospirillaceae,Oceanospirillum,Oceanospirillum beijerinckii,100,100,100,85.25,81.66666666666667,78.91666666666669,46.11666666666665
ASV_750,Bacteria,Pseudomonadota,Alphaproteobacteria,Rhodobacterales,Roseobacteraceae,Poseidonocella,Poseidonocella pacifica,100,100,100,100,62.333333333333336,31.91666666666667,18.250000000000004
ASV_751,Bacteria,Bacteroidota,Flavobacteriia,Flavobacteriales,Flavobacteriaceae,Seonamhaeicola,Seonamhaeicola aphaedonensis,100,100,100,100,100,100,88
ASV_752,Bacteria,Pseudomonadota,Gammaproteobacteria,Cellvibrionales,Cellvibrionaceae,Eionea,Eionea nigra,100.00000000000001,100.00000000000001,100.00000000000001,59.08333333333334,52.33333333333334,51.83333333333334,51.83333333333334
ASV_753,Bacteria,Pseudomonadota,Gammaproteobacteria,Alteromonadales,Colwelliaceae,Thalassotalea,Thalassotalea coralli,100,100,100,100,95,76.5,69.5
ASV_754,Bacteria,Pseudomonadota,Gammaproteobacteria,Vibrionales,Vibrionaceae,Vibrio,Vibrio tubiashii,100.00000000000001,100.00000000000001,100.00000000000001,100.00000000000001,100.00000000000001,100.00000000000001,36.728571428571456
ASV_755,Bacteria,Pseudomonadota,Gammaproteobacteria,Vibrionales,Vibrionaceae,Vibrio,Vibrio alginolyticus,100.00000000000009,100.00000000000009,100.00000000000009,100.00000000000009,100.00000000000009,100.00000000000009,59.755935283812555
ASV_756,Bacteria,Pseudomonadota,Gammaproteobacteria,Alteromonadales,Colwelliaceae,Thalassomonas,Thalassomonas actiniarum,100.00000000000001,100.00000000000001,100.00000000000001,94.9666666666667,94.9666666666667,65.56666666666669,52.90000000000003
ASV_757,Bacteria,Pseudomonadota,Gammaproteobacteria,Alteromonadales,Colwelliaceae,Thalassotalea,Thalassotalea crassostreae,100,100,100,100,100,98.75,76.75
ASV_758,Bacteria,Pseudomonadota,Gammaproteobacteria,Oceanospirillales,Oceanospirillaceae,Thalassolituus,Thalassolituus oleivorans,100,100,100,92.1,92.1,47.06666666666666,42.06666666666666
ASV_759,Bacteria,Bacteroidota,Flavobacteriia,Flavobacteriales,Flavobacteriaceae,Seonamhaeicola,Seonamhaeicola maritimus,100,100,100,100,100,83.33333333333333,79.33333333333333
ASV_760,Bacteria,Bacteroidota,Flavobacteriia,Flavobacteriales,Flavobacteriaceae,Seonamhaeicola,Seonamhaeicola aphaedonensis,100,100,100,100,100,51.66666666666666,49.833333333333336
ASV_761,Bacteria,Pseudomonadota,Gammaproteobacteria,Alteromonadales,Colwelliaceae,Thalassotalea,Thalassotalea coralli,100,100,100,100,89.8333333333333,89.8333333333333,36
ASV_762,Bacteria,Pseudomonadota,Gammaproteobacteria,Alteromonadales,Pseudoalteromonadaceae,Pseudoalteromonas,Pseudoalteromonas gelatinilytica,100,100,100,100,100,100,30.18333333333332
ASV_763,Bacteria,Pseudomonadota,Alphaproteobacteria,Rhodobacterales,Roseobacteraceae,Thalassovita,Thalassovita mediterranea,100,100,100,100,54.000000000000014,38.13333333333333,37.8
ASV_764,Bacteria,Pseudomonadota,Gammaproteobacteria,Alteromonadales,Ferrimonadaceae,Ferrimonas,Ferrimonas sediminicola,100,100,100,100,100,100,92
ASV_765,Bacteria,Myxococcota,NA,Nannocystales,Nannocystaceae,Plesiocystis,Plesiocystis pacifica,100,100,70.5,70.5,70.5,62.5,62.5
ASV_766,Bacteria,Pseudomonadota,Alphaproteobacteria,Rhodobacterales,Paracoccaceae,Phycobacter,Phycobacter azelaicus,100,100,100,100,52.28333333333333,38.2,38.2
ASV_767,Bacteria,Bacteroidota,Flavobacteriia,Flavobacteriales,Flavobacteriaceae,Dokdonia,Dokdonia lutea,100,100,100,100,100,99,84.80952380952381
ASV_768,Bacteria,Pseudomonadota,Alphaproteobacteria,Rhodobacterales,Roseobacteraceae,Tropicibacter,Tropicibacter naphthalenivorans,100,100,100,100,71.1653846153846,49.913369963369945,49.913369963369945
ASV_769,Bacteria,Pseudomonadota,Gammaproteobacteria,Thiotrichales,Thiotrichaceae,Thiothrix,Thiothrix caldifontis,100,100,100,52,52,52,52
ASV_770,Bacteria,Pseudomonadota,Gammaproteobacteria,Oceanospirillales,Oceanospirillaceae,Thalassolituus,Thalassolituus oleivorans,100,100,100,90.19047619047616,90.19047619047616,60.71428571428572,49.285714285714285
ASV_771,Bacteria,Pseudomonadota,Alphaproteobacteria,Rhodobacterales,Roseobacteraceae,Ruegeria,Ruegeria conchae,100,100,100,100,61.215476190476195,61.215476190476195,42.95119047619047
ASV_772,Bacteria,Campylobacterota,Epsilonproteobacteria,Campylobacterales,Arcobacteraceae,Malaciobacter,Malaciobacter pacificus,100,100,100,100,100,76.83333333333333,62.33333333333334
ASV_773,Bacteria,Bacteroidota,Cytophagia,Cytophagales,Roseivirgaceae,Roseivirga,Roseivirga misakiensis,100,100,100,100,90,90,55.16666666666665
ASV_774,Bacteria,Pseudomonadota,Gammaproteobacteria,Vibrionales,Vibrionaceae,Vibrio,Vibrio coralliilyticus,100,100,100,100,100,100,39.66666666666666
ASV_775,Bacteria,Pseudomonadota,Gammaproteobacteria,Vibrionales,Vibrionaceae,Photobacterium,Photobacterium swingsii,100,100,100,100,100,99.5,33
ASV_776,Bacteria,Pseudomonadota,Alphaproteobacteria,Rhodobacterales,Roseobacteraceae,Thalassovita,Thalassovita mediterranea,100,100,100,100,64.63333333333333,41.91666666666665,29.08333333333332
ASV_777,Bacteria,Pseudomonadota,Alphaproteobacteria,Rhodospirillales,Terasakiellaceae,Terasakiella,Terasakiella brassicae,100,100,100,100,100,100,79.66666666666666
ASV_778,Bacteria,Pseudomonadota,Gammaproteobacteria,Cellvibrionales,Spongiibacteraceae,Spongiibacter,Spongiibacter marinus,100,100,100,100,100,100,87.3
ASV_779,Bacteria,Bacteroidota,Cytophagia,Cytophagales,Reichenbachiellaceae,Ekhidna,Ekhidna lutea,100,100,100,100,100,100,100
ASV_780,Bacteria,Pseudomonadota,Gammaproteobacteria,Alteromonadales,Alteromonadaceae,Alteromonas,Alteromonas confluentis,100,100,100,100,100,80.18095238095238,42.58285714285711
ASV_781,Bacteria,Pseudomonadota,Gammaproteobacteria,Vibrionales,Vibrionaceae,Vibrio,Vibrio hannami,100,100,100,100,100,100,98.5
ASV_782,Bacteria,Pseudomonadota,Alphaproteobacteria,Hyphomonadales,Hyphomonadaceae,Hyphomonas,Hyphomonas atlantica,100,100,100,100,100,100,49.16666666666665
ASV_783,Bacteria,Pseudomonadota,Alphaproteobacteria,Hyphomicrobiales,Stappiaceae,Roseibium,Roseibium marinum,100,100,100,97.55,97.55,84.85,31.650000000000002
ASV_784,Bacteria,Pseudomonadota,Gammaproteobacteria,Alteromonadales,Alteromonadaceae,Marisediminitalea,Marisediminitalea aggregata,100,100,100,100,100,64.00000000000001,64.00000000000001
ASV_785,Bacteria,Pseudomonadota,Alphaproteobacteria,Rhodobacterales,Roseobacteraceae,Leisingera,Leisingera daeponensis,100,100,100,100,80.3,36.949999999999996,36.949999999999996
ASV_786,Bacteria,Campylobacterota,Epsilonproteobacteria,Campylobacterales,Arcobacteraceae,Halarcobacter,Halarcobacter bivalviorum,100,100,100,100,100,97.25,95.75
ASV_787,Bacteria,Pseudomonadota,Gammaproteobacteria,Alteromonadales,Colwelliaceae,Thalassotalea,Thalassotalea insulae,100,100,100,83,83,71.75,18.416666666666668
ASV_788,Bacteria,Pseudomonadota,Gammaproteobacteria,Moraxellales,Moraxellaceae,Moraxella,Moraxella osloensis,100,100,100,100,100,100,100
ASV_789,Bacteria,Pseudomonadota,Gammaproteobacteria,Alteromonadales,Pseudoalteromonadaceae,Psychrosphaera,Psychrosphaera aestuarii,100,100,100,100,100,90.33333333333331,31.166666666666664
ASV_790,Bacteria,Pseudomonadota,Gammaproteobacteria,Alteromonadales,Colwelliaceae,Thalassotalea,Thalassotalea coralli,100,100,100,100,100,100,100
ASV_791,Bacteria,Pseudomonadota,Alphaproteobacteria,Rhodobacterales,Roseobacteraceae,Roseovarius,Roseovarius pacificus,100,100,100,100,61.54242424242425,35.300000000000004,32.26666666666666
ASV_792,Bacteria,Planctomycetota,Planctomycetia,Pirellulales,Lacipirellulaceae,Botrimarina,Botrimarina hoheduenensis,100,100,100,100,100,100,47.333333333333336
ASV_793,Bacteria,Pseudomonadota,Gammaproteobacteria,Oceanospirillales,Oceanospirillaceae,Marinomonas,Marinomonas foliarum,100.00000000000003,100.00000000000003,100.00000000000003,100.00000000000003,100.00000000000003,99.6666666666667,19.25
ASV_794,Bacteria,Pseudomonadota,Gammaproteobacteria,Alteromonadales,Pseudoalteromonadaceae,Pseudoalteromonas,Pseudoalteromonas luteoviolacea,100,100,100,100,99.85514027745482,99.85514027745482,85.02939832697074
ASV_795,NA,NA,NA,NA,NA,NA,NA,NA,NA,NA,NA,NA,NA,NA
ASV_796,Bacteria,Pseudomonadota,Gammaproteobacteria,Alteromonadales,Colwelliaceae,Thalassotalea,Thalassotalea mangrovi,100,100,100,100,100,100,65.5
ASV_797,Bacteria,Pseudomonadota,Gammaproteobacteria,Pseudomonadales,Pseudomonadaceae,Pseudomonas,Pseudomonas yamanorum,100,100,100,100,100,100,34.903471528471506
ASV_798,Bacteria,Verrucomicrobiota,Opitutae,Puniceicoccales,Coraliomargaritaceae,Coraliomargarita,Coraliomargarita akajimensis,100,100,97,97,97,97,83.66666666666667
ASV_799,Bacteria,Pseudomonadota,Gammaproteobacteria,Alteromonadales,Colwelliaceae,Thalassotalea,Thalassotalea montiporae,100,100,100,100,100,100,96
ASV_800,Bacteria,Pseudomonadota,Alphaproteobacteria,Rhodobacterales,Roseobacteraceae,Sulfitobacter,Sulfitobacter porphyrae,100,100,100,100,96.0848484848485,86.73030303030302,48.77424242424241
ASV_801,Bacteria,Pseudomonadota,Gammaproteobacteria,Cellvibrionales,Microbulbiferaceae,Microbulbifer,Microbulbifer gwangyangensis,100,100,100,43.16666666666666,42.16666666666666,42.16666666666666,24
ASV_802,Bacteria,Bacteroidota,Flavobacteriia,Flavobacteriales,Flavobacteriaceae,Seonamhaeicola,Seonamhaeicola aphaedonensis,100,100,100,100,100,100,99
ASV_803,Bacteria,Pseudomonadota,Gammaproteobacteria,Thiotrichales,Fastidiosibacteraceae,Cysteiniphilum,Cysteiniphilum marinum,100,100,100,100,100,79.66666666666666,40.5
ASV_804,Bacteria,Pseudomonadota,Alphaproteobacteria,Parvularculales,Parvularculaceae,Parvularcula,Parvularcula mediterranea,100,100,100,100,100,100,100
ASV_805,Bacteria,Actinomycetota,Actinomycetes,Micrococcales,Micrococcaceae,Arthrobacter,Arthrobacter crusticola,100,100,100,100,100,95.76666666666668,40.59166666666666
ASV_806,Bacteria,Pseudomonadota,Gammaproteobacteria,Vibrionales,Vibrionaceae,Vibrio,Vibrio pelagius,100,100,100,100,100,100,88
ASV_807,Bacteria,Pseudomonadota,Betaproteobacteria,Nitrosomonadales,Methylophilaceae,Methylotenera,Methylotenera oryzisoli,100,100,100,100,85.58333333333333,85.58333333333333,85.58333333333333
ASV_808,NA,NA,NA,NA,NA,NA,NA,NA,NA,NA,NA,NA,NA,NA
ASV_809,Bacteria,Pseudomonadota,Alphaproteobacteria,Rhodobacterales,Paracoccaceae,Amylibacter,Amylibacter lutimaris,100,100,100,100,54.03809523809523,41.05238095238094,41.05238095238094
ASV_810,Bacteria,Pseudomonadota,Alphaproteobacteria,Kordiimonadales,Kordiimonadaceae,Kordiimonas,Kordiimonas lipolytica,100,100,100,100,100,100,75.33333333333333
ASV_811,Bacteria,Pseudomonadota,Alphaproteobacteria,Rhodobacterales,Roseobacteraceae,Sulfitobacter,Sulfitobacter faviae,100,100,100,100,99.5,99.5,99.5
ASV_812,Bacteria,Pseudomonadota,Gammaproteobacteria,Alteromonadales,Alteromonadaceae,Alteromonas,Alteromonas confluentis,100,100,100,100,100,88.70771749463614,19.053841233860176
ASV_813,Bacteria,Pseudomonadota,Alphaproteobacteria,Rhodobacterales,Roseobacteraceae,Sulfitobacter,Sulfitobacter pacificus,100,100,100,100,99.78021978021981,84.87713675213669,38.882478632478616
ASV_814,NA,NA,NA,NA,NA,NA,NA,NA,NA,NA,NA,NA,NA,NA
ASV_815,Bacteria,Bacteroidota,Saprospiria,Saprospirales,Lewinellaceae,Lewinella,Lewinella cohaerens,100,100,100,100,100,100,100
ASV_816,Bacteria,Bacteroidota,Flavobacteriia,Flavobacteriales,Flavobacteriaceae,Kordia,Kordia jejudonensis,100,100,100,100,100,43.70000000000001,19.2
ASV_817,NA,NA,NA,NA,NA,NA,NA,NA,NA,NA,NA,NA,NA,NA
ASV_818,Bacteria,Campylobacterota,Epsilonproteobacteria,Campylobacterales,Sulfurimonadaceae,Sulfurimonas,Sulfurimonas paralvinellae,100,100,100,100,100,100,72.33333333333331
ASV_819,Bacteria,Pseudomonadota,Gammaproteobacteria,Oceanospirillales,Oceanospirillaceae,Bacterioplanes,Bacterioplanes sanyensis,100,100,100,100,100,100,100
ASV_820,Bacteria,Pseudomonadota,Alphaproteobacteria,Maricaulales,Robiginitomaculaceae,Algimonas,Algimonas porphyrae,100,100,100,100,100,69.5,69.5
ASV_821,Bacteria,Pseudomonadota,Gammaproteobacteria,Alteromonadales,Pseudoalteromonadaceae,Psychrosphaera,Psychrosphaera saromensis,100,100,100,100,100,93.33333333333331,38
ASV_822,Bacteria,Pseudomonadota,Betaproteobacteria,Nitrosomonadales,Methylophilaceae,Methylotenera,Methylotenera oryzisoli,100,100,100,94.75,72.75,72.75,72.75
ASV_823,Bacteria,Pseudomonadota,Gammaproteobacteria,Thiotrichales,Piscirickettsiaceae,Thiomicrorhabdus,Thiomicrorhabdus indica,100,100,100,100,100,100,100
ASV_824,Bacteria,Pseudomonadota,Gammaproteobacteria,Alteromonadales,Colwelliaceae,Thalassotalea,Thalassotalea loyana,100,100,100,98.5,98.5,96.03333333333332,60.33333333333333
ASV_825,Bacteria,Pseudomonadota,Gammaproteobacteria,Vibrionales,Vibrionaceae,Vibrio,Vibrio tubiashii,100,100,100,100,100,100,53.030036630036655
ASV_826,Bacteria,Bacteroidota,Flavobacteriia,Flavobacteriales,Flavobacteriaceae,Lutimonas,Lutimonas vermicola,99.99999999999999,99.99999999999999,99.99999999999999,99.99999999999999,99.99999999999999,35.300000000000004,20.150000000000006
ASV_827,NA,NA,NA,NA,NA,NA,NA,NA,NA,NA,NA,NA,NA,NA
ASV_828,Bacteria,Pseudomonadota,Alphaproteobacteria,Rhodospirillales,Thalassobaculaceae,Nisaea,Nisaea denitrificans,99.99999999999999,99.99999999999999,99.99999999999999,99.99999999999999,54.75,41.516666666666644,36.78333333333333
ASV_829,Bacteria,Actinomycetota,Actinomycetes,Mycobacteriales,Corynebacteriaceae,Corynebacterium,Corynebacterium sputi,100,100,100,100,100,100,100
ASV_830,Bacteria,Pseudomonadota,Alphaproteobacteria,Rhodobacterales,Roseobacteraceae,Shimia,Shimia biformata,100,100,100,100,61.70000000000001,37.2,26.708333333333325
ASV_831,Bacteria,Campylobacterota,Epsilonproteobacteria,Campylobacterales,Sulfurimonadaceae,Sulfurimonas,Sulfurimonas indica,100,100,100,100,100,100,33.33333333333333
ASV_832,Bacteria,Pseudomonadota,Gammaproteobacteria,Cellvibrionales,Cellvibrionaceae,Pseudoteredinibacter,Pseudoteredinibacter isoporae,100,100,100,100,100,100,100
ASV_833,Bacteria,Pseudomonadota,Gammaproteobacteria,Alteromonadales,Alteromonadaceae,Alteromonas,Alteromonas confluentis,100,100,100,100,100,82.78129629629629,18.700700362016143
ASV_834,Bacteria,Pseudomonadota,Gammaproteobacteria,Oceanospirillales,Oceanospirillaceae,Neptunomonas,Neptunomonas marina,100,100,100,100,100,100,100
ASV_835,Bacteria,Pseudomonadota,Gammaproteobacteria,Alteromonadales,Colwelliaceae,Thalassotalea,Thalassomonas viridans,100,100,100,100,93.58333333333331,56.666666666666664,35.333333333333336
ASV_836,Bacteria,Bacteroidota,Flavobacteriia,Flavobacteriales,Flavobacteriaceae,Dokdonia,Dokdonia ponticola,100,100,100,100,100,100,47
ASV_837,Bacteria,Bacteroidota,Flavobacteriia,Flavobacteriales,Flavobacteriaceae,Dokdonia,Dokdonia lutea,100,100,100,100,100,100,73.20238095238093
ASV_838,NA,NA,NA,NA,NA,NA,NA,NA,NA,NA,NA,NA,NA,NA
ASV_839,Bacteria,Verrucomicrobiota,Verrucomicrobiae,Verrucomicrobiales,Verrucomicrobiaceae,Fucophilus,Fucophilus fucoidanolyticus,100,100,89.5,89.5,89.5,89.5,89.5
ASV_840,Bacteria,Bacteroidota,Flavobacteriia,Flavobacteriales,Flavobacteriaceae,Seonamhaeicola,Seonamhaeicola aphaedonensis,100,100,100,100,100,100,99
ASV_841,NA,NA,NA,NA,NA,NA,NA,NA,NA,NA,NA,NA,NA,NA
ASV_842,Bacteria,Pseudomonadota,Gammaproteobacteria,Alteromonadales,Colwelliaceae,Thalassomonas,Thalassomonas actiniarum,100,100,100,93,89.66666666666666,59.83333333333332,53.5
ASV_843,Bacteria,Pseudomonadota,Gammaproteobacteria,Alteromonadales,Colwelliaceae,Thalassotalea,Thalassotalea loyana,100,100,100,100,100,100,48.5
ASV_844,Bacteria,Pseudomonadota,Alphaproteobacteria,Rhodobacterales,Paracoccaceae,Tritonibacter,Tritonibacter mobilis,100.00000000000003,100.00000000000003,100.00000000000003,100.00000000000003,97.25000000000003,96.41071428571432,95.0357142857143
ASV_845,Bacteria,Pseudomonadota,Betaproteobacteria,Burkholderiales,Comamonadaceae,Curvibacter,Curvibacter fontanus,100.00000000000004,100.00000000000004,100.00000000000004,100.00000000000004,100.00000000000004,68.27777777777771,64.77777777777771
ASV_846,Bacteria,Verrucomicrobiota,Opitutae,Puniceicoccales,Coraliomargaritaceae,Coraliomargarita,Coraliomargarita sinensis,100,100,98,98,98,98,69.66666666666667
ASV_847,Bacteria,Pseudomonadota,Alphaproteobacteria,Rhodospirillales,Terasakiellaceae,Terasakiella,Terasakiella brassicae,99.99999999999999,99.99999999999999,99.99999999999999,99.99999999999999,99.99999999999999,99.99999999999999,57.333333333333314
ASV_848,Bacteria,Bacteroidota,Cytophagia,Cytophagales,Reichenbachiellaceae,Ekhidna,Ekhidna lutea,100,100,100,100,100,100,100
ASV_849,Bacteria,Pseudomonadota,Gammaproteobacteria,Vibrionales,Vibrionaceae,Vibrio,Vibrio hannami,100,100,100,100,100,100,28.166666666666668
ASV_850,Bacteria,Bacteroidota,Flavobacteriia,Flavobacteriales,Flavobacteriaceae,Hyunsoonleella,Hyunsoonleella pacifica,100,100,100,100,100,44.70000000000001,14.833333333333337
ASV_851,Bacteria,Bacteroidota,Flavobacteriia,Flavobacteriales,Flavobacteriaceae,Seonamhaeicola,Seonamhaeicola aphaedonensis,100,100,100,100,100,100,98.33333333333333
ASV_852,Bacteria,Bacteroidota,Flavobacteriia,Flavobacteriales,Flavobacteriaceae,Seonamhaeicola,Seonamhaeicola aphaedonensis,100,100,100,100,100,100,92.33333333333333
ASV_853,Bacteria,Planctomycetota,Planctomycetia,Pirellulales,Pirellulaceae,Aureliella,Aureliella helgolandensis,100,100,100,100,100,100,100
ASV_854,Bacteria,Pseudomonadota,Alphaproteobacteria,Rickettsiales,NA,Lyticum,Lyticum flagellatum,100,100,100,100,100,100,100
ASV_855,Bacteria,Pseudomonadota,Alphaproteobacteria,Rhodobacterales,Paracoccaceae,Histidinibacterium,Histidinibacterium aquaticum,100,100,100,100,100,100,100
ASV_856,Bacteria,Pseudomonadota,Gammaproteobacteria,Vibrionales,Vibrionaceae,Vibrio,Vibrio alginolyticus,100.00000000000001,100.00000000000001,100.00000000000001,100.00000000000001,100.00000000000001,100.00000000000001,36.231200828157355
ASV_857,Bacteria,Bacteroidota,Saprospiria,Saprospirales,Saprospiraceae,Aureispira,Aureispira maritima,100,100,100,100,100,100,100
ASV_858,Bacteria,Bacteroidota,Cytophagia,Cytophagales,Roseivirgaceae,Roseivirga,Edaphorhabdus rosea,100,100,100,100,40.41666666666665,40.41666666666665,20.916666666666668
ASV_859,Bacteria,Pseudomonadota,Alphaproteobacteria,Hyphomicrobiales,Hyphomicrobiaceae,Filomicrobium,Filomicrobium fusiforme,100,100,100,100,97.5,54.176190476190484,51.34285714285715
ASV_860,Bacteria,Pseudomonadota,Alphaproteobacteria,Kordiimonadales,Kordiimonadaceae,Kordiimonas,Kordiimonas pumila,100,100,100,100,100,100,45.66666666666665
ASV_861,Bacteria,Pseudomonadota,Gammaproteobacteria,Oceanospirillales,Oceanospirillaceae,Oleispira,Oleispira lenta,100,100,100,100,100,100,98.5
ASV_862,Bacteria,Pseudomonadota,Gammaproteobacteria,Oceanospirillales,Oceanospirillaceae,Litoribacillus,Litoribacillus peritrichatus,100,100,100,100,100,100,100
ASV_863,Bacteria,Pseudomonadota,Alphaproteobacteria,Sphingomonadales,Erythrobacteraceae,Caenibius,Caenibius tardaugens,100,100,100,100,95.05714285714285,23.94047619047619,23.94047619047619
ASV_864,Bacteria,Bacteroidota,Flavobacteriia,Flavobacteriales,Flavobacteriaceae,Allomuricauda,Allomuricauda nanhaiensis,100,100,100,100,100,100,78
ASV_865,Bacteria,Pseudomonadota,Alphaproteobacteria,Hyphomicrobiales,Parvibaculaceae,Pyruvatibacter,Pyruvatibacter mobilis,100,100,100,100,100,100,100
ASV_866,Bacteria,Pseudomonadota,Gammaproteobacteria,Alteromonadales,Colwelliaceae,Thalassotalea,Thalassotalea crassostreae,100,100,100,90.16666666666667,90.16666666666667,75.16666666666667,39.16666666666666
ASV_867,Bacteria,Pseudomonadota,Alphaproteobacteria,Rhodobacterales,Roseobacteraceae,Sulfitobacter,Sulfitobacter salinus,100,100,100,100,73.64404761904763,37.56904761904761,14.217857142857142
ASV_868,Bacteria,Bacteroidota,Flavobacteriia,Flavobacteriales,Flavobacteriaceae,Polaribacter,Polaribacter lacunae,100.00000000000007,100.00000000000007,100.00000000000007,100.00000000000007,100.00000000000007,67.41666666666671,27.833333333333336
ASV_869,Bacteria,Pseudomonadota,Gammaproteobacteria,Vibrionales,Vibrionaceae,Vibrio,Vibrio tubiashii,99.99999999999996,99.99999999999996,99.99999999999996,99.99999999999996,99.99999999999996,99.85714285714279,42.40228937728934
ASV_870,NA,NA,NA,NA,NA,NA,NA,NA,NA,NA,NA,NA,NA,NA
ASV_871,NA,NA,NA,NA,NA,NA,NA,NA,NA,NA,NA,NA,NA,NA
ASV_872,Bacteria,Bacteroidota,Flavobacteriia,Flavobacteriales,Flavobacteriaceae,Seonamhaeicola,Seonamhaeicola aphaedonensis,100,100,100,100,100,79.83333333333334,78.00000000000003
ASV_873,Bacteria,Planctomycetota,Planctomycetia,Planctomycetales,Planctomycetaceae,Fuerstiella,Fuerstiella marisgermanici,100,100,100,100,100,100,100
ASV_874,Bacteria,Pseudomonadota,Gammaproteobacteria,Oceanospirillales,Oceanospirillaceae,Oceanobacter,Oceanobacter mangrovi,100,100,100,100,100,86.43333333333334,52.7
ASV_875,Bacteria,Pseudomonadota,Alphaproteobacteria,Rhodobacterales,Roseobacteraceae,Thalassovita,Thalassovita mediterranea,100,100,100,100,81.66666666666669,80.16666666666669,78.53333333333335
ASV_876,Bacteria,Pseudomonadota,Alphaproteobacteria,Hyphomicrobiales,Stappiaceae,Roseibium,Roseibium polysiphoniae,100,100,100,100,100,99,95.25
ASV_877,Bacteria,Pseudomonadota,Gammaproteobacteria,Oceanospirillales,Oceanospirillaceae,Oleispira,Oleispira lenta,100,100,100,100,100,100,87
ASV_878,NA,NA,NA,NA,NA,NA,NA,NA,NA,NA,NA,NA,NA,NA
ASV_879,Bacteria,Bacteroidota,Flavobacteriia,Flavobacteriales,Flavobacteriaceae,Allomuricauda,Allomuricauda flava,100,100,100,100,100,73,62
ASV_880,Bacteria,Bacteroidota,Flavobacteriia,Flavobacteriales,Flavobacteriaceae,Polaribacter,Polaribacter lacunae,100,100,100,100,100,100,100
ASV_881,Bacteria,Pseudomonadota,Gammaproteobacteria,Oceanospirillales,Oceanospirillaceae,Bacterioplanoides,Bacterioplanoides pacificum,100,100,100,98.66666666666666,89.66666666666666,55.83333333333332,55.83333333333332
ASV_882,NA,NA,NA,NA,NA,NA,NA,NA,NA,NA,NA,NA,NA,NA
ASV_883,Bacteria,Pseudomonadota,Gammaproteobacteria,Vibrionales,Vibrionaceae,Vibrio,Vibrio coralliilyticus,100,100,100,100,100,100,84.03333333333332
ASV_884,Bacteria,Pseudomonadota,Gammaproteobacteria,Alteromonadales,Alteromonadaceae,Alteromonas,Alteromonas australica,100,100,100,100,100,95.52270374552982,25.420575285380778
ASV_885,Bacteria,Pseudomonadota,Alphaproteobacteria,Rhodobacterales,Roseobacteraceae,Thalassovita,Thalassovita mediterranea,100,100,100,100,52.01666666666666,25.266666666666662,24.483333333333317
ASV_886,Bacteria,Pseudomonadota,Alphaproteobacteria,Rhodobacterales,Roseobacteraceae,Roseovarius,Roseovarius pacificus,100,100,100,100,88.23333333333332,59.816666666666634,52.11666666666665
ASV_887,Bacteria,Pseudomonadota,Alphaproteobacteria,Hyphomonadales,Hyphomonadaceae,Hyphomonas,Hyphomonas beringensis,100,100,100,100,100,99,29.726190476190478
ASV_888,NA,NA,NA,NA,NA,NA,NA,NA,NA,NA,NA,NA,NA,NA
ASV_889,Bacteria,Pseudomonadota,Alphaproteobacteria,Rhodobacterales,Roseobacteraceae,Maritimibacter,Amylibacter lutimaris,100.00000000000004,100.00000000000004,100.00000000000004,100.00000000000004,53.7079365079365,25.016666666666673,17.25952380952381
ASV_890,Bacteria,Pseudomonadota,Gammaproteobacteria,Thiotrichales,Francisellaceae,Allofrancisella,Allofrancisella frigidaquae,100.00000000000001,100.00000000000001,100.00000000000001,100.00000000000001,100.00000000000001,53.609523809523814,28.592857142857138
ASV_891,Bacteria,Bacteroidota,Flavobacteriia,Flavobacteriales,Flavobacteriaceae,Seonamhaeicola,Seonamhaeicola aphaedonensis,100,100,100,100,100,88.33333333333333,65
ASV_892,Bacteria,Planctomycetota,Planctomycetia,Pirellulales,Lacipirellulaceae,Pseudobythopirellula,Pseudobythopirellula maris,100,100,100,100,100,75.00000000000001,75.00000000000001
ASV_893,Bacteria,Pseudomonadota,Gammaproteobacteria,Oceanospirillales,Oceanospirillaceae,Oleispira,Oleispira antarctica,100,100,100,95.58333333333333,95.58333333333333,62.83333333333334,38.83333333333334
ASV_894,Bacteria,Bacteroidota,Flavobacteriia,Flavobacteriales,Flavobacteriaceae,Allomuricauda,Allomuricauda ochracea,100,100,100,100,100,100,55.50000000000001
ASV_895,Bacteria,Pseudomonadota,Alphaproteobacteria,Rhodobacterales,Roseobacteraceae,Jannaschia,Jannaschia confluentis,100,100,100,100,51.33333333333334,35.08333333333334,27.400000000000002
ASV_896,Bacteria,Pseudomonadota,Gammaproteobacteria,NA,NA,Gallaecimonas,Gallaecimonas xiamenensis,100,100,100,100,100,100,87.66666666666667
ASV_897,Bacteria,Pseudomonadota,Gammaproteobacteria,Oceanospirillales,Oceanospirillaceae,Neptunomonas,Neptunomonas marina,100,100,100,100,100,100,65.91666666666669
ASV_898,Bacteria,Pseudomonadota,Gammaproteobacteria,Vibrionales,Vibrionaceae,Vibrio,Vibrio pelagius,100,100,100,100,100,100,87.66666666666666
ASV_899,Bacteria,Pseudomonadota,Alphaproteobacteria,Rhodobacterales,Roseobacteraceae,Sulfitobacter,Sulfitobacter porphyrae,100,100,100,100,91.05,66.26666666666668,37.949999999999996
ASV_900,Bacteria,Bacteroidota,Flavobacteriia,Flavobacteriales,Cryomorphaceae,Acidiluteibacter,Acidiluteibacter ferrifornacis,100,100,100,100,100,100,100
ASV_901,Bacteria,Pseudomonadota,Alphaproteobacteria,Rhodobacterales,Paracoccaceae,Tritonibacter,Tritonibacter aquimaris,100,100,100,100,57.91666666666667,48.68333333333335,34.31666666666665
ASV_902,Bacteria,Campylobacterota,Epsilonproteobacteria,Campylobacterales,Sulfurovaceae,Sulfurovum,Sulfurovum denitrificans,100,100,100,100,100,100,89.91666666666667
ASV_903,Bacteria,Pseudomonadota,Gammaproteobacteria,Oceanospirillales,Oceanospirillaceae,Litoribacillus,Litoribacillus peritrichatus,100,100,100,100,100,100,100
ASV_904,Bacteria,Pseudomonadota,Gammaproteobacteria,Oceanospirillales,Oceanospirillaceae,Oceanobacter,Oceanobacter mangrovi,100,100,100,100,100,99.33333333333333,54.33333333333334
ASV_905,NA,NA,NA,NA,NA,NA,NA,NA,NA,NA,NA,NA,NA,NA
ASV_906,Bacteria,Bacteroidota,Flavobacteriia,Flavobacteriales,Flavobacteriaceae,Dokdonia,Dokdonia lutea,100,100,100,100,100,100,76.5
ASV_907,Bacteria,Pseudomonadota,Gammaproteobacteria,Oceanospirillales,Oceanospirillaceae,Neptunomonas,Neptunomonas antarctica,100,100,100,100,100,100,50.66666666666666
ASV_908,NA,NA,NA,NA,NA,NA,NA,NA,NA,NA,NA,NA,NA,NA
ASV_909,Bacteria,Campylobacterota,Epsilonproteobacteria,Campylobacterales,Sulfurimonadaceae,Sulfurimonas,Sulfurimonas paralvinellae,100,100,100,100,86,86,82
ASV_910,Bacteria,Bacteroidota,Saprospiria,Saprospirales,Lewinellaceae,Lewinella,Lewinella cohaerens,100,100,100,100,71.93333333333334,46.46666666666664,46.46666666666664
ASV_911,Bacteria,Pseudomonadota,Gammaproteobacteria,Oceanospirillales,Oceanospirillaceae,Marinomonas,Marinomonas communis,100,100,100,100,100,100,100
ASV_912,Bacteria,Pseudomonadota,Gammaproteobacteria,Alteromonadales,Alteromonadaceae,Marisediminitalea,Marisediminitalea aggregata,100,100,100,100,100,97,97
ASV_913,Bacteria,Pseudomonadota,Gammaproteobacteria,Thiotrichales,Francisellaceae,Francisella,Francisella halioticida,100.00000000000003,100.00000000000003,100.00000000000003,100.00000000000003,100.00000000000003,72.10714285714288,45.43809523809526
ASV_914,Bacteria,Pseudomonadota,Gammaproteobacteria,Chromatiales,Ectothiorhodospiraceae,Thiogranum,Thiogranum longum,100,100,100,78.83333333333333,55.166666666666664,53.83333333333334,53.83333333333334
ASV_915,Bacteria,Bacteroidota,Flavobacteriia,Flavobacteriales,Flavobacteriaceae,Aureitalea,Aureitalea marina,100,100,100,100,100,100,100
ASV_916,Bacteria,Pseudomonadota,Gammaproteobacteria,Vibrionales,Vibrionaceae,Vibrio,Vibrio hannami,100,100,100,100,100,100,44.458333333333336
ASV_917,Bacteria,Pseudomonadota,Gammaproteobacteria,Alteromonadales,Colwelliaceae,Thalassotalea,Thalassotalea ponticola,100,100,100,100,100,98,94.5
ASV_918,Bacteria,Pseudomonadota,Gammaproteobacteria,Vibrionales,Vibrionaceae,Vibrio,Vibrio coralliilyticus,100,100,100,100,100,100,64.58333333333331
ASV_919,Bacteria,Pseudomonadota,Gammaproteobacteria,Vibrionales,Vibrionaceae,Vibrio,Vibrio fortis,99.99999999999999,99.99999999999999,99.99999999999999,99.99999999999999,99.99999999999999,99.99999999999999,75.86666666666666
ASV_920,Bacteria,Pseudomonadota,Alphaproteobacteria,Rhodobacterales,Roseobacteraceae,Thalassovita,Thalassovita gelatinovora,100,100,100,100,92.71666666666667,33.56666666666664,19.2
ASV_921,Bacteria,Bacteroidota,Flavobacteriia,Flavobacteriales,Flavobacteriaceae,Seonamhaeicola,Seonamhaeicola aphaedonensis,100,100,100,100,100,97,59.16666666666665
ASV_922,Bacteria,Bacteroidota,Flavobacteriia,Flavobacteriales,Flavobacteriaceae,Dokdonia,Dokdonia lutea,100,100,100,100,100,100,69
ASV_923,Bacteria,Bacteroidota,Flavobacteriia,Flavobacteriales,Flavobacteriaceae,Allomuricauda,Allomuricauda flava,100,100,100,100,100,83,76
ASV_924,Bacteria,Pseudomonadota,Gammaproteobacteria,Alteromonadales,Pseudoalteromonadaceae,Pseudoalteromonas,Pseudoalteromonas gelatinilytica,100,100,100,100,100,100,29.83333333333332
ASV_925,Bacteria,Bacteroidota,Flavobacteriia,Flavobacteriales,Flavobacteriaceae,Mesoflavibacter,Mesoflavibacter zeaxanthinifaciens,100,100,100,100,100,100,96.5
ASV_926,Bacteria,Pseudomonadota,Alphaproteobacteria,Holosporales,Caedimonadaceae,Caedimonas,Caedimonas varicaedens,100,100,100,70.33333333333331,70.33333333333331,70.33333333333331,70.33333333333331
ASV_927,Bacteria,Pseudomonadota,Alphaproteobacteria,Rhodobacterales,Roseobacteraceae,Roseovarius,Roseovarius pacificus,100,100,100,100,88.85000000000001,80.31666666666669,79.11666666666667
ASV_928,Bacteria,Pseudomonadota,Gammaproteobacteria,Vibrionales,Vibrionaceae,Vibrio,Vibrio fortis,100,100,100,100,100,100,76
ASV_929,Bacteria,Bacteroidota,Flavobacteriia,Flavobacteriales,Flavobacteriaceae,Seonamhaeicola,Seonamhaeicola aphaedonensis,100,100,100,100,100,94.5,85.33333333333333
ASV_930,Bacteria,Pseudomonadota,Alphaproteobacteria,Sphingomonadales,Erythrobacteraceae,Croceicoccus,Croceicoccus naphthovorans,100.00000000000001,100.00000000000001,100.00000000000001,100.00000000000001,88.1309523809524,38.84285714285715,18.759523809523806
ASV_931,NA,NA,NA,NA,NA,NA,NA,NA,NA,NA,NA,NA,NA,NA
ASV_932,Bacteria,Campylobacterota,Epsilonproteobacteria,Campylobacterales,Arcobacteraceae,Malaciobacter,Malaciobacter pacificus,100,100,100,100,100,61.75000000000001,55.91666666666665
ASV_933,Bacteria,Pseudomonadota,Alphaproteobacteria,Rhodobacterales,Roseobacteraceae,Thalassovita,Thalassovita mediterranea,100,100,100,100,80,69.58333333333333,67.83333333333333
ASV_934,Bacteria,Planctomycetota,Planctomycetia,Pirellulales,Pirellulaceae,Bremerella,Bremerella volcania,100,100,100,100,100,67.75,37.41666666666664
ASV_935,Bacteria,Pseudomonadota,Alphaproteobacteria,Rhodospirillales,Terasakiellaceae,Terasakiella,Terasakiella brassicae,100,100,100,100,100,100,97
ASV_936,Bacteria,Pseudomonadota,Gammaproteobacteria,Thiotrichales,Francisellaceae,Francisella,Francisella philomiragia,100.00000000000001,100.00000000000001,100.00000000000001,100.00000000000001,100.00000000000001,100.00000000000001,59.185714285714305
ASV_937,Bacteria,Pseudomonadota,Gammaproteobacteria,Alteromonadales,Pseudoalteromonadaceae,Psychrosphaera,Psychrosphaera ytuae,100,100,100,100,100,100,65
ASV_938,Bacteria,Bacteroidota,Cytophagia,Cytophagales,Roseivirgaceae,Roseivirga,Roseivirga misakiensis,100,100,100,100,100,100,100
ASV_939,Bacteria,Pseudomonadota,Gammaproteobacteria,Alteromonadales,Colwelliaceae,Thalassotalea,Thalassomonas viridans,100,100,100,100,99.33333333333333,64.66666666666669,32.83333333333333
ASV_940,Bacteria,Pseudomonadota,Gammaproteobacteria,Vibrionales,Vibrionaceae,Vibrio,Vibrio mytili,100.00000000000001,100.00000000000001,100.00000000000001,100.00000000000001,100.00000000000001,100.00000000000001,55.66666666666665
ASV_941,Bacteria,Pseudomonadota,Alphaproteobacteria,Rhodobacterales,Paracoccaceae,Thalassovita,Thalassovita mediterranea,100,100,100,100,54.73095238095241,16.060714285714283,15.527380952380957
ASV_942,Bacteria,Bacteroidota,Flavobacteriia,Flavobacteriales,Flavobacteriaceae,Allomuricauda,Allomuricauda amphidinii,100,100,100,100,100,73.83333333333331,33.41666666666665
ASV_943,Bacteria,Pseudomonadota,Alphaproteobacteria,Rhodobacterales,Paracoccaceae,Maritimibacter,Amylibacter lutimaris,100.00000000000001,100.00000000000001,100.00000000000001,100.00000000000001,56.35833333333333,36.80833333333333,29.83333333333332
ASV_944,Bacteria,Planctomycetota,Planctomycetia,Planctomycetales,Planctomycetaceae,Fuerstiella,Fuerstiella marisgermanici,100,100,100,100,100,100,100
ASV_945,Bacteria,Pseudomonadota,Alphaproteobacteria,Rhodobacterales,Roseobacteraceae,Actibacterium,Actibacterium pelagium,100.00000000000001,100.00000000000001,100.00000000000001,91.16666666666669,50.12738095238096,13.491666666666669,11.991666666666669
ASV_946,Bacteria,Pseudomonadota,Gammaproteobacteria,Cellvibrionales,Cellvibrionaceae,Pseudoteredinibacter,Pseudoteredinibacter isoporae,100,100,100,100,100,100,100
ASV_947,Bacteria,Pseudomonadota,Alphaproteobacteria,Rhodobacterales,Roseobacteraceae,Mesobacterium,Mesobacterium pallidum,100,100,100,100,64.33333333333336,54.68333333333336,54.68333333333336
ASV_948,NA,NA,NA,NA,NA,NA,NA,NA,NA,NA,NA,NA,NA,NA
ASV_949,Bacteria,Verrucomicrobiota,Verrucomicrobiae,Verrucomicrobiales,Verrucomicrobiaceae,Fucophilus,Fucophilus fucoidanolyticus,100,100,100,100,100,100,100
ASV_950,Bacteria,Pseudomonadota,Gammaproteobacteria,Pseudomonadales,Pseudomonadaceae,Pseudomonas,Pseudomonas marginalis,100.00000000000004,100.00000000000004,100.00000000000004,100.00000000000004,100.00000000000004,100.00000000000004,19.188262554439014
ASV_951,Bacteria,Pseudomonadota,Gammaproteobacteria,Alteromonadales,Alteromonadaceae,Alteromonas,Alteromonas aestuariivivens,100,100,100,100,100,92.71485507246375,46.45833333333334
ASV_952,Bacteria,Bacteroidota,Flavobacteriia,Flavobacteriales,Flavobacteriaceae,Algibacter,Algibacter psychrophilus,100,100,100,100,100,38.283333333333346,33.5
ASV_953,Bacteria,Pseudomonadota,Gammaproteobacteria,Oceanospirillales,Endozoicomonadaceae,Endozoicomonas,Endozoicomonas montiporae,100,100,100,100,100,100,64.08333333333333
ASV_954,Bacteria,Bacteroidota,Flavobacteriia,Flavobacteriales,Flavobacteriaceae,Seonamhaeicola,Seonamhaeicola aphaedonensis,100.00000000000001,100.00000000000001,100.00000000000001,100.00000000000001,100.00000000000001,100.00000000000001,82.33333333333333
ASV_955,Bacteria,Actinomycetota,Nitriliruptoria,Nitriliruptorales,Nitriliruptoraceae,Nitriliruptor,Nitriliruptor alkaliphilus,100,100,100,100,100,100,100
ASV_956,NA,NA,NA,NA,NA,NA,NA,NA,NA,NA,NA,NA,NA,NA
ASV_957,Bacteria,Campylobacterota,Epsilonproteobacteria,Campylobacterales,Sulfurovaceae,Sulfurovum,Sulfurovum aggregans,100,100,100,100,100,100,98.33333333333333
ASV_958,Bacteria,Pseudomonadota,Gammaproteobacteria,Alteromonadales,Pseudoalteromonadaceae,Algicola,Algicola bacteriolytica,100,100,100,100,100,100,100
ASV_959,Bacteria,Pseudomonadota,Gammaproteobacteria,Alteromonadales,Colwelliaceae,Thalassotalea,Thalassotalea coralli,100.00000000000001,100.00000000000001,100.00000000000001,100.00000000000001,99.00000000000001,90.00000000000001,29.333333333333332
ASV_960,Bacteria,Pseudomonadota,Gammaproteobacteria,Oceanospirillales,Oceanospirillaceae,Bacterioplanoides,Bacterioplanoides pacificum,100,100,100,99,99,83,83
ASV_961,Bacteria,Pseudomonadota,Gammaproteobacteria,Vibrionales,Vibrionaceae,Vibrio,Catenococcus thiocycli,100.00000000000001,100.00000000000001,100.00000000000001,100.00000000000001,100.00000000000001,72.4904761904762,27.50952380952381
ASV_962,NA,NA,NA,NA,NA,NA,NA,NA,NA,NA,NA,NA,NA,NA
ASV_963,Bacteria,Bacteroidota,Flavobacteriia,Flavobacteriales,Flavobacteriaceae,Winogradskyella,Winogradskyella algicola,100,100,100,100,100,100,90
ASV_964,Bacteria,Bacteroidota,Flavobacteriia,Flavobacteriales,Flavobacteriaceae,Dokdonia,Dokdonia lutea,100,100,100,100,100,90.66666666666667,79.50000000000001
ASV_965,Bacteria,Bacteroidota,Flavobacteriia,Flavobacteriales,Flavobacteriaceae,Dokdonia,Dokdonia lutea,100,100,100,100,100,100,76
ASV_966,NA,NA,NA,NA,NA,NA,NA,NA,NA,NA,NA,NA,NA,NA
ASV_967,NA,NA,NA,NA,NA,NA,NA,NA,NA,NA,NA,NA,NA,NA
ASV_968,Bacteria,Pseudomonadota,Alphaproteobacteria,Rhodobacterales,Roseobacteraceae,Shimia,Shimia marina,100,100,100,100,99.5,84.66666666666667,84.00000000000001
ASV_969,Bacteria,Pseudomonadota,Gammaproteobacteria,Alteromonadales,Alteromonadaceae,Salinimonas,Salinimonas iocasae,100.00000000000001,100.00000000000001,100.00000000000001,100.00000000000001,100.00000000000001,100.00000000000001,82.33333333333333
ASV_970,Bacteria,Verrucomicrobiota,Opitutae,Puniceicoccales,Coraliomargaritaceae,Coraliomargarita,Coraliomargarita sinensis,100,100,89.5,89.5,89.5,89.5,82.83333333333333
ASV_971,Bacteria,Chlamydiota,Chlamydiia,Parachlamydiales,Simkaniaceae,Simkania,Simkania negevensis,100,100,100,100,100,100,100
ASV_972,Bacteria,Pseudomonadota,Gammaproteobacteria,Oceanospirillales,Oceanospirillaceae,Teredinibacter,Bacterioplanoides pacificum,100,100,100,60.00000000000001,60.00000000000001,38,35.83333333333334
ASV_973,Bacteria,Pseudomonadota,Gammaproteobacteria,Thiotrichales,Fastidiosibacteraceae,Cysteiniphilum,Cysteiniphilum litorale,100,100,100,100,100,88,85.5
ASV_974,Bacteria,Bacteroidota,Flavobacteriia,Flavobacteriales,Flavobacteriaceae,Allomuricauda,Allomuricauda amphidinii,100,100,100,100,100,56.41666666666664,38.83333333333333
ASV_975,Bacteria,Bacteroidota,Flavobacteriia,Flavobacteriales,Flavobacteriaceae,Mesoflavibacter,Mesoflavibacter zeaxanthinifaciens,100,100,100,100,100,86.5,86.5
ASV_976,Bacteria,Pseudomonadota,Gammaproteobacteria,Oceanospirillales,Oceanospirillaceae,Bacterioplanoides,Bacterioplanoides pacificum,100.00000000000001,100.00000000000001,100.00000000000001,89.83333333333334,89.83333333333334,58.250000000000014,58.250000000000014
ASV_977,Bacteria,Pseudomonadota,Gammaproteobacteria,Cellvibrionales,Cellvibrionaceae,Maricurvus,Maricurvus nonylphenolicus,100,100,100,100,100,100,100
ASV_978,Bacteria,Myxococcota,NA,Nannocystales,Nannocystaceae,Plesiocystis,Plesiocystis pacifica,100,100,76,76,76,73,73
ASV_979,Bacteria,Pseudomonadota,Alphaproteobacteria,Rhodobacterales,Roseobacteraceae,Pelagimonas,Pelagimonas phthalicica,100,100,100,100,99.83333333333331,55.349999999999994,55.349999999999994
ASV_980,Bacteria,Pseudomonadota,Betaproteobacteria,Nitrosomonadales,Methylophilaceae,Methylotenera,Methylotenera oryzisoli,100,100,100,100,86.5,80.41666666666669,68.25
ASV_981,Bacteria,Pseudomonadota,Gammaproteobacteria,Alteromonadales,Alteromonadaceae,Alteromonas,Alteromonas confluentis,100.00000000000001,100.00000000000001,100.00000000000001,100.00000000000001,100.00000000000001,84.10000000000001,59.650000000000006
ASV_982,Bacteria,Pseudomonadota,Gammaproteobacteria,Oceanospirillales,Oceanospirillaceae,Marinomonas,Marinomonas communis,100,100,100,100,100,100,49.083333333333336
ASV_983,Bacteria,Bacteroidota,Cytophagia,Cytophagales,Roseivirgaceae,Roseivirga,Roseivirga misakiensis,100,100,100,100,88.58333333333333,88.58333333333333,60.16666666666666
ASV_984,NA,NA,NA,NA,NA,NA,NA,NA,NA,NA,NA,NA,NA,NA
ASV_985,Bacteria,Pseudomonadota,Gammaproteobacteria,Alteromonadales,Alteromonadaceae,Marisediminitalea,Marisediminitalea aggregata,100,100,100,100,100,93.25,93.25
ASV_986,Bacteria,Pseudomonadota,Alphaproteobacteria,Rhodobacterales,Paracoccaceae,Acidimangrovimonas,Acidimangrovimonas pyrenivorans,100,100,100,100,100,29.28333333333332,29.28333333333332
ASV_987,Bacteria,Pseudomonadota,Gammaproteobacteria,Cellvibrionales,Halieaceae,Haliea,Haliea atlantica,100.00000000000001,100.00000000000001,100.00000000000001,94.25000000000003,94.25000000000003,24.666666666666682,22.583333333333332
ASV_988,Bacteria,Pseudomonadota,Gammaproteobacteria,Alteromonadales,Colwelliaceae,Thalassotalea,Thalassotalea loyana,100,100,100,100,100,100,60.5
ASV_989,Bacteria,Bacteroidota,Flavobacteriia,Flavobacteriales,Flavobacteriaceae,Gaetbulibacter,Gaetbulibacter jejuensis,100,100,100,100,100,31.08333333333333,31.08333333333333
ASV_990,Bacteria,Pseudomonadota,Gammaproteobacteria,Alteromonadales,Colwelliaceae,Thalassotalea,Thalassotalea ponticola,100,100,100,100,100,96.33333333333333,79.33333333333333
ASV_991,Bacteria,Pseudomonadota,Gammaproteobacteria,Alteromonadales,Alteromonadaceae,Salinimonas,Salinimonas chungwhensis,100,100,100,100,100,70.12301587301582,57.6785714285714
ASV_992,Bacteria,Pseudomonadota,Alphaproteobacteria,Rhodobacterales,Roseobacteraceae,Falsiruegeria,Falsiruegeria mediterranea,100,100,100,100,77.32499999999999,44.375000000000014,38.67500000000001
ASV_993,Bacteria,Pseudomonadota,Alphaproteobacteria,Sphingomonadales,Erythrobacteraceae,Altererythrobacter,Altererythrobacter ishigakiensis,100,100,100,100,100,97.83333333333333,97.83333333333333
ASV_994,Bacteria,Verrucomicrobiota,Verrucomicrobiae,Verrucomicrobiales,Rubritaleaceae,Rubritalea,Rubritalea tangerina,100,100,100,100,100,100,84
ASV_995,Bacteria,Pseudomonadota,Gammaproteobacteria,Alteromonadales,Colwelliaceae,Thalassotalea,Thalassotalea insulae,100,100,100,91.16666666666667,91.16666666666667,81.83333333333333,38.5
ASV_996,NA,NA,NA,NA,NA,NA,NA,NA,NA,NA,NA,NA,NA,NA
ASV_997,Bacteria,Bacteroidota,Flavobacteriia,Flavobacteriales,Flavobacteriaceae,Allomuricauda,Allomuricauda aquimarina,100,100,100,100,100,100,35.72619047619048
ASV_998,NA,NA,NA,NA,NA,NA,NA,NA,NA,NA,NA,NA,NA,NA
ASV_999,Bacteria,Pseudomonadota,Gammaproteobacteria,Alteromonadales,Colwelliaceae,Thalassotalea,Thalassotalea marina,100,100,100,100,100,91.66666666666667,27.166666666666668
ASV_1000,Bacteria,Pseudomonadota,Gammaproteobacteria,Thiotrichales,Francisellaceae,Francisella,Francisella salina,100,100,100,100,100,100,86.16666666666666
ASV_1001,Bacteria,Bacteroidota,Flavobacteriia,Flavobacteriales,Flavobacteriaceae,Nonlabens,Nonlabens xiamenensis,100,100,100,100,100,49.5,44.5
ASV_1002,NA,NA,NA,NA,NA,NA,NA,NA,NA,NA,NA,NA,NA,NA
ASV_1003,Bacteria,Bacteroidota,Flavobacteriia,Flavobacteriales,Flavobacteriaceae,Aquimarina,Aquimarina brevivitae,100,100,100,100,100,36.78333333333333,17.11666666666667
ASV_1004,Bacteria,Pseudomonadota,Gammaproteobacteria,Alteromonadales,Colwelliaceae,Thalassotalea,Thalassotalea marina,100,100,100,94,94,88.5,30.5
ASV_1005,Bacteria,Pseudomonadota,Alphaproteobacteria,Rhodobacterales,Paracoccaceae,Pikeienuella,Pikeienuella piscinae,100,100,100,100,56.11904761904762,23.41666666666667,23.41666666666667
ASV_1006,Bacteria,Pseudomonadota,Alphaproteobacteria,Parvularculales,Parvularculaceae,Parvularcula,Parvularcula lutaonensis,100,100,100,100,100,100,66
ASV_1007,Bacteria,Pseudomonadota,Gammaproteobacteria,Alteromonadales,Colwelliaceae,Thalassotalea,Thalassotalea ponticola,100,100,100,100,100,100,97.5
ASV_1008,Bacteria,Pseudomonadota,Gammaproteobacteria,Alteromonadales,Colwelliaceae,Thalassotalea,Thalassotalea coralli,100,100,100,98.5,92.39999999999999,92.39999999999999,39.78333333333333
ASV_1009,Bacteria,Pseudomonadota,Alphaproteobacteria,Rickettsiales,Rickettsiaceae,Rickettsia,Rickettsia sibirica,100.00000000000009,100.00000000000009,100.00000000000009,100.00000000000009,100.00000000000009,100.00000000000009,40.615172267346196
ASV_1010,NA,NA,NA,NA,NA,NA,NA,NA,NA,NA,NA,NA,NA,NA
ASV_1011,NA,NA,NA,NA,NA,NA,NA,NA,NA,NA,NA,NA,NA,NA
ASV_1012,Bacteria,Pseudomonadota,Alphaproteobacteria,Rhodospirillales,Kiloniellaceae,Kiloniella,Kiloniella litopenaei,100,100,100,100,100,100,99.25
ASV_1013,Bacteria,Actinomycetota,Actinomycetes,Mycobacteriales,Dietziaceae,Dietzia,Dietzia maris,100,100,100,100,100,100,62.52380952380952
ASV_1014,Bacteria,Pseudomonadota,Alphaproteobacteria,Hyphomicrobiales,Phyllobacteriaceae,Phyllobacterium,Phyllobacterium myrsinacearum,100,100,100,100,100,99.6031746031746,31.186385836385824
ASV_1015,Bacteria,Pseudomonadota,Gammaproteobacteria,Alteromonadales,Colwelliaceae,Thalassotalea,Thalassomonas actiniarum,100.00000000000003,100.00000000000003,100.00000000000003,89.00000000000003,87.33333333333333,46.33333333333334,35.33333333333334
ASV_1016,Bacteria,Bacteroidota,Flavobacteriia,Flavobacteriales,Flavobacteriaceae,Dokdonia,Dokdonia lutea,100,100,100,100,100,100,100
ASV_1017,Bacteria,Actinomycetota,Actinomycetes,Mycobacteriales,Mycobacteriaceae,Mycolicibacterium,Mycolicibacterium mucogenicum,100,100,100,100,100,99.52036919328353,56.42592828009958
ASV_1018,NA,NA,NA,NA,NA,NA,NA,NA,NA,NA,NA,NA,NA,NA
ASV_1019,Bacteria,Pseudomonadota,Gammaproteobacteria,Oceanospirillales,Oceanospirillaceae,Thalassolituus,Thalassolituus alkanivorans,100,100,100,85.91666666666669,78.01666666666668,47.60000000000001,30.53333333333332
ASV_1020,Bacteria,Pseudomonadota,Gammaproteobacteria,Alteromonadales,Alteromonadaceae,Alteromonas,Alteromonas confluentis,100,100,100,100,100,88.44288537549406,18.638400150574068
ASV_1021,Bacteria,Pseudomonadota,Gammaproteobacteria,Alteromonadales,Alteromonadaceae,Marisediminitalea,Marisediminitalea aggregata,100,100,100,100,100,100,100
ASV_1022,Bacteria,Pseudomonadota,Gammaproteobacteria,Cellvibrionales,Cellvibrionaceae,Eionea,Eionea nigra,100,100,100,65.91666666666669,44.25,30.33333333333333,30.33333333333333
ASV_1023,Bacteria,Pseudomonadota,Gammaproteobacteria,Alteromonadales,Colwelliaceae,Thalassotalea,Thalassotalea coralli,100,100,100,99.16666666666667,99.16666666666667,88.41666666666669,31.25
ASV_1024,Bacteria,Pseudomonadota,Gammaproteobacteria,Thiotrichales,Piscirickettsiaceae,Methylophaga,Methylophaga thiooxydans,100,100,100,100,100,100,47.95
ASV_1025,Bacteria,Pseudomonadota,Gammaproteobacteria,Alteromonadales,Alteromonadaceae,Aestuariibacter,Aestuariibacter halophilus,100.00000000000003,100.00000000000003,100.00000000000003,100.00000000000003,100.00000000000003,49.36666666666666,31.533333333333324
ASV_1026,Bacteria,Bacteroidota,Flavobacteriia,Flavobacteriales,Flavobacteriaceae,Dokdonia,Dokdonia lutea,100,100,100,100,100,100,79.83333333333331
ASV_1027,Bacteria,Pseudomonadota,Gammaproteobacteria,Oceanospirillales,Oceanospirillaceae,Neptuniibacter,Neptuniibacter marinus,100,100,100,100,100,100,35.66666666666665
ASV_1028,Bacteria,Pseudomonadota,Gammaproteobacteria,Oceanospirillales,Oceanospirillaceae,Amphritea,Amphritea japonica,100.00000000000001,100.00000000000001,100.00000000000001,100.00000000000001,100.00000000000001,97.16666666666669,81.83333333333333
ASV_1029,Bacteria,Pseudomonadota,Alphaproteobacteria,Rhodospirillales,Terasakiellaceae,Terasakiella,Terasakiella salincola,100,100,100,100,100,100,98.5
ASV_1030,Bacteria,Pseudomonadota,Gammaproteobacteria,Alteromonadales,Alteromonadaceae,Alteromonas,Alteromonas hispanica,100,100,100,100,100,91.58152173913045,29.29347826086957
ASV_1031,Bacteria,Pseudomonadota,Gammaproteobacteria,Oceanospirillales,Oceanospirillaceae,Oleispira,Oleispira lenta,100,100,100,100,100,100,91
ASV_1032,Bacteria,Bacteroidota,Flavobacteriia,Flavobacteriales,Flavobacteriaceae,Allomuricauda,Allomuricauda algicola,100,100,100,100,100,100,46.16666666666666
ASV_1033,Bacteria,Bacteroidota,Flavobacteriia,Flavobacteriales,Flavobacteriaceae,Tenacibaculum,Polaribacter aestuariivivens,100.00000000000001,100.00000000000001,100.00000000000001,100.00000000000001,100.00000000000001,53.9666666666667,22.683333333333337
ASV_1034,Bacteria,Pseudomonadota,Alphaproteobacteria,Rhodobacterales,Roseobacteraceae,Phaeobacter,Phaeobacter italicus,100,100,100,100,90.88333333333333,38.42619047619049,38.42619047619049
ASV_1035,Bacteria,Pseudomonadota,Gammaproteobacteria,Alteromonadales,Alteromonadaceae,Alteromonas,Alteromonas confluentis,100,100,100,100,100,91.16000000000001,63.58999999999993
ASV_1036,Bacteria,Pseudomonadota,Gammaproteobacteria,Alteromonadales,Pseudoalteromonadaceae,Algicola,Algicola sagamiensis,100,100,100,99,99,99,58
ASV_1037,Bacteria,Pseudomonadota,Alphaproteobacteria,Rhodobacterales,Roseobacteraceae,Tritonibacter,Tritonibacter aquimaris,100,100,100,100,54.5,44.333333333333336,39.333333333333336
ASV_1038,Bacteria,Pseudomonadota,Alphaproteobacteria,Rhodospirillales,Kiloniellaceae,Kiloniella,Kiloniella litopenaei,100,100,100,100,100,100,91.83333333333331
ASV_1039,Bacteria,Campylobacterota,Epsilonproteobacteria,Campylobacterales,Arcobacteraceae,Malaciobacter,Malaciobacter pacificus,100,100,100,100,100,86.25,85.25
ASV_1040,Bacteria,Pseudomonadota,Alphaproteobacteria,Rhodobacterales,Roseobacteraceae,Ruegeria,Phaeobacter porticola,100.00000000000001,100.00000000000001,100.00000000000001,100.00000000000001,82.12976190476189,47.079761904761895,25.699999999999996
ASV_1041,Bacteria,Verrucomicrobiota,Opitutae,Puniceicoccales,Coraliomargaritaceae,Coraliomargarita,Coraliomargarita akajimensis,100,100,100,100,100,100,95
ASV_1042,Bacteria,Bacillota,Bacilli,Bacillales,Bacillaceae,Lentibacillus,Lentibacillus saliphilus,100,100,100,100,99.25,52.85,38.25
ASV_1043,NA,NA,NA,NA,NA,NA,NA,NA,NA,NA,NA,NA,NA,NA
ASV_1044,Bacteria,Pseudomonadota,Gammaproteobacteria,Vibrionales,Vibrionaceae,Vibrio,Vibrio campbellii,100.00000000000001,100.00000000000001,100.00000000000001,100.00000000000001,100.00000000000001,100.00000000000001,24.410638609869608
ASV_1045,Bacteria,Bacteroidota,Cytophagia,Cytophagales,Reichenbachiellaceae,Reichenbachiella,Reichenbachiella faecimaris,100,100,100,100,100,100,94.66666666666666
ASV_1046,Bacteria,Campylobacterota,Epsilonproteobacteria,Campylobacterales,Sulfurimonadaceae,Sulfurimonas,Sulfurimonas crateris,100,100,100,100,100,100,68.83333333333333
ASV_1047,Bacteria,Pseudomonadota,Gammaproteobacteria,Cellvibrionales,Cellvibrionaceae,Pseudoteredinibacter,Pseudoteredinibacter isoporae,100,100,100,100,100,100,100
ASV_1048,Bacteria,Pseudomonadota,Gammaproteobacteria,Alteromonadales,Pseudoalteromonadaceae,Pseudoalteromonas,Pseudoalteromonas byunsanensis,100,100,100,100,100,100,74.16666666666664
ASV_1049,Bacteria,Pseudomonadota,Gammaproteobacteria,Enterobacterales,Yersiniaceae,Serratia,Serratia liquefaciens,100,100,100,100,100,93.51845238095235,53.73392857142854
ASV_1050,Bacteria,Pseudomonadota,Alphaproteobacteria,Rhodobacterales,Roseobacteraceae,Ruegeria,Ruegeria lacuscaerulensis,100.00000000000001,100.00000000000001,100.00000000000001,100.00000000000001,77.31111111111109,75.69999999999997,31.567460317460302
ASV_1051,Bacteria,Pseudomonadota,Alphaproteobacteria,Rhodobacterales,Roseobacteraceae,Thalassovita,Thalassovita mediterranea,100,100,100,100,61.03333333333333,21.483333333333317,20.816666666666663
ASV_1052,NA,NA,NA,NA,NA,NA,NA,NA,NA,NA,NA,NA,NA,NA
ASV_1053,Bacteria,Bacteroidota,Flavobacteriia,Flavobacteriales,Flavobacteriaceae,Allomuricauda,Allomuricauda pacifica,100,100,100,100,100,100,100
ASV_1054,Bacteria,Actinomycetota,Actinomycetes,Mycobacteriales,Nocardiaceae,Rhodococcus,Rhodococcus qingshengii,100,100,100,100,100,83.5,49.5
ASV_1055,Bacteria,Bdellovibrionota,Bacteriovoracia,Bacteriovoracales,Halobacteriovoraceae,Halobacteriovorax,Halobacteriovorax litoralis,100,100,100,100,100,100,100
ASV_1056,Bacteria,Pseudomonadota,Gammaproteobacteria,Oceanospirillales,Oceanospirillaceae,Oceanospirillum,Oceanospirillum sanctuarii,100,100,100,57.41666666666664,57.41666666666664,49.91666666666664,36.91666666666664
ASV_1057,Bacteria,Pseudomonadota,Gammaproteobacteria,Oceanospirillales,Oceanospirillaceae,Bacterioplanoides,Bacterioplanoides pacificum,100,100,100,91,90.5,72.33333333333333,72.33333333333333
ASV_1058,Bacteria,Pseudomonadota,Gammaproteobacteria,Alteromonadales,Colwelliaceae,Thalassotalea,Thalassotalea coralli,100,100,100,87.75,75.25,74.25,29.666666666666664
ASV_1059,Bacteria,Pseudomonadota,Gammaproteobacteria,Vibrionales,Vibrionaceae,Vibrio,Vibrio hannami,100.00000000000001,100.00000000000001,100.00000000000001,100.00000000000001,100.00000000000001,100.00000000000001,59.33333333333335
ASV_1060,Bacteria,Pseudomonadota,Gammaproteobacteria,Vibrionales,Vibrionaceae,Vibrio,Vibrio hannami,100,100,100,100,100,100,46.416666666666636
ASV_1061,NA,NA,NA,NA,NA,NA,NA,NA,NA,NA,NA,NA,NA,NA
ASV_1062,Bacteria,Campylobacterota,Epsilonproteobacteria,Campylobacterales,Arcobacteraceae,Malaciobacter,Halarcobacter bivalviorum,100,100,100,100,100,45.37777777777776,31.449999999999985
ASV_1063,NA,NA,NA,NA,NA,NA,NA,NA,NA,NA,NA,NA,NA,NA
ASV_1064,Bacteria,Pseudomonadota,Gammaproteobacteria,Alteromonadales,Colwelliaceae,Thalassotalea,Thalassotalea marina,100,100,100,100,100,100,100
ASV_1065,Bacteria,Bacteroidota,Flavobacteriia,Flavobacteriales,Flavobacteriaceae,Seonamhaeicola,Seonamhaeicola aphaedonensis,100,100,100,100,100,100,93.5
ASV_1066,Bacteria,Pseudomonadota,Gammaproteobacteria,Alteromonadales,Colwelliaceae,Thalassotalea,Thalassotalea loyana,100,100,100,100,100,100,61
ASV_1067,NA,NA,NA,NA,NA,NA,NA,NA,NA,NA,NA,NA,NA,NA
ASV_1068,Bacteria,Bacteroidota,Flavobacteriia,Flavobacteriales,Flavobacteriaceae,Dokdonia,Dokdonia lutea,100,100,100,100,100,100,74
ASV_1069,Bacteria,Pseudomonadota,Alphaproteobacteria,Hyphomonadales,Hyphomonadaceae,Hyphomonas,Hyphomonas adhaerens,100.00000000000001,100.00000000000001,100.00000000000001,100.00000000000001,100.00000000000001,95.00000000000001,41.91666666666665
ASV_1070,Bacteria,Pseudomonadota,Gammaproteobacteria,Oceanospirillales,Oceanospirillaceae,Oleispira,Litoribrevibacter euphylliae,100,100,100,97.16666666666667,97.16666666666667,34.833333333333336,29.833333333333332
ASV_1071,Bacteria,Pseudomonadota,Alphaproteobacteria,Rhodobacterales,Roseobacteraceae,Ruegeria,Cribrihabitans pelagius,100,100,100,100,65.50833333333331,64.50833333333331,26.875
ASV_1072,Bacteria,Armatimonadota,Fimbriimonadia,Fimbriimonadales,Fimbriimonadaceae,Fimbriimonas,Fimbriimonas ginsengisoli,100,100,100,100,100,100,100
ASV_1073,Bacteria,Bacteroidota,Flavobacteriia,Flavobacteriales,Flavobacteriaceae,Dokdonia,Dokdonia lutea,100,100,100,100,100,100,94
ASV_1074,NA,NA,NA,NA,NA,NA,NA,NA,NA,NA,NA,NA,NA,NA
ASV_1075,Bacteria,Planctomycetota,Planctomycetia,Pirellulales,Pirellulaceae,Mariniblastus,Mariniblastus fucicola,100,100,100,100,100,87.5,87.5
ASV_1076,Bacteria,Pseudomonadota,Gammaproteobacteria,Vibrionales,Vibrionaceae,Vibrio,Vibrio neptunius,100,100,100,100,100,99.41666666666669,89.00000000000001
ASV_1077,Bacteria,Pseudomonadota,Alphaproteobacteria,Kordiimonadales,Kordiimonadaceae,Kordiimonas,Kordiimonas lacus,100,100,100,100,100,100,50
ASV_1078,Bacteria,Pseudomonadota,Gammaproteobacteria,Oceanospirillales,Endozoicomonadaceae,Endozoicomonas,Endozoicomonas montiporae,100,100,100,100,100,100,63.5
ASV_1079,Bacteria,Pseudomonadota,Alphaproteobacteria,Rhodobacterales,Roseobacteraceae,Roseovarius,Roseovarius aestuariivivens,100,100,100,100,85.5,60.66666666666666,40.833333333333336
ASV_1080,Bacteria,Pseudomonadota,Alphaproteobacteria,Sphingomonadales,Erythrobacteraceae,Qipengyuania,Qipengyuania huizhouensis,100,100,100,100,91.95849666478955,77.73590928522279,6.893884287591376
ASV_1081,Bacteria,Bacteroidota,Flavobacteriia,Flavobacteriales,Weeksellaceae,Epilithonimonas,Epilithonimonas vandammei,100,100,100,100,100,100,47.5
ASV_1082,Bacteria,Pseudomonadota,Gammaproteobacteria,Moraxellales,Moraxellaceae,Acinetobacter,Acinetobacter septicus,100,100,100,100,100,100,70.35
ASV_1083,NA,NA,NA,NA,NA,NA,NA,NA,NA,NA,NA,NA,NA,NA
ASV_1084,Bacteria,Pseudomonadota,Gammaproteobacteria,Alteromonadales,Pseudoalteromonadaceae,Pseudoalteromonas,Pseudoalteromonas piratica,100,100,100,100,100,100,40.444444444444436
ASV_1085,Bacteria,Pseudomonadota,Gammaproteobacteria,Oceanospirillales,Oceanospirillaceae,Oleispira,Litoribrevibacter euphylliae,100,100,100,90.08333333333331,90.08333333333331,23.75,21.2
ASV_1086,NA,NA,NA,NA,NA,NA,NA,NA,NA,NA,NA,NA,NA,NA
ASV_1087,Bacteria,Pseudomonadota,Gammaproteobacteria,Alteromonadales,Colwelliaceae,Thalassotalea,Thalassotalea loyana,100,100,100,100,100,97.33333333333331,66
ASV_1088,Bacteria,Bacillota,Bacilli,Bacillales,Abyssicoccaceae,Abyssicoccus,Abyssicoccus albus,100,100,100,100,100,100,100
ASV_1089,Bacteria,Pseudomonadota,Gammaproteobacteria,Alteromonadales,Colwelliaceae,Thalassotalea,Thalassotalea coralli,100,100,100,100,95.58333333333331,87.33333333333331,29.333333333333332
ASV_1090,NA,NA,NA,NA,NA,NA,NA,NA,NA,NA,NA,NA,NA,NA
ASV_1091,Bacteria,Pseudomonadota,Alphaproteobacteria,Rhodobacterales,Roseobacteraceae,Litoreibacter,Litoreibacter roseus,99.99999999999997,99.99999999999997,99.99999999999997,99.99999999999997,87.90714285714284,43.53333333333335,41.17619047619048
ASV_1092,Bacteria,Pseudomonadota,Gammaproteobacteria,Woeseiales,Woeseiaceae,Woeseia,Woeseia oceani,100,100,100,65.83333333333331,65.83333333333331,65.83333333333331,65.83333333333331
ASV_1093,Bacteria,Pseudomonadota,Gammaproteobacteria,Alteromonadales,Pseudoalteromonadaceae,Pseudoalteromonas,Thalassotalea coralli,100,100,100,100,48.576190476190476,48.576190476190476,17.64285714285715
ASV_1094,Bacteria,Pseudomonadota,Gammaproteobacteria,Thiotrichales,Fastidiosibacteraceae,Cysteiniphilum,Cysteiniphilum marinum,100,100,100,100,100,81.66666666666667,55.33333333333334
ASV_1095,Bacteria,Pseudomonadota,Gammaproteobacteria,Oceanospirillales,Oceanospirillaceae,Pontibacterium,Pontibacterium granulatum,100,100,100,100,100,99,99
ASV_1096,Bacteria,Pseudomonadota,Gammaproteobacteria,Vibrionales,Vibrionaceae,Vibrio,Vibrio tubiashii,100,100,100,100,100,100,91.04960317460319
ASV_1097,Bacteria,Bacteroidota,Flavobacteriia,Flavobacteriales,Flavobacteriaceae,Aquibacter,Aquibacter zeaxanthinifaciens,100,100,100,100,100,62.86666666666663,62.86666666666663
ASV_1098,Bacteria,Pseudomonadota,Alphaproteobacteria,Rhodobacterales,Roseobacteraceae,Phaeobacter,Phaeobacter italicus,100,100,100,100,95.3,48.93333333333335,48.93333333333335
ASV_1099,Bacteria,Bacteroidota,Flavobacteriia,Flavobacteriales,Flavobacteriaceae,Algibacter,Algibacter psychrophilus,100,100,100,100,100,61.16666666666665,58.66666666666665
ASV_1100,Bacteria,Pseudomonadota,Gammaproteobacteria,Oceanospirillales,Oceanospirillaceae,Bacterioplanoides,Bacterioplanoides pacificum,100,100,100,96.98333333333332,94.91666666666669,63,63
ASV_1101,Bacteria,Pseudomonadota,Gammaproteobacteria,Alteromonadales,Colwelliaceae,Thalassotalea,Thalassotalea profundi,100,100,100,100,83.83333333333331,80.33333333333331,28.16666666666666
ASV_1102,Bacteria,Bacteroidota,Flavobacteriia,Flavobacteriales,Flavobacteriaceae,Aureicoccus,Aureicoccus marinus,100,100,100,100,100,100,100
ASV_1103,Bacteria,Pseudomonadota,Gammaproteobacteria,Alteromonadales,Colwelliaceae,Thalassotalea,Thalassotalea eurytherma,100,100,100,100,100,68.46428571428572,30.142857142857153
ASV_1104,Bacteria,Thermodesulfobacteriota,Desulfobulbia,Desulfobulbales,Desulfobulbaceae,Desulfomarina,Desulfomarina profundi,100,100,100,100,66.66666666666666,66.66666666666666,66.66666666666666
ASV_1105,Bacteria,Bacteroidota,Flavobacteriia,Flavobacteriales,Flavobacteriaceae,Tenacibaculum,Tenacibaculum geojense,100,100,100,100,100,84,60.5
ASV_1106,Bacteria,Pseudomonadota,Gammaproteobacteria,Oceanospirillales,Oceanospirillaceae,Bacterioplanoides,Bacterioplanoides pacificum,100,100,100,100,100,100,100
ASV_1107,Bacteria,Pseudomonadota,Gammaproteobacteria,Alteromonadales,Alteromonadaceae,Salinimonas,Salinimonas lutimaris,100,100,100,100,100,82.16666666666667,58.58333333333334
ASV_1108,Bacteria,Pseudomonadota,Alphaproteobacteria,Rhodobacterales,Paracoccaceae,Pseudooceanicola,Wenxinia saemankumensis,100,100,100,100,60.425000000000026,39.538888888888906,15.18611111111111
ASV_1109,Bacteria,Pseudomonadota,Alphaproteobacteria,Rhodobacterales,Roseobacteraceae,Thalassovita,Thalassovita mediterranea,100.00000000000004,100.00000000000004,100.00000000000004,100.00000000000004,57.8476190476191,44.99285714285718,44.39285714285718
ASV_1110,Bacteria,Bacteroidota,Flavobacteriia,Flavobacteriales,Flavobacteriaceae,Marixanthomonas,Marixanthomonas ophiurae,100,100,100,100,100,43.33333333333333,43.33333333333333
ASV_1111,Bacteria,Bacteroidota,Flavobacteriia,Flavobacteriales,Flavobacteriaceae,Allomuricauda,Allomuricauda pacifica,100.00000000000001,100.00000000000001,100.00000000000001,100.00000000000001,100.00000000000001,62.00000000000001,24.83333333333333
ASV_1112,Bacteria,Bacteroidota,Flavobacteriia,Flavobacteriales,Flavobacteriaceae,Dokdonia,Dokdonia lutea,100,100,100,100,100,100,100
ASV_1113,Bacteria,Bacteroidota,Flavobacteriia,Flavobacteriales,Flavobacteriaceae,Seonamhaeicola,Seonamhaeicola maritimus,100,100,100,100,100,70,68.5
ASV_1114,Bacteria,Pseudomonadota,Alphaproteobacteria,Rhodobacterales,Roseobacteraceae,Leisingera,Leisingera caerulea,100,100,100,100,82.66666666666663,76.99999999999997,41.666666666666636
ASV_1115,Bacteria,Pseudomonadota,Alphaproteobacteria,Rhodobacterales,Roseobacteraceae,Sulfitobacter,Sulfitobacter porphyrae,100,100,100,100,87.90476190476191,82.41428571428575,68.45476190476191
ASV_1116,Bacteria,Pseudomonadota,Alphaproteobacteria,Rhodobacterales,Roseobacteraceae,Celeribacter,Celeribacter litoreus,100.00000000000001,100.00000000000001,100.00000000000001,100.00000000000001,92.13333333333334,59.89285714285715,31.41666666666667
ASV_1117,Bacteria,Pseudomonadota,Gammaproteobacteria,Oceanospirillales,Alcanivoracaceae,Alcanivorax,Alcanivorax profundi,100,100,100,100,100,100,91
ASV_1118,Bacteria,Actinomycetota,Actinomycetes,Micrococcales,Micrococcaceae,Micrococcus,Micrococcus luteus,100.00000000000003,100.00000000000003,100.00000000000003,100.00000000000003,100.00000000000003,100.00000000000003,44.861904761904746
ASV_1119,Bacteria,Pseudomonadota,Alphaproteobacteria,Rhodobacterales,Paracoccaceae,Amaricoccus,Amaricoccus solimangrovi,100,100,100,100,96,57.91666666666666,55.91666666666666
ASV_1120,Bacteria,Bacteroidota,Flavobacteriia,Flavobacteriales,Flavobacteriaceae,Tenacibaculum,Tenacibaculum halocynthiae,100,100,100,100,100,93.75,32.16666666666664
ASV_1121,Bacteria,Pseudomonadota,Gammaproteobacteria,Alteromonadales,Colwelliaceae,Thalassotalea,Thalassotalea coralli,99.99999999999999,99.99999999999999,99.99999999999999,97.64285714285712,90.97619047619048,88.14285714285714,38.33333333333335
ASV_1122,Bacteria,Pseudomonadota,Gammaproteobacteria,Vibrionales,Vibrionaceae,Vibrio,Vibrio olivae,100,100,100,100,100,100,21.583333333333325
ASV_1123,NA,NA,NA,NA,NA,NA,NA,NA,NA,NA,NA,NA,NA,NA
ASV_1124,Bacteria,Pseudomonadota,Alphaproteobacteria,Rhodospirillales,Terasakiellaceae,Terasakiella,Terasakiella brassicae,100,100,100,100,100,100,86.66666666666666
ASV_1125,Bacteria,Bacteroidota,Flavobacteriia,Flavobacteriales,Flavobacteriaceae,Lacinutrix,Lacinutrix gracilariae,100,100,100,100,100,33.53333333333335,25.533333333333335
ASV_1126,Bacteria,Pseudomonadota,Gammaproteobacteria,Alteromonadales,Colwelliaceae,Thalassotalea,Thalassotalea mangrovi,99.99999999999997,99.99999999999997,99.99999999999997,76.02380952380948,41.61904761904759,41.11904761904759,41.11904761904759
ASV_1127,Bacteria,Pseudomonadota,Alphaproteobacteria,Rickettsiales,Rickettsiaceae,Rickettsia,Rickettsia sibirica,100,100,100,100,100,96.5,29.022023809523805
ASV_1128,Bacteria,Pseudomonadota,Gammaproteobacteria,Alteromonadales,Colwelliaceae,Thalassotalea,Thalassotalea marina,100,100,100,96.16666666666666,96.16666666666666,68.66666666666666,21.333333333333325
ASV_1129,Bacteria,Pseudomonadota,Alphaproteobacteria,Rhodobacterales,Roseobacteraceae,Thalassovita,Thalassovita mediterranea,100.00000000000001,100.00000000000001,100.00000000000001,100.00000000000001,79.25,65.41666666666669,64.91666666666669
ASV_1130,Bacteria,Bacteroidota,Flavobacteriia,Flavobacteriales,Flavobacteriaceae,Leptobacterium,Leptobacterium flavescens,100,100,100,100,100,63,63
ASV_1131,NA,NA,NA,NA,NA,NA,NA,NA,NA,NA,NA,NA,NA,NA
ASV_1132,Bacteria,Pseudomonadota,Gammaproteobacteria,Alteromonadales,Colwelliaceae,Thalassotalea,Thalassotalea coralli,100,100,100,100,100,100,45.16666666666666
ASV_1133,Bacteria,Bacteroidota,Flavobacteriia,Flavobacteriales,Flavobacteriaceae,Dokdonia,Dokdonia lutea,100,100,100,100,100,100,100
ASV_1134,Bacteria,Pseudomonadota,Gammaproteobacteria,Alteromonadales,Colwelliaceae,Thalassotalea,Thalassotalea loyana,100,100,100,100,100,100,95.33333333333331
ASV_1135,Bacteria,Planctomycetota,Planctomycetia,Planctomycetales,Planctomycetaceae,Fuerstiella,Fuerstiella marisgermanici,100,100,100,100,100,100,100
ASV_1136,Bacteria,Pseudomonadota,Gammaproteobacteria,Alteromonadales,Colwelliaceae,Thalassotalea,Thalassotalea coralli,100.00000000000001,100.00000000000001,100.00000000000001,99.00000000000001,99.00000000000001,75.63333333333333,44.533333333333346
ASV_1137,Bacteria,Bacteroidota,Flavobacteriia,Flavobacteriales,Flavobacteriaceae,Winogradskyella,Winogradskyella aurantiaca,100,100,100,100,100,100,92.33333333333333
ASV_1138,NA,NA,NA,NA,NA,NA,NA,NA,NA,NA,NA,NA,NA,NA
ASV_1139,Bacteria,Pseudomonadota,Alphaproteobacteria,Rhodobacterales,Roseobacteraceae,Thalassovita,Thalassovita mediterranea,100,100,100,100,79.21666666666668,59.033333333333374,57.20000000000003
ASV_1140,Bacteria,Pseudomonadota,Gammaproteobacteria,Cellvibrionales,Cellvibrionaceae,Maricurvus,Maricurvus nonylphenolicus,100,100,100,100,100,42.833333333333336,42.833333333333336
ASV_1141,Bacteria,Actinomycetota,Actinomycetes,Propionibacteriales,Propionibacteriaceae,Cutibacterium,Cutibacterium acnes,100,100,100,100,100,100,93.69999999999999
ASV_1142,Bacteria,Bacteroidota,Saprospiria,Saprospirales,Lewinellaceae,Neolewinella,Neolewinella aquimaris,100,100,100,100,100,100,59.00000000000001
ASV_1143,Bacteria,Pseudomonadota,Gammaproteobacteria,Alteromonadales,Colwelliaceae,Thalassotalea,Thalassotalea loyana,100,100,100,100,100,100,66.16666666666667
ASV_1144,Bacteria,Verrucomicrobiota,Opitutae,Puniceicoccales,Coraliomargaritaceae,Coraliomargarita,Coraliomargarita akajimensis,100,100,100,100,100,100,58.99999999999999
ASV_1145,Bacteria,Pseudomonadota,Gammaproteobacteria,Thiotrichales,Fastidiosibacteraceae,Cysteiniphilum,Cysteiniphilum marinum,100,100,100,100,100,77.83333333333331,45.16666666666664
ASV_1146,Bacteria,Pseudomonadota,Gammaproteobacteria,Xanthomonadales,Xanthomonadaceae,Pseudoxanthomonas,Pseudoxanthomonas japonensis,100,100,100,100,100,100,99.5
ASV_1147,Bacteria,Pseudomonadota,Gammaproteobacteria,Alteromonadales,Idiomarinaceae,Idiomarina,Idiomarina fontislapidosi,100,100,100,100,100,100,80
ASV_1148,Bacteria,Pseudomonadota,Gammaproteobacteria,Vibrionales,Vibrionaceae,Vibrio,Vibrio brasiliensis,100,100,100,100,100,100,41.33333333333333
ASV_1149,Bacteria,Pseudomonadota,Gammaproteobacteria,Alteromonadales,Colwelliaceae,Thalassotalea,Thalassotalea marina,100,100,100,100,100,71.26666666666668,33.533333333333346
ASV_1150,Bacteria,Verrucomicrobiota,Opitutae,Puniceicoccales,Coraliomargaritaceae,Coraliomargarita,Coraliomargarita akajimensis,100,100,99.66666666666667,99.66666666666667,99.66666666666667,99.66666666666667,91.33333333333333
ASV_1151,Bacteria,Pseudomonadota,Gammaproteobacteria,Vibrionales,Vibrionaceae,Vibrio,Vibrio tubiashii,100,100,100,100,100,100,99.66666666666667
ASV_1152,Bacteria,Verrucomicrobiota,Verrucomicrobiae,Verrucomicrobiales,Verrucomicrobiaceae,Fucophilus,Fucophilus fucoidanolyticus,100,100,97.5,97.5,97.5,97.5,97.5
ASV_1153,Bacteria,Bacteroidota,Flavobacteriia,Flavobacteriales,Flavobacteriaceae,Dokdonia,Dokdonia lutea,100,100,100,100,100,100,100
ASV_1154,Bacteria,Bacteroidota,Flavobacteriia,Flavobacteriales,Flavobacteriaceae,Constantimarinum,Constantimarinum furrinae,100,100,100,100,100,36.08333333333334,36.08333333333334
ASV_1155,Bacteria,Pseudomonadota,Alphaproteobacteria,Rhodobacterales,Roseobacteraceae,Thalassovita,Thalassovita mediterranea,100,100,100,100,81.00000000000001,71.00000000000001,70.33333333333333
ASV_1156,Bacteria,Verrucomicrobiota,Opitutae,Puniceicoccales,Coraliomargaritaceae,Coraliomargarita,Coraliomargarita sinensis,100,100,99.5,99.5,99.5,99.5,89.5
ASV_1157,NA,NA,NA,NA,NA,NA,NA,NA,NA,NA,NA,NA,NA,NA
ASV_1158,NA,NA,NA,NA,NA,NA,NA,NA,NA,NA,NA,NA,NA,NA
ASV_1159,Bacteria,Pseudomonadota,Gammaproteobacteria,Thiotrichales,Piscirickettsiaceae,Thiomicrorhabdus,Thiomicrorhabdus indica,100,100,100,100,100,100,100
ASV_1160,Bacteria,Pseudomonadota,Gammaproteobacteria,Alteromonadales,Alteromonadaceae,Paraneptunicella,Paraneptunicella aestuarii,100,100,100,100,100,68.91666666666676,68.91666666666676
ASV_1161,Bacteria,Campylobacterota,Epsilonproteobacteria,Campylobacterales,Sulfurimonadaceae,Sulfurimonas,Sulfurimonas paralvinellae,100,100,100,100,75.33333333333331,75.33333333333331,58
ASV_1162,Bacteria,Pseudomonadota,Gammaproteobacteria,Moraxellales,Moraxellaceae,Acinetobacter,Acinetobacter oryzae,100,100,100,100,100,100,70.56666666666666
ASV_1163,Bacteria,Pseudomonadota,Gammaproteobacteria,Alteromonadales,Alteromonadaceae,Alteromonas,Alteromonas australica,100,100,100,100,100,95.09451953081243,25.884865688595674
ASV_1164,Bacteria,Pseudomonadota,Gammaproteobacteria,Vibrionales,Vibrionaceae,Vibrio,Vibrio coralliilyticus,100,100,100,100,100,100,66.03333333333332
ASV_1165,Bacteria,Bacillota,Clostridia,Peptostreptococcales,Natronincolaceae,Alkaliphilus,Fusibacter paucivorans,100,100,100,68.5,32.66666666666665,32.66666666666665,17.5
ASV_1166,Bacteria,Planctomycetota,Planctomycetia,Planctomycetales,Planctomycetaceae,Fuerstiella,Fuerstiella marisgermanici,100,100,100,100,100,100,100
ASV_1167,Bacteria,Pseudomonadota,Gammaproteobacteria,Vibrionales,Vibrionaceae,Vibrio,Vibrio aquimaris,100,100,100,100,100,100,37.9
ASV_1168,Bacteria,Pseudomonadota,Gammaproteobacteria,Alteromonadales,Colwelliaceae,Thalassotalea,Thalassotalea marina,100,100,100,92.83333333333331,91.83333333333331,69.16666666666666,37.833333333333336
ASV_1169,Bacteria,Pseudomonadota,Gammaproteobacteria,Alteromonadales,Colwelliaceae,Thalassotalea,Thalassotalea coralli,100,100,100,100,94.83333333333333,85.25000000000001,35.50000000000001
ASV_1170,Bacteria,Pseudomonadota,Gammaproteobacteria,Oceanospirillales,Oceanospirillaceae,Oceanospirillum,Oceanospirillum beijerinckii,100,100,100,63.35000000000001,59.81666666666666,54.08333333333334,46.125000000000014
ASV_1171,Bacteria,Pseudomonadota,Gammaproteobacteria,Alteromonadales,Colwelliaceae,Thalassotalea,Thalassotalea coralli,100.00000000000001,100.00000000000001,100.00000000000001,100.00000000000001,97.00000000000003,90.58333333333334,29.45
ASV_1172,Bacteria,Bacteroidota,Flavobacteriia,Flavobacteriales,Flavobacteriaceae,Dokdonia,Dokdonia lutea,100,100,100,100,100,100,89
ASV_1173,Bacteria,Pseudomonadota,Alphaproteobacteria,Rhodobacterales,Paracoccaceae,Antarcticimicrobium,Antarcticimicrobium luteum,100,100,100,100,52.48333333333334,24.549999999999994,23.549999999999994
ASV_1174,Bacteria,Pseudomonadota,Gammaproteobacteria,Alteromonadales,Alteromonadaceae,Alteromonas,Alteromonas aestuariivivens,100.00000000000004,100.00000000000004,100.00000000000004,100.00000000000004,100.00000000000004,83.25047619047623,25.387742330133623
ASV_1175,Bacteria,Pseudomonadota,Gammaproteobacteria,Oceanospirillales,Oceanospirillaceae,Alkalimarinus,Alkalimarinus sediminis,100,100,100,56.58333333333333,56.58333333333333,28.749999999999993,28.749999999999993
ASV_1176,Bacteria,Pseudomonadota,Gammaproteobacteria,Oceanospirillales,Oceanospirillaceae,Marinomonas,Marinomonas aquimarina,100,100,100,100,100,100,67.83333333333331
ASV_1177,Bacteria,Pseudomonadota,Alphaproteobacteria,Rhodobacterales,Roseobacteraceae,Sulfitobacter,Sulfitobacter salinus,100,100,100,100,94.63333333333331,86.2547619047619,54.23571428571431
ASV_1178,Bacteria,Verrucomicrobiota,Opitutae,Puniceicoccales,Coraliomargaritaceae,Coraliomargarita,Coraliomargarita akajimensis,100,100,100,100,100,100,79.66666666666666
ASV_1179,Bacteria,Actinomycetota,Actinomycetes,Bifidobacteriales,Bifidobacteriaceae,Gardnerella,Gardnerella swidsinskii,100,100,100,100,100,100,91
ASV_1180,Bacteria,Bacteroidota,Saprospiria,Saprospirales,Saprospiraceae,Aureispira,Aureispira maritima,100,100,100,100,100,100,100
ASV_1181,Bacteria,Pseudomonadota,Gammaproteobacteria,Alteromonadales,Shewanellaceae,Psychrobium,Psychrobium conchae,100,100,100,100,56.25,52.75,52.75
ASV_1182,Bacteria,Pseudomonadota,Gammaproteobacteria,Cellvibrionales,Halieaceae,Halioglobus,Halioglobus pacificus,100.00000000000001,100.00000000000001,100.00000000000001,100.00000000000001,100.00000000000001,58.833333333333336,58.833333333333336
ASV_1183,Bacteria,Chlamydiota,Chlamydiia,Parachlamydiales,Parachlamydiaceae,Protochlamydia,Candidatus Protochlamydia naegleriophila,100,100,100,100,100,83.5,83.5
ASV_1184,Bacteria,Pseudomonadota,Gammaproteobacteria,Oceanospirillales,Oceanospirillaceae,Oleispira,Oleispira lenta,100,100,100,100,100,100,97.5
ASV_1185,Bacteria,Pseudomonadota,Gammaproteobacteria,Vibrionales,Vibrionaceae,Vibrio,Vibrio coralliilyticus,100,100,100,100,100,100,38.083333333333336
ASV_1186,Bacteria,Pseudomonadota,Gammaproteobacteria,Alteromonadales,Colwelliaceae,Thalassotalea,Thalassotalea ponticola,100,100,100,100,97,96,78.33333333333333
ASV_1187,Bacteria,Bacteroidota,Flavobacteriia,Flavobacteriales,Flavobacteriaceae,Dokdonia,Dokdonia lutea,100,100,100,100,100,91.5,91.5
ASV_1188,Bacteria,Bacteroidota,Flavobacteriia,Flavobacteriales,Flavobacteriaceae,Seonamhaeicola,Seonamhaeicola aphaedonensis,100,100,100,100,100,100,99
ASV_1189,Bacteria,Pseudomonadota,Gammaproteobacteria,Alteromonadales,Colwelliaceae,Thalassotalea,Thalassotalea marina,100,100,100,100,100,96.83333333333331,36.16666666666665
ASV_1190,Bacteria,Bacteroidota,Flavobacteriia,Flavobacteriales,Flavobacteriaceae,Dokdonia,Dokdonia lutea,100,100,100,100,100,100,98.5
ASV_1191,Bacteria,Pseudomonadota,Gammaproteobacteria,Alteromonadales,Alteromonadaceae,Marisediminitalea,Marisediminitalea aggregata,99.99999999999997,99.99999999999997,99.99999999999997,99.99999999999997,99.99999999999997,43.25957556935818,43.25957556935818
ASV_1192,Bacteria,Pseudomonadota,Alphaproteobacteria,Rhodobacterales,Paracoccaceae,Aliiroseovarius,Aliiroseovarius crassostreae,100.00000000000003,100.00000000000003,100.00000000000003,100.00000000000003,52.83571428571429,38.20952380952382,35.37619047619047
ASV_1193,Bacteria,Pseudomonadota,Gammaproteobacteria,Alteromonadales,Alteromonadaceae,Alteromonas,Alteromonas confluentis,100,100,100,100,100,89.86868131868128,33.947985347985394
ASV_1194,Bacteria,Pseudomonadota,Gammaproteobacteria,Vibrionales,Vibrionaceae,Photobacterium,Photobacterium alginatilyticum,100,100,100,100,100,100,99.5
ASV_1195,Bacteria,Pseudomonadota,Alphaproteobacteria,Rhodobacterales,Roseobacteraceae,Shimia,Shimia abyssi,100,100,100,100,92.66666666666669,74.58333333333333,55.91666666666666
ASV_1196,Bacteria,Pseudomonadota,Alphaproteobacteria,Rhodobacterales,Roseobacteraceae,Thalassovita,Thalassovita gelatinovora,100,100,100,100,92.84761904761908,74.34404761904763,45.11666666666665
ASV_1197,Bacteria,Pseudomonadota,Gammaproteobacteria,Alteromonadales,Colwelliaceae,Thalassotalea,Thalassotalea loyana,100,100,100,100,100,87.25,64.25000000000001
ASV_1198,Bacteria,Myxococcota,NA,Polyangiales,Polyangiaceae,Chondromyces,Chondromyces pediculatus,100,100,100,100,100,97.75,29.83333333333332
ASV_1199,Bacteria,Pseudomonadota,Gammaproteobacteria,Alteromonadales,Alteromonadaceae,Aestuariibacter,Aestuariibacter halophilus,100,100,100,100,100,66.64999999999999,49.98333333333333
ASV_1200,Bacteria,Pseudomonadota,Gammaproteobacteria,Oceanospirillales,Oceanospirillaceae,Oceanospirillum,Oceanospirillum sanctuarii,100,100,100,55.33333333333333,37,29.999999999999993,28.499999999999993
ASV_1201,Bacteria,Verrucomicrobiota,Opitutae,Puniceicoccales,Coraliomargaritaceae,Coraliomargarita,Coraliomargarita akajimensis,100,100,100,100,100,100,88.66666666666667
ASV_1202,NA,NA,NA,NA,NA,NA,NA,NA,NA,NA,NA,NA,NA,NA
ASV_1203,Bacteria,Bacteroidota,Flavobacteriia,Flavobacteriales,Flavobacteriaceae,Dokdonia,Dokdonia lutea,100,100,100,100,100,100,100
ASV_1204,Bacteria,Bacteroidota,Saprospiria,Saprospirales,Haliscomenobacteraceae,Portibacter,Portibacter lacus,100,100,100,100,88,76.5,76.5
ASV_1205,Bacteria,Pseudomonadota,Alphaproteobacteria,Hyphomonadales,Hyphomonadaceae,Hyphomonas,Hyphomonas jannaschiana,100,100,100,100,100,98.83333333333333,75.89999999999999
ASV_1206,NA,NA,NA,NA,NA,NA,NA,NA,NA,NA,NA,NA,NA,NA
ASV_1207,Bacteria,Pseudomonadota,Gammaproteobacteria,Thiotrichales,Fastidiosibacteraceae,Fangia,Fangia hongkongensis,100,100,100,100,100,99,99
ASV_1208,Bacteria,Pseudomonadota,Gammaproteobacteria,Moraxellales,Moraxellaceae,Acinetobacter,Acinetobacter lwoffii,100,100,67.25,67.25,67.25,67.25,65.5
ASV_1209,NA,NA,NA,NA,NA,NA,NA,NA,NA,NA,NA,NA,NA,NA
ASV_1210,Bacteria,Pseudomonadota,Alphaproteobacteria,Sphingomonadales,Sphingomonadaceae,Sphingobium,Sphingobium pinisoli,100,100,100,100,100,99.75,99.25
ASV_1211,Bacteria,Pseudomonadota,Gammaproteobacteria,Alteromonadales,Colwelliaceae,Thalassotalea,Thalassotalea marina,100,100,100,93,93,89,26.33333333333333
ASV_1212,Bacteria,Bacteroidota,Flavobacteriia,Flavobacteriales,Flavobacteriaceae,Kordia,Kordia periserrulae,100,100,100,100,100,98,56.08333333333333
ASV_1213,Bacteria,Bacteroidota,Flavobacteriia,Flavobacteriales,Flavobacteriaceae,Seonamhaeicola,Seonamhaeicola aphaedonensis,100,100,100,100,100,34.833333333333336,20.333333333333325
ASV_1214,NA,NA,NA,NA,NA,NA,NA,NA,NA,NA,NA,NA,NA,NA
ASV_1215,Bacteria,Pseudomonadota,Alphaproteobacteria,Rhodobacterales,Paracoccaceae,Tritonibacter,Tritonibacter multivorans,100.00000000000003,100.00000000000003,100.00000000000003,100.00000000000003,62.53611111111113,54.7527777777778,49.136111111111134
ASV_1216,Bacteria,Campylobacterota,Epsilonproteobacteria,Campylobacterales,Sulfurimonadaceae,Sulfurimonas,Sulfurimonas paralvinellae,100.00000000000001,100.00000000000001,100.00000000000001,100.00000000000001,100.00000000000001,100.00000000000001,58.29444444444445
ASV_1217,Bacteria,Pseudomonadota,Gammaproteobacteria,Vibrionales,Vibrionaceae,Vibrio,Vibrio diabolicus,100,100,100,100,100,100,68.66666666666667
ASV_1218,Bacteria,Pseudomonadota,Gammaproteobacteria,Alteromonadales,Alteromonadaceae,Alteromonas,Alteromonas pelagimontana,100.00000000000001,100.00000000000001,100.00000000000001,100.00000000000001,100.00000000000001,80.15,23.333333333333325
ASV_1219,Bacteria,Pseudomonadota,Gammaproteobacteria,Thiotrichales,Fastidiosibacteraceae,Cysteiniphilum,Cysteiniphilum marinum,100,100,100,100,100,100,99.5
ASV_1220,NA,NA,NA,NA,NA,NA,NA,NA,NA,NA,NA,NA,NA,NA
ASV_1221,Bacteria,Pseudomonadota,Alphaproteobacteria,Rhodobacterales,Paracoccaceae,Aliiroseovarius,Aliiroseovarius crassostreae,100,100,100,100,83.84047619047617,60.470238095238095,49.484523809523814
ASV_1222,Bacteria,Pseudomonadota,Alphaproteobacteria,Rhodobacterales,Roseobacteraceae,Thalassovita,Thalassovita mediterranea,100,100,100,100,75.56666666666669,70.5,70.16666666666667
ASV_1223,NA,NA,NA,NA,NA,NA,NA,NA,NA,NA,NA,NA,NA,NA
ASV_1224,Bacteria,Pseudomonadota,Gammaproteobacteria,Oceanospirillales,Oceanospirillaceae,Thalassolituus,Thalassolituus maritimus,100,100,100,100,100,100,100
ASV_1225,Bacteria,Planctomycetota,Planctomycetia,Planctomycetales,Planctomycetaceae,Rubinisphaera,Rubinisphaera italica,100,100,100,100,100,100,100
ASV_1226,Bacteria,Pseudomonadota,Gammaproteobacteria,Oceanospirillales,Oceanospirillaceae,Bacterioplanoides,Bacterioplanoides pacificum,100,100,100,89.25,88.75,44.5,44.5
ASV_1227,Bacteria,Pseudomonadota,Alphaproteobacteria,Rhodospirillales,Thalassobaculaceae,Nisaea,Nisaea nitritireducens,100,100,100,100,62,62,40.66666666666666
ASV_1228,Bacteria,Pseudomonadota,Alphaproteobacteria,Rhodobacterales,Paracoccaceae,Aliiroseovarius,Aliiroseovarius halocynthiae,100,100,100,100,59.900000000000006,44.53333333333333,36.86666666666665
ASV_1229,Bacteria,Verrucomicrobiota,Verrucomicrobiae,Verrucomicrobiales,Rubritaleaceae,Rubritalea,Rubritalea marina,100,100,100,100,100,100,52.75
ASV_1230,Bacteria,Pseudomonadota,Gammaproteobacteria,Enterobacterales,Erwiniaceae,Erwinia,Erwinia typographi,100,100,100,100,100,97,95.5
ASV_1231,Bacteria,Campylobacterota,Epsilonproteobacteria,Campylobacterales,Sulfurimonadaceae,Sulfurimonas,Sulfurimonas paralvinellae,100,100,100,100,100,100,99.33333333333333
ASV_1232,NA,NA,NA,NA,NA,NA,NA,NA,NA,NA,NA,NA,NA,NA
ASV_1233,Bacteria,Pseudomonadota,Gammaproteobacteria,Alteromonadales,Colwelliaceae,Thalassotalea,Thalassotalea insulae,100.00000000000001,100.00000000000001,100.00000000000001,88.33333333333333,87.33333333333333,80.00000000000003,41.50000000000002
ASV_1234,Bacteria,Pseudomonadota,Gammaproteobacteria,Alteromonadales,Colwelliaceae,Thalassotalea,Thalassotalea coralli,100,100,100,100,55.42857142857145,44.20238095238098,18.41666666666667
ASV_1235,Bacteria,Pseudomonadota,Gammaproteobacteria,Alteromonadales,Colwelliaceae,Thalassotalea,Thalassotalea eurytherma,100,100,100,88.91666666666667,88.91666666666667,81.11666666666666,30.83333333333333
ASV_1236,Bacteria,Bacteroidota,Flavobacteriia,Flavobacteriales,Flavobacteriaceae,Mangrovimonas,Mangrovimonas spongiae,100,100,100,100,100,82.91666666666667,81.91666666666667
ASV_1237,Bacteria,Pseudomonadota,Alphaproteobacteria,Rhodobacterales,Roseobacteraceae,Palleronia,Palleronia caenipelagi,100,100,100,98.3,71.53333333333332,42.61666666666665,42.61666666666665
ASV_1238,Bacteria,Bacteroidota,Flavobacteriia,Flavobacteriales,Flavobacteriaceae,Seonamhaeicola,Seonamhaeicola aphaedonensis,100,100,100,100,100,98.5,98
ASV_1239,Bacteria,Bacteroidota,Flavobacteriia,Flavobacteriales,Flavobacteriaceae,Seonamhaeicola,Seonamhaeicola maritimus,100,100,100,100,100,100,90.5
ASV_1240,Bacteria,Pseudomonadota,Alphaproteobacteria,Rhodobacterales,Roseobacteraceae,Mesobacterium,Mesobacterium pallidum,100.00000000000003,100.00000000000003,100.00000000000003,100.00000000000003,65.30833333333337,51.5916666666667,51.5916666666667
ASV_1241,Bacteria,Pseudomonadota,Gammaproteobacteria,Alteromonadales,Colwelliaceae,Thalassotalea,Thalassotalea loyana,100,100,100,100,100,100,79.5
ASV_1242,Bacteria,Pseudomonadota,Gammaproteobacteria,Alteromonadales,Colwelliaceae,Thalassotalea,Thalassotalea ponticola,100,100,100,100,100,100,74.5
ASV_1243,Bacteria,Pseudomonadota,Gammaproteobacteria,Alteromonadales,Colwelliaceae,Thalassotalea,Thalassotalea coralli,100,100,100,100,85.16666666666666,72.33333333333331,27.833333333333325
ASV_1244,NA,NA,NA,NA,NA,NA,NA,NA,NA,NA,NA,NA,NA,NA
ASV_1245,Bacteria,Bacteroidota,Flavobacteriia,Flavobacteriales,Flavobacteriaceae,Corallibacter,Corallibacter vietnamensis,100,100,100,100,100,100,100
ASV_1246,Bacteria,Pseudomonadota,Alphaproteobacteria,Rhodobacterales,Roseobacteraceae,Marimonas,Marimonas lutisalis,100,100,100,100,53.11666666666665,32.2,32.2
ASV_1247,Bacteria,Pseudomonadota,Gammaproteobacteria,Oceanospirillales,Oceanospirillaceae,Bermanella,Bermanella marisrubri,100,100,100,100,100,100,100
ASV_1248,Bacteria,Pseudomonadota,Gammaproteobacteria,Vibrionales,Vibrionaceae,Vibrio,Vibrio xuii,100.00000000000001,100.00000000000001,100.00000000000001,100.00000000000001,100.00000000000001,98.4666666666667,78.60000000000001
ASV_1249,Bacteria,Campylobacterota,Epsilonproteobacteria,Campylobacterales,Sulfurimonadaceae,Sulfurimonas,Sulfurimonas lithotrophica,100,100,100,100,99,99,66.66666666666666
ASV_1250,Bacteria,Pseudomonadota,Alphaproteobacteria,Rhodobacterales,Roseobacteraceae,Celeribacter,Celeribacter litoreus,99.99999999999997,99.99999999999997,99.99999999999997,99.99999999999997,96.13333333333328,64.44166666666668,34.46666666666664
ASV_1251,NA,NA,NA,NA,NA,NA,NA,NA,NA,NA,NA,NA,NA,NA
ASV_1252,Bacteria,Pseudomonadota,Gammaproteobacteria,Pseudomonadales,Pseudomonadaceae,Pseudomonas,Pseudomonas veronii,99.99999999999999,99.99999999999999,99.99999999999999,99.99999999999999,99.99999999999999,99.99999999999999,18.331060606060618
ASV_1253,Bacteria,Pseudomonadota,Gammaproteobacteria,Cellvibrionales,Cellvibrionaceae,Pseudoteredinibacter,Pseudoteredinibacter isoporae,100,100,100,100,100,84,84
ASV_1254,Bacteria,Bacteroidota,Cytophagia,Cytophagales,Reichenbachiellaceae,Ekhidna,Ekhidna lutea,100,100,100,100,100,100,100
ASV_1255,NA,NA,NA,NA,NA,NA,NA,NA,NA,NA,NA,NA,NA,NA
ASV_1256,Bacteria,Pseudomonadota,Gammaproteobacteria,Alteromonadales,Colwelliaceae,Thalassotalea,Thalassotalea coralli,100,100,100,94.5,94.5,91.5,37.33333333333334
ASV_1257,Bacteria,Pseudomonadota,Alphaproteobacteria,Hyphomicrobiales,Cohaesibacteraceae,Cohaesibacter,Cohaesibacter gelatinilyticus,100,100,100,100,100,100,95
ASV_1258,Bacteria,Pseudomonadota,Gammaproteobacteria,Alteromonadales,Alteromonadaceae,Alteromonas,Alteromonas abrolhosensis,100,100,100,100,100,95.83137681159417,39.149947495259084
ASV_1259,Bacteria,Bdellovibrionota,Bacteriovoracia,Bacteriovoracales,Halobacteriovoraceae,Halobacteriovorax,Halobacteriovorax vibrionivorans,100.00000000000001,100.00000000000001,100.00000000000001,100.00000000000001,100.00000000000001,100.00000000000001,92.75
ASV_1260,Bacteria,Pseudomonadota,Gammaproteobacteria,Thiotrichales,Fastidiosibacteraceae,Cysteiniphilum,Cysteiniphilum marinum,100,100,100,100,100,100,99
ASV_1261,Bacteria,Pseudomonadota,Alphaproteobacteria,Rhodobacterales,Roseobacteraceae,Jannaschia,Jannaschia confluentis,100,100,100,100,62.592857142857156,39.1702380952381,20.169047619047618
ASV_1262,Bacteria,Pseudomonadota,Gammaproteobacteria,Vibrionales,Vibrionaceae,Vibrio,Vibrio alginolyticus,100.00000000000001,100.00000000000001,100.00000000000001,100.00000000000001,100.00000000000001,100.00000000000001,27.745631591378658
ASV_1263,Bacteria,Bacillota,Bacilli,Lactobacillales,Streptococcaceae,Streptococcus,Streptococcus oralis,100,100,100,100,100,100,25.83303723596076
ASV_1264,Bacteria,Pseudomonadota,Gammaproteobacteria,Pseudomonadales,Pseudomonadaceae,Pseudomonas,Pseudomonas helleri,100,100,100,100,100,100,97.66666666666669
ASV_1265,Bacteria,Pseudomonadota,Gammaproteobacteria,Alteromonadales,Colwelliaceae,Thalassotalea,Thalassotalea coralli,100,100,100,81.5,79.5,79.5,47.16666666666666
ASV_1266,Bacteria,Bacteroidota,Saprospiria,Saprospirales,Saprospiraceae,Aureispira,Aureispira maritima,100,100,100,100,100,100,98
ASV_1267,Bacteria,Pseudomonadota,Gammaproteobacteria,Alteromonadales,Alteromonadaceae,Alteromonas,Alteromonas indica,100,100,100,100,100,51.36904761904761,45.964285714285715
ASV_1268,Bacteria,Pseudomonadota,Gammaproteobacteria,Cellvibrionales,Cellvibrionaceae,Eionea,Eionea flava,100,100,100,96.5,96.5,96.5,94.5
ASV_1269,Bacteria,Pseudomonadota,Gammaproteobacteria,Alteromonadales,Alteromonadaceae,Alteromonas,Alteromonas confluentis,100.00000000000001,100.00000000000001,100.00000000000001,100.00000000000001,100.00000000000001,86.0428095741025,51.773287734386145
ASV_1270,Bacteria,Pseudomonadota,Gammaproteobacteria,Vibrionales,Vibrionaceae,Vibrio,Vibrio fortis,100,100,100,100,100,100,76.66666666666666
ASV_1271,Bacteria,Verrucomicrobiota,Verrucomicrobiae,Verrucomicrobiales,Verrucomicrobiaceae,Haloferula,Haloferula phyci,100,100,100,100,100,100,66.08333333333333
ASV_1272,Bacteria,Pseudomonadota,Betaproteobacteria,Nitrosomonadales,Methylophilaceae,Methylotenera,Methylotenera oryzisoli,100,100,100,98.5,74,74,74
ASV_1273,Bacteria,Pseudomonadota,Gammaproteobacteria,Alteromonadales,Colwelliaceae,Thalassotalea,Thalassotalea insulae,100,100,100,85.16666666666666,82.33333333333331,69.33333333333331,26.000000000000007
ASV_1274,Bacteria,Pseudomonadota,Gammaproteobacteria,Alteromonadales,Shewanellaceae,Shewanella,Shewanella hafniensis,100,100,100,100,98,98,40.926190476190484
ASV_1275,Bacteria,Bacteroidota,Flavobacteriia,Flavobacteriales,Flavobacteriaceae,Dokdonia,Dokdonia lutea,100,100,100,100,100,100,87
ASV_1276,Bacteria,Pseudomonadota,Gammaproteobacteria,Alteromonadales,Colwelliaceae,Thalassotalea,Thalassotalea coralli,100,100,100,100,100,100,35.25
ASV_1277,NA,NA,NA,NA,NA,NA,NA,NA,NA,NA,NA,NA,NA,NA
ASV_1278,Bacteria,Verrucomicrobiota,Opitutae,Puniceicoccales,Coraliomargaritaceae,Coraliomargarita,Coraliomargarita akajimensis,100,100,100,100,100,100,94
ASV_1279,Bacteria,Pseudomonadota,Gammaproteobacteria,Alteromonadales,Colwelliaceae,Thalassotalea,Thalassotalea coralli,100,100,100,100,90.33333333333331,84.58333333333331,38.75000000000001
ASV_1280,Bacteria,Bacteroidota,Flavobacteriia,Flavobacteriales,Flavobacteriaceae,Tenacibaculum,Tenacibaculum skagerrakense,100,100,100,100,100,78.35714285714285,40.20833333333335
ASV_1281,Bacteria,Pseudomonadota,Alphaproteobacteria,Hyphomicrobiales,Phyllobacteriaceae,Mesorhizobium,Mesorhizobium australicum,100.00000000000001,100.00000000000001,100.00000000000001,100.00000000000001,93.7005347593583,77.89952465834826,12.402688651218055
ASV_1282,Bacteria,Pseudomonadota,Gammaproteobacteria,Alteromonadales,Alteromonadaceae,Alteromonas,Alteromonas pelagimontana,100,100,100,100,100,61.71666666666666,48.45
ASV_1283,Bacteria,Pseudomonadota,Gammaproteobacteria,Vibrionales,Vibrionaceae,Vibrio,Vibrio coralliilyticus,100,100,100,100,100,100,39.75
ASV_1284,Bacteria,Pseudomonadota,Alphaproteobacteria,Rhodobacterales,Roseobacteraceae,Shimia,Shimia abyssi,100,100,100,100,86.25000000000003,63.208333333333364,46.500000000000014
ASV_1285,Bacteria,Bacteroidota,Flavobacteriia,Flavobacteriales,Cryomorphaceae,Acidiluteibacter,Acidiluteibacter ferrifornacis,100,100,100,100,100,100,100
ASV_1286,NA,NA,NA,NA,NA,NA,NA,NA,NA,NA,NA,NA,NA,NA
ASV_1287,Bacteria,Campylobacterota,Epsilonproteobacteria,Campylobacterales,Sulfurospirillaceae,Sulfurospirillum,Sulfurospirillum arcachonense,100,100,100,100,100,100,80.08333333333331
ASV_1288,Bacteria,Pseudomonadota,Gammaproteobacteria,Alteromonadales,Alteromonadaceae,Paraglaciecola,Paraglaciecola chathamensis,100.00000000000003,100.00000000000003,100.00000000000003,100.00000000000003,100.00000000000003,53.558333333333294,28.699999999999974
ASV_1289,Bacteria,Bacteroidota,Saprospiria,Saprospirales,Saprospiraceae,Aureispira,Aureispira maritima,100,100,100,100,100,100,100
ASV_1290,Bacteria,Bacteroidota,Flavobacteriia,Flavobacteriales,Flavobacteriaceae,Dokdonia,Dokdonia lutea,100,100,100,100,100,100,76.5
ASV_1291,Bacteria,Pseudomonadota,Gammaproteobacteria,Vibrionales,Vibrionaceae,Vibrio,Vibrio alginolyticus,100.00000000000001,100.00000000000001,100.00000000000001,100.00000000000001,100.00000000000001,100.00000000000001,28.18374943937772
ASV_1292,Bacteria,Pseudomonadota,Alphaproteobacteria,Rhodobacterales,Roseobacteraceae,Pelagimonas,Pelagimonas phthalicica,100,100,100,100,80.61972194472195,23.165018315018322,23.165018315018322
ASV_1293,Bacteria,Pseudomonadota,Alphaproteobacteria,Maricaulales,Robiginitomaculaceae,Algimonas,Algimonas porphyrae,100,100,100,87,87,87,87
ASV_1294,Bacteria,Pseudomonadota,Gammaproteobacteria,Alteromonadales,Colwelliaceae,Thalassotalea,Photobacterium swingsii,100,100,100,73.16666666666666,70.16666666666666,59.86666666666664,26.833333333333318
ASV_1295,Bacteria,Planctomycetota,Planctomycetia,Pirellulales,Pirellulaceae,Bremerella,Bremerella volcania,100,100,100,100,100,82.5,41
ASV_1296,Bacteria,Pseudomonadota,Alphaproteobacteria,Rhodobacterales,Roseobacteraceae,Ruegeria,Ruegeria intermedia,100.00000000000001,100.00000000000001,100.00000000000001,100.00000000000001,100.00000000000001,51.38333333333334,51.38333333333334
ASV_1297,Bacteria,Bacteroidota,Flavobacteriia,Flavobacteriales,Flavobacteriaceae,Tenacibaculum,Tenacibaculum xiamenense,100,100,100,100,100,95.91666666666667,43.5
ASV_1298,Bacteria,Pseudomonadota,Gammaproteobacteria,Alteromonadales,Colwelliaceae,Thalassotalea,Thalassotalea ponticola,100,100,100,100,100,100,61.33333333333334
ASV_1299,NA,NA,NA,NA,NA,NA,NA,NA,NA,NA,NA,NA,NA,NA
ASV_1300,Bacteria,Pseudomonadota,Gammaproteobacteria,Alteromonadales,Alteromonadaceae,Alteromonas,Alteromonas australica,100,100,100,100,100,99.70223602484471,32.502321171074044
ASV_1301,Bacteria,Pseudomonadota,Alphaproteobacteria,Rhodospirillales,Terasakiellaceae,Terasakiella,Terasakiella brassicae,100,100,100,100,100,100,88.33333333333333
ASV_1302,Bacteria,Pseudomonadota,Alphaproteobacteria,Rhodobacterales,Roseobacteraceae,Thalassovita,Thalassovita mediterranea,100,100,100,100,62.71666666666666,60.21666666666666,58.91666666666664
ASV_1303,Bacteria,Pseudomonadota,Gammaproteobacteria,Alteromonadales,Alteromonadaceae,Alteromonas,Alteromonas confluentis,99.99999999999977,99.99999999999977,99.99999999999977,99.99999999999977,99.99999999999977,86.29354904354891,39.19492588731714
ASV_1304,Bacteria,Pseudomonadota,Alphaproteobacteria,Rhodobacterales,Roseobacteraceae,Donghicola,Donghicola eburneus,100,100,100,100,97.5,94.5,67.75
ASV_1305,Bacteria,Pseudomonadota,Alphaproteobacteria,Rhodobacterales,Paracoccaceae,Pseudomarivita,Pseudomarivita litorea,100.00000000000001,100.00000000000001,100.00000000000001,100.00000000000001,52.21944444444442,32.602777777777774,32.602777777777774
ASV_1306,Bacteria,Bacillota,Bacilli,Bacillales,Planococcaceae,Planococcus,Planococcus citreus,100,100,100,100,98.30000000000001,96.98492063492066,26.30793650793651
ASV_1307,NA,NA,NA,NA,NA,NA,NA,NA,NA,NA,NA,NA,NA,NA
ASV_1308,NA,NA,NA,NA,NA,NA,NA,NA,NA,NA,NA,NA,NA,NA
ASV_1309,NA,NA,NA,NA,NA,NA,NA,NA,NA,NA,NA,NA,NA,NA
ASV_1310,Bacteria,Bacteroidota,Saprospiria,Saprospirales,Lewinellaceae,Flavilitoribacter,Flavilitoribacter nigricans,100,100,100,100,100,100,100
ASV_1311,NA,NA,NA,NA,NA,NA,NA,NA,NA,NA,NA,NA,NA,NA
ASV_1312,Bacteria,Pseudomonadota,Gammaproteobacteria,Thiohalobacterales,Thiohalobacteraceae,Thiohalobacter,Thiohalobacter thiocyanaticus,100,100,100,100,100,100,100
ASV_1313,Bacteria,Pseudomonadota,Gammaproteobacteria,Thiotrichales,Thiolinaceae,Thiolinea,Thiolinea disciformis,100,100,100,100,88.16666666666667,88.16666666666667,88.16666666666667
ASV_1314,Bacteria,Pseudomonadota,Gammaproteobacteria,Oceanospirillales,Oceanospirillaceae,Bermanella,Bermanella marisrubri,100,100,100,99,99,58,58
ASV_1315,NA,NA,NA,NA,NA,NA,NA,NA,NA,NA,NA,NA,NA,NA
ASV_1316,Bacteria,Pseudomonadota,Alphaproteobacteria,Rhodobacterales,Roseobacteraceae,Tritonibacter,Tritonibacter multivorans,100.00000000000003,100.00000000000003,100.00000000000003,100.00000000000003,51.550000000000026,37.86666666666666,37.86666666666666
ASV_1317,NA,NA,NA,NA,NA,NA,NA,NA,NA,NA,NA,NA,NA,NA
ASV_1318,Bacteria,Bacteroidota,Flavobacteriia,Flavobacteriales,Crocinitomicaceae,Brumimicrobium,Salinirepens amamiensis,100,100,100,100,100,43,37.333333333333336
ASV_1319,Bacteria,Bacteroidota,Flavobacteriia,Flavobacteriales,Crocinitomicaceae,Fluviicola,Fluviicola chungangensis,99.99999999999999,99.99999999999999,99.99999999999999,99.99999999999999,99.99999999999999,74.3333333333333,49.5
ASV_1320,Bacteria,Pseudomonadota,Alphaproteobacteria,Rhodobacterales,Paracoccaceae,Marimonas,Marimonas lutisalis,100.00000000000003,100.00000000000003,100.00000000000003,100.00000000000003,54.054761904761904,26.16666666666667,26.16666666666667
ASV_1321,Bacteria,Pseudomonadota,Alphaproteobacteria,Rhodobacterales,Roseobacteraceae,Thalassovita,Thalassovita mediterranea,100,100,100,100,85.75,74.16666666666669,72.66666666666669
ASV_1322,Bacteria,Bacteroidota,Flavobacteriia,Flavobacteriales,Flavobacteriaceae,Tenacibaculum,Tenacibaculum aestuarii,100,100,100,100,100,93.16666666666667,48.75
ASV_1323,Bacteria,Pseudomonadota,Gammaproteobacteria,Oceanospirillales,Pleioneaceae,Aliikangiella,Aliikangiella marina,100,100,100,83,83,83,83
ASV_1324,Bacteria,Pseudomonadota,Gammaproteobacteria,Thiotrichales,Piscirickettsiaceae,Thiomicrorhabdus,Thiomicrorhabdus indica,100,100,100,100,100,100,100
ASV_1325,NA,NA,NA,NA,NA,NA,NA,NA,NA,NA,NA,NA,NA,NA
ASV_1326,NA,NA,NA,NA,NA,NA,NA,NA,NA,NA,NA,NA,NA,NA
ASV_1327,Bacteria,Bacteroidota,Flavobacteriia,Flavobacteriales,Flavobacteriaceae,Winogradskyella,Winogradskyella aurantiaca,100,100,100,100,100,63,36.83333333333333
ASV_1328,Bacteria,Pseudomonadota,Gammaproteobacteria,Alteromonadales,Alteromonadaceae,Alteromonas,Alteromonas confluentis,100,100,100,100,100,92.42238095238093,23.03058124560413
ASV_1329,NA,NA,NA,NA,NA,NA,NA,NA,NA,NA,NA,NA,NA,NA
ASV_1330,Bacteria,Bacteroidota,Flavobacteriia,Flavobacteriales,Flavobacteriaceae,Seonamhaeicola,Seonamhaeicola maritimus,100,100,100,100,100,61.5,61.5
ASV_1331,Bacteria,Bacteroidota,Flavobacteriia,Flavobacteriales,Flavobacteriaceae,Dokdonia,Dokdonia lutea,100,100,100,100,100,82.33333333333333,82.33333333333333
ASV_1332,Bacteria,Bacteroidota,Saprospiria,Saprospirales,Lewinellaceae,Flavilitoribacter,Flavilitoribacter nigricans,100,100,100,100,100,100,100
ASV_1333,Bacteria,Bacteroidota,Flavobacteriia,Flavobacteriales,Flavobacteriaceae,Seonamhaeicola,Seonamhaeicola aphaedonensis,100,100,100,100,100,100,100
ASV_1334,NA,NA,NA,NA,NA,NA,NA,NA,NA,NA,NA,NA,NA,NA
ASV_1335,Bacteria,Bacteroidota,Cytophagia,Cytophagales,Roseivirgaceae,Roseivirga,Roseivirga misakiensis,100,100,100,100,100,100,100
ASV_1336,Bacteria,Bacteroidota,Flavobacteriia,Flavobacteriales,Flavobacteriaceae,Poritiphilus,Poritiphilus flavus,100,100,100,100,100,46.833333333333336,46.833333333333336
ASV_1337,Bacteria,Pseudomonadota,Alphaproteobacteria,Sphingomonadales,Erythrobacteraceae,Erythrobacter,Erythrobacter rubeus,100,100,100,100,99.77044534412954,80.01288798920379,79.26288798920379
ASV_1338,Bacteria,Pseudomonadota,Gammaproteobacteria,Alteromonadales,Colwelliaceae,Thalassotalea,Thalassotalea coralli,100,100,100,100,100,98.5,88
ASV_1339,NA,NA,NA,NA,NA,NA,NA,NA,NA,NA,NA,NA,NA,NA
ASV_1340,Bacteria,Bacteroidota,Cytophagia,Cytophagales,Fulvivirgaceae,Fulvivirga,Fulvivirga lutea,100,100,100,100,99,99,58.03333333333335
ASV_1341,Bacteria,Planctomycetota,Planctomycetia,Pirellulales,Lacipirellulaceae,Bythopirellula,Bythopirellula polymerisocia,100,100,100,100,100,95,81.5
ASV_1342,Bacteria,Pseudomonadota,Gammaproteobacteria,Thiotrichales,Piscirickettsiaceae,Thiomicrorhabdus,Thiomicrorhabdus indica,100,100,100,100,100,95,85.83333333333333
ASV_1343,Bacteria,Pseudomonadota,Alphaproteobacteria,Rhodospirillales,Terasakiellaceae,Terasakiella,Terasakiella salincola,100,100,100,100,100,100,100
ASV_1344,Bacteria,Pseudomonadota,Gammaproteobacteria,Oceanospirillales,Oceanospirillaceae,Thalassolituus,Thalassolituus marinus,100,100,100,98.33333333333331,98.33333333333331,69.33333333333331,62.66666666666666
ASV_1345,Bacteria,Planctomycetota,Planctomycetia,Pirellulales,Lacipirellulaceae,Bythopirellula,Pseudobythopirellula maris,100,100,100,100,100,33.5,30.49999999999999
ASV_1346,Bacteria,Pseudomonadota,Alphaproteobacteria,Maricaulales,Robiginitomaculaceae,Algimonas,Algimonas porphyrae,100,100,100,100,100,95,95
ASV_1347,Bacteria,Pseudomonadota,Alphaproteobacteria,Sneathiellales,Sneathiellaceae,Sneathiella,Sneathiella glossodoripedis,100,100,100,100,100,100,71.83333333333333
ASV_1348,Bacteria,Pseudomonadota,Gammaproteobacteria,Cellvibrionales,Cellvibrionaceae,Marinagarivorans,Marinagarivorans algicola,100,100,100,98,98,98,98
ASV_1349,NA,NA,NA,NA,NA,NA,NA,NA,NA,NA,NA,NA,NA,NA
ASV_1350,Bacteria,Bacteroidota,Flavobacteriia,Flavobacteriales,Flavobacteriaceae,Tenacibaculum,Tenacibaculum litopenaei,100,100,100,100,100,100,100
ASV_1351,Bacteria,Bacteroidota,Cytophagia,Cytophagales,Roseivirgaceae,Roseivirga,Roseivirga halotolerans,100,100,100,100,100,100,44
ASV_1352,Bacteria,Pseudomonadota,Gammaproteobacteria,Vibrionales,Vibrionaceae,Vibrio,Vibrio sagamiensis,100,100,100,100,100,100,91.08333333333337
ASV_1353,Bacteria,Balneolota,Balneolia,Balneolales,Balneolaceae,Balneola,Balneola alkaliphila,100,100,100,100,100,77,71
ASV_1354,Bacteria,Bdellovibrionota,Bacteriovoracia,Bacteriovoracales,Halobacteriovoraceae,Halobacteriovorax,Halobacteriovorax litoralis,100,100,100,100,100,100,43.49999999999999
ASV_1355,Bacteria,Pseudomonadota,Gammaproteobacteria,Oceanospirillales,Oceanospirillaceae,Oceanospirillum,Oceanospirillum sanctuarii,100,100,100,67.33333333333334,67.33333333333334,60.66666666666667,39.500000000000014
ASV_1356,Bacteria,Pseudomonadota,Gammaproteobacteria,Oceanospirillales,Oceanospirillaceae,Neptuniibacter,Neptuniibacter caesariensis,100,100,100,100,100,100,100
ASV_1357,Bacteria,Pseudomonadota,Gammaproteobacteria,Oceanospirillales,Oceanospirillaceae,Marinomonas,Marinomonas communis,100,100,100,100,100,100,92
ASV_1358,Bacteria,Campylobacterota,Epsilonproteobacteria,Campylobacterales,Arcobacteraceae,Malaciobacter,Malaciobacter pacificus,100,100,100,100,100,65.28333333333332,56.11666666666665
ASV_1359,Bacteria,Pseudomonadota,Gammaproteobacteria,Alteromonadales,Colwelliaceae,Thalassotalea,Thalassotalea loyana,100.00000000000001,100.00000000000001,100.00000000000001,99.66666666666669,99.66666666666669,82.00000000000003,47.83333333333335
ASV_1360,Bacteria,Pseudomonadota,Gammaproteobacteria,Cellvibrionales,Cellvibrionaceae,Pseudoteredinibacter,Pseudoteredinibacter isoporae,100,100,100,100,100,100,100
ASV_1361,Bacteria,Pseudomonadota,Gammaproteobacteria,Alteromonadales,Colwelliaceae,Thalassotalea,Thalassotalea crassostreae,100,100,100,99,94.33333333333333,58.83333333333335,44.33333333333334
ASV_1362,Bacteria,Bacteroidota,Flavobacteriia,Flavobacteriales,Flavobacteriaceae,Hyunsoonleella,Psychroserpens mesophilus,100,100,100,100,100,30.583333333333318,26.833333333333325
ASV_1363,Bacteria,Bacteroidota,Flavobacteriia,Flavobacteriales,Flavobacteriaceae,Seonamhaeicola,Seonamhaeicola aphaedonensis,100.00000000000001,100.00000000000001,100.00000000000001,100.00000000000001,100.00000000000001,95.33333333333333,53.833333333333336
ASV_1364,Bacteria,Bacteroidota,Flavobacteriia,Flavobacteriales,Flavobacteriaceae,Allomuricauda,Allomuricauda hymeniacidonis,100.00000000000001,100.00000000000001,100.00000000000001,100.00000000000001,100.00000000000001,67.25,29.916666666666664
ASV_1365,Bacteria,Bacteroidota,Flavobacteriia,Flavobacteriales,Flavobacteriaceae,Dokdonia,Dokdonia lutea,100,100,100,100,100,100,100
ASV_1366,Bacteria,Pseudomonadota,Alphaproteobacteria,Hyphomicrobiales,Phyllobacteriaceae,Aliihoeflea,Aliihoeflea aestuarii,100,100,100,100,100,100,100
ASV_1367,NA,NA,NA,NA,NA,NA,NA,NA,NA,NA,NA,NA,NA,NA
ASV_1368,NA,NA,NA,NA,NA,NA,NA,NA,NA,NA,NA,NA,NA,NA
ASV_1369,NA,NA,NA,NA,NA,NA,NA,NA,NA,NA,NA,NA,NA,NA
ASV_1370,Bacteria,Bacteroidota,Cytophagia,Cytophagales,Roseivirgaceae,Roseivirga,Roseivirga misakiensis,100,100,100,100,100,100,96
ASV_1371,NA,NA,NA,NA,NA,NA,NA,NA,NA,NA,NA,NA,NA,NA
ASV_1372,Bacteria,Pseudomonadota,Gammaproteobacteria,Alteromonadales,Pseudoalteromonadaceae,Psychrosphaera,Psychrosphaera saromensis,100,100,100,100,100,91.00000000000001,45.166666666666664
ASV_1373,Bacteria,Bacteroidota,Flavobacteriia,Flavobacteriales,Crocinitomicaceae,Crocinitomix,Crocinitomix algicola,100,100,100,100,100,100,100
ASV_1374,Bacteria,Pseudomonadota,Gammaproteobacteria,Cellvibrionales,Spongiibacteraceae,Spongiibacter,Spongiibacter marinus,100,100,100,100,100,100,100
ASV_1375,Bacteria,Pseudomonadota,Alphaproteobacteria,Maricaulales,Maricaulaceae,Oceanicaulis,Oceanicaulis stylophorae,100,100,100,100,100,100,99.5
ASV_1376,Bacteria,Pseudomonadota,Gammaproteobacteria,Oceanospirillales,Oceanospirillaceae,Bacterioplanes,Bacterioplanes sanyensis,100,100,100,100,100,100,100
ASV_1377,Bacteria,Pseudomonadota,Gammaproteobacteria,Alteromonadales,Pseudoalteromonadaceae,Pseudoalteromonas,Pseudoalteromonas piratica,100.00000000000001,100.00000000000001,100.00000000000001,100.00000000000001,99.95833333333333,85.79166666666669,33.11923583662715
ASV_1378,Bacteria,Pseudomonadota,Alphaproteobacteria,Rhodobacterales,Roseobacteraceae,Maritimibacter,Amylibacter lutimaris,100,100,100,100,51.533333333333346,22.77380952380953,16.88333333333332
ASV_1379,Bacteria,Pseudomonadota,Alphaproteobacteria,Rhodobacterales,Paracoccaceae,Pseudodonghicola,Pseudodonghicola xiamenensis,100,100,100,100,67.5615800865801,56.058766233766235,56.058766233766235
ASV_1380,Bacteria,Bacteroidota,Flavobacteriia,Flavobacteriales,Flavobacteriaceae,Seonamhaeicola,Seonamhaeicola aphaedonensis,100,100,100,100,100,62.5,41.5
ASV_1381,Bacteria,Pseudomonadota,Alphaproteobacteria,Rhodobacterales,Roseobacteraceae,Roseobacter,Roseobacter cerasinus,100,100,100,100,92.85,85.78333333333332,83.11666666666667
ASV_1382,Bacteria,Bacteroidota,Flavobacteriia,Flavobacteriales,Flavobacteriaceae,Seonamhaeicola,Seonamhaeicola maritimus,100,100,100,100,100,77.00000000000001,75.50000000000001
ASV_1383,Bacteria,Pseudomonadota,Alphaproteobacteria,Rhodobacterales,Roseobacteraceae,Ruegeria,Ruegeria conchae,100.00000000000001,100.00000000000001,100.00000000000001,100.00000000000001,71.5,42.650000000000006,23.416666666666675
ASV_1384,Bacteria,Pseudomonadota,Gammaproteobacteria,Alteromonadales,Colwelliaceae,Thalassotalea,Thalassotalea coralli,100,100,100,93.5,91.33333333333333,90.33333333333333,45.08333333333334
ASV_1385,NA,NA,NA,NA,NA,NA,NA,NA,NA,NA,NA,NA,NA,NA
ASV_1386,Bacteria,Myxococcota,NA,Nannocystales,Nannocystaceae,Nannocystis,Nannocystis exedens,100,100,81.55,81.55,81.55,78.35,43.283333333333346
ASV_1387,NA,NA,NA,NA,NA,NA,NA,NA,NA,NA,NA,NA,NA,NA
ASV_1388,Bacteria,Pseudomonadota,Gammaproteobacteria,Cellvibrionales,Halieaceae,Halioglobus,Halioglobus pacificus,100,100,100,100,100,66,55.16666666666666
ASV_1389,Bacteria,Verrucomicrobiota,Verrucomicrobiae,Verrucomicrobiales,Rubritaleaceae,Rubritalea,Rubritalea marina,100,100,100,100,100,100,57.5
ASV_1390,Bacteria,Pseudomonadota,Alphaproteobacteria,Rhodobacterales,Roseobacteraceae,Shimia,Shimia marina,100,100,100,100,99.5,90.75,90.25
ASV_1391,Bacteria,Pseudomonadota,Alphaproteobacteria,Rhodobacterales,Roseobacteraceae,Ruegeria,Ruegeria arenilitoris,100.00000000000001,100.00000000000001,100.00000000000001,100.00000000000001,97.88333333333334,97.88333333333334,42.583333333333336
ASV_1392,NA,NA,NA,NA,NA,NA,NA,NA,NA,NA,NA,NA,NA,NA
ASV_1393,NA,NA,NA,NA,NA,NA,NA,NA,NA,NA,NA,NA,NA,NA
ASV_1394,Bacteria,Pseudomonadota,Gammaproteobacteria,Oceanospirillales,Oceanospirillaceae,Spongiispira,Spongiispira norvegica,100,100,100,100,100,100,100
ASV_1395,Bacteria,Pseudomonadota,Gammaproteobacteria,Alteromonadales,Alteromonadaceae,Alteromonas,Alteromonas australica,99.99999999999997,99.99999999999997,99.99999999999997,99.99999999999997,99.99999999999997,99.69999999999996,28.11766980032428
ASV_1396,NA,NA,NA,NA,NA,NA,NA,NA,NA,NA,NA,NA,NA,NA
ASV_1397,Bacteria,Bacteroidota,Flavobacteriia,Flavobacteriales,Flavobacteriaceae,Constantimarinum,Constantimarinum furrinae,100,100,100,100,100,22.83333333333333,22.83333333333333
ASV_1398,NA,NA,NA,NA,NA,NA,NA,NA,NA,NA,NA,NA,NA,NA
ASV_1399,Bacteria,Pseudomonadota,Gammaproteobacteria,Alteromonadales,Colwelliaceae,Thalassotalea,Thalassotalea coralli,100,100,100,100,91.58333333333331,84.25,31.16666666666667
ASV_1400,Bacteria,Myxococcota,NA,Nannocystales,Nannocystaceae,Plesiocystis,Plesiocystis pacifica,100,100,100,100,100,100,100
ASV_1401,Bacteria,Pseudomonadota,Alphaproteobacteria,Hyphomicrobiales,Hyphomicrobiaceae,Filomicrobium,Filomicrobium fusiforme,100,100,100,99,83.83333333333331,74.0833333333333,62.58333333333332
ASV_1402,Bacteria,Pseudomonadota,Alphaproteobacteria,Hyphomicrobiales,Boseaceae,Bosea,Bosea vaviloviae,100,100,100,100,100,100,17.57619047619048
ASV_1403,NA,NA,NA,NA,NA,NA,NA,NA,NA,NA,NA,NA,NA,NA
ASV_1404,Bacteria,Pseudomonadota,Gammaproteobacteria,Vibrionales,Vibrionaceae,Vibrio,Catenococcus thiocycli,100,100,100,100,100,74.0813492063492,25.91865079365079
ASV_1405,Bacteria,Bacteroidota,Flavobacteriia,Flavobacteriales,Cryomorphaceae,Acidiluteibacter,Acidiluteibacter ferrifornacis,100,100,100,100,100,100,100
ASV_1406,Bacteria,Campylobacterota,Epsilonproteobacteria,Campylobacterales,Arcobacteraceae,Poseidonibacter,Poseidonibacter lekithochrous,100,100,100,100,100,53.800000000000004,53.800000000000004
ASV_1407,Bacteria,Bacteroidota,Flavobacteriia,Flavobacteriales,Flavobacteriaceae,Seonamhaeicola,Seonamhaeicola aphaedonensis,100,100,100,100,100,98.5,95.5
ASV_1408,NA,NA,NA,NA,NA,NA,NA,NA,NA,NA,NA,NA,NA,NA
ASV_1409,Bacteria,Pseudomonadota,Alphaproteobacteria,Rhodobacterales,Roseobacteraceae,Roseovarius,Roseovarius atlanticus,100,100,100,100,86.1359307359307,51.15281385281384,22.285714285714274
ASV_1410,Bacteria,Pseudomonadota,Alphaproteobacteria,Kordiimonadales,Kordiimonadaceae,Kordiimonas,Kordiimonas aquimaris,100,100,100,100,100,100,57.16666666666664
ASV_1411,Bacteria,Bacteroidota,Saprospiria,Saprospirales,Saprospiraceae,Aureispira,Aureispira maritima,100,100,100,100,100,100,100
ASV_1412,Bacteria,Pseudomonadota,Alphaproteobacteria,Rhodobacterales,Roseobacteraceae,Roseovarius,Roseovarius pacificus,100,100,100,100,77.45079365079364,25.02619047619049,24.69285714285716
ASV_1413,Bacteria,Pseudomonadota,Gammaproteobacteria,Thiotrichales,Fastidiosibacteraceae,Cysteiniphilum,Cysteiniphilum litorale,100,100,100,100,100,100,99
ASV_1414,Bacteria,Bacteroidota,Saprospiria,Saprospirales,Haliscomenobacteraceae,Portibacter,Portibacter lacus,100,100,100,100,77,68.66666666666667,68.66666666666667
ASV_1415,Bacteria,Campylobacterota,Epsilonproteobacteria,Campylobacterales,Sulfurovaceae,Sulfurovum,Sulfurovum riftiae,100.00000000000001,100.00000000000001,100.00000000000001,100.00000000000001,89.33333333333333,89.33333333333333,25.150000000000002
ASV_1416,NA,NA,NA,NA,NA,NA,NA,NA,NA,NA,NA,NA,NA,NA
ASV_1417,NA,NA,NA,NA,NA,NA,NA,NA,NA,NA,NA,NA,NA,NA
ASV_1418,Bacteria,Pseudomonadota,Alphaproteobacteria,Rhodobacterales,Roseobacteraceae,Donghicola,Donghicola tyrosinivorans,100.00000000000001,100.00000000000001,100.00000000000001,100.00000000000001,60.2,22.199999999999992,21.199999999999992
ASV_1419,Bacteria,Pseudomonadota,Gammaproteobacteria,Oceanospirillales,Oceanospirillaceae,Bacterioplanoides,Bacterioplanoides pacificum,100,100,100,99,97.75,63.83333333333333,63.83333333333333
ASV_1420,Bacteria,Pseudomonadota,Gammaproteobacteria,Vibrionales,Vibrionaceae,Photobacterium,Photobacterium alginatilyticum,100,100,100,100,100,100,99
ASV_1421,Bacteria,Pseudomonadota,Gammaproteobacteria,Alteromonadales,Colwelliaceae,Thalassotalea,Thalassotalea loyana,100,100,100,100,70.95,69.08333333333333,18.666666666666668
ASV_1422,NA,NA,NA,NA,NA,NA,NA,NA,NA,NA,NA,NA,NA,NA
ASV_1423,Bacteria,Pseudomonadota,Gammaproteobacteria,Vibrionales,Vibrionaceae,Vibrio,Vibrio xuii,100,100,100,100,100,96.25,57.4261904761905
ASV_1424,Bacteria,Bacteroidota,Flavobacteriia,Flavobacteriales,Flavobacteriaceae,Polaribacter,Polaribacter pacificus,100,100,100,100,100,50.66666666666666,19.166666666666664
ASV_1425,Bacteria,Bacteroidota,Flavobacteriia,Flavobacteriales,Flavobacteriaceae,Seonamhaeicola,Seonamhaeicola aphaedonensis,100,100,100,100,100,100,98.5
ASV_1426,NA,NA,NA,NA,NA,NA,NA,NA,NA,NA,NA,NA,NA,NA
ASV_1427,Bacteria,Pseudomonadota,Alphaproteobacteria,Rhodobacterales,Roseobacteraceae,Tateyamaria,Tateyamaria pelophila,100,100,100,100,85.13333333333334,52.616666666666674,52.616666666666674
ASV_1428,Bacteria,Bacteroidota,Flavobacteriia,Flavobacteriales,Flavobacteriaceae,Seonamhaeicola,Seonamhaeicola algicola,100,100,100,100,100,90,44.66666666666665
ASV_1429,Bacteria,Pseudomonadota,Alphaproteobacteria,Rhodobacterales,Roseobacteraceae,Aquamicrobium,Aquamicrobium aestuarii,99.99999999999999,99.99999999999999,99.99999999999999,66.69761904761907,33.77857142857145,26.47619047619048,24.309523809523807
ASV_1430,Bacteria,Pseudomonadota,Gammaproteobacteria,Oceanospirillales,Oceanospirillaceae,Oceanospirillum,Oceanospirillum beijerinckii,100.00000000000001,100.00000000000001,100.00000000000001,97.60000000000001,54.349999999999994,53.349999999999994,53.349999999999994
ASV_1431,Bacteria,Pseudomonadota,Gammaproteobacteria,Alteromonadales,Colwelliaceae,Thalassotalea,Thalassotalea eurytherma,100,100,100,93.25,93.25,90.50000000000001,29.166666666666675
ASV_1432,Bacteria,Bacteroidota,Flavobacteriia,Flavobacteriales,Flavobacteriaceae,Dokdonia,Dokdonia lutea,100,100,100,100,100,53.5,53.5
ASV_1433,Bacteria,Verrucomicrobiota,Opitutae,Puniceicoccales,Coraliomargaritaceae,Coraliomargarita,Coraliomargarita akajimensis,100,100,100,100,100,100,99
ASV_1434,NA,NA,NA,NA,NA,NA,NA,NA,NA,NA,NA,NA,NA,NA
ASV_1435,Bacteria,Pseudomonadota,Gammaproteobacteria,Thiotrichales,Fastidiosibacteraceae,Cysteiniphilum,Cysteiniphilum litorale,100,100,100,100,100,100,98
ASV_1436,Bacteria,Pseudomonadota,Alphaproteobacteria,Rhodobacterales,Paracoccaceae,Defluviimonas,Defluviimonas nitratireducens,100,100,100,96.66666666666666,95.16666666666666,51.83333333333333,51.83333333333333
ASV_1437,Bacteria,Pseudomonadota,Alphaproteobacteria,Rhodobacterales,Paracoccaceae,Rhodovulum,Aliiroseovarius marinus,100,100,100,86.35714285714282,64.30476190476188,17.29999999999999,15.20238095238095
ASV_1438,NA,NA,NA,NA,NA,NA,NA,NA,NA,NA,NA,NA,NA,NA
ASV_1439,NA,NA,NA,NA,NA,NA,NA,NA,NA,NA,NA,NA,NA,NA
ASV_1440,Bacteria,Pseudomonadota,Gammaproteobacteria,Alteromonadales,Colwelliaceae,Thalassotalea,Thalassotalea loyana,100,100,100,100,100,100,79.33333333333333
ASV_1441,Bacteria,Bacteroidota,Flavobacteriia,Flavobacteriales,Flavobacteriaceae,Mesoflavibacter,Mesoflavibacter zeaxanthinifaciens,100,100,100,100,100,92.5166666666667,92.5166666666667
ASV_1442,NA,NA,NA,NA,NA,NA,NA,NA,NA,NA,NA,NA,NA,NA
ASV_1443,Bacteria,Pseudomonadota,Gammaproteobacteria,Alteromonadales,Alteromonadaceae,Alteromonas,Alteromonas confluentis,100.00000000000006,100.00000000000006,100.00000000000006,100.00000000000006,100.00000000000006,92.95321424189854,26.21069018573596
ASV_1444,Bacteria,Bacteroidota,Flavobacteriia,Flavobacteriales,Flavobacteriaceae,Polaribacter,Polaribacter huanghezhanensis,100,100,100,100,100,88.1833333333333,57.5
ASV_1445,Bacteria,Actinomycetota,Thermoleophilia,Solirubrobacterales,Parviterribacteraceae,Parviterribacter,Parviterribacter kavangonensis,100,100,100,100,98,98,96.5
ASV_1446,Bacteria,Bacteroidota,Flavobacteriia,Flavobacteriales,Flavobacteriaceae,Dokdonia,Dokdonia lutea,100,100,100,100,100,100,100
ASV_1447,Bacteria,Pseudomonadota,Gammaproteobacteria,Alteromonadales,Colwelliaceae,Thalassotalea,Thalassotalea loyana,100,100,100,100,100,96,28.333333333333325
ASV_1448,NA,NA,NA,NA,NA,NA,NA,NA,NA,NA,NA,NA,NA,NA
ASV_1449,Bacteria,Pseudomonadota,Alphaproteobacteria,Rhodobacterales,Roseobacteraceae,Roseovarius,Roseovarius pacificus,100,100,100,100,74.4555555555555,38.90833333333333,33.18333333333332
ASV_1450,Bacteria,Pseudomonadota,Gammaproteobacteria,Alteromonadales,Colwelliaceae,Thalassotalea,Thalassotalea coralli,100,100,100,99.2857142857143,96.95238095238096,82.5357142857143,26.750000000000007
ASV_1451,NA,NA,NA,NA,NA,NA,NA,NA,NA,NA,NA,NA,NA,NA
ASV_1452,Bacteria,Bacteroidota,Flavobacteriia,Flavobacteriales,Flavobacteriaceae,Psychroserpens,Psychroserpens mesophilus,100,100,100,100,100,33.516666666666644,31.31666666666667
ASV_1453,Bacteria,Pseudomonadota,Alphaproteobacteria,Rhodobacterales,Paracoccaceae,Planktomarina,Planktomarina temperata,100,100,100,100,74.41089466089466,34.066666666666634,34.066666666666634
ASV_1454,Bacteria,Pseudomonadota,Alphaproteobacteria,Hyphomonadales,Hyphomonadaceae,Hyphomonas,Hyphomonas pacifica,100,100,100,100,100,99.5,28.233333333333324
ASV_1455,Bacteria,Pseudomonadota,Alphaproteobacteria,Hyphomonadales,Hyphomonadaceae,Ponticaulis,Ponticaulis koreensis,100,100,100,100,100,100,71
ASV_1456,Bacteria,Pseudomonadota,Gammaproteobacteria,Vibrionales,Vibrionaceae,Vibrio,Vibrio alginolyticus,99.99999999999999,99.99999999999999,99.99999999999999,99.99999999999999,99.99999999999999,99.99999999999999,66.41744306418222
ASV_1457,Bacteria,Pseudomonadota,Gammaproteobacteria,Vibrionales,Vibrionaceae,Vibrio,Vibrio europaeus,100.00000000000001,100.00000000000001,100.00000000000001,100.00000000000001,100.00000000000001,100.00000000000001,68.28333333333335
ASV_1458,Bacteria,Pseudomonadota,Gammaproteobacteria,Alteromonadales,Alteromonadaceae,Salinimonas,Salinimonas chungwhensis,100,100,100,100,100,39.128932806324144,33.75014492753625
ASV_1459,Bacteria,Bacteroidota,Flavobacteriia,Flavobacteriales,Flavobacteriaceae,Aquimarina,Lacinutrix iliipiscaria,100,100,100,100,100,45.4,22.892857142857142
ASV_1460,Bacteria,Myxococcota,Myxococcia,Myxococcales,NA,Enhygromyxa,Enhygromyxa salina,100,100,76.5,76.5,76.5,76.5,76.5
ASV_1461,Bacteria,Pseudomonadota,Gammaproteobacteria,Alteromonadales,Colwelliaceae,Thalassotalea,Thalassotalea ganghwensis,100,100,100,69.66666666666667,67.33333333333333,59.250000000000014,16.000000000000004
ASV_1462,Bacteria,Pseudomonadota,Alphaproteobacteria,Rhodobacterales,Roseobacteraceae,Sulfitobacter,Sulfitobacter alexandrii,99.99999999999999,99.99999999999999,99.99999999999999,99.99999999999999,92.66666666666664,50.91666666666665,34
ASV_1463,Bacteria,Pseudomonadota,Alphaproteobacteria,Rhodobacterales,Roseobacteraceae,Dinoroseobacter,Dinoroseobacter shibae,100.00000000000003,100.00000000000003,100.00000000000003,100.00000000000003,90.75000000000001,67.86666666666667,67.86666666666667
ASV_1464,Bacteria,Verrucomicrobiota,Opitutae,Puniceicoccales,Coraliomargaritaceae,Coraliomargarita,Coraliomargarita sinensis,100,100,97.16666666666667,97.16666666666667,97.16666666666667,97.16666666666667,49.50000000000001
ASV_1465,Bacteria,Bacteroidota,Flavobacteriia,Flavobacteriales,Flavobacteriaceae,Winogradskyella,Winogradskyella algicola,100,100,100,100,100,100,53.5
ASV_1466,Bacteria,Verrucomicrobiota,Opitutae,Puniceicoccales,Coraliomargaritaceae,Coraliomargarita,Coraliomargarita akajimensis,100,100,96.66666666666666,96.66666666666666,96.66666666666666,96.66666666666666,63
ASV_1467,Bacteria,Bacteroidota,Flavobacteriia,Flavobacteriales,Flavobacteriaceae,Mesonia,Mesonia hippocampi,100,100,100,100,100,43.00000000000001,43.00000000000001
ASV_1468,Bacteria,Bacteroidota,Flavobacteriia,Flavobacteriales,Flavobacteriaceae,Seonamhaeicola,Seonamhaeicola aphaedonensis,100,100,100,100,100,94.5,94
ASV_1469,Bacteria,Pseudomonadota,Alphaproteobacteria,Rhodobacterales,Roseobacteraceae,Thalassovita,Thalassovita mediterranea,100,100,100,100,83.90793650793653,34.39563492063495,33.640873015873034
ASV_1470,Bacteria,Pseudomonadota,Alphaproteobacteria,Rhodobacterales,Paracoccaceae,Paracoccus,Paracoccus luteus,100,100,100,100,100,100,72.66666666666666
ASV_1471,Bacteria,Pseudomonadota,Alphaproteobacteria,Rhodobacterales,Roseobacteraceae,Thalassovita,Thalassovita mediterranea,100,100,100,100,53.583333333333385,44.00000000000002,41.50000000000002
ASV_1472,Bacteria,Pseudomonadota,Gammaproteobacteria,Alteromonadales,Colwelliaceae,Thalassotalea,Thalassotalea marina,100,100,100,100,100,70.89999999999999,25.53333333333332
ASV_1473,Bacteria,Bacteroidota,Flavobacteriia,Flavobacteriales,Flavobacteriaceae,Dokdonia,Dokdonia lutea,100,100,100,100,100,100,100
ASV_1474,Bacteria,Pseudomonadota,Gammaproteobacteria,Oceanospirillales,Oceanospirillaceae,Amphritea,Amphritea japonica,100,100,100,100,100,98,83.5
ASV_1475,Bacteria,Bacteroidota,Flavobacteriia,Flavobacteriales,Flavobacteriaceae,Gelidibacter,Gelidibacter pelagius,99.99999999999999,99.99999999999999,99.99999999999999,99.99999999999999,99.99999999999999,47.8409090909091,25.91666666666667
ASV_1476,Bacteria,Actinomycetota,Acidimicrobiia,Acidimicrobiales,Iamiaceae,Actinomarinicola,Actinomarinicola tropica,100,100,100,100,100,100,100
ASV_1477,NA,NA,NA,NA,NA,NA,NA,NA,NA,NA,NA,NA,NA,NA
ASV_1478,Bacteria,Bacteroidota,Cytophagia,Cytophagales,Microscillaceae,Microscilla,Microscilla marina,100,100,100,100,100,100,100
ASV_1479,NA,NA,NA,NA,NA,NA,NA,NA,NA,NA,NA,NA,NA,NA
ASV_1480,Bacteria,Pseudomonadota,Gammaproteobacteria,Oceanospirillales,Oceanospirillaceae,Thalassolituus,Thalassolituus maritimus,100,100,100,87.66666666666667,87.66666666666667,71.33333333333333,71.33333333333333
ASV_1481,Bacteria,Pseudomonadota,Gammaproteobacteria,Vibrionales,Vibrionaceae,Vibrio,Vibrio nigripulchritudo,100,100,100,100,100,100,100
ASV_1482,Bacteria,Pseudomonadota,Gammaproteobacteria,Alteromonadales,Colwelliaceae,Thalassotalea,Thalassomonas actiniarum,100,100,100,98.33333333333334,98.33333333333334,54.33333333333335,37.83333333333334
ASV_1483,Bacteria,Pseudomonadota,Gammaproteobacteria,Oceanospirillales,Alcanivoracaceae,Marinicella,Marinicella litoralis,100,100,100,100,100,100,96
ASV_1484,Bacteria,Bacillota,Bacilli,Bacillales,Staphylococcaceae,Staphylococcus,Staphylococcus epidermidis,100,100,100,100,100,100,31.60058357036282
ASV_1485,Bacteria,Bacteroidota,Saprospiria,Saprospirales,Lewinellaceae,Flavilitoribacter,Flavilitoribacter nigricans,100,100,100,100,100,52.5,52.5
ASV_1486,NA,NA,NA,NA,NA,NA,NA,NA,NA,NA,NA,NA,NA,NA
ASV_1487,NA,NA,NA,NA,NA,NA,NA,NA,NA,NA,NA,NA,NA,NA
ASV_1488,Bacteria,Planctomycetota,Phycisphaerae,Phycisphaerales,Phycisphaeraceae,Phycisphaera,Phycisphaera mikurensis,100,100,100,100,100,100,100
ASV_1489,Bacteria,Verrucomicrobiota,Opitutae,Puniceicoccales,Coraliomargaritaceae,Coraliomargarita,Coraliomargarita akajimensis,100,100,100,100,100,100,79
ASV_1490,NA,NA,NA,NA,NA,NA,NA,NA,NA,NA,NA,NA,NA,NA
ASV_1491,Bacteria,Pseudomonadota,Gammaproteobacteria,Alteromonadales,Colwelliaceae,Thalassotalea,Thalassotalea eurytherma,100,100,100,100,100,77.08333333333331,35.083333333333336
ASV_1492,Bacteria,Bacteroidota,Flavobacteriia,Flavobacteriales,Flavobacteriaceae,Aureitalea,Aureitalea marina,100,100,100,100,100,40.41666666666664,40.41666666666664
ASV_1493,Bacteria,Pseudomonadota,Gammaproteobacteria,Alteromonadales,Colwelliaceae,Thalassotalea,Thalassotalea coralli,100,100,100,100,93.25000000000001,86.75000000000001,38.50000000000001
ASV_1494,Bacteria,Pseudomonadota,Gammaproteobacteria,Cellvibrionales,Cellvibrionaceae,Pseudoteredinibacter,Pseudoteredinibacter isoporae,100,100,100,100,100,86.5,86.5
ASV_1495,Bacteria,Pseudomonadota,Gammaproteobacteria,Alteromonadales,Colwelliaceae,Thalassotalea,Thalassotalea coralli,100,100,100,100,100,87,50.86666666666664
ASV_1496,Bacteria,Pseudomonadota,Gammaproteobacteria,Alteromonadales,Colwelliaceae,Thalassotalea,Thalassotalea loyana,100.00000000000001,100.00000000000001,100.00000000000001,100.00000000000001,100.00000000000001,100.00000000000001,39.66666666666665
ASV_1497,Bacteria,Bacteroidota,Cytophagia,Cytophagales,Roseivirgaceae,Roseivirga,Roseivirga misakiensis,100,100,100,100,100,100,78
ASV_1498,Bacteria,Pseudomonadota,Gammaproteobacteria,Alteromonadales,Shewanellaceae,Shewanella,Shewanella litorisediminis,100,100,100,81.0833333333333,81.0833333333333,81.0833333333333,24.083333333333314
ASV_1499,Bacteria,Pseudomonadota,Gammaproteobacteria,Alteromonadales,Colwelliaceae,Thalassotalea,Thalassotalea ponticola,100,100,100,100,100,100,95.5
ASV_1500,Bacteria,Campylobacterota,Epsilonproteobacteria,Campylobacterales,Sulfurovaceae,Sulfurovum,Sulfurovum lithotrophicum,100,100,100,100,100,100,45.583333333333336
ASV_1501,Bacteria,Pseudomonadota,Gammaproteobacteria,Alteromonadales,Pseudoalteromonadaceae,Pseudoalteromonas,Pseudoalteromonas gelatinilytica,100,100,100,100,100,100,29.552380952380943
ASV_1502,Bacteria,Bacteroidota,Flavobacteriia,Flavobacteriales,Flavobacteriaceae,Winogradskyella,Winogradskyella damuponensis,100,100,100,100,100,50.050000000000004,13.283333333333335
ASV_1503,Bacteria,Pseudomonadota,Gammaproteobacteria,Alteromonadales,Alteromonadaceae,Alteromonas,Alteromonas aestuariivivens,100,100,100,100,100,82.66666666666669,58.594532279314834
ASV_1504,Bacteria,Pseudomonadota,Gammaproteobacteria,Vibrionales,Vibrionaceae,Vibrio,Vibrio vulnificus,99.99999999999999,99.99999999999999,99.99999999999999,99.99999999999999,99.99999999999999,99.99999999999999,80.8201243201243
ASV_1505,Bacteria,Pseudomonadota,Gammaproteobacteria,Alteromonadales,Alteromonadaceae,Marisediminitalea,Marisediminitalea aggregata,100,100,100,100,100,47,47
ASV_1506,Bacteria,Bacteroidota,Flavobacteriia,Flavobacteriales,Flavobacteriaceae,Allomuricauda,Allomuricauda nanhaiensis,100,100,100,100,100,100,90.5
ASV_1507,Bacteria,Bacillota,Clostridia,Eubacteriales,Eubacteriaceae,Rhabdanaerobium,Rhabdanaerobium thermarum,100,100,100,100,100,88.5,88.5
ASV_1508,Bacteria,Pseudomonadota,Gammaproteobacteria,Alteromonadales,Colwelliaceae,Thalassomonas,Thalassomonas actiniarum,100,100,100,85.5,85.16666666666666,52.41666666666665,40.41666666666665
ASV_1509,Bacteria,Pseudomonadota,Alphaproteobacteria,Rhodobacterales,Paracoccaceae,Phaeobacter,Phaeobacter italicus,99.99999999999999,99.99999999999999,99.99999999999999,99.99999999999999,51.416666666666664,27.194444444444446,27.194444444444446
ASV_1510,Bacteria,Pseudomonadota,Alphaproteobacteria,Rhodobacterales,Paracoccaceae,Tritonibacter,Tritonibacter aquimaris,100,100,100,100,87,85.16666666666666,75.83333333333331
ASV_1511,Bacteria,Pseudomonadota,Gammaproteobacteria,Alteromonadales,Colwelliaceae,Thalassotalea,Thalassotalea loyana,100,100,100,100,97.16666666666667,90.83333333333333,21.750000000000004
ASV_1512,Bacteria,Planctomycetota,Planctomycetia,Planctomycetales,Planctomycetaceae,Thalassoglobus,Thalassoglobus neptunius,100,100,100,100,100,100,55.50000000000001
ASV_1513,Bacteria,Planctomycetota,Planctomycetia,Planctomycetales,Planctomycetaceae,Fuerstiella,Fuerstiella marisgermanici,100,100,100,100,100,100,100
ASV_1514,Bacteria,Pseudomonadota,Alphaproteobacteria,Rhodobacterales,Paracoccaceae,Aliishimia,Aliishimia ponticola,99.99999999999999,99.99999999999999,99.99999999999999,99.99999999999999,59.33333333333336,36.33333333333334,36.33333333333334
ASV_1515,Bacteria,Pseudomonadota,Alphaproteobacteria,Rhodobacterales,Roseobacteraceae,Thalassovita,Thalassovita mediterranea,100,100,100,100,80.00000000000001,65.00000000000003,64.00000000000003
ASV_1516,Bacteria,Pseudomonadota,Alphaproteobacteria,Holosporales,Caedimonadaceae,Caedimonas,Caedimonas varicaedens,100,100,100,61.99999999999999,61.99999999999999,61.99999999999999,61.99999999999999
ASV_1517,Bacteria,Pseudomonadota,Gammaproteobacteria,Alteromonadales,Alteromonadaceae,Alteromonas,Alteromonas aestuariivivens,100,100,100,100,100,99.09372236958443,56.680193714331644
ASV_1518,NA,NA,NA,NA,NA,NA,NA,NA,NA,NA,NA,NA,NA,NA
ASV_1519,Bacteria,Pseudomonadota,Gammaproteobacteria,Vibrionales,Vibrionaceae,Vibrio,Vibrio ichthyoenteri,100.00000000000003,100.00000000000003,100.00000000000003,100.00000000000003,100.00000000000003,100.00000000000003,21.45952380952381
ASV_1520,Bacteria,Pseudomonadota,Gammaproteobacteria,Vibrionales,Vibrionaceae,Vibrio,Vibrio hannami,100,100,100,100,100,100,46.650000000000006
ASV_1521,Bacteria,Pseudomonadota,Alphaproteobacteria,Hyphomicrobiales,Devosiaceae,Maritalea,Maritalea porphyrae,100,100,100,100,100,100,100
ASV_1522,Bacteria,Bacteroidota,Flavobacteriia,Flavobacteriales,Flavobacteriaceae,Seonamhaeicola,Seonamhaeicola maritimus,100,100,100,100,100,86.83333333333333,86.83333333333333
ASV_1523,Bacteria,Pseudomonadota,Gammaproteobacteria,Thiotrichales,Fastidiosibacteraceae,Cysteiniphilum,Cysteiniphilum litorale,100,100,100,100,100,94.5,94.5
ASV_1524,Bacteria,Bacteroidota,Flavobacteriia,Flavobacteriales,Flavobacteriaceae,Seonamhaeicola,Seonamhaeicola maritimus,100,100,100,100,100,55.08333333333334,55.08333333333334
ASV_1525,Bacteria,Pseudomonadota,Gammaproteobacteria,Alteromonadales,Colwelliaceae,Thalassotalea,Thalassotalea coralli,100,100,100,99.66666666666667,99.66666666666667,84.66666666666667,34.083333333333336
ASV_1526,Bacteria,Pseudomonadota,Alphaproteobacteria,Sneathiellales,Sneathiellaceae,Sneathiella,Sneathiella glossodoripedis,100,100,100,100,100,100,53.16666666666666
ASV_1527,Bacteria,Verrucomicrobiota,Verrucomicrobiae,Verrucomicrobiales,Verrucomicrobiaceae,Fucophilus,Fucophilus fucoidanolyticus,100,100,82.66666666666667,82.66666666666667,82.66666666666667,82.66666666666667,82.66666666666667
ASV_1528,Bacteria,Pseudomonadota,Gammaproteobacteria,Alteromonadales,Colwelliaceae,Thalassotalea,Thalassotalea coralli,100.00000000000001,100.00000000000001,100.00000000000001,100.00000000000001,87.73333333333332,76.31666666666669,25.66666666666667
ASV_1529,Bacteria,Pseudomonadota,Gammaproteobacteria,Alteromonadales,Colwelliaceae,Thalassotalea,Thalassotalea coralli,100,100,100,99,95.89999999999999,74.25,26.866666666666667
ASV_1530,NA,NA,NA,NA,NA,NA,NA,NA,NA,NA,NA,NA,NA,NA
ASV_1531,Bacteria,Bacteroidota,Cytophagia,Cytophagales,Reichenbachiellaceae,Ekhidna,Ekhidna lutea,100,100,100,100,100,100,100
ASV_1532,Bacteria,Pseudomonadota,Alphaproteobacteria,Hyphomicrobiales,Phyllobacteriaceae,Oceaniradius,Oceaniradius stylonematis,100,100,100,100,100,54,54
ASV_1533,NA,NA,NA,NA,NA,NA,NA,NA,NA,NA,NA,NA,NA,NA
ASV_1534,Bacteria,Bacteroidota,Flavobacteriia,Flavobacteriales,Flavobacteriaceae,Seonamhaeicola,Seonamhaeicola maritimus,100,100,100,100,100,43.833333333333336,42.5
ASV_1535,NA,NA,NA,NA,NA,NA,NA,NA,NA,NA,NA,NA,NA,NA
ASV_1536,NA,NA,NA,NA,NA,NA,NA,NA,NA,NA,NA,NA,NA,NA
ASV_1537,Bacteria,Bacteroidota,Saprospiria,Saprospirales,Haliscomenobacteraceae,Portibacter,Portibacter lacus,100,100,100,100,100,100,100
ASV_1538,NA,NA,NA,NA,NA,NA,NA,NA,NA,NA,NA,NA,NA,NA
ASV_1539,Bacteria,Pseudomonadota,Gammaproteobacteria,Oceanospirillales,Oceanospirillaceae,Oleispira,Oleispira lenta,100,100,100,100,100,100,91.5
ASV_1540,NA,NA,NA,NA,NA,NA,NA,NA,NA,NA,NA,NA,NA,NA
ASV_1541,Bacteria,Pseudomonadota,Gammaproteobacteria,Alteromonadales,Alteromonadaceae,Alteromonas,Alteromonas confluentis,100,100,100,100,100,92.44202868832161,31.059543418273407
ASV_1542,Bacteria,Bacillota,Bacilli,Lactobacillales,Streptococcaceae,Streptococcus,Streptococcus salivarius,100,100,100,100,100,100,65.5
ASV_1543,Bacteria,Bacteroidota,Flavobacteriia,Flavobacteriales,Flavobacteriaceae,Seonamhaeicola,Seonamhaeicola maritimus,100,100,100,100,100,94.75,72.75
ASV_1544,NA,NA,NA,NA,NA,NA,NA,NA,NA,NA,NA,NA,NA,NA
ASV_1545,Bacteria,Pseudomonadota,Gammaproteobacteria,Cellvibrionales,Spongiibacteraceae,Spongiibacter,Spongiibacter marinus,100,100,100,100,100,100,89.46666666666668
ASV_1546,Bacteria,Pseudomonadota,Gammaproteobacteria,Vibrionales,Vibrionaceae,Vibrio,Vibrio ziniensis,100.00000000000001,100.00000000000001,100.00000000000001,100.00000000000001,100.00000000000001,100.00000000000001,19.58928571428573
ASV_1547,Bacteria,Pseudomonadota,Gammaproteobacteria,Alteromonadales,Colwelliaceae,Thalassotalea,Thalassotalea coralli,100.00000000000001,100.00000000000001,100.00000000000001,97.5,87.83333333333331,84.5,38.41666666666664
ASV_1548,Bacteria,Pseudomonadota,Gammaproteobacteria,Alteromonadales,Alteromonadaceae,Alteromonas,Alteromonas abrolhosensis,99.99999999999999,99.99999999999999,99.99999999999999,99.99999999999999,99.99999999999999,87.74383514179442,21.118962844853456
ASV_1549,NA,NA,NA,NA,NA,NA,NA,NA,NA,NA,NA,NA,NA,NA
ASV_1550,Bacteria,Bacteroidota,Flavobacteriia,Flavobacteriales,Flavobacteriaceae,Dokdonia,Dokdonia lutea,100,100,100,100,100,97,97
ASV_1551,Bacteria,Pseudomonadota,Gammaproteobacteria,Alteromonadales,Pseudoalteromonadaceae,Pseudoalteromonas,Pseudoalteromonas ruthenica,100,100,100,100,100,100,95
ASV_1552,Bacteria,Pseudomonadota,Alphaproteobacteria,Rhodobacterales,Roseobacteraceae,Shimia,Shimia marina,100,100,100,100,99,81.33333333333331,81.33333333333331
ASV_1553,Bacteria,Pseudomonadota,Gammaproteobacteria,Alteromonadales,Shewanellaceae,Shewanella,Shewanella litorisediminis,100.00000000000003,100.00000000000003,100.00000000000003,87.83333333333336,49.16666666666668,49.16666666666668,16.15000000000001
ASV_1554,NA,NA,NA,NA,NA,NA,NA,NA,NA,NA,NA,NA,NA,NA
ASV_1555,Bacteria,Pseudomonadota,Alphaproteobacteria,Rhodospirillales,Terasakiellaceae,Terasakiella,Terasakiella brassicae,100,100,100,100,100,100,92.66666666666666
ASV_1556,Bacteria,Pseudomonadota,Gammaproteobacteria,Oceanospirillales,Oceanospirillaceae,Spongiispira,Spongiispira norvegica,100,100,100,100,100,100,100
ASV_1557,Bacteria,Pseudomonadota,Gammaproteobacteria,Oceanospirillales,Oceanospirillaceae,Oceanospirillum,Oceanospirillum beijerinckii,100.00000000000001,100.00000000000001,100.00000000000001,100.00000000000001,100.00000000000001,100.00000000000001,57.31666666666665
ASV_1558,Bacteria,Pseudomonadota,Gammaproteobacteria,Alteromonadales,Alteromonadaceae,Alteromonas,Alteromonas simiduii,100,100,100,100,100,61.933333333333344,30.000000000000004
ASV_1559,Bacteria,Pseudomonadota,Gammaproteobacteria,Alteromonadales,Alteromonadaceae,Alteromonas,Salinimonas iocasae,100,100,100,100,100,47.21582750582753,30.038461538461554
ASV_1560,Bacteria,Pseudomonadota,Alphaproteobacteria,Holosporales,Caedimonadaceae,Caedimonas,Caedimonas varicaedens,100,100,100,42.06666666666664,42.06666666666664,42.06666666666664,42.06666666666664
ASV_1561,Bacteria,Planctomycetota,Planctomycetia,Planctomycetales,Planctomycetaceae,Fuerstiella,Fuerstiella marisgermanici,100,100,100,100,100,100,100
ASV_1562,NA,NA,NA,NA,NA,NA,NA,NA,NA,NA,NA,NA,NA,NA
ASV_1563,Bacteria,Pseudomonadota,Alphaproteobacteria,Rhodobacterales,Roseobacteraceae,Thalassovita,Thalassovita mediterranea,100,100,100,100,80.58333333333333,78.16666666666667,77.58333333333333
ASV_1564,Bacteria,Pseudomonadota,Gammaproteobacteria,Alteromonadales,Colwelliaceae,Thalassotalea,Thalassotalea profundi,100,100,100,100,100,93.3333333333333,25.33333333333332
ASV_1565,Bacteria,Pseudomonadota,Gammaproteobacteria,Alteromonadales,Colwelliaceae,Thalassotalea,Thalassotalea coralli,100,100,100,100,100,92.66666666666667,24.83333333333333
ASV_1566,Bacteria,Pseudomonadota,Betaproteobacteria,Nitrosomonadales,Methylophilaceae,Methylophilus,Methylophilus rhizosphaerae,100,100,100,100,100,100,69.66666666666667
ASV_1567,Bacteria,Bacteroidota,Flavobacteriia,Flavobacteriales,Flavobacteriaceae,Dokdonia,Dokdonia lutea,100,100,100,100,100,100,94
ASV_1568,Bacteria,Bacteroidota,Flavobacteriia,Flavobacteriales,Flavobacteriaceae,Dokdonia,Dokdonia lutea,100,100,100,100,100,100,95.5
ASV_1569,Bacteria,Verrucomicrobiota,Opitutae,Puniceicoccales,Coraliomargaritaceae,Coraliomargarita,Coraliomargarita akajimensis,100,100,100,100,100,100,75.33333333333333
ASV_1570,Bacteria,Pseudomonadota,Gammaproteobacteria,Alteromonadales,Alteromonadaceae,Marisediminitalea,Marisediminitalea aggregata,100,100,100,100,100,39.70000000000001,39.70000000000001
ASV_1571,NA,NA,NA,NA,NA,NA,NA,NA,NA,NA,NA,NA,NA,NA
ASV_1572,Bacteria,Verrucomicrobiota,Opitutae,Puniceicoccales,Coraliomargaritaceae,Coraliomargarita,Coraliomargarita akajimensis,100,100,96.16666666666667,96.16666666666667,96.16666666666667,96.16666666666667,54.66666666666666
ASV_1573,Bacteria,Pseudomonadota,Alphaproteobacteria,Rhodobacterales,Roseobacteraceae,Salibaculum,Salibaculum griseiflavum,100,100,100,98.50000000000001,96.50000000000001,38.666666666666664,37.166666666666664
ASV_1574,Bacteria,Pseudomonadota,Gammaproteobacteria,Oceanospirillales,Oceanospirillaceae,Oceanobacter,Oceanobacter mangrovi,100.00000000000003,100.00000000000003,100.00000000000003,100.00000000000003,100.00000000000003,88.2666666666667,87.86666666666667
ASV_1575,Bacteria,Myxococcota,NA,Polyangiales,Polyangiaceae,Aetherobacter,Aetherobacter rufus,100.00000000000001,100.00000000000001,100.00000000000001,100.00000000000001,100.00000000000001,75.66666666666669,75.16666666666669
ASV_1576,Bacteria,Pseudomonadota,Gammaproteobacteria,Enterobacterales,Enterobacteriaceae,Enterobacter,Leclercia adecarboxylata,99.99999999999997,99.99999999999997,99.99999999999997,99.99999999999997,89.35565380611818,42.181086228299854,31.82192747053427
ASV_1577,NA,NA,NA,NA,NA,NA,NA,NA,NA,NA,NA,NA,NA,NA
ASV_1578,NA,NA,NA,NA,NA,NA,NA,NA,NA,NA,NA,NA,NA,NA
ASV_1579,NA,NA,NA,NA,NA,NA,NA,NA,NA,NA,NA,NA,NA,NA
ASV_1580,Bacteria,Pseudomonadota,Alphaproteobacteria,Hyphomonadales,Hyphomonadaceae,Hyphomonas,Hyphomonas pacifica,100,100,100,100,100,100,64.00000000000001
ASV_1581,Bacteria,Pseudomonadota,Gammaproteobacteria,Oceanospirillales,Oceanospirillaceae,Thalassolituus,Thalassolituus oleivorans,100.00000000000001,100.00000000000001,100.00000000000001,83.33333333333333,83.33333333333333,42.25000000000001,32.333333333333336
ASV_1582,Bacteria,Pseudomonadota,Gammaproteobacteria,Alteromonadales,Alteromonadaceae,Alteromonas,Alteromonas indica,100.00000000000001,100.00000000000001,100.00000000000001,100.00000000000001,100.00000000000001,71.7235449735449,23.74999999999997
ASV_1583,NA,NA,NA,NA,NA,NA,NA,NA,NA,NA,NA,NA,NA,NA
ASV_1584,Bacteria,Pseudomonadota,Alphaproteobacteria,Hyphomicrobiales,Parvibaculaceae,Tepidicaulis,Tepidicaulis marinus,100,100,100,100,91.5,91.5,91.5
ASV_1585,Bacteria,Pseudomonadota,Alphaproteobacteria,Rhodobacterales,Roseobacteraceae,Shimia,Shimia aquaeponti,100,100,100,100,66.30000000000001,53.53333333333335,53.53333333333335
ASV_1586,Bacteria,Bacteroidota,Flavobacteriia,Flavobacteriales,Flavobacteriaceae,Hyunsoonleella,Seonamhaeicola maritimus,100,100,100,100,100,41.20000000000001,27.866666666666667
ASV_1587,Bacteria,Bacteroidota,Saprospiria,Saprospirales,Saprospiraceae,Aureispira,Aureispira maritima,100,100,100,100,100,100,100
ASV_1588,Bacteria,Bacteroidota,Cytophagia,Cytophagales,Cyclobacteriaceae,Echinicola,Echinicola arenosa,100,100,100,100,100,70.83333333333333,61.583333333333336
ASV_1589,NA,NA,NA,NA,NA,NA,NA,NA,NA,NA,NA,NA,NA,NA
ASV_1590,Bacteria,Pseudomonadota,Gammaproteobacteria,Alteromonadales,Colwelliaceae,Thalassotalea,Thalassotalea coralli,100.00000000000001,100.00000000000001,100.00000000000001,99.66666666666669,99.66666666666669,99.33333333333334,26.83333333333333
ASV_1591,Bacteria,Pseudomonadota,Gammaproteobacteria,Alteromonadales,Colwelliaceae,Thalassotalea,Thalassotalea coralli,100,100,100,100,99,99,52.66666666666666
ASV_1592,Bacteria,Bacteroidota,Flavobacteriia,Flavobacteriales,Flavobacteriaceae,Seonamhaeicola,Seonamhaeicola aphaedonensis,100,100,100,100,100,90.5,75
ASV_1593,Bacteria,Bacteroidota,Flavobacteriia,Flavobacteriales,Flavobacteriaceae,Dokdonia,Dokdonia lutea,100,100,100,100,100,78.75000000000001,78.75000000000001
ASV_1594,Bacteria,Bacteroidota,Saprospiria,Saprospirales,Saprospiraceae,Aureispira,Aureispira marina,100,100,100,100,100,100,75
ASV_1595,Bacteria,Pseudomonadota,Gammaproteobacteria,Alteromonadales,Colwelliaceae,Thalassotalea,Thalassotalea loyana,100,100,100,100,100,100,53.66666666666665
ASV_1596,Bacteria,Pseudomonadota,Gammaproteobacteria,Alteromonadales,Pseudoalteromonadaceae,Pseudoalteromonas,Pseudoalteromonas luteoviolacea,100.00000000000001,100.00000000000001,100.00000000000001,100.00000000000001,100.00000000000001,82.66666666666666,72.23703227931496
ASV_1597,Bacteria,Pseudomonadota,Alphaproteobacteria,Rhodobacterales,Roseobacteraceae,Thalassovita,Thalassovita mediterranea,100,100,100,100,84.5,75,73.5
ASV_1598,Bacteria,Pseudomonadota,Gammaproteobacteria,Cellvibrionales,Halieaceae,Luminiphilus,Luminiphilus syltensis,100,100,100,100,100,81.66666666666667,81.66666666666667
ASV_1599,Bacteria,Pseudomonadota,Alphaproteobacteria,Rhodobacterales,Roseobacteraceae,Roseovarius,Roseovarius litoreus,100,100,100,100,94.58333333333331,81.44999999999999,78.44999999999999
ASV_1600,Bacteria,Pseudomonadota,Gammaproteobacteria,Alteromonadales,Alteromonadaceae,Alteromonas,Alteromonas australica,99.99999999999999,99.99999999999999,99.99999999999999,99.99999999999999,99.99999999999999,98.75166666666665,31.296033892372566
ASV_1601,Bacteria,Pseudomonadota,Gammaproteobacteria,Oceanospirillales,Oceanospirillaceae,Litoribrevibacter,Litoribrevibacter euphylliae,100,100,100,100,100,100,98.5
ASV_1602,Bacteria,Pseudomonadota,Gammaproteobacteria,Vibrionales,Vibrionaceae,Photobacterium,Photobacterium alginatilyticum,100,100,100,100,100,100,99.5
ASV_1603,Bacteria,Pseudomonadota,Alphaproteobacteria,Sphingomonadales,Sphingomonadaceae,Sphingobium,Sphingobium limneticum,100,100,100,100,100,99.71428571428572,95.30952380952378
ASV_1604,Bacteria,Pseudomonadota,Gammaproteobacteria,Alteromonadales,Colwelliaceae,Thalassotalea,Thalassotalea mangrovi,100,100,100,100,100,100,59.833333333333336
ASV_1605,Bacteria,Pseudomonadota,Gammaproteobacteria,Alteromonadales,Colwelliaceae,Thalassotalea,Thalassotalea coralli,100,100,100,100,99,86,34.833333333333336
ASV_1606,Bacteria,Bacteroidota,Flavobacteriia,Flavobacteriales,Flavobacteriaceae,Seonamhaeicola,Seonamhaeicola aphaedonensis,100,100,100,100,100,97.25,65.91666666666667
ASV_1607,NA,NA,NA,NA,NA,NA,NA,NA,NA,NA,NA,NA,NA,NA
ASV_1608,Bacteria,Bacteroidota,Flavobacteriia,Flavobacteriales,Flavobacteriaceae,Dokdonia,Dokdonia lutea,100,100,100,100,100,100,94.33333333333333
ASV_1609,Bacteria,Pseudomonadota,Gammaproteobacteria,Alteromonadales,Colwelliaceae,Thalassotalea,Thalassotalea coralli,99.99999999999999,99.99999999999999,99.99999999999999,97,75.22777777777777,71.72777777777777,29.561111111111117
ASV_1610,Bacteria,Verrucomicrobiota,Opitutae,Puniceicoccales,Coraliomargaritaceae,Coraliomargarita,Coraliomargarita akajimensis,100,100,100,100,100,100,96.33333333333331
ASV_1611,Bacteria,Pseudomonadota,Gammaproteobacteria,Alteromonadales,Colwelliaceae,Thalassotalea,Thalassotalea insulae,100,100,100,99,99,95.83333333333331,39.333333333333336
ASV_1612,Bacteria,Myxococcota,Myxococcia,Myxococcales,NA,Enhygromyxa,Enhygromyxa salina,100,100,66.83333333333333,66.83333333333333,66.83333333333333,66.83333333333333,66.83333333333333
ASV_1613,Bacteria,Verrucomicrobiota,Opitutae,Puniceicoccales,Coraliomargaritaceae,Coraliomargarita,Coraliomargarita akajimensis,100.00000000000001,100.00000000000001,97.00000000000001,97.00000000000001,97.00000000000001,97.00000000000001,59.66666666666666
ASV_1614,Bacteria,Bacteroidota,Cytophagia,Cytophagales,Roseivirgaceae,Roseivirga,Roseivirga misakiensis,100.00000000000003,100.00000000000003,100.00000000000003,100.00000000000003,100.00000000000003,100.00000000000003,26.83333333333333
ASV_1615,Bacteria,Pseudomonadota,Gammaproteobacteria,Alteromonadales,Alteromonadaceae,Salinimonas,Salinimonas lutimaris,100,100,100,100,100,86.25,40.41666666666664
ASV_1616,Bacteria,Bacteroidota,Flavobacteriia,Flavobacteriales,Flavobacteriaceae,Winogradskyella,Winogradskyella flava,100,100,100,100,100,100,95.5
ASV_1617,Bacteria,Pseudomonadota,Alphaproteobacteria,Sphingomonadales,Erythrobacteraceae,Qipengyuania,Qipengyuania aerophila,100,100,100,100,92.10708020050122,88.6459482038429,12.196115288220552
ASV_1618,Bacteria,Pseudomonadota,Alphaproteobacteria,Rhodobacterales,Roseobacteraceae,Tritonibacter,Thalassovita mediterranea,100,100,100,100,57.70000000000008,35.816666666666684,25.616666666666692
ASV_1619,Bacteria,Pseudomonadota,Gammaproteobacteria,Alteromonadales,Pseudoalteromonadaceae,Pseudoalteromonas,Pseudoalteromonas caenipelagi,100,100,100,100,99.65466026726897,99.65466026726897,42.43416335087591
ASV_1620,Bacteria,Bacteroidota,Flavobacteriia,Flavobacteriales,Flavobacteriaceae,Psychroserpens,Psychroserpens mesophilus,100,100,100,100,100,86.50000000000001,86.50000000000001
ASV_1621,Bacteria,Pseudomonadota,Gammaproteobacteria,Vibrionales,Vibrionaceae,Vibrio,Vibrio tapetis,100,100,100,100,100,100,29.971428571428568
ASV_1622,Bacteria,Pseudomonadota,Gammaproteobacteria,Alteromonadales,Colwelliaceae,Thalassotalea,Thalassotalea ganghwensis,100,100,100,100,100,100,41
ASV_1623,Bacteria,Pseudomonadota,Gammaproteobacteria,Vibrionales,Vibrionaceae,Vibrio,Vibrio europaeus,100,100,100,100,100,100,96.53333333333332
ASV_1624,Bacteria,Pseudomonadota,Gammaproteobacteria,Oceanospirillales,Oceanospirillaceae,Bacterioplanoides,Bacterioplanoides pacificum,100,100,100,76.9166666666667,67.4166666666667,45.91666666666666,45.91666666666666
ASV_1625,Bacteria,Pseudomonadota,Gammaproteobacteria,Alteromonadales,Pseudoalteromonadaceae,Psychrosphaera,Psychrosphaera saromensis,100,100,100,100,100,84.66666666666664,26.999999999999986
ASV_1626,Bacteria,Pseudomonadota,Gammaproteobacteria,Alteromonadales,Idiomarinaceae,Idiomarina,Idiomarina zobellii,100,100,100,100,100,100,56.5
ASV_1627,Bacteria,Pseudomonadota,Gammaproteobacteria,Alteromonadales,Colwelliaceae,Thalassotalea,Thalassotalea loyana,99.99999999999999,99.99999999999999,99.99999999999999,93.9523809523809,78.9523809523809,65.28571428571429,20.16666666666666
ASV_1628,Bacteria,Pseudomonadota,Alphaproteobacteria,Kordiimonadales,Kordiimonadaceae,Kordiimonas,Kordiimonas laminariae,100,100,100,100,100,100,99
ASV_1629,NA,NA,NA,NA,NA,NA,NA,NA,NA,NA,NA,NA,NA,NA
ASV_1630,Bacteria,Pseudomonadota,Alphaproteobacteria,Hyphomicrobiales,Parvibaculaceae,Pyruvatibacter,Pyruvatibacter mobilis,100,100,100,100,100,100,100
ASV_1631,Bacteria,Pseudomonadota,Alphaproteobacteria,Rhodobacterales,Paracoccaceae,Planktotalea,Planktotalea frisia,100.00000000000001,100.00000000000001,100.00000000000001,100.00000000000001,58.73809523809527,29.66666666666667,28.333333333333332
ASV_1632,Bacteria,Pseudomonadota,Alphaproteobacteria,Maricaulales,Robiginitomaculaceae,Litorimonas,Litorimonas taeanensis,100.00000000000001,100.00000000000001,100.00000000000001,100.00000000000001,100.00000000000001,78.66666666666667,61.00000000000001
ASV_1633,Bacteria,Pseudomonadota,Gammaproteobacteria,Alteromonadales,Shewanellaceae,Shewanella,Shewanella litorisediminis,100.00000000000003,100.00000000000003,100.00000000000003,99.16666666666667,43.00714285714287,41.80714285714286,14.71666666666667
ASV_1634,Bacteria,Bacteroidota,Flavobacteriia,Flavobacteriales,Flavobacteriaceae,Seonamhaeicola,Seonamhaeicola maritimus,100.00000000000001,100.00000000000001,100.00000000000001,100.00000000000001,100.00000000000001,34.70000000000001,31.700000000000006
ASV_1635,Bacteria,Bacteroidota,Flavobacteriia,Flavobacteriales,Flavobacteriaceae,Dokdonia,Dokdonia lutea,100,100,100,100,100,91.5,91.5
ASV_1636,Bacteria,Bacteroidota,Flavobacteriia,Flavobacteriales,Flavobacteriaceae,Seonamhaeicola,Seonamhaeicola aphaedonensis,100,100,100,100,100,100,97.5
ASV_1637,Bacteria,Verrucomicrobiota,Opitutae,Puniceicoccales,Coraliomargaritaceae,Coraliomargarita,Coraliomargarita akajimensis,100,100,100,100,100,100,59.33333333333333
ASV_1638,Bacteria,Bacteroidota,Flavobacteriia,Flavobacteriales,Flavobacteriaceae,Seonamhaeicola,Seonamhaeicola aphaedonensis,100.00000000000001,100.00000000000001,100.00000000000001,100.00000000000001,100.00000000000001,98.75000000000001,85.08333333333333
ASV_1639,Bacteria,Bacteroidota,Flavobacteriia,Flavobacteriales,Flavobacteriaceae,Dokdonia,Dokdonia lutea,100,100,100,100,100,100,100
ASV_1640,NA,NA,NA,NA,NA,NA,NA,NA,NA,NA,NA,NA,NA,NA
ASV_1641,Bacteria,Verrucomicrobiota,Opitutae,Puniceicoccales,Coraliomargaritaceae,Coraliomargarita,Coraliomargarita akajimensis,100,100,100,100,100,100,58.66666666666665
ASV_1642,Bacteria,Bacteroidota,Flavobacteriia,Flavobacteriales,Flavobacteriaceae,Nonlabens,Nonlabens tegetincola,100.00000000000001,100.00000000000001,100.00000000000001,100.00000000000001,100.00000000000001,100.00000000000001,100.00000000000001
ASV_1643,Bacteria,Bacteroidota,Flavobacteriia,Flavobacteriales,Flavobacteriaceae,Ascidiimonas,Ascidiimonas aurantiaca,100,100,100,100,100,50.66666666666666,50.66666666666666
ASV_1644,Bacteria,Pseudomonadota,Gammaproteobacteria,Alteromonadales,Ferrimonadaceae,Ferrimonas,Ferrimonas balearica,100,100,100,100,100,100,41.33333333333333
ASV_1645,Bacteria,Pseudomonadota,Gammaproteobacteria,Alteromonadales,Alteromonadaceae,Marisediminitalea,Marisediminitalea aggregata,100,100,100,100,100,67.81666666666669,67.81666666666669
ASV_1646,Bacteria,Myxococcota,NA,Polyangiales,Polyangiaceae,Racemicystis,Racemicystis persica,100,100,100,100,94,94,79
ASV_1647,Bacteria,Bacteroidota,Cytophagia,Cytophagales,Reichenbachiellaceae,Ekhidna,Ekhidna lutea,100,100,100,100,100,100,100
ASV_1648,Bacteria,Bacteroidota,Cytophagia,Cytophagales,Marivirgaceae,Marivirga,Marivirga sericea,100,100,100,100,63.800000000000004,63.800000000000004,43.01666666666665
ASV_1649,Bacteria,Campylobacterota,Epsilonproteobacteria,Campylobacterales,Arcobacteraceae,Poseidonibacter,Poseidonibacter lekithochrous,100,100,100,100,100,100,100
ASV_1650,Bacteria,Verrucomicrobiota,Verrucomicrobiae,Verrucomicrobiales,Verrucomicrobiaceae,Haloferula,Haloferula phyci,100,100,100,100,100,100,94
ASV_1651,Bacteria,Bacteroidota,Flavobacteriia,Flavobacteriales,Flavobacteriaceae,Seonamhaeicola,Seonamhaeicola aphaedonensis,100,100,100,100,100,100,89
ASV_1652,Bacteria,Pseudomonadota,Gammaproteobacteria,Alteromonadales,Pseudoalteromonadaceae,Pseudoalteromonas,Pseudoalteromonas gelatinilytica,100,100,100,100,100,100,29.899999999999988
ASV_1653,Bacteria,Bacteroidota,Flavobacteriia,Flavobacteriales,Flavobacteriaceae,Hyunsoonleella,Hyunsoonleella pacifica,100,100,100,100,100,44,31
ASV_1654,Bacteria,Pseudomonadota,Gammaproteobacteria,Alteromonadales,Colwelliaceae,Thalassotalea,Thalassotalea loyana,100,100,100,100,100,100,65.5
ASV_1655,NA,NA,NA,NA,NA,NA,NA,NA,NA,NA,NA,NA,NA,NA
ASV_1656,Bacteria,Bacteroidota,Flavobacteriia,Flavobacteriales,Flavobacteriaceae,Dokdonia,Dokdonia lutea,100,100,100,100,100,100,73.16666666666666
ASV_1657,Bacteria,Bacteroidota,Flavobacteriia,Flavobacteriales,Flavobacteriaceae,Ulvibacter,Ulvibacter litoralis,100,100,100,100,100,39.666666666666664,39.00000000000001
ASV_1658,Bacteria,Bacteroidota,Flavobacteriia,Flavobacteriales,Flavobacteriaceae,Polaribacter,Polaribacter lacunae,100,100,100,100,100,100,100
ASV_1659,Bacteria,Verrucomicrobiota,Opitutae,Puniceicoccales,Coraliomargaritaceae,Coraliomargarita,Coraliomargarita sinensis,100,100,100,100,100,100,100
ASV_1660,Bacteria,Pseudomonadota,Alphaproteobacteria,Rhodobacterales,Roseobacteraceae,Roseibacterium,Roseibacterium elongatum,100.00000000000003,100.00000000000003,100.00000000000003,100.00000000000003,57.173809523809524,23.385714285714283,23.385714285714283
ASV_1661,Bacteria,Pseudomonadota,Gammaproteobacteria,Alteromonadales,Colwelliaceae,Thalassotalea,Thalassomonas viridans,100,100,100,100,100,73.91666666666669,26.08333333333332
ASV_1662,Bacteria,Pseudomonadota,Gammaproteobacteria,Oceanospirillales,Oceanospirillaceae,Oceanospirillum,Oceanospirillum beijerinckii,100,100,100,68.6,57.9,57.233333333333334,36.56666666666664
ASV_1663,Bacteria,Pseudomonadota,Alphaproteobacteria,Rhodobacterales,Paracoccaceae,Paracoccus,Paracoccus gahaiensis,100.00000000000003,100.00000000000003,100.00000000000003,100.00000000000003,100.00000000000003,99.90000000000003,28.260073260073252
ASV_1664,Bacteria,Pseudomonadota,Alphaproteobacteria,Rhodobacterales,Paracoccaceae,Defluviimonas,Defluviimonas nitratireducens,100,100,100,99.66666666666667,99.66666666666667,55.50000000000001,55.50000000000001
ASV_1665,Bacteria,Pseudomonadota,Gammaproteobacteria,Thiohalobacterales,Thiohalobacteraceae,Thiohalobacter,Thiohalobacter thiocyanaticus,100,100,100,59.61666666666666,59.61666666666666,59.61666666666666,59.61666666666666
ASV_1666,NA,NA,NA,NA,NA,NA,NA,NA,NA,NA,NA,NA,NA,NA
ASV_1667,Bacteria,Bacillota,Bacilli,Bacillales,Bacillaceae,Priestia,Priestia megaterium,100,100,100,100,100,92.517316017316,59.317748917748915
ASV_1668,NA,NA,NA,NA,NA,NA,NA,NA,NA,NA,NA,NA,NA,NA
ASV_1669,Bacteria,Bacteroidota,Flavobacteriia,Flavobacteriales,Flavobacteriaceae,Seonamhaeicola,Seonamhaeicola aphaedonensis,100,100,100,100,100,99.00000000000001,60.666666666666664
ASV_1670,Bacteria,Bacteroidota,Flavobacteriia,Flavobacteriales,Flavobacteriaceae,Seonamhaeicola,Seonamhaeicola aphaedonensis,100,100,100,100,100,99.5,94.5
ASV_1671,Bacteria,Pseudomonadota,Gammaproteobacteria,Alteromonadales,Colwelliaceae,Thalassotalea,Thalassotalea coralli,100.00000000000001,100.00000000000001,100.00000000000001,100.00000000000001,100.00000000000001,98.66666666666669,37.583333333333336
ASV_1672,NA,NA,NA,NA,NA,NA,NA,NA,NA,NA,NA,NA,NA,NA
ASV_1673,Bacteria,Bacteroidota,Flavobacteriia,Flavobacteriales,Flavobacteriaceae,Seonamhaeicola,Seonamhaeicola aphaedonensis,100,100,100,100,100,73.83333333333334,73.08333333333334
ASV_1674,Bacteria,Pseudomonadota,Alphaproteobacteria,Rhodobacterales,Roseobacteraceae,Lutimaribacter,Lutimaribacter marinistellae,99.99999999999999,99.99999999999999,99.99999999999999,98.24999999999999,88.3333333333333,31.533333333333317,31.533333333333317
ASV_1675,NA,NA,NA,NA,NA,NA,NA,NA,NA,NA,NA,NA,NA,NA
ASV_1676,Bacteria,Bacteroidota,Flavobacteriia,Flavobacteriales,Flavobacteriaceae,Dokdonia,Dokdonia lutea,100,100,100,100,100,95.5,92.5
ASV_1677,Bacteria,Pseudomonadota,Gammaproteobacteria,Vibrionales,Vibrionaceae,Photobacterium,Shewanella litorisediminis,100.00000000000001,100.00000000000001,100.00000000000001,55.92380952380957,55.92380952380957,55.92380952380957,16.783333333333335
ASV_1678,Bacteria,Bacteroidota,Flavobacteriia,Flavobacteriales,Flavobacteriaceae,Tenacibaculum,Tenacibaculum litopenaei,100,100,100,100,100,100,100
ASV_1679,Bacteria,Pseudomonadota,Alphaproteobacteria,Rhodobacterales,Roseobacteraceae,Roseibacterium,Roseibacterium beibuensis,100,100,100,100,94.66666666666667,54.25000000000001,54.25000000000001
ASV_1680,Bacteria,Pseudomonadota,Gammaproteobacteria,Alteromonadales,Pseudoalteromonadaceae,Pseudoalteromonas,Pseudoalteromonas gelatinilytica,100,100,100,100,100,100,29.96666666666666
ASV_1681,NA,NA,NA,NA,NA,NA,NA,NA,NA,NA,NA,NA,NA,NA
ASV_1682,Bacteria,Bacteroidota,Cytophagia,Cytophagales,Reichenbachiellaceae,Marinoscillum,Marinoscillum pacificum,100,100,100,100,41.16666666666665,41.16666666666665,35.5
ASV_1683,Bacteria,Bacteroidota,Flavobacteriia,Flavobacteriales,Flavobacteriaceae,Allomuricauda,Allomuricauda lutaonensis,100,100,100,100,100,71.33333333333333,43
ASV_1684,Bacteria,Bacteroidota,Flavobacteriia,Flavobacteriales,Flavobacteriaceae,Mesohalobacter,Mesohalobacter halotolerans,100,100,100,100,100,90.16666666666667,90.16666666666667
ASV_1685,Bacteria,Pseudomonadota,Gammaproteobacteria,Thiotrichales,Thiotrichaceae,Thiothrix,Thiothrix caldifontis,100,100,100,73.66666666666667,72.00000000000001,72.00000000000001,61.25000000000001
ASV_1686,NA,NA,NA,NA,NA,NA,NA,NA,NA,NA,NA,NA,NA,NA
ASV_1687,Bacteria,Pseudomonadota,Gammaproteobacteria,Thiotrichales,Thiotrichaceae,Thiothrix,Thiothrix caldifontis,100,100,100,57.5,57.5,57.5,57.5
ASV_1688,Bacteria,Pseudomonadota,Alphaproteobacteria,Rhodobacterales,Paracoccaceae,Cribrihabitans,Cribrihabitans pelagius,100,100,100,100,66.36666666666666,66.36666666666666,65.53333333333332
ASV_1689,NA,NA,NA,NA,NA,NA,NA,NA,NA,NA,NA,NA,NA,NA
ASV_1690,NA,NA,NA,NA,NA,NA,NA,NA,NA,NA,NA,NA,NA,NA
ASV_1691,Bacteria,Pseudomonadota,Gammaproteobacteria,Alteromonadales,Alteromonadaceae,Marisediminitalea,Marisediminitalea aggregata,100,100,100,100,100,51.41666666666664,51.41666666666664
ASV_1692,Bacteria,Pseudomonadota,Gammaproteobacteria,Alteromonadales,Alteromonadaceae,Alteromonas,Alteromonas aestuariivivens,100,100,100,100,100,91.5583333333333,33.71785714285714
ASV_1693,Bacteria,Pseudomonadota,Gammaproteobacteria,Alteromonadales,Pseudoalteromonadaceae,Pseudoalteromonas,Pseudoalteromonas piratica,100,100,100,100,99.96969696969697,81.59790209790212,32.58472610722609
ASV_1694,NA,NA,NA,NA,NA,NA,NA,NA,NA,NA,NA,NA,NA,NA
ASV_1695,Bacteria,Pseudomonadota,Gammaproteobacteria,Alteromonadales,Alteromonadaceae,Alteromonas,Alteromonas confluentis,100,100,100,100,100,68.68928571428572,17.056168831168826
ASV_1696,Bacteria,Pseudomonadota,Gammaproteobacteria,Oceanospirillales,Oceanospirillaceae,Oceanobacter,Oceanobacter mangrovi,100,100,100,100,100,92.86666666666667,53.400000000000006
ASV_1697,Bacteria,Pseudomonadota,Alphaproteobacteria,Rhodobacterales,Roseobacteraceae,Pseudoruegeria,Pseudoruegeria aestuarii,100.00000000000004,100.00000000000004,100.00000000000004,100.00000000000004,97.41666666666673,67.23333333333338,61.283333333333374
ASV_1698,Bacteria,Pseudomonadota,Gammaproteobacteria,Thiotrichales,Piscirickettsiaceae,Methylophaga,Methylophaga marina,100,100,100,100,100,100,98.33333333333331
ASV_1699,NA,NA,NA,NA,NA,NA,NA,NA,NA,NA,NA,NA,NA,NA
ASV_1700,NA,NA,NA,NA,NA,NA,NA,NA,NA,NA,NA,NA,NA,NA
ASV_1701,Bacteria,Bacteroidota,Flavobacteriia,Flavobacteriales,Flavobacteriaceae,Seonamhaeicola,Seonamhaeicola aphaedonensis,100,100,100,100,100,100,99
ASV_1702,Bacteria,Pseudomonadota,Gammaproteobacteria,Thiotrichales,Piscirickettsiaceae,Methylophaga,Methylophaga thiooxydans,100,100,100,100,100,100,96
ASV_1703,Bacteria,Pseudomonadota,Gammaproteobacteria,Alteromonadales,Colwelliaceae,Thalassotalea,Thalassotalea coralli,100,100,100,86,81,80.5,41.833333333333336
ASV_1704,Bacteria,Bacteroidota,Flavobacteriia,Flavobacteriales,Flavobacteriaceae,Dokdonia,Dokdonia lutea,100,100,100,100,100,100,100
ASV_1705,Bacteria,Pseudomonadota,Alphaproteobacteria,Rhodobacterales,Roseobacteraceae,Maritimibacter,Maritimibacter alkaliphilus,100,100,100,100,55.470238095238074,24.107142857142847,14.932539682539682
ASV_1706,Bacteria,Bacteroidota,Flavobacteriia,Flavobacteriales,Flavobacteriaceae,Allomuricauda,Allomuricauda ochracea,100,100,100,100,100,86.5,54.50000000000001
ASV_1707,Bacteria,Pseudomonadota,Gammaproteobacteria,Alteromonadales,Colwelliaceae,Thalassotalea,Thalassotalea loyana,100,100,100,100,100,100,45
ASV_1708,Bacteria,Pseudomonadota,Gammaproteobacteria,Alteromonadales,Alteromonadaceae,Alteromonas,Alteromonas confluentis,100,100,100,100,100,87.5333333333333,61.35641945773529
ASV_1709,Bacteria,Pseudomonadota,Gammaproteobacteria,Vibrionales,Vibrionaceae,Vibrio,Vibrio neptunius,100.00000000000001,100.00000000000001,100.00000000000001,100.00000000000001,100.00000000000001,100.00000000000001,38.4190476190476
ASV_1710,Bacteria,Bacteroidota,Saprospiria,Saprospirales,Haliscomenobacteraceae,Phaeodactylibacter,Phaeodactylibacter luteus,100,100,100,100,65.33333333333331,65.33333333333331,65.33333333333331
ASV_1711,Bacteria,Pseudomonadota,Gammaproteobacteria,Alteromonadales,Colwelliaceae,Thalassotalea,Thalassotalea coralli,99.99999999999999,99.99999999999999,99.99999999999999,96.5,96.5,95.5,45.16666666666666
ASV_1712,NA,NA,NA,NA,NA,NA,NA,NA,NA,NA,NA,NA,NA,NA
ASV_1713,Bacteria,Planctomycetota,Planctomycetia,Pirellulales,Pirellulaceae,Mariniblastus,Mariniblastus fucicola,100,100,100,100,100,100,100
ASV_1714,Bacteria,Pseudomonadota,Gammaproteobacteria,Vibrionales,Vibrionaceae,Vibrio,Vibrio mytili,100.00000000000003,100.00000000000003,100.00000000000003,100.00000000000003,100.00000000000003,100.00000000000003,41.54285714285715
ASV_1715,NA,NA,NA,NA,NA,NA,NA,NA,NA,NA,NA,NA,NA,NA
ASV_1716,NA,NA,NA,NA,NA,NA,NA,NA,NA,NA,NA,NA,NA,NA
ASV_1717,NA,NA,NA,NA,NA,NA,NA,NA,NA,NA,NA,NA,NA,NA
ASV_1718,Bacteria,Bacteroidota,Flavobacteriia,Flavobacteriales,Vicingaceae,Vicingus,Vicingus serpentipes,100,100,100,100,77.66666666666666,77.66666666666666,77.66666666666666
ASV_1719,Bacteria,Pseudomonadota,Gammaproteobacteria,Oceanospirillales,Oceanospirillaceae,Bacterioplanoides,Bacterioplanoides pacificum,100,100,100,56.83333333333336,47.66666666666667,37.500000000000014,37.500000000000014
ASV_1720,Bacteria,Pseudomonadota,Betaproteobacteria,Burkholderiales,Comamonadaceae,Acidovorax,Acidovorax radicis,100,100,100,100,100,100,35.583333333333336
ASV_1721,Bacteria,Pseudomonadota,Gammaproteobacteria,Alteromonadales,Alteromonadaceae,Alteromonas,Alteromonas abrolhosensis,100,100,100,100,100,93.8971578099839,22.98566901697335
ASV_1722,NA,NA,NA,NA,NA,NA,NA,NA,NA,NA,NA,NA,NA,NA
ASV_1723,Bacteria,Pseudomonadota,Gammaproteobacteria,Vibrionales,Vibrionaceae,Vibrio,Vibrio cidicii,100,100,100,100,100,93.5,34.46111111111112
ASV_1724,Bacteria,Pseudomonadota,Gammaproteobacteria,Oceanospirillales,Oceanospirillaceae,Litoribrevibacter,Litoribrevibacter euphylliae,100,100,100,81.25,75.25,38.08333333333333,38.08333333333333
ASV_1725,Bacteria,Pseudomonadota,Gammaproteobacteria,Oceanospirillales,Oceanospirillaceae,Oceanospirillum,Oceanospirillum beijerinckii,100,100,100,72.56666666666669,72.23333333333335,67.56666666666669,61.31666666666665
ASV_1726,Bacteria,Bacteroidota,Flavobacteriia,Flavobacteriales,Flavobacteriaceae,Dokdonia,Dokdonia lutea,100,100,100,100,100,100,79
ASV_1727,Bacteria,Bacteroidota,Flavobacteriia,Flavobacteriales,Flavobacteriaceae,Dokdonia,Dokdonia lutea,100,100,100,100,100,100,93
ASV_1728,Bacteria,Bacteroidota,Flavobacteriia,Flavobacteriales,Flavobacteriaceae,Winogradskyella,Winogradskyella aurantiaca,100,100,100,100,100,72.50000000000001,61.16666666666666
ASV_1729,NA,NA,NA,NA,NA,NA,NA,NA,NA,NA,NA,NA,NA,NA
ASV_1730,Bacteria,Bacteroidota,Saprospiria,Saprospirales,Lewinellaceae,Lewinella,Lewinella cohaerens,100,100,100,100,100,100,100
ASV_1731,Bacteria,Pseudomonadota,Alphaproteobacteria,Rhodobacterales,Paracoccaceae,Aliiroseovarius,Aliiroseovarius crassostreae,100.00000000000001,100.00000000000001,100.00000000000001,100.00000000000001,72.31428571428573,31.46428571428573,25.58968253968255
ASV_1732,Bacteria,Pseudomonadota,Gammaproteobacteria,Alteromonadales,Colwelliaceae,Thalassotalea,Thalassotalea ponticola,100,100,100,100,100,100,52
ASV_1733,NA,NA,NA,NA,NA,NA,NA,NA,NA,NA,NA,NA,NA,NA
ASV_1734,Bacteria,Pseudomonadota,Gammaproteobacteria,Alteromonadales,Colwelliaceae,Thalassotalea,Thalassotalea insulae,100,100,100,96.5,96.5,95.5,54.16666666666666
ASV_1735,Bacteria,Bacteroidota,Flavobacteriia,Flavobacteriales,Crocinitomicaceae,Fluviicola,Fluviicola chungangensis,100,100,100,100,77.33333333333331,49.41666666666665,31.75
ASV_1736,Bacteria,Pseudomonadota,Gammaproteobacteria,Vibrionales,Vibrionaceae,Vibrio,Vibrio albus,100,100,100,100,100,100,60.50000000000001
ASV_1737,Bacteria,Pseudomonadota,Gammaproteobacteria,Alteromonadales,Alteromonadaceae,Paraglaciecola,Paraglaciecola arctica,100,100,100,100,100,71,35.25
ASV_1738,NA,NA,NA,NA,NA,NA,NA,NA,NA,NA,NA,NA,NA,NA
ASV_1739,Bacteria,Pseudomonadota,Gammaproteobacteria,Vibrionales,Vibrionaceae,Thaumasiovibrio,Thaumasiovibrio subtropicus,100,100,100,99,99,76,76
ASV_1740,Bacteria,Pseudomonadota,Alphaproteobacteria,Rhodobacterales,Roseobacteraceae,Thalassovita,Thalassovita mediterranea,100,100,100,100,59.81190476190477,36.71190476190477,28.64285714285715
ASV_1741,Bacteria,Bacteroidota,Cytophagia,Cytophagales,Reichenbachiellaceae,Ekhidna,Ekhidna lutea,100,100,100,100,100,100,100
ASV_1742,Bacteria,Myxococcota,NA,Nannocystales,Nannocystaceae,Plesiocystis,Plesiocystis pacifica,100,100,77.75,77.75,77.75,46.58333333333334,46.58333333333334
ASV_1743,Bacteria,Pseudomonadota,Gammaproteobacteria,Thiohalobacterales,Thiohalobacteraceae,Thiohalobacter,Thiohalobacter thiocyanaticus,100,100,100,100,100,100,100
ASV_1744,NA,NA,NA,NA,NA,NA,NA,NA,NA,NA,NA,NA,NA,NA
ASV_1745,Bacteria,Pseudomonadota,Alphaproteobacteria,Rhodobacterales,Roseobacteraceae,Ruegeria,Ruegeria arenilitoris,100.00000000000001,100.00000000000001,100.00000000000001,100.00000000000001,97.80000000000003,97.80000000000003,46.983333333333334
ASV_1746,NA,NA,NA,NA,NA,NA,NA,NA,NA,NA,NA,NA,NA,NA
ASV_1747,Bacteria,Pseudomonadota,Gammaproteobacteria,Alteromonadales,Pseudoalteromonadaceae,Pseudoalteromonas,Pseudoalteromonas gelatinilytica,100.00000000000001,100.00000000000001,100.00000000000001,100.00000000000001,97.14999999999999,97.14999999999999,29.316666666666666
ASV_1748,Bacteria,Pseudomonadota,Gammaproteobacteria,Alteromonadales,Alteromonadaceae,Alteromonas,Alteromonas indica,100,100,100,100,100,51.16666666666666,46.333333333333314
ASV_1749,Bacteria,Pseudomonadota,Alphaproteobacteria,Rhodobacterales,Roseobacteraceae,Shimia,Shimia aquaeponti,100,100,100,100,68.16666666666666,52.16666666666667,52.16666666666667
ASV_1750,NA,NA,NA,NA,NA,NA,NA,NA,NA,NA,NA,NA,NA,NA
ASV_1751,Bacteria,Pseudomonadota,Alphaproteobacteria,Rhodobacterales,Roseobacteraceae,Thalassovita,Thalassovita mediterranea,100,100,100,100,84.58333333333333,83.4166666666667,83.08333333333334
ASV_1752,Bacteria,Pseudomonadota,Alphaproteobacteria,Hyphomicrobiales,Rhizobiaceae,Flavimaribacter,Flavimaribacter sediminis,100,100,100,100,62.5,62.5,62.5
ASV_1753,Bacteria,Pseudomonadota,Alphaproteobacteria,Rhodobacterales,Paracoccaceae,Marimonas,Marimonas lutisalis,100.00000000000001,100.00000000000001,100.00000000000001,100.00000000000001,80.20833333333336,48.35833333333335,48.35833333333335
ASV_1754,Bacteria,Bacteroidota,Flavobacteriia,Flavobacteriales,Flavobacteriaceae,Urechidicola,Urechidicola croceus,100,100,100,100,100,31.25000000000001,31.25000000000001
ASV_1755,Bacteria,Pseudomonadota,Alphaproteobacteria,Rhodobacterales,Roseobacteraceae,Ruegeria,Ruegeria sediminis,100.00000000000001,100.00000000000001,100.00000000000001,100.00000000000001,95.36428571428573,93.36428571428573,65.51666666666668
ASV_1756,Bacteria,Bacteroidota,Flavobacteriia,Flavobacteriales,Flavobacteriaceae,Seonamhaeicola,Seonamhaeicola maritimus,100,100,100,100,100,45.00000000000001,44.00000000000001
ASV_1757,Bacteria,Bacteroidota,Flavobacteriia,Flavobacteriales,Flavobacteriaceae,Seonamhaeicola,Seonamhaeicola aphaedonensis,100,100,100,100,100,68.83333333333333,64.33333333333333
ASV_1758,Bacteria,Verrucomicrobiota,Verrucomicrobiae,Verrucomicrobiales,Verrucomicrobiaceae,Fucophilus,Fucophilus fucoidanolyticus,100,100,84.16666666666667,84.16666666666667,84.16666666666667,84.16666666666667,84.16666666666667
ASV_1759,Bacteria,Verrucomicrobiota,Opitutae,Puniceicoccales,Coraliomargaritaceae,Coraliomargarita,Coraliomargarita akajimensis,100,100,100,100,100,100,52.66666666666665
ASV_1760,Bacteria,Pseudomonadota,Alphaproteobacteria,Rhodospirillales,Thalassobaculaceae,Nisaea,Nisaea denitrificans,100,100,100,100,48.83333333333333,48.83333333333333,39.83333333333333
ASV_1761,NA,NA,NA,NA,NA,NA,NA,NA,NA,NA,NA,NA,NA,NA
ASV_1762,Bacteria,Myxococcota,NA,Nannocystales,Nannocystaceae,Plesiocystis,Plesiocystis pacifica,100,100,100,100,100,100,100
ASV_1763,Bacteria,Pseudomonadota,Alphaproteobacteria,Hyphomicrobiales,Phyllobacteriaceae,Chelativorans,Chelativorans alearense,100,100,100,100,100,47.41666666666664,23.70833333333332
ASV_1764,Bacteria,Pseudomonadota,Betaproteobacteria,Burkholderiales,Burkholderiaceae,Paraburkholderia,Paraburkholderia fungorum,100,100,100,100,100,100,65.77142857142854
ASV_1765,Bacteria,Bacteroidota,Flavobacteriia,Flavobacteriales,Flavobacteriaceae,Dokdonia,Dokdonia lutea,100,100,100,100,100,100,69
ASV_1766,Bacteria,Pseudomonadota,Gammaproteobacteria,Cellvibrionales,Cellvibrionaceae,Marinagarivorans,Marinagarivorans algicola,100,100,100,96,96,93.5,93.5
ASV_1767,Bacteria,Pseudomonadota,Gammaproteobacteria,Alteromonadales,Ferrimonadaceae,Ferrimonas,Ferrimonas aestuarii,100,100,100,100,100,100,100
ASV_1768,Bacteria,Actinomycetota,Acidimicrobiia,Acidimicrobiales,Ilumatobacteraceae,Ilumatobacter,Ilumatobacter fluminis,100,100,100,100,100,92.5,92.5
ASV_1769,Bacteria,Pseudomonadota,Alphaproteobacteria,Rhodobacterales,Roseobacteraceae,Thalassovita,Thalassovita mediterranea,100,100,100,100,83.99523809523811,60.35238095238097,57.842857142857156
ASV_1770,NA,NA,NA,NA,NA,NA,NA,NA,NA,NA,NA,NA,NA,NA
ASV_1771,Bacteria,Pseudomonadota,Gammaproteobacteria,Cellvibrionales,Halieaceae,Pseudohaliea,Pseudohaliea rubra,100,100,100,100,100,53.33333333333334,53.33333333333334
ASV_1772,Bacteria,Bdellovibrionota,Bacteriovoracia,Bacteriovoracales,Halobacteriovoraceae,Halobacteriovorax,Halobacteriovorax marinus,100,100,100,100,100,100,100
ASV_1773,NA,NA,NA,NA,NA,NA,NA,NA,NA,NA,NA,NA,NA,NA
ASV_1774,Bacteria,Pseudomonadota,Alphaproteobacteria,Rhodobacterales,Roseobacteraceae,Tateyamaria,Tateyamaria omphalii,100.00000000000001,100.00000000000001,100.00000000000001,100.00000000000001,77.7666666666667,65.61666666666667,65.61666666666667
ASV_1775,Bacteria,Pseudomonadota,Gammaproteobacteria,Alteromonadales,Alteromonadaceae,Alteromonas,Alteromonas indica,99.99999999999984,99.99999999999984,99.99999999999984,99.99999999999984,99.99999999999984,74.21095571095559,23.21212121212118
ASV_1776,Bacteria,Pseudomonadota,Gammaproteobacteria,Thiotrichales,Thiolinaceae,Thiolinea,Thiolinea disciformis,100,100,100,100,85.66666666666666,85.66666666666666,85.66666666666666
ASV_1777,Bacteria,Pseudomonadota,Gammaproteobacteria,Cellvibrionales,Spongiibacteraceae,Spongiibacter,Spongiibacter marinus,100,100,100,100,100,100,100
ASV_1778,Bacteria,Pseudomonadota,Gammaproteobacteria,Vibrionales,Vibrionaceae,Vibrio,Vibrio brasiliensis,100,100,100,100,100,100,50.283333333333346
ASV_1779,Bacteria,Pseudomonadota,Gammaproteobacteria,Alteromonadales,Pseudoalteromonadaceae,Psychrosphaera,Psychrosphaera saromensis,100,100,100,100,100,99,39.33333333333334
ASV_1780,Bacteria,Pseudomonadota,Gammaproteobacteria,Alteromonadales,Alteromonadaceae,Bowmanella,Bowmanella pacifica,100,100,100,100,100,85.33333333333333,46.5
ASV_1781,Bacteria,Pseudomonadota,Alphaproteobacteria,Rhodobacterales,Roseobacteraceae,Actibacterium,Actibacterium ureilyticum,99.99999999999999,99.99999999999999,99.99999999999999,99.99999999999999,93.88095238095235,26.211904761904773,22.277380952380952
ASV_1782,NA,NA,NA,NA,NA,NA,NA,NA,NA,NA,NA,NA,NA,NA
ASV_1783,NA,NA,NA,NA,NA,NA,NA,NA,NA,NA,NA,NA,NA,NA
ASV_1784,Bacteria,Verrucomicrobiota,Verrucomicrobiae,Verrucomicrobiales,Verrucomicrobiaceae,Fucophilus,Fucophilus fucoidanolyticus,100,100,100,100,100,100,100
ASV_1785,Bacteria,Bacteroidota,Flavobacteriia,Flavobacteriales,Flavobacteriaceae,Dokdonia,Dokdonia lutea,100,100,100,100,100,100,100
ASV_1786,NA,NA,NA,NA,NA,NA,NA,NA,NA,NA,NA,NA,NA,NA
ASV_1787,Bacteria,Bacteroidota,Flavobacteriia,Flavobacteriales,Flavobacteriaceae,Flavivirga,Flavivirga aquimarina,100,100,100,100,100,59.81904761904762,42.67619047619049
ASV_1788,Bacteria,Actinomycetota,Acidimicrobiia,Acidimicrobiales,Ilumatobacteraceae,Ilumatobacter,Ilumatobacter fluminis,100,100,100,100,100,100,100
ASV_1789,Bacteria,Pseudomonadota,Gammaproteobacteria,Alteromonadales,Colwelliaceae,Thalassotalea,Thalassomonas viridans,100,100,100,99,94.33333333333331,57.75,32.58333333333333
ASV_1790,Bacteria,Pseudomonadota,Gammaproteobacteria,Thiohalobacterales,Thiohalobacteraceae,Thiohalobacter,Thiohalobacter thiocyanaticus,100.00000000000001,100.00000000000001,100.00000000000001,53.33333333333334,53.33333333333334,53.33333333333334,53.33333333333334
ASV_1791,Bacteria,Bacteroidota,Flavobacteriia,Flavobacteriales,Flavobacteriaceae,Dokdonia,Dokdonia lutea,100,100,100,100,100,100,94.5
ASV_1792,Bacteria,Verrucomicrobiota,Verrucomicrobiae,Verrucomicrobiales,Verrucomicrobiaceae,Fucophilus,Fucophilus fucoidanolyticus,100,100,88,88,88,88,88
ASV_1793,NA,NA,NA,NA,NA,NA,NA,NA,NA,NA,NA,NA,NA,NA
ASV_1794,NA,NA,NA,NA,NA,NA,NA,NA,NA,NA,NA,NA,NA,NA
ASV_1795,Bacteria,Pseudomonadota,Alphaproteobacteria,Rhodobacterales,Roseobacteraceae,Cribrihabitans,Cribrihabitans pelagius,99.99999999999997,99.99999999999997,99.99999999999997,99.99999999999997,50.04393939393941,40.740909090909085,37.9492424242424
ASV_1796,NA,NA,NA,NA,NA,NA,NA,NA,NA,NA,NA,NA,NA,NA
ASV_1797,Bacteria,Pseudomonadota,Alphaproteobacteria,Rhodobacterales,Roseobacteraceae,Thalassovita,Thalassovita mediterranea,100,100,100,100,72.73333333333335,66.43333333333337,66.10000000000004
ASV_1798,Bacteria,Pseudomonadota,Alphaproteobacteria,Rhodobacterales,Roseobacteraceae,Thalassovita,Thalassovita mediterranea,100,100,100,100,79.02499999999999,71.52499999999999,69.49166666666669
ASV_1799,Bacteria,Pseudomonadota,Alphaproteobacteria,Rhodospirillales,Novispirillaceae,Marispirillum,Marispirillum indicum,100,100,100,100,100,100,100
ASV_1800,Bacteria,Bacteroidota,Flavobacteriia,Flavobacteriales,Flavobacteriaceae,Allomuricauda,Allomuricauda pacifica,100,100,100,100,100,100,100
ASV_1801,Bacteria,Planctomycetota,Planctomycetia,Pirellulales,Pirellulaceae,Mariniblastus,Mariniblastus fucicola,100.00000000000001,100.00000000000001,100.00000000000001,100.00000000000001,100.00000000000001,55.833333333333336,55.833333333333336
ASV_1802,Bacteria,Bacteroidota,Cytophagia,Cytophagales,Fulvivirgaceae,Fulvivirga,Fulvivirga lutimaris,100.00000000000001,100.00000000000001,100.00000000000001,100.00000000000001,84.93333333333334,84.93333333333334,29.900000000000006
ASV_1803,Bacteria,Pseudomonadota,Gammaproteobacteria,Alteromonadales,Colwelliaceae,Thalassotalea,Thalassotalea ponticola,100,100,100,100,98.5,98.5,43.50000000000001
ASV_1804,NA,NA,NA,NA,NA,NA,NA,NA,NA,NA,NA,NA,NA,NA
ASV_1805,NA,NA,NA,NA,NA,NA,NA,NA,NA,NA,NA,NA,NA,NA
ASV_1806,Bacteria,Pseudomonadota,Gammaproteobacteria,Alteromonadales,Alteromonadaceae,Salinimonas,Salinimonas chungwhensis,100,100,100,100,100,43.16666666666666,38.16666666666666
ASV_1807,Bacteria,Pseudomonadota,Alphaproteobacteria,Rhodospirillales,Terasakiellaceae,Terasakiella,Terasakiella brassicae,100,100,100,100,100,100,99
ASV_1808,NA,NA,NA,NA,NA,NA,NA,NA,NA,NA,NA,NA,NA,NA
ASV_1809,Bacteria,Bacteroidota,Flavobacteriia,Flavobacteriales,Flavobacteriaceae,Seonamhaeicola,Seonamhaeicola maritimus,100,100,100,100,100,92.16666666666667,60.83333333333334
ASV_1810,Bacteria,Pseudomonadota,Alphaproteobacteria,Hyphomonadales,Hyphomonadaceae,Henriciella,Henriciella algicola,100,100,100,100,100,100,97
ASV_1811,Bacteria,Pseudomonadota,Alphaproteobacteria,Sphingomonadales,Erythrobacteraceae,Qipengyuania,Erythrobacter rubeus,100.00000000000003,100.00000000000003,100.00000000000003,100.00000000000003,93.9674816411659,55.52613526824055,25.968266820898418
ASV_1812,Bacteria,Actinomycetota,Actinomycetes,Micrococcales,Micrococcaceae,Rothia,Rothia dentocariosa,100,100,100,100,100,100,79.66666666666667
ASV_1813,NA,NA,NA,NA,NA,NA,NA,NA,NA,NA,NA,NA,NA,NA
ASV_1814,Bacteria,Pseudomonadota,Alphaproteobacteria,Hyphomicrobiales,Parvibaculaceae,Tepidicaulis,Tepidicaulis marinus,100,100,100,100,100,100,100
ASV_1815,Bacteria,Verrucomicrobiota,Verrucomicrobiae,Verrucomicrobiales,Verrucomicrobiaceae,Fucophilus,Fucophilus fucoidanolyticus,100,100,98.5,98.5,98.5,98.5,98.5
ASV_1816,NA,NA,NA,NA,NA,NA,NA,NA,NA,NA,NA,NA,NA,NA
ASV_1817,Bacteria,Pseudomonadota,Gammaproteobacteria,Thiohalobacterales,Thiohalobacteraceae,Thiohalobacter,Thiohalobacter thiocyanaticus,100,100,100,100,100,100,100
ASV_1818,Bacteria,Bacteroidota,Flavobacteriia,Flavobacteriales,Flavobacteriaceae,Prasinibacter,Prasinibacter corallicola,100,100,100,100,100,100,100
ASV_1819,NA,NA,NA,NA,NA,NA,NA,NA,NA,NA,NA,NA,NA,NA
ASV_1820,Bacteria,Planctomycetota,Planctomycetia,Pirellulales,Pirellulaceae,Roseiconus,Roseiconus nitratireducens,100,100,100,100,100,73.41666666666669,71.08333333333333
ASV_1821,Bacteria,Pseudomonadota,Gammaproteobacteria,Alteromonadales,Colwelliaceae,Thalassomonas,Thalassomonas viridans,100,100,100,98.66666666666667,98.66666666666667,52.16666666666666,34.833333333333336
ASV_1822,Bacteria,Pseudomonadota,Gammaproteobacteria,Alteromonadales,Colwelliaceae,Thalassotalea,Thalassotalea coralli,100.00000000000001,100.00000000000001,100.00000000000001,87.00000000000001,83.16666666666667,81.63333333333333,37.5
ASV_1823,NA,NA,NA,NA,NA,NA,NA,NA,NA,NA,NA,NA,NA,NA
ASV_1824,Bacteria,Pseudomonadota,Gammaproteobacteria,Pseudomonadales,Pseudohongiellaceae,Pseudohongiella,Pseudohongiella spirulinae,100,100,100,48.33333333333335,45.500000000000014,45.500000000000014,40.666666666666664
ASV_1825,NA,NA,NA,NA,NA,NA,NA,NA,NA,NA,NA,NA,NA,NA
ASV_1826,Bacteria,Pseudomonadota,Alphaproteobacteria,Rhodobacterales,Paracoccaceae,Mangrovicoccus,Mangrovicoccus ximenensis,100,100,100,100,69.58333333333333,34.449999999999996,34.11666666666665
ASV_1827,Bacteria,Bacteroidota,Cytophagia,Cytophagales,Reichenbachiellaceae,Ekhidna,Ekhidna lutea,100,100,100,100,98,89.00000000000001,89.00000000000001
ASV_1828,NA,NA,NA,NA,NA,NA,NA,NA,NA,NA,NA,NA,NA,NA
ASV_1829,Bacteria,Planctomycetota,Planctomycetia,Pirellulales,Lacipirellulaceae,Bythopirellula,Bythopirellula polymerisocia,100,100,100,100,100,100,81.5
ASV_1830,Bacteria,Pseudomonadota,Alphaproteobacteria,Rhodobacterales,Paracoccaceae,Mangrovicoccus,Mangrovicoccus ximenensis,100.00000000000001,100.00000000000001,100.00000000000001,100.00000000000001,78.9166666666667,36.666666666666664,35.83333333333334
ASV_1831,NA,NA,NA,NA,NA,NA,NA,NA,NA,NA,NA,NA,NA,NA
ASV_1832,NA,NA,NA,NA,NA,NA,NA,NA,NA,NA,NA,NA,NA,NA
ASV_1833,NA,NA,NA,NA,NA,NA,NA,NA,NA,NA,NA,NA,NA,NA
ASV_1834,Bacteria,Pseudomonadota,Alphaproteobacteria,Rhodobacterales,Roseobacteraceae,Pelagimonas,Pelagimonas phthalicica,100,100,100,100,82.51774475524476,18.24071067821067,18.24071067821067
ASV_1835,NA,NA,NA,NA,NA,NA,NA,NA,NA,NA,NA,NA,NA,NA
ASV_1836,Bacteria,Pseudomonadota,Alphaproteobacteria,Rhodobacterales,Paracoccaceae,Cribrihabitans,Cribrihabitans pelagius,100,100,100,100,54.93333333333333,50.233333333333334,50.233333333333334
ASV_1837,Bacteria,Pseudomonadota,Gammaproteobacteria,Thiotrichales,Piscirickettsiaceae,Hydrogenovibrio,Hydrogenovibrio thermophilus,100,100,100,100,100,100,100
ASV_1838,NA,NA,NA,NA,NA,NA,NA,NA,NA,NA,NA,NA,NA,NA
ASV_1839,Bacteria,Pseudomonadota,Gammaproteobacteria,Oceanospirillales,Oceanospirillaceae,Marinomonas,Marinomonas spartinae,100,100,100,100,100,100,99.5
ASV_1840,Bacteria,Pseudomonadota,Alphaproteobacteria,Rhodobacterales,Roseobacteraceae,Marivivens,Marivivens niveibacter,100,100,100,100,57.650000000000006,27.816666666666677,16.66666666666667
ASV_1841,Bacteria,Pseudomonadota,Gammaproteobacteria,Oceanospirillales,Oceanospirillaceae,Neptuniibacter,Neptuniibacter caesariensis,100,100,100,100,100,100,88.5
ASV_1842,Bacteria,Pseudomonadota,Gammaproteobacteria,Alteromonadales,Pseudoalteromonadaceae,Pseudoalteromonas,Pseudoalteromonas gelatinilytica,100.00000000000003,100.00000000000003,100.00000000000003,100.00000000000003,100.00000000000003,100.00000000000003,24.276190476190475
ASV_1843,Bacteria,Pseudomonadota,Gammaproteobacteria,Alteromonadales,Alteromonadaceae,Alteromonas,Alteromonas australica,100.00000000000003,100.00000000000003,100.00000000000003,100.00000000000003,100.00000000000003,99.12128364389238,32.569637334442845
ASV_1844,Bacteria,Pseudomonadota,Gammaproteobacteria,Vibrionales,Vibrionaceae,Vibrio,Vibrio aquimaris,100,100,100,100,100,100,53.100000000000016
ASV_1845,Bacteria,Pseudomonadota,Alphaproteobacteria,Hyphomicrobiales,Devosiaceae,Maritalea,Maritalea porphyrae,100,100,100,100,100,100,100
ASV_1846,NA,NA,NA,NA,NA,NA,NA,NA,NA,NA,NA,NA,NA,NA
ASV_1847,Bacteria,Pseudomonadota,Gammaproteobacteria,Alteromonadales,Colwelliaceae,Thalassotalea,Thalassotalea coralli,100,100,100,100,98.33333333333333,89.75000000000003,30.58333333333333
ASV_1848,Bacteria,Bacteroidota,Saprospiria,Saprospirales,Haliscomenobacteraceae,Portibacter,Portibacter lacus,100,100,100,100,74,74,74
ASV_1849,Bacteria,Bacteroidota,Flavobacteriia,Flavobacteriales,Flavobacteriaceae,Kordia,Kordia jejudonensis,100,100,100,100,100,100,58.08333333333334
ASV_1850,Bacteria,Actinomycetota,Actinomycetes,Mycobacteriales,Dietziaceae,Dietzia,Dietzia aerolata,100,100,100,100,100,100,90.33333333333333
ASV_1851,Bacteria,Bacteroidota,Flavobacteriia,Flavobacteriales,Flavobacteriaceae,Dokdonia,Dokdonia lutea,100,100,100,100,100,100,72.83333333333333
ASV_1852,NA,NA,NA,NA,NA,NA,NA,NA,NA,NA,NA,NA,NA,NA
ASV_1853,Bacteria,Planctomycetota,Planctomycetia,Isosphaerales,Isosphaeraceae,Singulisphaera,Singulisphaera rosea,100,100,100,100,100,92.00000000000001,89.33333333333334
ASV_1854,Bacteria,Pseudomonadota,Alphaproteobacteria,Rhodobacterales,Roseobacteraceae,Thalassovita,Thalassovita mediterranea,100,100,100,100,73.39761904761909,35.076190476190476,34.242857142857154
ASV_1855,NA,NA,NA,NA,NA,NA,NA,NA,NA,NA,NA,NA,NA,NA
ASV_1856,NA,NA,NA,NA,NA,NA,NA,NA,NA,NA,NA,NA,NA,NA
ASV_1857,NA,NA,NA,NA,NA,NA,NA,NA,NA,NA,NA,NA,NA,NA
ASV_1858,Bacteria,Actinomycetota,Acidimicrobiia,Acidimicrobiales,Iamiaceae,Actinomarinicola,Actinomarinicola tropica,100,100,100,100,100,88.5,88.5
ASV_1859,Bacteria,Balneolota,Balneolia,Balneolales,Balneolaceae,Gracilimonas,Gracilimonas halophila,100,100,100,100,100,96.5,78.66666666666667
ASV_1860,Bacteria,Pseudomonadota,Alphaproteobacteria,Rhodobacterales,Roseobacteraceae,Maritimibacter,Maritimibacter harenae,100,100,100,100,81.91666666666669,47.166666666666636,46.66666666666664
ASV_1861,Bacteria,Bdellovibrionota,Bacteriovoracia,Bacteriovoracales,Halobacteriovoraceae,Halobacteriovorax,Halobacteriovorax litoralis,100,100,100,100,100,100,100
ASV_1862,Bacteria,Pseudomonadota,Gammaproteobacteria,Alteromonadales,Alteromonadaceae,Alteromonas,Alteromonas abrolhosensis,100,100,100,100,100,100,40.34121434201119
ASV_1863,Bacteria,Pseudomonadota,Gammaproteobacteria,Alteromonadales,Alteromonadaceae,Alteromonas,Alteromonas abrolhosensis,100,100,100,100,100,99.91071428571428,39.934336927337306
ASV_1864,Bacteria,Pseudomonadota,Gammaproteobacteria,Oceanospirillales,Oceanospirillaceae,Neptuniibacter,Neptuniibacter caesariensis,100,100,100,100,100,100,100
ASV_1865,Bacteria,Pseudomonadota,Gammaproteobacteria,Oceanospirillales,Oceanospirillaceae,Oceanobacter,Oceanobacter mangrovi,100,100,100,100,100,100,57.00000000000001
ASV_1866,Bacteria,Pseudomonadota,Gammaproteobacteria,Oceanospirillales,Oceanospirillaceae,Oceanobacter,Oceanobacter kriegii,100,100,100,86.75,69.16666666666666,45.5,45.5
ASV_1867,Bacteria,Pseudomonadota,Gammaproteobacteria,Alteromonadales,Colwelliaceae,Thalassotalea,Thalassotalea coralli,100,100,100,99.16666666666663,97.16666666666664,83.83333333333331,36
ASV_1868,NA,NA,NA,NA,NA,NA,NA,NA,NA,NA,NA,NA,NA,NA
ASV_1869,Bacteria,Pseudomonadota,Gammaproteobacteria,Oceanospirillales,Endozoicomonadaceae,Endozoicomonas,Endozoicomonas montiporae,100,100,100,100,98.66666666666667,98.66666666666667,76.33333333333333
ASV_1870,Bacteria,Pseudomonadota,Alphaproteobacteria,Hyphomicrobiales,Parvibaculaceae,Tepidicaulis,Tepidicaulis marinus,100.00000000000001,100.00000000000001,100.00000000000001,89.16666666666667,51.66666666666665,49.33333333333333,49.33333333333333
ASV_1871,Bacteria,Bacteroidota,Flavobacteriia,Flavobacteriales,Flavobacteriaceae,Seonamhaeicola,Seonamhaeicola aphaedonensis,100,100,100,100,100,70.5,41
ASV_1872,Bacteria,Pseudomonadota,Gammaproteobacteria,Alteromonadales,Colwelliaceae,Thalassotalea,Thalassotalea insulae,100,100,100,88.33333333333333,88.33333333333333,88.33333333333333,47.91666666666665
ASV_1873,NA,NA,NA,NA,NA,NA,NA,NA,NA,NA,NA,NA,NA,NA
ASV_1874,Bacteria,Pseudomonadota,Gammaproteobacteria,Alteromonadales,Shewanellaceae,Shewanella,Shewanella litorisediminis,100,100,100,95.1333333333333,60.55714285714285,60.55714285714285,20.125000000000004
ASV_1875,Bacteria,Pseudomonadota,Gammaproteobacteria,Alteromonadales,Colwelliaceae,Thalassotalea,Thalassotalea coralli,100,100,100,100,100,89.66666666666667,70.66666666666667
ASV_1876,NA,NA,NA,NA,NA,NA,NA,NA,NA,NA,NA,NA,NA,NA
ASV_1877,Bacteria,Pseudomonadota,Gammaproteobacteria,Alteromonadales,Alteromonadaceae,Alteromonas,Alteromonas indica,100,100,100,100,100,56.216666666666676,38.41666666666665
ASV_1878,Bacteria,Pseudomonadota,Alphaproteobacteria,Parvularculales,Parvularculaceae,Parvularcula,Parvularcula oceani,100,100,100,94.5,94.5,89.5,66.19999999999999
ASV_1879,Bacteria,Bacteroidota,Saprospiria,Saprospirales,Haliscomenobacteraceae,Portibacter,Portibacter lacus,100,100,100,100,100,66.83333333333333,66.83333333333333
ASV_1880,Bacteria,Pseudomonadota,Alphaproteobacteria,Rhodobacterales,Roseobacteraceae,Shimia,Shimia marina,100,100,100,100,99.5,91.5,91.5
ASV_1881,NA,NA,NA,NA,NA,NA,NA,NA,NA,NA,NA,NA,NA,NA
ASV_1882,NA,NA,NA,NA,NA,NA,NA,NA,NA,NA,NA,NA,NA,NA
ASV_1883,Bacteria,Bacteroidota,Cytophagia,Cytophagales,Roseivirgaceae,Roseivirga,Roseivirga misakiensis,99.99999999999999,99.99999999999999,99.99999999999999,99.99999999999999,81.83333333333331,81.83333333333331,38.00000000000001
ASV_1884,Bacteria,Bacteroidota,Saprospiria,Saprospirales,Lewinellaceae,Neolewinella,Neolewinella antarctica,100,100,100,100,100,100,100
ASV_1885,NA,NA,NA,NA,NA,NA,NA,NA,NA,NA,NA,NA,NA,NA
ASV_1886,Bacteria,Pseudomonadota,Gammaproteobacteria,Oceanospirillales,Oceanospirillaceae,Oleispira,Oleispira lenta,100,100,100,100,100,100,86
ASV_1887,Bacteria,Pseudomonadota,Gammaproteobacteria,Oceanospirillales,Oceanospirillaceae,Thalassolituus,Thalassolituus alkanivorans,100,100,100,100,100,99,97.5
ASV_1888,NA,NA,NA,NA,NA,NA,NA,NA,NA,NA,NA,NA,NA,NA
ASV_1889,Bacteria,Pseudomonadota,Gammaproteobacteria,Oceanospirillales,Oceanospirillaceae,Bacterioplanoides,Bacterioplanoides pacificum,100,100,100,100,100,100,100
ASV_1890,Bacteria,Pseudomonadota,Gammaproteobacteria,Oceanospirillales,Oceanospirillaceae,Thalassolituus,Bacterioplanoides pacificum,99.99999999999999,99.99999999999999,99.99999999999999,95,94.5,48.25,40.583333333333336
ASV_1891,Bacteria,Pseudomonadota,Gammaproteobacteria,Oceanospirillales,Oceanospirillaceae,Oleispira,Oleispira lenta,100,100,100,100,100,100,100
ASV_1892,Bacteria,Pseudomonadota,Alphaproteobacteria,Rhodobacterales,Roseobacteraceae,Mesobacterium,Mesobacterium pallidum,100,100,100,100,85.34166666666668,62.13611111111114,62.13611111111114
ASV_1893,Bacteria,Bacteroidota,Flavobacteriia,Flavobacteriales,Flavobacteriaceae,Polaribacter,Tenacibaculum xiamenense,99.99999999999999,99.99999999999999,99.99999999999999,99.99999999999999,99.99999999999999,62.11666666666663,21.44999999999999
ASV_1894,Bacteria,Pseudomonadota,Gammaproteobacteria,Alteromonadales,Alteromonadaceae,Alteromonas,Alteromonas aestuariivivens,100,100,100,100,100,93.66666666666667,46.50321852060981
ASV_1895,Bacteria,Bacteroidota,Flavobacteriia,Flavobacteriales,Flavobacteriaceae,Gaetbulibacter,Gaetbulibacter jejuensis,100,100,100,100,100,49.833333333333336,49.833333333333336
ASV_1896,Bacteria,Pseudomonadota,Alphaproteobacteria,Sphingomonadales,Erythrobacteraceae,Erythrobacter,Erythrobacter rubeus,100,100,100,100,98.89822497763674,82.44839670133791,77.74621946680774
ASV_1897,Bacteria,Pseudomonadota,Alphaproteobacteria,Hyphomicrobiales,Stappiaceae,Roseibium,Roseibium aggregatum,100,100,100,75.83333333333331,75.83333333333331,73.75,72.08333333333331
ASV_1898,Bacteria,Pseudomonadota,Gammaproteobacteria,Cellvibrionales,Cellvibrionaceae,Eionea,Eionea nigra,100.00000000000001,100.00000000000001,100.00000000000001,80.16666666666667,73.41666666666669,72.91666666666669,72.91666666666669
ASV_1899,Bacteria,Pseudomonadota,Alphaproteobacteria,Rhodobacterales,Paracoccaceae,Pseudooceanicola,Pseudooceanicola algae,100,100,100,100,66.87619047619046,50.27619047619047,21.592857142857138
ASV_1900,Bacteria,Pseudomonadota,Alphaproteobacteria,Kordiimonadales,Kordiimonadaceae,Kordiimonas,Kordiimonas lipolytica,100.00000000000001,100.00000000000001,100.00000000000001,100.00000000000001,100.00000000000001,100.00000000000001,76.83333333333333
ASV_1901,Bacteria,Pseudomonadota,Gammaproteobacteria,Alteromonadales,Colwelliaceae,Thalassotalea,Thalassotalea loyana,100,100,100,100,100,80.75,21.999999999999993
ASV_1902,Bacteria,Verrucomicrobiota,Opitutae,Puniceicoccales,Coraliomargaritaceae,Coraliomargarita,Coraliomargarita akajimensis,100,100,100,100,100,100,61.66666666666664
ASV_1903,Bacteria,Bacteroidota,Flavobacteriia,Flavobacteriales,Flavobacteriaceae,Dokdonia,Dokdonia lutea,100,100,100,100,100,82,82
ASV_1904,Bacteria,Bacteroidota,Flavobacteriia,Flavobacteriales,Flavobacteriaceae,Pukyongia,Pukyongia salina,100,100,100,100,100,32.2,32.2
ASV_1905,Bacteria,Pseudomonadota,Alphaproteobacteria,Rhodobacterales,Roseobacteraceae,Roseovarius,Roseovarius pacificus,100,100,100,100,96.425,56.2027777777778,41.93611111111113
ASV_1906,Bacteria,Pseudomonadota,Alphaproteobacteria,Rhodobacterales,Paracoccaceae,Rhodovulum,Rhodovulum iodosum,100,100,100,98.5,94,90.08333333333334,83.08333333333334
ASV_1907,NA,NA,NA,NA,NA,NA,NA,NA,NA,NA,NA,NA,NA,NA
ASV_1908,Bacteria,Pseudomonadota,Gammaproteobacteria,Alteromonadales,Colwelliaceae,Thalassotalea,Thalassotalea loyana,100,100,100,100,100,100,100
ASV_1909,NA,NA,NA,NA,NA,NA,NA,NA,NA,NA,NA,NA,NA,NA
ASV_1910,Bacteria,Pseudomonadota,Gammaproteobacteria,Chromatiales,Ectothiorhodospiraceae,Thiogranum,Thiogranum longum,100,100,100,71.39999999999999,43.61666666666666,29.08333333333333,29.08333333333333
ASV_1911,Bacteria,Pseudomonadota,Gammaproteobacteria,Thiotrichales,Francisellaceae,Francisella,Francisella persica,100,100,100,100,100,98.5,65.99329004329007
ASV_1912,Bacteria,Bacteroidota,Flavobacteriia,Flavobacteriales,Flavobacteriaceae,Dokdonia,Dokdonia lutea,100,100,100,100,100,100,100
ASV_1913,Bacteria,Pseudomonadota,Gammaproteobacteria,Alteromonadales,Alteromonadaceae,Alteromonas,Alteromonas aestuariivivens,100,100,100,100,100,98.67959866220735,26.917069669460982
ASV_1914,Bacteria,Pseudomonadota,Gammaproteobacteria,Oceanospirillales,Oleiphilaceae,Oleiphilus,Oleiphilus messinensis,100,100,100,51.25000000000001,35.333333333333336,35.333333333333336,35.333333333333336
ASV_1915,Bacteria,Pseudomonadota,Alphaproteobacteria,Rhodospirillales,Thalassobaculaceae,Nisaea,Nisaea nitritireducens,100,100,100,100,64.41666666666667,60.58333333333333,39
ASV_1916,Bacteria,Pseudomonadota,Gammaproteobacteria,Cellvibrionales,Halieaceae,Luminiphilus,Luminiphilus syltensis,100,100,100,100,100,83,83
ASV_1917,Bacteria,Pseudomonadota,Alphaproteobacteria,Parvularculales,Parvularculaceae,Parvularcula,Parvularcula mediterranea,100,100,100,100,100,100,86
ASV_1918,Bacteria,Pseudomonadota,Gammaproteobacteria,Vibrionales,Vibrionaceae,Vibrio,Vibrio caribbeanicus,100,100,100,100,100,100,77.5
ASV_1919,Bacteria,Pseudomonadota,Alphaproteobacteria,Rhodobacterales,Paracoccaceae,Thermohalobaculum,Thermohalobaculum xanthum,100,100,100,99.5,99.5,50.83333333333333,50.83333333333333
ASV_1920,Bacteria,Verrucomicrobiota,Verrucomicrobiae,Verrucomicrobiales,Verrucomicrobiaceae,Fucophilus,Fucophilus fucoidanolyticus,100,100,99,99,99,99,99
ASV_1921,Bacteria,Pseudomonadota,Alphaproteobacteria,Rhodobacterales,Roseobacteraceae,Thalassovita,Thalassovita mediterranea,100,100,100,100,80.75,60.833333333333336,60.25
ASV_1922,Bacteria,Pseudomonadota,Alphaproteobacteria,Rhodobacterales,Paracoccaceae,Maritimibacter,Pseudoroseicyclus tamaricis,99.99999999999997,99.99999999999997,99.99999999999997,99.99999999999997,66.61666666666666,20.43333333333332,17.399999999999988
ASV_1923,NA,NA,NA,NA,NA,NA,NA,NA,NA,NA,NA,NA,NA,NA
ASV_1924,NA,NA,NA,NA,NA,NA,NA,NA,NA,NA,NA,NA,NA,NA
ASV_1925,Bacteria,Pseudomonadota,Alphaproteobacteria,Kordiimonadales,Kordiimonadaceae,Kordiimonas,Kordiimonas gwangyangensis,100.00000000000001,100.00000000000001,100.00000000000001,100.00000000000001,100.00000000000001,100.00000000000001,63.500000000000014
ASV_1926,NA,NA,NA,NA,NA,NA,NA,NA,NA,NA,NA,NA,NA,NA
ASV_1927,Bacteria,Pseudomonadota,Gammaproteobacteria,Thiotrichales,Piscirickettsiaceae,Hydrogenovibrio,Hydrogenovibrio kuenenii,100,100,100,100,100,98,71.41666666666669
ASV_1928,NA,NA,NA,NA,NA,NA,NA,NA,NA,NA,NA,NA,NA,NA
ASV_1929,NA,NA,NA,NA,NA,NA,NA,NA,NA,NA,NA,NA,NA,NA
ASV_1930,Bacteria,Bacteroidota,Flavobacteriia,Flavobacteriales,Flavobacteriaceae,Tamlana,Tamlana nanhaiensis,99.99999999999999,99.99999999999999,99.99999999999999,99.99999999999999,99.99999999999999,46.25,36.66666666666666
ASV_1931,Bacteria,Pseudomonadota,Gammaproteobacteria,Alteromonadales,Alteromonadaceae,Salinimonas,Salinimonas chungwhensis,100.00000000000003,100.00000000000003,100.00000000000003,100.00000000000003,100.00000000000003,47.541666666666586,40.99999999999996
ASV_1932,Bacteria,Pseudomonadota,Gammaproteobacteria,Alteromonadales,Alteromonadaceae,Alteromonas,Alteromonas confluentis,100,100,100,100,100,81.5,53.80000000000004
ASV_1933,Bacteria,Pseudomonadota,Gammaproteobacteria,Alteromonadales,Pseudoalteromonadaceae,Pseudoalteromonas,Pseudoalteromonas translucida,100,100,100,100,85.83333333333331,63.60000000000001,21.08333333333332
ASV_1934,NA,NA,NA,NA,NA,NA,NA,NA,NA,NA,NA,NA,NA,NA
ASV_1935,Bacteria,Pseudomonadota,Gammaproteobacteria,Alteromonadales,Pseudoalteromonadaceae,Pseudoalteromonas,Pseudoalteromonas piratica,100.00000000000001,100.00000000000001,100.00000000000001,100.00000000000001,99.68100644122384,98.18100644122384,36.33579913950226
ASV_1936,Bacteria,Pseudomonadota,Gammaproteobacteria,Alteromonadales,Alteromonadaceae,Alteromonas,Alteromonas mediterranea,100.00000000000001,100.00000000000001,100.00000000000001,100.00000000000001,100.00000000000001,99.71435649696522,43.85559805567302
ASV_1937,Bacteria,Pseudomonadota,Alphaproteobacteria,Hyphomicrobiales,Rhizobiaceae,Agrobacterium,Agrobacterium arsenijevicii,100.00000000000001,100.00000000000001,100.00000000000001,100.00000000000001,100.00000000000001,83.57863721246069,22.96468466174348
ASV_1938,Bacteria,Actinomycetota,Actinomycetes,Mycobacteriales,Corynebacteriaceae,Corynebacterium,Corynebacterium amycolatum,100,100,100,100,100,100,85.5083333333333
ASV_1939,Bacteria,Pseudomonadota,Gammaproteobacteria,Alteromonadales,Colwelliaceae,Thalassotalea,Thalassotalea coralli,100,100,100,100,100,100,25.083333333333325
ASV_1940,Bacteria,Pseudomonadota,Gammaproteobacteria,Alteromonadales,Colwelliaceae,Thalassotalea,Thalassotalea coralli,100,100,100,99.16666666666664,95.7333333333333,75.9833333333333,25.666666666666664
ASV_1941,Bacteria,Verrucomicrobiota,Opitutae,Puniceicoccales,Coraliomargaritaceae,Coraliomargarita,Coraliomargarita sinensis,100,100,88.91666666666667,88.91666666666667,88.91666666666667,88.91666666666667,52.75
ASV_1942,NA,NA,NA,NA,NA,NA,NA,NA,NA,NA,NA,NA,NA,NA
ASV_1943,Bacteria,Pseudomonadota,Gammaproteobacteria,Alteromonadales,Colwelliaceae,Thalassotalea,Thalassotalea insulae,100,100,100,93,93,90.5,39.66666666666666
ASV_1944,Bacteria,Pseudomonadota,Alphaproteobacteria,Rhodobacterales,Paracoccaceae,Pseudoroseicyclus,Pseudoroseicyclus tamaricis,100,100,100,100,75.28333333333335,12.809523809523817,12.809523809523817
ASV_1945,Bacteria,Pseudomonadota,Gammaproteobacteria,Thiotrichales,Francisellaceae,Francisella,Francisella philomiragia,100,100,100,100,100,100,63.62500000000001
ASV_1946,Bacteria,Bacteroidota,Saprospiria,Saprospirales,Saprospiraceae,Aureispira,Aureispira maritima,100,100,100,100,100,100,100
ASV_1947,Bacteria,Pseudomonadota,Gammaproteobacteria,Thiohalobacterales,Thiohalobacteraceae,Thiohalobacter,Thiohalobacter thiocyanaticus,100,100,100,100,100,100,100
ASV_1948,Bacteria,Pseudomonadota,Gammaproteobacteria,Alteromonadales,Colwelliaceae,Thalassotalea,Thalassotalea marina,100.00000000000001,100.00000000000001,100.00000000000001,100.00000000000001,100.00000000000001,97.50000000000001,22.333333333333332
ASV_1949,Bacteria,Bacteroidota,Saprospiria,Saprospirales,Saprospiraceae,Aureispira,Aureispira maritima,100,100,100,100,100,100,100
ASV_1950,Bacteria,Pseudomonadota,Gammaproteobacteria,Alteromonadales,Colwelliaceae,Thalassotalea,Thalassotalea coralli,100,100,100,99.5,99.5,99.5,37.833333333333336
ASV_1951,NA,NA,NA,NA,NA,NA,NA,NA,NA,NA,NA,NA,NA,NA
ASV_1952,Bacteria,Pseudomonadota,Gammaproteobacteria,Vibrionales,Vibrionaceae,Vibrio,Vibrio hannami,100,100,100,100,100,100,31.69999999999999
ASV_1953,Bacteria,Bacteroidota,Saprospiria,Saprospirales,Saprospiraceae,Aureispira,Aureispira maritima,100,100,100,100,100,100,100
ASV_1954,Bacteria,Bacteroidota,Flavobacteriia,Flavobacteriales,Flavobacteriaceae,Dokdonia,Dokdonia ponticola,100,100,100,100,100,82.5,74
ASV_1955,Bacteria,Bacteroidota,Flavobacteriia,Flavobacteriales,Flavobacteriaceae,Leptobacterium,Leptobacterium flavescens,100,100,100,100,100,82.83333333333333,82.83333333333333
ASV_1956,Bacteria,Pseudomonadota,Gammaproteobacteria,Alteromonadales,Alteromonadaceae,Alteromonas,Alteromonas aestuariivivens,100.00000000000003,100.00000000000003,100.00000000000003,100.00000000000003,100.00000000000003,74.42500000000001,45.247619047619075
ASV_1957,Bacteria,Pseudomonadota,Gammaproteobacteria,Alteromonadales,Alteromonadaceae,Alteromonas,Alteromonas aestuariivivens,100.00000000000001,100.00000000000001,100.00000000000001,100.00000000000001,100.00000000000001,90.33333333333334,65.04166666666663
ASV_1958,Bacteria,Pseudomonadota,Gammaproteobacteria,Alteromonadales,Alteromonadaceae,Alteromonas,Alteromonas abrolhosensis,100,100,100,100,100,89.71837364423573,19.67006126581917
ASV_1959,Bacteria,Pseudomonadota,Alphaproteobacteria,Rhodobacterales,Roseobacteraceae,Thalassovita,Thalassovita aquimarina,100,100,100,100,81.75238095238093,45.250000000000014,44.58333333333334
ASV_1960,Bacteria,Planctomycetota,Planctomycetia,Pirellulales,Pirellulaceae,Mariniblastus,Mariniblastus fucicola,100,100,100,100,100,100,100
ASV_1961,Bacteria,Pseudomonadota,Alphaproteobacteria,Rhodobacterales,Paracoccaceae,Limimaricola,Limimaricola pyoseonensis,100,100,100,100,100,100,97.10000000000001
ASV_1962,Bacteria,Bacteroidota,Cytophagia,Cytophagales,Fulvivirgaceae,Fulvivirga,Marinoscillum pacificum,100,100,100,100,48.333333333333336,48.333333333333336,26.25
ASV_1963,Bacteria,Pseudomonadota,Gammaproteobacteria,Cellvibrionales,Halieaceae,Haliea,Haliea atlantica,100,100,100,100,100,54,54
ASV_1964,NA,NA,NA,NA,NA,NA,NA,NA,NA,NA,NA,NA,NA,NA
ASV_1965,NA,NA,NA,NA,NA,NA,NA,NA,NA,NA,NA,NA,NA,NA
ASV_1966,NA,NA,NA,NA,NA,NA,NA,NA,NA,NA,NA,NA,NA,NA
ASV_1967,Bacteria,Bacteroidota,Flavobacteriia,Flavobacteriales,Flavobacteriaceae,Seonamhaeicola,Seonamhaeicola aphaedonensis,100,100,100,100,100,90.33333333333331,70.5
ASV_1968,NA,NA,NA,NA,NA,NA,NA,NA,NA,NA,NA,NA,NA,NA
ASV_1969,NA,NA,NA,NA,NA,NA,NA,NA,NA,NA,NA,NA,NA,NA
ASV_1970,Bacteria,Pseudomonadota,Gammaproteobacteria,Alteromonadales,Colwelliaceae,Thalassotalea,Thalassotalea coralli,100.00000000000001,100.00000000000001,100.00000000000001,99,97.4,93.4,39.20000000000001
ASV_1971,NA,NA,NA,NA,NA,NA,NA,NA,NA,NA,NA,NA,NA,NA
ASV_1972,Bacteria,Pseudomonadota,Gammaproteobacteria,Alteromonadales,Alteromonadaceae,Alteromonas,Alteromonas confluentis,100,100,100,100,100,86,66.5
ASV_1973,Bacteria,Pseudomonadota,Gammaproteobacteria,Oceanospirillales,Oceanospirillaceae,Neptuniibacter,Neptuniibacter halophilus,100,100,100,100,100,94,94
ASV_1974,Bacteria,Bacteroidota,Saprospiria,Saprospirales,Saprospiraceae,Aureispira,Aureispira maritima,100,100,100,100,100,100,100
ASV_1975,Bacteria,Pseudomonadota,Gammaproteobacteria,Thiotrichales,Piscirickettsiaceae,Methylophaga,Methylophaga thiooxydans,100,100,100,100,100,100,100
ASV_1976,Bacteria,Pseudomonadota,Gammaproteobacteria,Oceanospirillales,Oceanospirillaceae,Thalassolituus,Thalassolituus alkanivorans,100,100,100,100,100,100,100
ASV_1977,Bacteria,Pseudomonadota,Gammaproteobacteria,Alteromonadales,Alteromonadaceae,Alteromonas,Alteromonas abrolhosensis,99.99999999999997,99.99999999999997,99.99999999999997,99.99999999999997,99.99999999999997,61.40296283426715,21.02667831024809
ASV_1978,Bacteria,Pseudomonadota,Gammaproteobacteria,Vibrionales,Vibrionaceae,Vibrio,Vibrio xuii,100,100,100,100,100,100,99
ASV_1979,NA,NA,NA,NA,NA,NA,NA,NA,NA,NA,NA,NA,NA,NA
ASV_1980,Bacteria,Pseudomonadota,Alphaproteobacteria,Rhodobacterales,Paracoccaceae,Tritonibacter,Tritonibacter mobilis,100,100,100,100,50.81367243867243,41.06565656565656,40.06565656565656
ASV_1981,Bacteria,Pseudomonadota,Gammaproteobacteria,Oceanospirillales,Oceanospirillaceae,Thalassolituus,Thalassolituus oleivorans,100,100,100,87.81666666666666,87.81666666666666,70.9,41.566666666666656
ASV_1982,Bacteria,Pseudomonadota,Alphaproteobacteria,Rhodospirillales,Thalassospiraceae,Thalassospira,Thalassospira australica,99.99999999999999,99.99999999999999,99.99999999999999,99.99999999999999,99.99999999999999,99.99999999999999,39.202380952380956
ASV_1983,Bacteria,Pseudomonadota,Gammaproteobacteria,Vibrionales,Vibrionaceae,Vibrio,Vibrio aquimaris,100,100,100,100,100,100,37.71666666666664
ASV_1984,Bacteria,Pseudomonadota,Gammaproteobacteria,Alteromonadales,Alteromonadaceae,Marisediminitalea,Marisediminitalea aggregata,100,100,100,100,100,99.5,99.5
ASV_1985,NA,NA,NA,NA,NA,NA,NA,NA,NA,NA,NA,NA,NA,NA
ASV_1986,Bacteria,Pseudomonadota,Alphaproteobacteria,Rhodobacterales,Roseobacteraceae,Sulfitobacter,Sulfitobacter salinus,100,100,100,100,64.7,43.33333333333334,20.06666666666667
ASV_1987,Bacteria,Actinomycetota,Actinomycetes,Geodermatophilales,Geodermatophilaceae,Blastococcus,Blastococcus aggregatus,100,100,100,100,100,100,99.66666666666667
ASV_1988,Bacteria,Pseudomonadota,Gammaproteobacteria,Alteromonadales,Alteromonadaceae,Salinimonas,Salinimonas chungwhensis,100,100,100,100,100,100,100
ASV_1989,NA,NA,NA,NA,NA,NA,NA,NA,NA,NA,NA,NA,NA,NA
ASV_1990,Bacteria,Pseudomonadota,Alphaproteobacteria,Hyphomicrobiales,Stappiaceae,Roseibium,Roseibium aquae,100,100,100,100,100,91.82142857142856,42.576190476190476
ASV_1991,Bacteria,Bacteroidota,Flavobacteriia,Flavobacteriales,Flavobacteriaceae,Gilvibacter,Gilvibacter sediminis,100,100,100,100,100,50.733333333333334,50.733333333333334
ASV_1992,NA,NA,NA,NA,NA,NA,NA,NA,NA,NA,NA,NA,NA,NA
ASV_1993,NA,NA,NA,NA,NA,NA,NA,NA,NA,NA,NA,NA,NA,NA
ASV_1994,Bacteria,Bacteroidota,Saprospiria,Saprospirales,Haliscomenobacteraceae,Portibacter,Portibacter lacus,100,100,100,100,74,74,74
ASV_1995,NA,NA,NA,NA,NA,NA,NA,NA,NA,NA,NA,NA,NA,NA
ASV_1996,Bacteria,Bacteroidota,Flavobacteriia,Flavobacteriales,Flavobacteriaceae,Seonamhaeicola,Seonamhaeicola aphaedonensis,100,100,100,100,100,94.5,87
ASV_1997,Bacteria,Bacteroidota,Flavobacteriia,Flavobacteriales,Flavobacteriaceae,Seonamhaeicola,Seonamhaeicola aphaedonensis,100,100,100,100,100,100,99.5
ASV_1998,Bacteria,Bacteroidota,Flavobacteriia,Flavobacteriales,Flavobacteriaceae,Winogradskyella,Winogradskyella litorisediminis,100,100,100,100,100,42.08333333333333,37.08333333333333
ASV_1999,Bacteria,Verrucomicrobiota,Opitutae,Puniceicoccales,Coraliomargaritaceae,Coraliomargarita,Coraliomargarita akajimensis,100,100,100,100,100,100,100
ASV_2000,NA,NA,NA,NA,NA,NA,NA,NA,NA,NA,NA,NA,NA,NA
ASV_2001,Bacteria,Pseudomonadota,Gammaproteobacteria,Alteromonadales,Colwelliaceae,Thalassotalea,Thalassotalea loyana,100,100,100,100,98,97.16666666666667,49.33333333333334
ASV_2002,Bacteria,Bacteroidota,Flavobacteriia,Flavobacteriales,Flavobacteriaceae,Allomuricauda,Allomuricauda onchidii,100,100,100,100,100,100,100
ASV_2003,Bacteria,Bacteroidota,Saprospiria,Saprospirales,Saprospiraceae,Aureispira,Aureispira maritima,100,100,100,100,100,100,100
ASV_2004,Bacteria,Pseudomonadota,Alphaproteobacteria,Rhodobacterales,Paracoccaceae,Maritimibacter,Amylibacter lutimaris,99.99999999999999,99.99999999999999,99.99999999999999,99.99999999999999,59.96666666666666,22.03333333333332,17.86666666666667
ASV_2005,Bacteria,Pseudomonadota,Gammaproteobacteria,Oceanospirillales,Alcanivoracaceae,Marinicella,Marinicella litoralis,100,100,100,100,100,100,58.333333333333336
ASV_2006,NA,NA,NA,NA,NA,NA,NA,NA,NA,NA,NA,NA,NA,NA
ASV_2007,NA,NA,NA,NA,NA,NA,NA,NA,NA,NA,NA,NA,NA,NA
ASV_2008,Bacteria,Pseudomonadota,Gammaproteobacteria,Vibrionales,Vibrionaceae,Vibrio,Vibrio neptunius,100,100,100,100,100,100,87.56666666666666
ASV_2009,Bacteria,Bacteroidota,Flavobacteriia,Flavobacteriales,Flavobacteriaceae,Dokdonia,Dokdonia ponticola,100,100,100,100,100,84.83333333333333,53.833333333333336
ASV_2010,Bacteria,Pseudomonadota,Gammaproteobacteria,Oceanospirillales,Oceanospirillaceae,Marinobacterium,Marinobacterium jannaschii,100,100,100,100,100,67.4,34.966666666666654
ASV_2011,Bacteria,Pseudomonadota,Alphaproteobacteria,Rhodospirillales,Thalassobaculaceae,Thalassobaculum,Thalassobaculum salexigens,100,100,100,100,100,100,50
ASV_2012,Bacteria,Pseudomonadota,Gammaproteobacteria,Alteromonadales,Pseudoalteromonadaceae,Pseudoalteromonas,Pseudoalteromonas translucida,100.00000000000001,100.00000000000001,100.00000000000001,100.00000000000001,100.00000000000001,70.3351851851852,22.983333333333313
ASV_2013,NA,NA,NA,NA,NA,NA,NA,NA,NA,NA,NA,NA,NA,NA
ASV_2014,Bacteria,Pseudomonadota,Gammaproteobacteria,Woeseiales,Woeseiaceae,Woeseia,Woeseia oceani,100,100,100,68.75,68.75,68.75,68.75
ASV_2015,NA,NA,NA,NA,NA,NA,NA,NA,NA,NA,NA,NA,NA,NA
ASV_2016,Bacteria,Verrucomicrobiota,Verrucomicrobiae,Verrucomicrobiales,Verrucomicrobiaceae,Fucophilus,Fucophilus fucoidanolyticus,100,100,98,98,98,98,98
ASV_2017,Bacteria,Pseudomonadota,Gammaproteobacteria,Alteromonadales,Alteromonadaceae,Glaciecola,Glaciecola punicea,100,100,100,100,100,39.70000000000001,39.70000000000001
ASV_2018,NA,NA,NA,NA,NA,NA,NA,NA,NA,NA,NA,NA,NA,NA
ASV_2019,NA,NA,NA,NA,NA,NA,NA,NA,NA,NA,NA,NA,NA,NA
ASV_2020,Bacteria,Bacteroidota,Flavobacteriia,Flavobacteriales,Flavobacteriaceae,Winogradskyella,Mangrovimonas yunxiaonensis,100,100,100,100,100,43,37.33333333333333
ASV_2021,Bacteria,Pseudomonadota,Alphaproteobacteria,Rhodobacterales,Roseobacteraceae,Celeribacter,Celeribacter ethanolicus,100,100,100,100,100,80,73.66666666666667
ASV_2022,NA,NA,NA,NA,NA,NA,NA,NA,NA,NA,NA,NA,NA,NA
ASV_2023,Bacteria,Pseudomonadota,Gammaproteobacteria,NA,NA,Sedimenticola,Sedimenticola thiotaurini,100,100,100,60.83333333333334,60.83333333333334,60.83333333333334,32.50000000000001
ASV_2024,Bacteria,Pseudomonadota,Gammaproteobacteria,Alteromonadales,Pseudoalteromonadaceae,Psychrosphaera,Psychrosphaera ytuae,100,100,100,100,100,100,100
ASV_2025,Bacteria,Pseudomonadota,Gammaproteobacteria,Alteromonadales,Alteromonadaceae,Salinimonas,Salinimonas chungwhensis,100,100,100,100,100,95.49999999999999,87.49999999999999
ASV_2026,Bacteria,Pseudomonadota,Gammaproteobacteria,Oceanospirillales,Oceanospirillaceae,Bacterioplanoides,Bacterioplanoides pacificum,100,100,100,97.66666666666666,97.66666666666666,52.5,52.5
ASV_2027,Bacteria,Pseudomonadota,Gammaproteobacteria,Alteromonadales,Pseudoalteromonadaceae,Pseudoalteromonas,Pseudoalteromonas xishaensis,100,100,100,100,100,52.16666666666666,50.16666666666666
ASV_2028,Bacteria,Pseudomonadota,Gammaproteobacteria,Alteromonadales,Pseudoalteromonadaceae,Psychrosphaera,Psychrosphaera ytuae,100.00000000000001,100.00000000000001,100.00000000000001,100.00000000000001,99.9615384615385,73.74999999999997,64.99999999999997
ASV_2029,Bacteria,Acidobacteriota,Holophagae,Acanthopleuribacterales,Acanthopleuribacteraceae,Sulfidibacter,Sulfidibacter corallicola,100,100,100,100,100,100,100
ASV_2030,Bacteria,Pseudomonadota,Alphaproteobacteria,Rickettsiales,Rickettsiaceae,Rickettsia,Rickettsia honei,100,100,100,66,66,52.25,19.233333333333324
ASV_2031,Bacteria,Pseudomonadota,Gammaproteobacteria,Oceanospirillales,Alcanivoracaceae,Marinicella,Marinicella pacifica,100.00000000000001,100.00000000000001,100.00000000000001,100.00000000000001,100.00000000000001,100.00000000000001,47.33333333333334
ASV_2032,Bacteria,Pseudomonadota,Gammaproteobacteria,Thiotrichales,Fastidiosibacteraceae,Cysteiniphilum,Cysteiniphilum marinum,100,100,100,100,100,96,89.5
ASV_2033,Bacteria,Pseudomonadota,Alphaproteobacteria,Rhodobacterales,Paracoccaceae,Pseudooceanicola,Wenxinia saemankumensis,100,100,100,100,53.10000000000002,29.333333333333325,20.866666666666667
ASV_2034,Bacteria,Bacteroidota,Flavobacteriia,Flavobacteriales,Flavobacteriaceae,Pseudotenacibaculum,Pseudotenacibaculum haliotis,100,100,100,100,100,64.16666666666667,64.16666666666667
ASV_2035,Bacteria,Bacteroidota,Saprospiria,Saprospirales,Lewinellaceae,Flavilitoribacter,Flavilitoribacter nigricans,100,100,100,100,100,100,100
ASV_2036,Bacteria,Pseudomonadota,Alphaproteobacteria,Rhodobacterales,Roseobacteraceae,Tropicibacter,Tropicibacter naphthalenivorans,100,100,100,100,96.76969696969698,81.74054834054834,81.74054834054834
ASV_2037,Bacteria,Pseudomonadota,Gammaproteobacteria,Alteromonadales,Colwelliaceae,Thalassotalea,Thalassotalea coralli,100,100,100,91.75,91.5,83.33333333333331,29.83333333333333
ASV_2038,Bacteria,Bacteroidota,Flavobacteriia,Flavobacteriales,Flavobacteriaceae,Dokdonia,Dokdonia ponticola,100,100,100,100,100,100,100
ASV_2039,Bacteria,Bacteroidota,Flavobacteriia,Flavobacteriales,Flavobacteriaceae,Dokdonia,Dokdonia lutea,100,100,100,100,100,100,95.25
ASV_2040,NA,NA,NA,NA,NA,NA,NA,NA,NA,NA,NA,NA,NA,NA
ASV_2041,NA,NA,NA,NA,NA,NA,NA,NA,NA,NA,NA,NA,NA,NA
ASV_2042,Bacteria,Pseudomonadota,Gammaproteobacteria,Alteromonadales,Colwelliaceae,Thalassotalea,Thalassotalea coralli,100,100,100,100,88.33333333333331,87.33333333333331,21.666666666666668
ASV_2043,Bacteria,Bacteroidota,Flavobacteriia,Flavobacteriales,Flavobacteriaceae,Winogradskyella,Winogradskyella aquimaris,100,100,100,100,100,100,94
ASV_2044,NA,NA,NA,NA,NA,NA,NA,NA,NA,NA,NA,NA,NA,NA
ASV_2045,NA,NA,NA,NA,NA,NA,NA,NA,NA,NA,NA,NA,NA,NA
ASV_2046,Bacteria,Pseudomonadota,Gammaproteobacteria,Alteromonadales,Colwelliaceae,Thalassotalea,Thalassotalea loyana,100,100,100,100,100,100,49.00000000000001
ASV_2047,Bacteria,Bacteroidota,Flavobacteriia,Flavobacteriales,Flavobacteriaceae,Dokdonia,Dokdonia lutea,100,100,100,100,100,86,86
ASV_2048,Bacteria,Pseudomonadota,Gammaproteobacteria,Alteromonadales,Alteromonadaceae,Salinimonas,Salinimonas lutimaris,100,100,100,100,100,90.3333333333333,31.999999999999993
ASV_2049,Bacteria,Pseudomonadota,Gammaproteobacteria,Alteromonadales,Alteromonadaceae,Alteromonas,Alteromonas confluentis,100.00000000000001,100.00000000000001,100.00000000000001,100.00000000000001,100.00000000000001,88.00000000000001,54.488888888888894
ASV_2050,NA,NA,NA,NA,NA,NA,NA,NA,NA,NA,NA,NA,NA,NA
ASV_2051,Bacteria,Pseudomonadota,Alphaproteobacteria,Rhodobacterales,Roseobacteraceae,Mesobacterium,Mesobacterium pallidum,100,100,100,100,73.4833333333333,36.11666666666664,36.11666666666664
ASV_2052,Bacteria,Pseudomonadota,Gammaproteobacteria,Alteromonadales,Alteromonadaceae,Aestuariibacter,Aestuariibacter salexigens,100,100,100,100,100,47.05833333333333,27.53333333333332
ASV_2053,NA,NA,NA,NA,NA,NA,NA,NA,NA,NA,NA,NA,NA,NA
ASV_2054,Bacteria,Pseudomonadota,Alphaproteobacteria,Rhodobacterales,Roseobacteraceae,Ruegeria,Ruegeria profundi,100,100,100,100,100,99.75,94.08333333333333
ASV_2055,Bacteria,Pseudomonadota,Gammaproteobacteria,Oceanospirillales,Oceanospirillaceae,Oceanospirillum,Oceanospirillum sanctuarii,100,100,100,55.76666666666665,36.51666666666665,30.9,20.333333333333325
ASV_2056,Bacteria,Pseudomonadota,Alphaproteobacteria,Rhodobacterales,Roseobacteraceae,Thalassovita,Thalassovita mediterranea,100,100,100,100,81.13333333333333,73.86666666666666,72.03333333333332
ASV_2057,NA,NA,NA,NA,NA,NA,NA,NA,NA,NA,NA,NA,NA,NA
ASV_2058,NA,NA,NA,NA,NA,NA,NA,NA,NA,NA,NA,NA,NA,NA
ASV_2059,Bacteria,Pseudomonadota,Alphaproteobacteria,Hyphomonadales,Hyphomonadaceae,Hyphomonas,Hyphomonas atlantica,100,100,100,100,100,89.5,84.75
ASV_2060,NA,NA,NA,NA,NA,NA,NA,NA,NA,NA,NA,NA,NA,NA
ASV_2061,NA,NA,NA,NA,NA,NA,NA,NA,NA,NA,NA,NA,NA,NA
ASV_2062,Bacteria,Pseudomonadota,Gammaproteobacteria,Oceanospirillales,Oceanospirillaceae,Amphritea,Amphritea japonica,100,100,100,100,100,79.41666666666669,53.583333333333336
ASV_2063,Bacteria,Pseudomonadota,Alphaproteobacteria,Sphingomonadales,Erythrobacteraceae,Altererythrobacter,Altererythrobacter ishigakiensis,100,100,100,100,100,97.33333333333333,97.33333333333333
ASV_2064,Bacteria,Bacteroidota,Flavobacteriia,Flavobacteriales,Flavobacteriaceae,Winogradskyella,Winogradskyella flava,100,100,100,100,100,100,94.83333333333333
ASV_2065,Bacteria,Campylobacterota,Epsilonproteobacteria,Campylobacterales,Arcobacteraceae,Malaciobacter,Halarcobacter bivalviorum,100,100,100,100,100,50.333333333333336,40.833333333333336
ASV_2066,Bacteria,Pseudomonadota,Gammaproteobacteria,Pseudomonadales,Pseudomonadaceae,Halopseudomonas,Halopseudomonas gallaeciensis,100,100,100,100,100,87.1,78.86666666666666
ASV_2067,NA,NA,NA,NA,NA,NA,NA,NA,NA,NA,NA,NA,NA,NA
ASV_2068,Bacteria,Pseudomonadota,Gammaproteobacteria,Vibrionales,Vibrionaceae,Vibrio,Vibrio tubiashii,100,100,100,100,100,99.85714285714285,81.2857142857143
ASV_2069,Bacteria,Pseudomonadota,Gammaproteobacteria,Alteromonadales,Colwelliaceae,Thalassotalea,Thalassotalea coralli,100,100,100,100,100,99,56.00000000000001
ASV_2070,NA,NA,NA,NA,NA,NA,NA,NA,NA,NA,NA,NA,NA,NA
ASV_2071,NA,NA,NA,NA,NA,NA,NA,NA,NA,NA,NA,NA,NA,NA
ASV_2072,Bacteria,Bacteroidota,Flavobacteriia,Flavobacteriales,Flavobacteriaceae,Gilvibacter,Gilvibacter sediminis,100,100,100,100,100,98,98
ASV_2073,Bacteria,Bacteroidota,Flavobacteriia,Flavobacteriales,Cryomorphaceae,Acidiluteibacter,Acidiluteibacter ferrifornacis,100,100,100,100,100,100,100
ASV_2074,Bacteria,Pseudomonadota,Alphaproteobacteria,Rhodobacterales,Roseobacteraceae,Palleronia,Palleronia caenipelagi,100.00000000000001,100.00000000000001,100.00000000000001,100.00000000000001,95.16666666666669,95.16666666666669,55.83333333333334
ASV_2075,Bacteria,Bacteroidota,Flavobacteriia,Flavobacteriales,Flavobacteriaceae,Winogradskyella,Winogradskyella flava,100,100,100,100,100,79.21666666666668,69.48333333333332
ASV_2076,NA,NA,NA,NA,NA,NA,NA,NA,NA,NA,NA,NA,NA,NA
ASV_2077,Bacteria,Pseudomonadota,Alphaproteobacteria,Sneathiellales,Sneathiellaceae,Sneathiella,Sneathiella glossodoripedis,100,100,100,100,100,100,57
ASV_2078,Bacteria,Pseudomonadota,Gammaproteobacteria,Alteromonadales,Colwelliaceae,Thalassotalea,Thalassotalea coralli,100,100,100,100,100,100,100
ASV_2079,Bacteria,Pseudomonadota,Alphaproteobacteria,Rhodobacterales,Roseobacteraceae,Aquamicrobium,Aquamicrobium aestuarii,99.99999999999999,99.99999999999999,99.99999999999999,62.508333333333354,50.808333333333344,27.24166666666667,27.24166666666667
ASV_2080,Bacteria,Bacteroidota,Flavobacteriia,Flavobacteriales,Flavobacteriaceae,Seonamhaeicola,Seonamhaeicola maritimus,100,100,100,100,100,90.83333333333333,82.33333333333333
ASV_2081,Bacteria,Pseudomonadota,Gammaproteobacteria,Alteromonadales,Colwelliaceae,Thalassotalea,Thalassotalea coralli,100,100,100,100,91.10000000000001,82.4,30.7
ASV_2082,Bacteria,Pseudomonadota,Gammaproteobacteria,Alteromonadales,Colwelliaceae,Thalassotalea,Thalassotalea loyana,100,100,100,100,100,100,58.58333333333333
ASV_2083,Bacteria,Bacteroidota,Flavobacteriia,Flavobacteriales,Flavobacteriaceae,Dokdonia,Dokdonia lutea,100,100,100,100,100,100,66.83333333333333
ASV_2084,Bacteria,Bacteroidota,Flavobacteriia,Flavobacteriales,Flavobacteriaceae,Dokdonia,Dokdonia lutea,100,100,100,100,100,100,100
ASV_2085,Bacteria,Pseudomonadota,Gammaproteobacteria,Alteromonadales,Colwelliaceae,Thalassotalea,Thalassotalea crassostreae,100,100,100,93.5,92.5,62.500000000000014,57.666666666666664
ASV_2086,Bacteria,Pseudomonadota,Gammaproteobacteria,Oceanospirillales,Oceanospirillaceae,Thalassolituus,Bacterioplanoides pacificum,100,100,100,95,94,47.666666666666664,45.333333333333336
ASV_2087,Bacteria,Bacteroidota,Flavobacteriia,Flavobacteriales,Cryomorphaceae,Acidiluteibacter,Acidiluteibacter ferrifornacis,100,100,100,100,100,100,100
ASV_2088,Bacteria,Verrucomicrobiota,Opitutae,Puniceicoccales,Coraliomargaritaceae,Coraliomargarita,Coraliomargarita akajimensis,100,100,99.5,99.5,99.5,99.5,64
ASV_2089,Bacteria,Bacteroidota,Cytophagia,Cytophagales,Microscillaceae,Microscilla,Microscilla marina,100,100,100,100,100,100,100
ASV_2090,Bacteria,Pseudomonadota,Gammaproteobacteria,Thiotrichales,Francisellaceae,Francisella,Francisella uliginis,100,100,100,100,100,100,96.75
ASV_2091,Bacteria,Bacteroidota,Cytophagia,Cytophagales,Fulvivirgaceae,Fulvivirga,Fulvivirga sediminis,100,100,100,100,100,100,74.5
ASV_2092,NA,NA,NA,NA,NA,NA,NA,NA,NA,NA,NA,NA,NA,NA
ASV_2093,Bacteria,Bacteroidota,Cytophagia,Cytophagales,Roseivirgaceae,Roseivirga,Roseivirga halotolerans,100,100,100,100,100,100,100
ASV_2094,Bacteria,Pseudomonadota,Gammaproteobacteria,Alteromonadales,Colwelliaceae,Thalassotalea,Thalassotalea ponticola,100,100,100,100,100,99.42857142857143,77.9761904761905
ASV_2095,Bacteria,Pseudomonadota,Alphaproteobacteria,Rhodobacterales,Paracoccaceae,Aliiroseovarius,Aliiroseovarius halocynthiae,99.99999999999997,99.99999999999997,99.99999999999997,99.99999999999997,60.164285714285725,37.66904761904761,31.192857142857143
ASV_2096,Bacteria,Pseudomonadota,Gammaproteobacteria,Alteromonadales,Colwelliaceae,Thalassotalea,Thalassotalea coralli,100.00000000000003,100.00000000000003,100.00000000000003,100.00000000000003,100.00000000000003,94.08333333333334,31.66666666666667
ASV_2097,Bacteria,Bacteroidota,Cytophagia,Cytophagales,Reichenbachiellaceae,Roseivirga,Ekhidna lutea,100.00000000000001,100.00000000000001,100.00000000000001,100.00000000000001,51.416666666666636,45.91666666666663,40.916666666666636
ASV_2098,Bacteria,Pseudomonadota,Gammaproteobacteria,Pseudomonadales,Pseudohongiellaceae,Pseudohongiella,Pseudohongiella spirulinae,100,100,100,100,100,100,100
ASV_2099,Bacteria,Pseudomonadota,Gammaproteobacteria,Oceanospirillales,Oceanospirillaceae,Bermanella,Bermanella marisrubri,100,100,100,92.33333333333331,91.33333333333331,45.166666666666664,45.166666666666664
ASV_2100,Bacteria,Pseudomonadota,Alphaproteobacteria,Rhodobacterales,Roseobacteraceae,Maritimibacter,Maritimibacter alkaliphilus,100,100,100,100,89.16060606060606,62.680303030303016,38.181818181818166
ASV_2101,NA,NA,NA,NA,NA,NA,NA,NA,NA,NA,NA,NA,NA,NA
ASV_2102,Bacteria,Pseudomonadota,Gammaproteobacteria,Methylococcales,Methylococcaceae,Sedimenticola,Sedimenticola selenatireducens,100,100,100,53.5,53.5,46.5,46.5
ASV_2103,Bacteria,Pseudomonadota,Gammaproteobacteria,Oceanospirillales,Alcanivoracaceae,Marinicella,Marinicella sediminis,100.00000000000001,100.00000000000001,100.00000000000001,100.00000000000001,100.00000000000001,100.00000000000001,67.83333333333333
ASV_2104,NA,NA,NA,NA,NA,NA,NA,NA,NA,NA,NA,NA,NA,NA
ASV_2105,Bacteria,Pseudomonadota,Alphaproteobacteria,Rhodospirillales,Terasakiellaceae,Terasakiella,Terasakiella salincola,100,100,100,100,100,100,100
ASV_2106,Bacteria,Bacteroidota,Cytophagia,Cytophagales,Roseivirgaceae,Roseivirga,Roseivirga spongicola,100,100,100,100,100,100,100
ASV_2107,NA,NA,NA,NA,NA,NA,NA,NA,NA,NA,NA,NA,NA,NA
ASV_2108,Bacteria,Pseudomonadota,Gammaproteobacteria,Alteromonadales,Alteromonadaceae,Alteromonas,Alteromonas aestuariivivens,100.00000000000004,100.00000000000004,100.00000000000004,100.00000000000004,100.00000000000004,99.2065217391305,56.782909642692296
ASV_2109,Bacteria,Bacteroidota,Flavobacteriia,Flavobacteriales,Flavobacteriaceae,Polaribacter,Polaribacter huanghezhanensis,100,100,100,100,100,90.83333333333333,61.86666666666666
ASV_2110,Bacteria,Pseudomonadota,Gammaproteobacteria,Thiotrichales,Fastidiosibacteraceae,Cysteiniphilum,Cysteiniphilum marinum,100,100,100,100,100,100,99.5
ASV_2111,Bacteria,Bacteroidota,Flavobacteriia,Flavobacteriales,Flavobacteriaceae,Polaribacter,Polaribacter aquimarinus,100,100,100,100,100,67.16666666666669,37.97619047619049
ASV_2112,NA,NA,NA,NA,NA,NA,NA,NA,NA,NA,NA,NA,NA,NA
ASV_2113,Bacteria,Verrucomicrobiota,Opitutae,Puniceicoccales,Coraliomargaritaceae,Coraliomargarita,Coraliomargarita akajimensis,100,100,96,96,96,96,52.66666666666666
ASV_2114,Bacteria,Planctomycetota,Planctomycetia,Pirellulales,Pirellulaceae,Mariniblastus,Mariniblastus fucicola,100,100,100,100,100,72.5,72.5
ASV_2115,Bacteria,Pseudomonadota,Gammaproteobacteria,Alteromonadales,Colwelliaceae,Thalassotalea,Thalassotalea coralli,100,100,100,100,90,83.26666666666668,27.500000000000004
ASV_2116,Bacteria,Bacteroidota,Flavobacteriia,Flavobacteriales,Flavobacteriaceae,Seonamhaeicola,Seonamhaeicola aphaedonensis,100,100,100,100,100,94.83333333333333,83.50000000000001
ASV_2117,NA,NA,NA,NA,NA,NA,NA,NA,NA,NA,NA,NA,NA,NA
ASV_2118,Bacteria,Bacteroidota,Saprospiria,Saprospirales,Saprospiraceae,Aureispira,Aureispira maritima,100,100,100,100,100,100,100
ASV_2119,Bacteria,Pseudomonadota,Alphaproteobacteria,Rhodobacterales,Roseobacteraceae,Lutimaribacter,Lutimaribacter marinistellae,100,100,100,100,80.69999999999999,42.949999999999996,41.28333333333333
ASV_2120,Bacteria,Pseudomonadota,Alphaproteobacteria,Rhodobacterales,Roseobacteraceae,Tropicibacter,Tropicibacter naphthalenivorans,100,100,100,100,93.96666666666668,70.72705627705628,70.72705627705628
ASV_2121,NA,NA,NA,NA,NA,NA,NA,NA,NA,NA,NA,NA,NA,NA
ASV_2122,NA,NA,NA,NA,NA,NA,NA,NA,NA,NA,NA,NA,NA,NA
ASV_2123,Bacteria,Bacteroidota,Flavobacteriia,Flavobacteriales,Flavobacteriaceae,Dokdonia,Dokdonia lutea,100,100,100,100,100,100,88.83333333333333
ASV_2124,Bacteria,Bacteroidota,Flavobacteriia,Flavobacteriales,Cryomorphaceae,Acidiluteibacter,Acidiluteibacter ferrifornacis,100,100,100,100,100,100,100
ASV_2125,Bacteria,Bacteroidota,Flavobacteriia,Flavobacteriales,Flavobacteriaceae,Dokdonia,Dokdonia ponticola,100,100,100,100,100,100,90
ASV_2126,Bacteria,Pseudomonadota,Gammaproteobacteria,Vibrionales,Vibrionaceae,Vibrio,Vibrio alfacsensis,99.99999999999997,99.99999999999997,99.99999999999997,99.99999999999997,99.99999999999997,99.99999999999997,31.999999999999986
ASV_2127,Bacteria,Pseudomonadota,Gammaproteobacteria,Oceanospirillales,Oceanospirillaceae,Aliamphritea,Aliamphritea spongicola,100,100,100,100,100,84.5,82
ASV_2128,Bacteria,Pseudomonadota,Alphaproteobacteria,Hyphomicrobiales,Hyphomicrobiaceae,Filomicrobium,Filomicrobium fusiforme,100,100,100,99,92,64.69444444444443,60.19444444444442
ASV_2129,Bacteria,Bacteroidota,Flavobacteriia,Flavobacteriales,Flavobacteriaceae,Corallibacter,Corallibacter vietnamensis,100,100,100,100,100,96.5,96.5
ASV_2130,Bacteria,Myxococcota,NA,Haliangiales,Kofleriaceae,Kofleria,Kofleria flava,100,100,100,100,100,98.66666666666666,98.66666666666666
ASV_2131,Bacteria,Bacteroidota,Cytophagia,Cytophagales,Reichenbachiellaceae,Ekhidna,Ekhidna lutea,100,100,100,100,100,100,100
ASV_2132,Bacteria,Pseudomonadota,Alphaproteobacteria,Parvularculales,Parvularculaceae,Parvularcula,Parvularcula lutaonensis,100,100,100,100,100,100,72
ASV_2133,Bacteria,Pseudomonadota,Gammaproteobacteria,Alteromonadales,Colwelliaceae,Thalassotalea,Thalassotalea coralli,100,100,100,100,63.41666666666666,61.41666666666666,32.166666666666664
ASV_2134,Bacteria,Verrucomicrobiota,Verrucomicrobiae,Verrucomicrobiales,Verrucomicrobiaceae,Haloferula,Haloferula phyci,100,100,100,100,100,100,91
ASV_2135,NA,NA,NA,NA,NA,NA,NA,NA,NA,NA,NA,NA,NA,NA
ASV_2136,Bacteria,Pseudomonadota,Gammaproteobacteria,Moraxellales,Moraxellaceae,Acinetobacter,Acinetobacter junii,100,100,100,100,100,100,100
ASV_2137,NA,NA,NA,NA,NA,NA,NA,NA,NA,NA,NA,NA,NA,NA
ASV_2138,NA,NA,NA,NA,NA,NA,NA,NA,NA,NA,NA,NA,NA,NA
ASV_2139,NA,NA,NA,NA,NA,NA,NA,NA,NA,NA,NA,NA,NA,NA
ASV_2140,NA,NA,NA,NA,NA,NA,NA,NA,NA,NA,NA,NA,NA,NA
ASV_2141,NA,NA,NA,NA,NA,NA,NA,NA,NA,NA,NA,NA,NA,NA
ASV_2142,NA,NA,NA,NA,NA,NA,NA,NA,NA,NA,NA,NA,NA,NA
ASV_2143,Bacteria,Pseudomonadota,Gammaproteobacteria,Alteromonadales,Alteromonadaceae,Alteromonas,Alteromonas confluentis,100.00000000000001,100.00000000000001,100.00000000000001,100.00000000000001,100.00000000000001,74.70873015873013,28.970634920634915
ASV_2144,Bacteria,Pseudomonadota,Gammaproteobacteria,Oceanospirillales,Pleioneaceae,Aliikangiella,Aliikangiella marina,100,100,100,100,100,100,99
ASV_2145,Bacteria,Pseudomonadota,Gammaproteobacteria,Alteromonadales,Alteromonadaceae,Alteromonas,Alteromonas confluentis,100.00000000000001,100.00000000000001,100.00000000000001,100.00000000000001,100.00000000000001,84.02380952380955,48.49426406926399
ASV_2146,Bacteria,Pseudomonadota,Alphaproteobacteria,Rhodobacterales,Paracoccaceae,Antarcticimicrobium,Antarcticimicrobium luteum,100,100,100,100,79.41666666666669,77.00000000000001,74.00000000000001
ASV_2147,Bacteria,Pseudomonadota,Gammaproteobacteria,Vibrionales,Vibrionaceae,Vibrio,Vibrio mytili,100,100,100,100,100,100,51.728571428571435
ASV_2148,Bacteria,Pseudomonadota,Gammaproteobacteria,Alteromonadales,Alteromonadaceae,Alteromonas,Alteromonas abrolhosensis,100,100,100,100,100,100,38.215849082641384
ASV_2149,NA,NA,NA,NA,NA,NA,NA,NA,NA,NA,NA,NA,NA,NA
ASV_2150,NA,NA,NA,NA,NA,NA,NA,NA,NA,NA,NA,NA,NA,NA
ASV_2151,Bacteria,Pseudomonadota,Gammaproteobacteria,Alteromonadales,Alteromonadaceae,Alteromonas,Alteromonas australica,100.00000000000004,100.00000000000004,100.00000000000004,100.00000000000004,100.00000000000004,94.25301365301372,27.026163996186884
ASV_2152,Bacteria,Pseudomonadota,Alphaproteobacteria,Hyphomicrobiales,Cohaesibacteraceae,Cohaesibacter,Cohaesibacter gelatinilyticus,100,100,100,100,98.83333333333333,98.83333333333333,90.58333333333333
ASV_2153,Bacteria,Planctomycetota,Planctomycetia,Planctomycetales,Planctomycetaceae,Fuerstiella,Fuerstiella marisgermanici,100,100,100,100,100,100,100
ASV_2154,Bacteria,Pseudomonadota,Gammaproteobacteria,Alteromonadales,Alteromonadaceae,Alteromonas,Alteromonas confluentis,100,100,100,100,100,77.7809523809524,32.967857142857106
ASV_2155,Bacteria,Pseudomonadota,Alphaproteobacteria,Rhodobacterales,Roseobacteraceae,Roseovarius,Arenibacterium halophilum,100.00000000000001,100.00000000000001,100.00000000000001,100.00000000000001,58.90822510822513,24.127380952380953,23.575432900432894
ASV_2156,Bacteria,Pseudomonadota,Gammaproteobacteria,Oceanospirillales,Oceanospirillaceae,Oceanobacter,Oceanobacter mangrovi,100,100,100,100,100,97,60.33333333333333
ASV_2157,Bacteria,Pseudomonadota,Gammaproteobacteria,Alteromonadales,Colwelliaceae,Thalassotalea,Thalassomonas actiniarum,100,100,100,97,92.5,48.166666666666664,36.16666666666666
ASV_2158,Bacteria,Pseudomonadota,Gammaproteobacteria,Thiohalobacterales,Thiohalobacteraceae,Thiohalobacter,Thiohalobacter thiocyanaticus,100,100,100,100,100,100,100
ASV_2159,Bacteria,Bacteroidota,Flavobacteriia,Flavobacteriales,Flavobacteriaceae,Winogradskyella,Winogradskyella flava,100,100,100,100,100,100,91
ASV_2160,Bacteria,Pseudomonadota,Gammaproteobacteria,Alteromonadales,Colwelliaceae,Thalassotalea,Thalassotalea coralli,100.00000000000001,100.00000000000001,100.00000000000001,100.00000000000001,99.00000000000001,76.33333333333333,45.16666666666666
ASV_2161,Bacteria,Bacteroidota,Flavobacteriia,Flavobacteriales,Flavobacteriaceae,Seonamhaeicola,Seonamhaeicola aphaedonensis,100,100,100,100,100,98.5,97.5
ASV_2162,Bacteria,Pseudomonadota,Gammaproteobacteria,Alteromonadales,Alteromonadaceae,Aestuariibacter,Aestuariibacter salexigens,100.00000000000001,100.00000000000001,100.00000000000001,100.00000000000001,100.00000000000001,49.53333333333335,46.83333333333334
ASV_2163,NA,NA,NA,NA,NA,NA,NA,NA,NA,NA,NA,NA,NA,NA
ASV_2164,Bacteria,Bacteroidota,Flavobacteriia,Flavobacteriales,Flavobacteriaceae,Tenacibaculum,Tenacibaculum litopenaei,100,100,100,100,100,51.500000000000014,35.83333333333334
ASV_2165,Bacteria,Actinomycetota,Actinomycetes,Bifidobacteriales,Bifidobacteriaceae,Bifidobacterium,Bifidobacterium asteroides,100,100,100,100,100,100,79.69999999999999
ASV_2166,Bacteria,Pseudomonadota,Gammaproteobacteria,Alteromonadales,Colwelliaceae,Thalassotalea,Thalassotalea coralli,100,100,100,97.5,96.75,95.41666666666667,62.25000000000001
ASV_2167,Bacteria,Pseudomonadota,Alphaproteobacteria,Rhodobacterales,Roseobacteraceae,Maritimibacter,Maritimibacter alkaliphilus,100.00000000000003,100.00000000000003,100.00000000000003,100.00000000000003,65.98809523809526,60.021428571428565,39.785714285714285
ASV_2168,NA,NA,NA,NA,NA,NA,NA,NA,NA,NA,NA,NA,NA,NA
ASV_2169,Bacteria,Bacteroidota,Saprospiria,Saprospirales,Saprospiraceae,Aureispira,Aureispira maritima,100,100,100,100,100,100,95
ASV_2170,Bacteria,Pseudomonadota,Alphaproteobacteria,Rhodobacterales,Roseobacteraceae,Thalassovita,Thalassovita mediterranea,100,100,100,100,86.41666666666669,72.16666666666666,67.08333333333331
ASV_2171,Bacteria,Pseudomonadota,Alphaproteobacteria,Rhodobacterales,Roseobacteraceae,Roseovarius,Roseovarius scapharcae,100,100,100,100,85.87608225108224,31.022727272727256,25.808838383838378
ASV_2172,Bacteria,Pseudomonadota,Alphaproteobacteria,Rhodobacterales,Roseobacteraceae,Ruegeria,Ruegeria conchae,100,100,100,100,82.61666666666667,82.61666666666667,76.13333333333333
ASV_2173,Bacteria,Pseudomonadota,Gammaproteobacteria,Alteromonadales,Colwelliaceae,Thalassotalea,Thalassotalea coralli,100,100,100,100,100,100,100
ASV_2174,Bacteria,Bacteroidota,Flavobacteriia,Flavobacteriales,Flavobacteriaceae,Patiriisocius,Patiriisocius marinus,100,100,100,100,100,45,45
ASV_2175,Bacteria,Pseudomonadota,Alphaproteobacteria,Rhodobacterales,Paracoccaceae,Tritonibacter,Tritonibacter multivorans,100,100,100,100,78.5909090909091,78.5909090909091,78.25757575757575
ASV_2176,Bacteria,Pseudomonadota,Alphaproteobacteria,Rhodobacterales,Roseobacteraceae,Shimia,Aestuariicoccus marinus,100.00000000000001,100.00000000000001,100.00000000000001,100.00000000000001,70.48928571428573,19.36904761904762,13.625000000000002
ASV_2177,Bacteria,Pseudomonadota,Gammaproteobacteria,Alteromonadales,Pseudoalteromonadaceae,Psychrosphaera,Psychrosphaera aestuarii,100,100,100,100,100,100,40.25
ASV_2178,Bacteria,Bacteroidota,Cytophagia,Cytophagales,Reichenbachiellaceae,Ekhidna,Ekhidna lutea,100,100,100,100,100,100,100
ASV_2179,Bacteria,Bacteroidota,Cytophagia,Cytophagales,Roseivirgaceae,Roseivirga,Roseivirga misakiensis,100,100,100,100,83.33333333333331,83.33333333333331,59.91666666666665
ASV_2180,Bacteria,Bacteroidota,Cytophagia,Cytophagales,Roseivirgaceae,Roseivirga,Roseivirga halotolerans,100,100,100,100,100,100,54
ASV_2181,NA,NA,NA,NA,NA,NA,NA,NA,NA,NA,NA,NA,NA,NA
ASV_2182,NA,NA,NA,NA,NA,NA,NA,NA,NA,NA,NA,NA,NA,NA
ASV_2183,Bacteria,Pseudomonadota,Gammaproteobacteria,Alteromonadales,Colwelliaceae,Thalassotalea,Thalassomonas haliotis,99.99999999999999,99.99999999999999,99.99999999999999,99.99999999999999,99.99999999999999,64.5,18.999999999999993
ASV_2184,Bacteria,Pseudomonadota,Gammaproteobacteria,Alteromonadales,Colwelliaceae,Thalassotalea,Thalassotalea ganghwensis,100,100,100,100,96.25,72.80000000000001,25.866666666666667
ASV_2185,Bacteria,Pseudomonadota,Alphaproteobacteria,Hyphomonadales,Hyphomonadaceae,Hyphomonas,Hyphomonas pacifica,100,100,100,100,100,92.93333333333331,58.283333333333324
ASV_2186,Bacteria,Pseudomonadota,Gammaproteobacteria,Cellvibrionales,Halieaceae,Congregibacter,Congregibacter litoralis,100,100,100,100,100,73.83333333333333,73.83333333333333
ASV_2187,Bacteria,Pseudomonadota,Alphaproteobacteria,Rhodobacterales,Roseobacteraceae,Tropicibacter,Tropicibacter naphthalenivorans,100,100,100,100,94.72777777777776,81.36547619047619,81.36547619047619
ASV_2188,NA,NA,NA,NA,NA,NA,NA,NA,NA,NA,NA,NA,NA,NA
ASV_2189,NA,NA,NA,NA,NA,NA,NA,NA,NA,NA,NA,NA,NA,NA
ASV_2190,NA,NA,NA,NA,NA,NA,NA,NA,NA,NA,NA,NA,NA,NA
ASV_2191,Bacteria,Campylobacterota,Epsilonproteobacteria,Campylobacterales,Sulfurovaceae,Sulfurovum,Sulfurovum lithotrophicum,100,100,100,100,100,100,84.5
ASV_2192,Bacteria,Bacteroidota,Flavobacteriia,Flavobacteriales,Crocinitomicaceae,Crocinitomix,Crocinitomix catalasitica,100,100,100,100,100,99.5,91.5
ASV_2193,Bacteria,Campylobacterota,Epsilonproteobacteria,Campylobacterales,Sulfurovaceae,Sulfurovum,Sulfurovum riftiae,100,100,100,100,100,100,54.74999999999999
ASV_2194,Bacteria,Pseudomonadota,Gammaproteobacteria,Alteromonadales,Alteromonadaceae,Alteromonas,Alteromonas abrolhosensis,99.99999999999999,99.99999999999999,99.99999999999999,99.99999999999999,99.99999999999999,99.95454545454542,41.00990945938042
ASV_2195,Bacteria,Pseudomonadota,Gammaproteobacteria,Alteromonadales,Pseudoalteromonadaceae,Pseudoalteromonas,Pseudoalteromonas amylolytica,100,100,100,100,100,100,96.37499999999999
ASV_2196,Bacteria,Pseudomonadota,Alphaproteobacteria,Hyphomonadales,Hyphomonadaceae,Hyphomonas,Hyphomonas jannaschiana,100,100,100,100,100,100,45.45
ASV_2197,Bacteria,Bacteroidota,Flavobacteriia,Flavobacteriales,Flavobacteriaceae,Tenacibaculum,Tenacibaculum holothuriorum,100,100,100,100,100,76.41666666666669,44.333333333333336
ASV_2198,Bacteria,Pseudomonadota,Gammaproteobacteria,Oceanospirillales,Oceanospirillaceae,Bacterioplanoides,Bacterioplanoides pacificum,100,100,100,69.5,65.16666666666666,34.75,34.75
ASV_2199,NA,NA,NA,NA,NA,NA,NA,NA,NA,NA,NA,NA,NA,NA
ASV_2200,Bacteria,Bacteroidota,Flavobacteriia,Flavobacteriales,Crocinitomicaceae,Crocinitomix,Crocinitomix algicola,100,100,100,100,100,67.33333333333333,47.66666666666666
ASV_2201,NA,NA,NA,NA,NA,NA,NA,NA,NA,NA,NA,NA,NA,NA
ASV_2202,Bacteria,Campylobacterota,Epsilonproteobacteria,Campylobacterales,Arcobacteraceae,Halarcobacter,Halarcobacter bivalviorum,100,100,100,100,100,46.16666666666666,46.16666666666666
ASV_2203,Bacteria,Pseudomonadota,Gammaproteobacteria,Alteromonadales,Colwelliaceae,Thalassotalea,Thalassotalea profundi,100,100,100,77.58333333333333,76.58333333333333,72.66666666666669,31.00000000000001
ASV_2204,Bacteria,Pseudomonadota,Gammaproteobacteria,Cellvibrionales,Cellvibrionaceae,Pseudomaricurvus,Pseudomaricurvus alkylphenolicus,100,100,100,100,100,100,100
ASV_2205,Bacteria,Pseudomonadota,Alphaproteobacteria,Hyphomonadales,Hyphomonadaceae,Hyphomonas,Hyphomonas atlantica,100.00000000000001,100.00000000000001,100.00000000000001,100.00000000000001,100.00000000000001,99.00000000000001,55.183333333333344
ASV_2206,Bacteria,Pseudomonadota,Gammaproteobacteria,Thiotrichales,Fastidiosibacteraceae,Cysteiniphilum,Cysteiniphilum litorale,100,100,100,100,100,91.5,89
ASV_2207,NA,NA,NA,NA,NA,NA,NA,NA,NA,NA,NA,NA,NA,NA
ASV_2208,Bacteria,Bacteroidota,Flavobacteriia,Flavobacteriales,Flavobacteriaceae,Seonamhaeicola,Seonamhaeicola aphaedonensis,100,100,100,100,100,99,95.5
ASV_2209,Bacteria,Pseudomonadota,Betaproteobacteria,Burkholderiales,Comamonadaceae,Acidovorax,Acidovorax temperans,100,100,100,100,100,100,33.75
ASV_2210,NA,NA,NA,NA,NA,NA,NA,NA,NA,NA,NA,NA,NA,NA
ASV_2211,Bacteria,Bacteroidota,Flavobacteriia,Flavobacteriales,Flavobacteriaceae,Winogradskyella,Winogradskyella echinorum,100,100,100,100,100,95.5,48.75
ASV_2212,Bacteria,Bacteroidota,Flavobacteriia,Flavobacteriales,Flavobacteriaceae,Dokdonia,Dokdonia lutea,100,100,100,100,100,100,99.5
ASV_2213,Bacteria,Bacteroidota,Flavobacteriia,Flavobacteriales,Flavobacteriaceae,Seonamhaeicola,Seonamhaeicola algicola,100,100,100,100,100,56.5,27.500000000000004
ASV_2214,Bacteria,Bacteroidota,Flavobacteriia,Flavobacteriales,Flavobacteriaceae,Seonamhaeicola,Seonamhaeicola aphaedonensis,100.00000000000001,100.00000000000001,100.00000000000001,100.00000000000001,100.00000000000001,23.500000000000004,12.833333333333337
ASV_2215,Bacteria,Pseudomonadota,Gammaproteobacteria,Alteromonadales,Pseudoalteromonadaceae,Pseudoalteromonas,Pseudoalteromonas piratica,99.99999999999979,99.99999999999979,99.99999999999979,99.99999999999979,99.9255172413791,85.59218390804578,30.743601938033873
ASV_2216,Bacteria,Pseudomonadota,Gammaproteobacteria,Alteromonadales,Colwelliaceae,Thalassotalea,Thalassotalea coralli,100.00000000000001,100.00000000000001,100.00000000000001,100.00000000000001,88.66666666666667,84.5,60.33333333333333
ASV_2217,NA,NA,NA,NA,NA,NA,NA,NA,NA,NA,NA,NA,NA,NA
ASV_2218,Bacteria,Verrucomicrobiota,Opitutae,Puniceicoccales,Coraliomargaritaceae,Coraliomargarita,Coraliomargarita sinensis,100.00000000000001,100.00000000000001,100.00000000000001,100.00000000000001,100.00000000000001,100.00000000000001,62.33333333333335
ASV_2219,NA,NA,NA,NA,NA,NA,NA,NA,NA,NA,NA,NA,NA,NA
ASV_2220,Bacteria,Bacteroidota,Flavobacteriia,Flavobacteriales,Flavobacteriaceae,Dokdonia,Dokdonia lutea,100,100,100,100,100,100,100
ASV_2221,Bacteria,Pseudomonadota,Gammaproteobacteria,Alteromonadales,Colwelliaceae,Thalassotalea,Thalassotalea insulae,100,100,100,94.16666666666667,93.66666666666667,65.89999999999999,23.166666666666664
ASV_2222,Bacteria,Bacteroidota,Flavobacteriia,Flavobacteriales,Cryomorphaceae,Acidiluteibacter,Acidiluteibacter ferrifornacis,100,100,100,100,99,99,99
ASV_2223,Bacteria,Pseudomonadota,Gammaproteobacteria,Alteromonadales,Alteromonadaceae,Alteromonas,Alteromonas indica,100,100,100,100,100,51.000000000000014,40.50000000000001
ASV_2224,Bacteria,Bacteroidota,Flavobacteriia,Flavobacteriales,Flavobacteriaceae,Kordia,Kordia aquimaris,100,100,100,100,100,100,34.583333333333336
ASV_2225,Bacteria,Verrucomicrobiota,Verrucomicrobiae,Verrucomicrobiales,Verrucomicrobiaceae,Fucophilus,Fucophilus fucoidanolyticus,100,100,88.5,88.5,88.5,88.5,88.5
ASV_2226,Bacteria,Balneolota,Balneolia,Balneolales,Balneolaceae,Balneola,Balneola alkaliphila,100,100,100,100,100,86.83333333333333,76.83333333333333
ASV_2227,Bacteria,Bacteroidota,Saprospiria,Saprospirales,Haliscomenobacteraceae,Phaeodactylibacter,Phaeodactylibacter luteus,100.00000000000001,100.00000000000001,100.00000000000001,100.00000000000001,55.00000000000001,55.00000000000001,55.00000000000001
ASV_2228,NA,NA,NA,NA,NA,NA,NA,NA,NA,NA,NA,NA,NA,NA
ASV_2229,NA,NA,NA,NA,NA,NA,NA,NA,NA,NA,NA,NA,NA,NA
ASV_2230,Bacteria,Pseudomonadota,Alphaproteobacteria,Hyphomicrobiales,Rhizobiaceae,Flavimaribacter,Flavimaribacter sediminis,100.00000000000001,100.00000000000001,100.00000000000001,100.00000000000001,55.56666666666666,55.56666666666666,55.56666666666666
ASV_2231,Bacteria,Bdellovibrionota,Bacteriovoracia,Bacteriovoracales,Halobacteriovoraceae,Halobacteriovorax,Halobacteriovorax marinus,100,100,100,100,99,99,71.25
ASV_2232,NA,NA,NA,NA,NA,NA,NA,NA,NA,NA,NA,NA,NA,NA
ASV_2233,Bacteria,Pseudomonadota,Alphaproteobacteria,Rhodobacterales,Roseobacteraceae,Roseovarius,Roseovarius pacificus,100.00000000000001,100.00000000000001,100.00000000000001,100.00000000000001,83.90000000000002,44.200000000000024,44.200000000000024
ASV_2234,Bacteria,Campylobacterota,Epsilonproteobacteria,Campylobacterales,Arcobacteraceae,Malaciobacter,Malaciobacter pacificus,100.00000000000001,100.00000000000001,100.00000000000001,100.00000000000001,100.00000000000001,79.30952380952381,76.47619047619048
ASV_2235,Bacteria,Actinomycetota,Acidimicrobiia,Acidimicrobiales,Iamiaceae,Iamia,Iamia majanohamensis,100,100,100,100,100,55.00000000000001,55.00000000000001
ASV_2236,NA,NA,NA,NA,NA,NA,NA,NA,NA,NA,NA,NA,NA,NA
ASV_2237,NA,NA,NA,NA,NA,NA,NA,NA,NA,NA,NA,NA,NA,NA
ASV_2238,Bacteria,Pseudomonadota,Gammaproteobacteria,Alteromonadales,Alteromonadaceae,Alteromonas,Alteromonas mediterranea,100,100,100,100,100,99.8410839160839,60.86535286802154
ASV_2239,Bacteria,Pseudomonadota,Gammaproteobacteria,Pseudomonadales,Marinobacteraceae,Marinobacter,Marinobacter nauticus,100,100,100,100,100,100,98.83333333333331
ASV_2240,Bacteria,Pseudomonadota,Gammaproteobacteria,Oceanospirillales,Oceanospirillaceae,Neptuniibacter,Neptuniibacter caesariensis,100,100,100,100,100,100,100
ASV_2241,Bacteria,Pseudomonadota,Gammaproteobacteria,Vibrionales,Vibrionaceae,Vibrio,Vibrio alginolyticus,100,100,100,100,100,100,90.86666666666667
ASV_2242,Bacteria,Pseudomonadota,Gammaproteobacteria,Alteromonadales,Alteromonadaceae,Alteromonas,Alteromonas abrolhosensis,99.99999999999999,99.99999999999999,99.99999999999999,99.99999999999999,99.99999999999999,98.27318840579707,34.86422819040936
ASV_2243,Bacteria,Pseudomonadota,Gammaproteobacteria,Alteromonadales,Alteromonadaceae,Alteromonas,Alteromonas mediterranea,100.00000000000001,100.00000000000001,100.00000000000001,100.00000000000001,100.00000000000001,99.46194542977155,44.675565030782444
ASV_2244,NA,NA,NA,NA,NA,NA,NA,NA,NA,NA,NA,NA,NA,NA
ASV_2245,Bacteria,Pseudomonadota,Gammaproteobacteria,Oceanospirillales,Oceanospirillaceae,Oceanobacter,Oceanobacter mangrovi,100,100,100,100,100,98.66666666666666,67
ASV_2246,Bacteria,Pseudomonadota,Gammaproteobacteria,Cellvibrionales,Cellvibrionaceae,Eionea,Eionea nigra,100,100,100,83.75,83.75,70.16666666666667,70.16666666666667
ASV_2247,Bacteria,Pseudomonadota,Alphaproteobacteria,Rhodobacterales,Paracoccaceae,Yoonia,Yoonia acticola,100.00000000000001,100.00000000000001,100.00000000000001,100.00000000000001,72.88095238095244,65.68809523809527,22.442857142857157
ASV_2248,Bacteria,Pseudomonadota,Alphaproteobacteria,Rhodobacterales,Roseobacteraceae,Maritimibacter,Maritimibacter alkaliphilus,100,100,100,100,59.138095238095254,28.88968253968253,16.06349206349206
ASV_2249,NA,NA,NA,NA,NA,NA,NA,NA,NA,NA,NA,NA,NA,NA
ASV_2250,Bacteria,Pseudomonadota,Alphaproteobacteria,Rhodobacterales,Roseobacteraceae,Roseovarius,Roseovarius aestuarii,100,100,100,100,100,93.66666666666667,64.91666666666669
ASV_2251,Bacteria,Pseudomonadota,Alphaproteobacteria,Hyphomicrobiales,Stappiaceae,Roseibium,Roseibium polysiphoniae,100,100,100,100,100,100,100
ASV_2252,Bacteria,Pseudomonadota,Alphaproteobacteria,Hyphomonadales,Hyphomonadaceae,Hyphomonas,Hyphomonas adhaerens,100,100,100,100,100,72.76666666666668,47.70000000000001
ASV_2253,Bacteria,Pseudomonadota,Alphaproteobacteria,Rickettsiales,Rickettsiaceae,Rickettsia,Rickettsia montanensis,100,100,100,100,100,95,48.88051890919538
ASV_2254,Bacteria,Pseudomonadota,Alphaproteobacteria,Sneathiellales,Sneathiellaceae,Sneathiella,Sneathiella glossodoripedis,100,100,100,100,100,100,82.66666666666667
ASV_2255,Bacteria,Pseudomonadota,Alphaproteobacteria,Rhodobacterales,Paracoccaceae,Aliiroseovarius,Aliiroseovarius marinus,100,100,100,100,78.25000000000001,68.4166666666667,68.4166666666667
ASV_2256,Bacteria,Verrucomicrobiota,Opitutae,Puniceicoccales,Coraliomargaritaceae,Coraliomargarita,Coraliomargarita akajimensis,100,100,100,100,100,100,80.66666666666667
ASV_2257,Bacteria,Verrucomicrobiota,Opitutae,Puniceicoccales,Coraliomargaritaceae,Coraliomargarita,Coraliomargarita akajimensis,100,100,100,100,100,100,79
ASV_2258,NA,NA,NA,NA,NA,NA,NA,NA,NA,NA,NA,NA,NA,NA
ASV_2259,Bacteria,Pseudomonadota,Gammaproteobacteria,Vibrionales,Vibrionaceae,Photobacterium,Photobacterium piscicola,100,100,100,100,100,100,79
ASV_2260,Bacteria,Bacteroidota,Flavobacteriia,Flavobacteriales,Flavobacteriaceae,Seonamhaeicola,Seonamhaeicola aphaedonensis,100,100,100,100,100,99,85.08333333333333
ASV_2261,Bacteria,Bacteroidota,Flavobacteriia,Flavobacteriales,Flavobacteriaceae,Tamlana,Tamlana nanhaiensis,100,100,100,100,100,36.7,35.36666666666665
ASV_2262,Bacteria,Pseudomonadota,Gammaproteobacteria,Alteromonadales,Colwelliaceae,Thalassotalea,Thalassotalea coralli,100.00000000000001,100.00000000000001,100.00000000000001,100.00000000000001,93.00000000000001,83.83333333333333,32.66666666666666
ASV_2263,Bacteria,Bacteroidota,Flavobacteriia,Flavobacteriales,Flavobacteriaceae,Dokdonia,Dokdonia lutea,100,100,100,100,100,100,100
ASV_2264,Bacteria,Bacteroidota,Flavobacteriia,Flavobacteriales,Flavobacteriaceae,Dokdonia,Dokdonia lutea,100,100,100,100,100,95.5,95.5
ASV_2265,Bacteria,Bacteroidota,Flavobacteriia,Flavobacteriales,Flavobacteriaceae,Dokdonia,Dokdonia lutea,100,100,100,100,100,100,99
ASV_2266,Bacteria,Pseudomonadota,Gammaproteobacteria,Alteromonadales,Alteromonadaceae,Salinimonas,Salinimonas iocasae,100,100,100,100,100,72.16666666666667,44.33333333333334
ASV_2267,Bacteria,Bacteroidota,Flavobacteriia,Flavobacteriales,Flavobacteriaceae,Aureitalea,Aureitalea marina,100,100,100,100,100,61.78333333333333,61.78333333333333
ASV_2268,Bacteria,Pseudomonadota,Gammaproteobacteria,Alteromonadales,Shewanellaceae,Shewanella,Shewanella hafniensis,100,100,100,96.94642857142858,59.597510822510856,59.597510822510856,17.075
ASV_2269,NA,NA,NA,NA,NA,NA,NA,NA,NA,NA,NA,NA,NA,NA
ASV_2270,NA,NA,NA,NA,NA,NA,NA,NA,NA,NA,NA,NA,NA,NA
ASV_2271,Bacteria,Pseudomonadota,Gammaproteobacteria,Alteromonadales,Alteromonadaceae,Alteromonas,Alteromonas confluentis,100.00000000000001,100.00000000000001,100.00000000000001,100.00000000000001,100.00000000000001,79.70000000000002,58.3434782608696
ASV_2272,Bacteria,Pseudomonadota,Gammaproteobacteria,Alteromonadales,Colwelliaceae,Thalassotalea,Thalassotalea coralli,100,100,100,98.66666666666667,88.66666666666667,86.46666666666668,30.166666666666668
ASV_2273,Bacteria,Verrucomicrobiota,Opitutae,Puniceicoccales,Coraliomargaritaceae,Coraliomargarita,Coraliomargarita akajimensis,100,100,95.75,95.75,95.75,95.75,56.83333333333332
ASV_2274,Bacteria,Pseudomonadota,Gammaproteobacteria,Alteromonadales,Alteromonadaceae,Salinimonas,Salinimonas iocasae,100,100,100,100,100,86.71666666666667,66.28333333333332
ASV_2275,NA,NA,NA,NA,NA,NA,NA,NA,NA,NA,NA,NA,NA,NA
ASV_2276,Bacteria,Bacteroidota,Flavobacteriia,Flavobacteriales,Flavobacteriaceae,Algibacter,Psychroserpens mesophilus,100,100,100,100,100,43.91666666666665,36.783333333333346
ASV_2277,NA,NA,NA,NA,NA,NA,NA,NA,NA,NA,NA,NA,NA,NA
ASV_2278,Bacteria,Bacteroidota,Cytophagia,Cytophagales,Reichenbachiellaceae,Marinoscillum,Marinoscillum furvescens,100,100,100,100,100,100,75.33333333333331
ASV_2279,NA,NA,NA,NA,NA,NA,NA,NA,NA,NA,NA,NA,NA,NA
ASV_2280,NA,NA,NA,NA,NA,NA,NA,NA,NA,NA,NA,NA,NA,NA
ASV_2281,Bacteria,Pseudomonadota,Alphaproteobacteria,Hyphomonadales,Hyphomonadaceae,Hyphomonas,Hyphomonas jannaschiana,100,100,100,100,100,98.5,77.69999999999999
ASV_2282,NA,NA,NA,NA,NA,NA,NA,NA,NA,NA,NA,NA,NA,NA
ASV_2283,Bacteria,Bacteroidota,Flavobacteriia,Flavobacteriales,Flavobacteriaceae,Allomuricauda,Allomuricauda amphidinii,100.00000000000001,100.00000000000001,100.00000000000001,100.00000000000001,100.00000000000001,96.50000000000001,53.33333333333334
ASV_2284,Bacteria,Pseudomonadota,Gammaproteobacteria,Vibrionales,Vibrionaceae,Vibrio,Vibrio chagasii,100,100,100,100,100,100,84.5
ASV_2285,NA,NA,NA,NA,NA,NA,NA,NA,NA,NA,NA,NA,NA,NA
ASV_2286,NA,NA,NA,NA,NA,NA,NA,NA,NA,NA,NA,NA,NA,NA
ASV_2287,NA,NA,NA,NA,NA,NA,NA,NA,NA,NA,NA,NA,NA,NA
ASV_2288,NA,NA,NA,NA,NA,NA,NA,NA,NA,NA,NA,NA,NA,NA
ASV_2289,Bacteria,Pseudomonadota,Gammaproteobacteria,Alteromonadales,Idiomarinaceae,Idiomarina,Idiomarina aquatica,100,100,100,100,100,100,68
ASV_2290,Bacteria,Pseudomonadota,Gammaproteobacteria,Alteromonadales,Alteromonadaceae,Alteromonas,Alteromonas abrolhosensis,100.00000000000004,100.00000000000004,100.00000000000004,100.00000000000004,100.00000000000004,98.9444444444445,37.49102244878257
ASV_2291,Bacteria,Pseudomonadota,Gammaproteobacteria,Vibrionales,Vibrionaceae,Vibrio,Vibrio neptunius,100,100,100,100,100,100,94.66666666666666
ASV_2292,NA,NA,NA,NA,NA,NA,NA,NA,NA,NA,NA,NA,NA,NA
ASV_2293,Bacteria,Pseudomonadota,Gammaproteobacteria,Alteromonadales,Colwelliaceae,Thalassotalea,Thalassotalea ponticola,100,100,100,100,100,100,40.75
ASV_2294,Bacteria,Bacteroidota,Flavobacteriia,Flavobacteriales,Flavobacteriaceae,Allomuricauda,Allomuricauda oceanensis,100,100,100,100,100,100,57.78333333333333
ASV_2295,NA,NA,NA,NA,NA,NA,NA,NA,NA,NA,NA,NA,NA,NA
ASV_2296,Bacteria,Pseudomonadota,Gammaproteobacteria,Alteromonadales,Alteromonadaceae,Alteromonas,Alteromonas aestuariivivens,100,100,100,100,100,96.66666666666666,80.80952380952381
ASV_2297,Bacteria,Pseudomonadota,Alphaproteobacteria,Rhodobacterales,Paracoccaceae,Marivivens,Marivivens aquimaris,100,100,100,100,76.83333333333333,71.7333333333333,71.7333333333333
ASV_2298,Bacteria,Pseudomonadota,Alphaproteobacteria,Rhodobacterales,Paracoccaceae,Arenibacterium,Arenibacterium halophilum,100.00000000000001,100.00000000000001,100.00000000000001,100.00000000000001,62.48809523809526,35.126190476190494,35.126190476190494
ASV_2299,Bacteria,Bacteroidota,Flavobacteriia,Flavobacteriales,Flavobacteriaceae,Hyunsoonleella,Seonamhaeicola maritimus,100,100,100,100,100,19,18.25
ASV_2300,Bacteria,Pseudomonadota,Alphaproteobacteria,Rhodobacterales,Roseobacteraceae,Thalassovita,Thalassovita mediterranea,100,100,100,100,75.2854867354867,29.639321789321784,29.639321789321784
ASV_2301,NA,NA,NA,NA,NA,NA,NA,NA,NA,NA,NA,NA,NA,NA
ASV_2302,Bacteria,Pseudomonadota,Gammaproteobacteria,Alteromonadales,Alteromonadaceae,Alteromonas,Alteromonas abrolhosensis,99.99999999999997,99.99999999999997,99.99999999999997,99.99999999999997,99.99999999999997,97.28241669763405,24.435545002501524
ASV_2303,Bacteria,Bacteroidota,Flavobacteriia,Flavobacteriales,Flavobacteriaceae,Seonamhaeicola,Seonamhaeicola aphaedonensis,100,100,100,100,100,100,100
ASV_2304,Bacteria,Bacteroidota,Flavobacteriia,Flavobacteriales,Flavobacteriaceae,Winogradskyella,Mangrovimonas spongiae,100,100,100,100,100,44.16666666666666,35.66666666666666
ASV_2305,Bacteria,Bacteroidota,Flavobacteriia,Flavobacteriales,Flavobacteriaceae,Seonamhaeicola,Seonamhaeicola maritimus,100,100,100,100,100,100,70.83333333333333
ASV_2306,Bacteria,Bacteroidota,Flavobacteriia,Flavobacteriales,Flavobacteriaceae,Psychroserpens,Psychroserpens mesophilus,100,100,100,100,100,60.20000000000001,60.20000000000001
ASV_2307,NA,NA,NA,NA,NA,NA,NA,NA,NA,NA,NA,NA,NA,NA
ASV_2308,Bacteria,Bacteroidota,Flavobacteriia,Flavobacteriales,Flavobacteriaceae,Seonamhaeicola,Seonamhaeicola aphaedonensis,100,100,100,100,100,93.66666666666669,80.83333333333334
ASV_2309,NA,NA,NA,NA,NA,NA,NA,NA,NA,NA,NA,NA,NA,NA
ASV_2310,Bacteria,Pseudomonadota,Betaproteobacteria,Burkholderiales,Burkholderiaceae,Robbsia,Robbsia andropogonis,100,100,100,100,100,65.66666666666667,65.66666666666667
ASV_2311,Bacteria,Pseudomonadota,Gammaproteobacteria,Alteromonadales,Colwelliaceae,Thalassotalea,Thalassotalea ponticola,100,100,100,100,96.5,96.5,59.16666666666665
ASV_2312,Bacteria,Bacteroidota,Flavobacteriia,Flavobacteriales,Flavobacteriaceae,Christiangramia,Rasiella rasia,100,100,100,100,100,28.666666666666664,25.16666666666667
ASV_2313,Bacteria,Pseudomonadota,Alphaproteobacteria,Rhodobacterales,Roseobacteraceae,Thalassovita,Thalassovita mediterranea,100,100,100,100,87.6833333333333,60.650000000000006,42.400000000000006
ASV_2314,Bacteria,Pseudomonadota,Alphaproteobacteria,Rhodobacterales,Roseobacteraceae,Thalassovita,Thalassovita mediterranea,100,100,100,100,76.58333333333333,64.33333333333333,63.583333333333336
ASV_2315,Bacteria,Verrucomicrobiota,Opitutae,Puniceicoccales,Coraliomargaritaceae,Coraliomargarita,Coraliomargarita akajimensis,100,100,96.5,96.5,96.5,96.5,60.33333333333333
ASV_2316,Bacteria,Pseudomonadota,Gammaproteobacteria,Alteromonadales,Colwelliaceae,Thalassotalea,Thalassotalea marina,100,100,100,100,100,98.75,65.58333333333333
ASV_2317,Bacteria,Bacteroidota,Saprospiria,Saprospirales,Saprospiraceae,Aureispira,Aureispira maritima,100,100,100,100,100,100,100
ASV_2318,Bacteria,Pseudomonadota,Alphaproteobacteria,Rhodobacterales,Roseobacteraceae,Pseudoruegeria,Pseudoruegeria limi,100,100,100,100,97.16666666666667,86.08333333333333,77.33333333333333
ASV_2319,Bacteria,Pseudomonadota,Alphaproteobacteria,Rhodobacterales,Roseobacteraceae,Thalassovita,Thalassovita mediterranea,100,100,100,100,83.75,71,68.25
ASV_2320,Bacteria,Pseudomonadota,Gammaproteobacteria,Alteromonadales,Colwelliaceae,Thalassotalea,Thalassotalea insulae,100,100,100,100,90.33333333333333,74.25000000000001,19.250000000000004
ASV_2321,Bacteria,Bacteroidota,Saprospiria,Saprospirales,Saprospiraceae,Aureispira,Aureispira maritima,100,100,100,100,100,100,100
ASV_2322,Bacteria,Pseudomonadota,Gammaproteobacteria,Thiotrichales,Fastidiosibacteraceae,Cysteiniphilum,Cysteiniphilum marinum,100,100,100,58.5,58.5,53.33333333333333,32.66666666666664
ASV_2323,Bacteria,Pseudomonadota,Gammaproteobacteria,Alteromonadales,Colwelliaceae,Thalassotalea,Thalassotalea coralli,100,100,100,100,100,83.16666666666667,29.5
ASV_2324,Bacteria,Pseudomonadota,Gammaproteobacteria,Alteromonadales,Alteromonadaceae,Alteromonas,Alteromonas confluentis,100,100,100,100,100,86.8,57.497619047619
ASV_2325,Bacteria,Pseudomonadota,Gammaproteobacteria,Alteromonadales,Alteromonadaceae,Alteromonas,Alteromonas indica,100.00000000000001,100.00000000000001,100.00000000000001,100.00000000000001,100.00000000000001,76.0166666666667,17.64999999999999
ASV_2326,Bacteria,Bacteroidota,Cytophagia,Cytophagales,Roseivirgaceae,Roseivirga,Roseivirga misakiensis,100.00000000000001,100.00000000000001,100.00000000000001,100.00000000000001,53.66666666666666,53.66666666666666,34.16666666666666
ASV_2327,Bacteria,Pseudomonadota,Gammaproteobacteria,Oceanospirillales,Oceanospirillaceae,Neptuniibacter,Neptuniibacter caesariensis,100,100,100,100,100,100,49
ASV_2328,Bacteria,Pseudomonadota,Alphaproteobacteria,Hyphomicrobiales,Stappiaceae,Roseibium,Roseibium hamelinense,100,100,100,100,100,100,97.5
ASV_2329,NA,NA,NA,NA,NA,NA,NA,NA,NA,NA,NA,NA,NA,NA
ASV_2330,Bacteria,Pseudomonadota,Betaproteobacteria,Burkholderiales,Sphaerotilaceae,Roseateles,Pelomonas aquatica,100,100,100,100,100,100,60.625
ASV_2331,NA,NA,NA,NA,NA,NA,NA,NA,NA,NA,NA,NA,NA,NA
ASV_2332,NA,NA,NA,NA,NA,NA,NA,NA,NA,NA,NA,NA,NA,NA
ASV_2333,Bacteria,Bacteroidota,Flavobacteriia,Flavobacteriales,Flavobacteriaceae,Flavivirga,Flavivirga aquimarina,100,100,100,100,100,56,37.5
ASV_2334,NA,NA,NA,NA,NA,NA,NA,NA,NA,NA,NA,NA,NA,NA
ASV_2335,Bacteria,Campylobacterota,Epsilonproteobacteria,Campylobacterales,Sulfurovaceae,Sulfurovum,Sulfurovum aggregans,100,100,100,100,100,100,74
ASV_2336,NA,NA,NA,NA,NA,NA,NA,NA,NA,NA,NA,NA,NA,NA
ASV_2337,Bacteria,Bacteroidota,Flavobacteriia,Flavobacteriales,Vicingaceae,Vicingus,Vicingus serpentipes,100,100,100,100,100,100,100
ASV_2338,Bacteria,Pseudomonadota,Alphaproteobacteria,Rhodospirillales,Terasakiellaceae,Terasakiella,Terasakiella pusilla,100,100,100,100,100,100,86.66666666666667
ASV_2339,Bacteria,Pseudomonadota,Gammaproteobacteria,Oceanospirillales,Oceanospirillaceae,Oceaniserpentilla,Oceaniserpentilla haliotis,100,100,100,100,100,82.5,82.5
ASV_2340,Bacteria,Pseudomonadota,Alphaproteobacteria,Hyphomicrobiales,Phyllobacteriaceae,Salaquimonas,Salaquimonas pukyongi,100,100,100,100,98,52.7579365079365,52.7579365079365
ASV_2341,Bacteria,Pseudomonadota,Gammaproteobacteria,Alteromonadales,Alteromonadaceae,Alteromonas,Alteromonas indica,100,100,100,100,100,65.65277777777766,28.59444444444442
ASV_2342,Bacteria,Pseudomonadota,Gammaproteobacteria,Alteromonadales,Alteromonadaceae,Alteromonas,Alteromonas mediterranea,100.00000000000001,100.00000000000001,100.00000000000001,100.00000000000001,100.00000000000001,99.5335079488586,66.98740783159165
ASV_2343,NA,NA,NA,NA,NA,NA,NA,NA,NA,NA,NA,NA,NA,NA
ASV_2344,Bacteria,Pseudomonadota,Gammaproteobacteria,Alteromonadales,Pseudoalteromonadaceae,Algicola,Algicola bacteriolytica,100,100,100,78.39999999999999,61.642857142857174,61.642857142857174,36.500000000000014
ASV_2345,Bacteria,Bacteroidota,Flavobacteriia,Flavobacteriales,Flavobacteriaceae,Flavobacterium,Flavobacterium haoranii,100,100,100,100,100,100,80.33333333333333
ASV_2346,Bacteria,Pseudomonadota,Gammaproteobacteria,Cellvibrionales,Cellvibrionaceae,Pseudoteredinibacter,Pseudoteredinibacter isoporae,100,100,100,100,100,99,99
ASV_2347,NA,NA,NA,NA,NA,NA,NA,NA,NA,NA,NA,NA,NA,NA
ASV_2348,Bacteria,Bacteroidota,Flavobacteriia,Flavobacteriales,Flavobacteriaceae,Gilvibacter,Gilvibacter sediminis,100,100,100,100,100,45.89999999999999,45.89999999999999
ASV_2349,Bacteria,Pseudomonadota,Alphaproteobacteria,Rhodobacterales,Roseobacteraceae,Leisingera,Leisingera caerulea,100,100,100,100,84.48333333333335,48.33333333333335,47.33333333333335
ASV_2350,Bacteria,Pseudomonadota,Alphaproteobacteria,Rhodobacterales,Roseobacteraceae,Mesobacterium,Mesobacterium pallidum,100.00000000000001,100.00000000000001,100.00000000000001,100.00000000000001,79.28333333333335,59.27500000000001,59.27500000000001
ASV_2351,Bacteria,Pseudomonadota,Alphaproteobacteria,Rhodobacterales,Roseobacteraceae,Thalassovita,Thalassovita mediterranea,100,100,100,100,76.27103174603177,37.478968253968276,37.14563492063495
ASV_2352,Bacteria,Pseudomonadota,Gammaproteobacteria,Alteromonadales,Alteromonadaceae,Salinimonas,Salinimonas iocasae,100,100,100,100,100,91.46666666666668,66.83333333333331
ASV_2353,NA,NA,NA,NA,NA,NA,NA,NA,NA,NA,NA,NA,NA,NA
ASV_2354,Bacteria,Bacteroidota,Flavobacteriia,Flavobacteriales,Flavobacteriaceae,Polaribacter,Polaribacter huanghezhanensis,100,100,100,100,100,90.83333333333331,54.83333333333332
ASV_2355,Bacteria,Pseudomonadota,Alphaproteobacteria,Sphingomonadales,Sphingomonadaceae,Sphingomonas,Sphingomonas kaistensis,100,100,100,100,100,100,70.28333333333335
ASV_2356,Bacteria,Pseudomonadota,Alphaproteobacteria,Rhodobacterales,Roseobacteraceae,Phycobacter,Phycobacter azelaicus,100,100,100,100,51.69285714285716,22.71190476190477,22.71190476190477
ASV_2357,Bacteria,Bacteroidota,Flavobacteriia,Flavobacteriales,Flavobacteriaceae,Seonamhaeicola,Seonamhaeicola aphaedonensis,100,100,100,100,100,99,93
ASV_2358,Bacteria,Bacteroidota,Flavobacteriia,Flavobacteriales,Flavobacteriaceae,Seonamhaeicola,Seonamhaeicola maritimus,100,100,100,100,100,88.5,87
ASV_2359,Bacteria,Pseudomonadota,Gammaproteobacteria,Alteromonadales,Colwelliaceae,Thalassotalea,Thalassotalea insulae,100.00000000000001,100.00000000000001,100.00000000000001,94.00000000000001,94.00000000000001,94.00000000000001,50.41666666666666
ASV_2360,Bacteria,Pseudomonadota,Gammaproteobacteria,Alteromonadales,Colwelliaceae,Thalassotalea,Thalassotalea loyana,100,100,100,60.00000000000001,60.00000000000001,60.00000000000001,44.86666666666666
ASV_2361,NA,NA,NA,NA,NA,NA,NA,NA,NA,NA,NA,NA,NA,NA
ASV_2362,Bacteria,Bacteroidota,Flavobacteriia,Flavobacteriales,Flavobacteriaceae,Allomuricauda,Allomuricauda onchidii,100.00000000000001,100.00000000000001,100.00000000000001,100.00000000000001,100.00000000000001,91.50000000000001,46.50000000000001
ASV_2363,Bacteria,Bacteroidota,Flavobacteriia,Flavobacteriales,Flavobacteriaceae,Psychroserpens,Psychroserpens mesophilus,100,100,100,100,100,67.33333333333333,67.33333333333333
ASV_2364,Bacteria,Bacteroidota,Flavobacteriia,Flavobacteriales,Flavobacteriaceae,Tenacibaculum,Tenacibaculum halocynthiae,100,100,100,100,100,63.04166666666664,30.469047619047608
ASV_2365,NA,NA,NA,NA,NA,NA,NA,NA,NA,NA,NA,NA,NA,NA
ASV_2366,Bacteria,Pseudomonadota,Gammaproteobacteria,Alteromonadales,Colwelliaceae,Thalassotalea,Thalassotalea loyana,100,100,100,98,96,90.83333333333331,38.66666666666664
ASV_2367,Bacteria,Pseudomonadota,Gammaproteobacteria,Alteromonadales,Pseudoalteromonadaceae,Algicola,Algicola bacteriolytica,100,100,100,45.66666666666666,38,38,33.5
ASV_2368,Bacteria,Bacteroidota,Flavobacteriia,Flavobacteriales,Flavobacteriaceae,Seonamhaeicola,Seonamhaeicola maritimus,100,100,100,100,100,85.03333333333332,67.03333333333332
ASV_2369,NA,NA,NA,NA,NA,NA,NA,NA,NA,NA,NA,NA,NA,NA
ASV_2370,Bacteria,Bacteroidota,Flavobacteriia,Flavobacteriales,Flavobacteriaceae,Mangrovimonas,Mangrovimonas spongiae,100,100,100,100,100,49.833333333333336,36.833333333333336
ASV_2371,Bacteria,Pseudomonadota,Gammaproteobacteria,Alteromonadales,Colwelliaceae,Thalassotalea,Thalassotalea ponticola,100,100,100,100,100,100,82
ASV_2372,Bacteria,Bacillota,Negativicutes,Selenomonadales,Selenomonadaceae,Selenomonas,Selenomonas sputigena,100,100,100,100,100,100,100
ASV_2373,Bacteria,Bacteroidota,Flavobacteriia,Flavobacteriales,Flavobacteriaceae,Mangrovimonas,Mangrovimonas yunxiaonensis,100,100,100,100,100,71.66666666666667,60.83333333333334
ASV_2374,Bacteria,Pseudomonadota,Gammaproteobacteria,Alteromonadales,Colwelliaceae,Thalassotalea,Thalassotalea coralli,100,100,100,100,94,87.66666666666667,22.58333333333333
ASV_2375,Bacteria,Bacteroidota,Flavobacteriia,Flavobacteriales,Flavobacteriaceae,Allomuricauda,Allomuricauda ochracea,100,100,100,100,100,100,70
ASV_2376,Bacteria,Bacteroidota,Saprospiria,Saprospirales,Saprospiraceae,Aureispira,Aureispira maritima,100,100,100,100,100,100,100
ASV_2377,Bacteria,Bacteroidota,Saprospiria,Saprospirales,Saprospiraceae,Aureispira,Aureispira maritima,100,100,100,100,100,100,100
ASV_2378,Bacteria,Bacteroidota,Saprospiria,Saprospirales,Saprospiraceae,Aureispira,Aureispira maritima,100,100,100,100,100,100,100
ASV_2379,Bacteria,Pseudomonadota,Gammaproteobacteria,Alteromonadales,Colwelliaceae,Thalassotalea,Thalassotalea loyana,100.00000000000001,100.00000000000001,100.00000000000001,100.00000000000001,69.08333333333331,50.24999999999999,31.33333333333332
ASV_2380,Bacteria,Bacteroidota,Flavobacteriia,Flavobacteriales,Flavobacteriaceae,Dokdonia,Dokdonia lutea,100,100,100,100,100,100,60.5
ASV_2381,Bacteria,Bacteroidota,Cytophagia,Cytophagales,Microscillaceae,Microscilla,Microscilla marina,100,100,100,100,100,100,100
ASV_2382,Bacteria,Pseudomonadota,Gammaproteobacteria,Alteromonadales,Alteromonadaceae,Alteromonas,Alteromonas indica,100,100,100,100,100,54.75,44.25
ASV_2383,Bacteria,Pseudomonadota,Alphaproteobacteria,Rhodobacterales,Roseobacteraceae,Thalassovita,Thalassovita mediterranea,100,100,100,100,82.58333333333331,67,64.41666666666669
ASV_2384,Bacteria,Bacteroidota,Cytophagia,Cytophagales,Fulvivirgaceae,Fulvivirga,Fulvivirga aurantia,100.00000000000001,100.00000000000001,100.00000000000001,100.00000000000001,38.11666666666665,38.11666666666665,29.45
ASV_2385,Bacteria,Bacteroidota,Cytophagia,Cytophagales,Roseivirgaceae,Roseivirga,Roseivirga halotolerans,100,100,100,100,100,100,53
ASV_2386,Bacteria,Bacteroidota,Flavobacteriia,Flavobacteriales,Vicingaceae,Vicingus,Vicingus serpentipes,100,100,100,100,100,100,100
ASV_2387,Bacteria,Pseudomonadota,Alphaproteobacteria,Rhodobacterales,Roseobacteraceae,Thalassovita,Thalassovita mediterranea,100.00000000000001,100.00000000000001,100.00000000000001,100.00000000000001,78.06666666666669,75.03333333333335,73.70000000000002
ASV_2388,Bacteria,Pseudomonadota,Alphaproteobacteria,Rhodobacterales,Roseobacteraceae,Thalassovita,Thalassovita mediterranea,100,100,100,100,80.25000000000001,68.66666666666669,68.4166666666667
ASV_2389,Bacteria,Myxococcota,Myxococcia,Myxococcales,NA,Enhygromyxa,Enhygromyxa salina,100,100,86.83333333333333,86.83333333333333,86.83333333333333,86.83333333333333,86.83333333333333
ASV_2390,Bacteria,Bacteroidota,Cytophagia,Cytophagales,Reichenbachiellaceae,Marinoscillum,Marinoscillum pacificum,100,100,100,100,73.41666666666666,73.41666666666666,71.75
ASV_2391,Bacteria,Pseudomonadota,Gammaproteobacteria,Pseudomonadales,Pseudohongiellaceae,Pseudohongiella,Pseudohongiella spirulinae,100,100,100,65.20000000000002,65.20000000000002,65.20000000000002,62.20000000000001
ASV_2392,Bacteria,Pseudomonadota,Gammaproteobacteria,Alteromonadales,Colwelliaceae,Thalassotalea,Thalassotalea coralli,100,100,100,93.16666666666664,93.16666666666664,91.66666666666664,34.41666666666663
ASV_2393,Bacteria,Pseudomonadota,Gammaproteobacteria,Alteromonadales,Colwelliaceae,Thalassotalea,Thalassotalea profundi,99.99999999999999,99.99999999999999,99.99999999999999,75.20833333333334,65.5416666666667,54.29166666666667,15.833333333333337
ASV_2394,NA,NA,NA,NA,NA,NA,NA,NA,NA,NA,NA,NA,NA,NA
ASV_2395,Bacteria,Pseudomonadota,Gammaproteobacteria,Oceanospirillales,Oceanospirillaceae,Nitrincola,Kangiella chungangensis,99.99999999999999,99.99999999999999,99.99999999999999,25.166666666666668,25.166666666666668,25.166666666666668,23.833333333333332
ASV_2396,NA,NA,NA,NA,NA,NA,NA,NA,NA,NA,NA,NA,NA,NA
ASV_2397,NA,NA,NA,NA,NA,NA,NA,NA,NA,NA,NA,NA,NA,NA
ASV_2398,NA,NA,NA,NA,NA,NA,NA,NA,NA,NA,NA,NA,NA,NA
ASV_2399,Bacteria,Pseudomonadota,Gammaproteobacteria,Thiotrichales,Thiolinaceae,Thiolinea,Thiolinea disciformis,100.00000000000003,100.00000000000003,100.00000000000003,71.50000000000003,50.66666666666667,50.66666666666667,50.66666666666667
ASV_2400,NA,NA,NA,NA,NA,NA,NA,NA,NA,NA,NA,NA,NA,NA
ASV_2401,NA,NA,NA,NA,NA,NA,NA,NA,NA,NA,NA,NA,NA,NA
ASV_2402,Bacteria,Pseudomonadota,Gammaproteobacteria,Alteromonadales,Alteromonadaceae,Alteromonas,Alteromonas confluentis,100,100,100,100,100,90.01915464262542,19.869014740326584
ASV_2403,Bacteria,Pseudomonadota,Alphaproteobacteria,Rhodospirillales,Terasakiellaceae,Terasakiella,Terasakiella salincola,100,100,100,100,100,100,100
ASV_2404,Bacteria,Pseudomonadota,Gammaproteobacteria,Oceanospirillales,Oceanospirillaceae,Oceaniserpentilla,Oceaniserpentilla haliotis,100,100,100,100,100,72,72
ASV_2405,Bacteria,Pseudomonadota,Gammaproteobacteria,Alteromonadales,Colwelliaceae,Litorilituus,Litorilituus sediminis,100,100,100,100,100,100,100
ASV_2406,NA,NA,NA,NA,NA,NA,NA,NA,NA,NA,NA,NA,NA,NA
ASV_2407,Bacteria,Pseudomonadota,Gammaproteobacteria,Vibrionales,Vibrionaceae,Vibrio,Vibrio sagamiensis,100.00000000000001,100.00000000000001,100.00000000000001,100.00000000000001,100.00000000000001,100.00000000000001,22.72619047619048
ASV_2408,NA,NA,NA,NA,NA,NA,NA,NA,NA,NA,NA,NA,NA,NA
ASV_2409,Bacteria,Pseudomonadota,Gammaproteobacteria,Cellvibrionales,Cellvibrionaceae,Pseudoteredinibacter,Pseudoteredinibacter isoporae,100,100,100,100,100,100,100
ASV_2410,Bacteria,Pseudomonadota,Gammaproteobacteria,Cellvibrionales,Cellvibrionaceae,Pseudomaricurvus,Pseudomaricurvus alkylphenolicus,100,100,100,100,100,99,99
ASV_2411,Bacteria,Pseudomonadota,Alphaproteobacteria,Rhodobacterales,Roseobacteraceae,Phaeobacter,Phaeobacter porticola,100,100,100,100,63,55,52.33333333333333
ASV_2412,Bacteria,Pseudomonadota,Alphaproteobacteria,Rhodobacterales,Roseobacteraceae,Celeribacter,Celeribacter litoreus,99.99999999999999,99.99999999999999,99.99999999999999,99.99999999999999,93.6333333333333,55.542857142857116,21.816666666666656
ASV_2413,Bacteria,Pseudomonadota,Alphaproteobacteria,Sphingomonadales,Sphingomonadaceae,Sphingomonas,Sphingomonas olei,99.99999999999999,99.99999999999999,99.99999999999999,99.99999999999999,99.99999999999999,99.99999999999999,14.285714285714286
ASV_2414,Bacteria,Bacteroidota,Flavobacteriia,Flavobacteriales,Flavobacteriaceae,Mangrovimonas,Mangrovimonas spongiae,100,100,100,100,100,51.58333333333333,40.66666666666665
ASV_2415,Bacteria,Bacteroidota,Flavobacteriia,Flavobacteriales,Flavobacteriaceae,Tenacibaculum,Tenacibaculum geojense,100,100,100,100,100,100,100
ASV_2416,Bacteria,Pseudomonadota,Gammaproteobacteria,Thiotrichales,Fastidiosibacteraceae,Cysteiniphilum,Cysteiniphilum litorale,100,100,100,100,100,75.16666666666667,39.33333333333333
ASV_2417,Bacteria,Pseudomonadota,Gammaproteobacteria,Alteromonadales,Colwelliaceae,Thalassotalea,Thalassotalea profundi,100,100,100,100,81.7333333333333,81.2333333333333,29.78333333333332
ASV_2418,Bacteria,Pseudomonadota,Gammaproteobacteria,Alteromonadales,Alteromonadaceae,Salinimonas,Salinimonas lutimaris,100,100,100,100,100,90.33333333333333,87.16666666666669
ASV_2419,Bacteria,Pseudomonadota,Gammaproteobacteria,Thiotrichales,Piscirickettsiaceae,Methylophaga,Methylophaga thiooxydans,100,100,100,100,100,100,100
ASV_2420,Bacteria,Pseudomonadota,Alphaproteobacteria,Hyphomicrobiales,Hyphomicrobiaceae,Oricola,Oricola thermophila,100,100,100,99,53.16666666666666,39.833333333333336,38.333333333333336
ASV_2421,Bacteria,Verrucomicrobiota,Opitutae,Puniceicoccales,Coraliomargaritaceae,Coraliomargarita,Coraliomargarita akajimensis,100,100,90.75,90.75,90.75,90.75,50.49999999999999
ASV_2422,NA,NA,NA,NA,NA,NA,NA,NA,NA,NA,NA,NA,NA,NA
ASV_2423,NA,NA,NA,NA,NA,NA,NA,NA,NA,NA,NA,NA,NA,NA
ASV_2424,Bacteria,Verrucomicrobiota,Opitutae,Puniceicoccales,Coraliomargaritaceae,Coraliomargarita,Coraliomargarita akajimensis,100,100,100,100,100,100,75.66666666666666
ASV_2425,NA,NA,NA,NA,NA,NA,NA,NA,NA,NA,NA,NA,NA,NA
ASV_2426,Bacteria,Bacteroidota,Flavobacteriia,Flavobacteriales,Flavobacteriaceae,'Thalassorhabdus' Choi et al. 2018,Thalassorhabdus aurantiaca,100,100,100,100,100,34.03333333333333,34.03333333333333
ASV_2427,NA,NA,NA,NA,NA,NA,NA,NA,NA,NA,NA,NA,NA,NA
ASV_2428,Bacteria,Pseudomonadota,Alphaproteobacteria,Rhodospirillales,Rhodospirillaceae,Denitrobaculum,Denitrobaculum tricleocarpae,100,100,100,100,100,100,100
ASV_2429,Bacteria,Pseudomonadota,Gammaproteobacteria,Alteromonadales,Colwelliaceae,Thalassotalea,Thalassotalea coralli,100,100,100,100,90,87,56.66666666666664
ASV_2430,Bacteria,Pseudomonadota,Gammaproteobacteria,Alteromonadales,Colwelliaceae,Thalassotalea,Thalassotalea crassostreae,100.00000000000001,100.00000000000001,100.00000000000001,100.00000000000001,84.25000000000001,58.75000000000001,34
ASV_2431,NA,NA,NA,NA,NA,NA,NA,NA,NA,NA,NA,NA,NA,NA
ASV_2432,Bacteria,Pseudomonadota,Gammaproteobacteria,Alteromonadales,Colwelliaceae,Thalassotalea,Thalassotalea marina,100,100,100,98,98,97.5,48.12500000000001
ASV_2433,Bacteria,Pseudomonadota,Gammaproteobacteria,Alteromonadales,Colwelliaceae,Thalassotalea,Thalassotalea coralli,100,100,100,100,99.25,88.41666666666669,23.500000000000004
ASV_2434,Bacteria,Pseudomonadota,Alphaproteobacteria,Rhodobacterales,Roseobacteraceae,Phaeobacter,Phaeobacter italicus,100,100,100,92.00833333333334,72.08928571428575,30.61904761904764,30.61904761904764
ASV_2435,NA,NA,NA,NA,NA,NA,NA,NA,NA,NA,NA,NA,NA,NA
ASV_2436,Bacteria,Pseudomonadota,Alphaproteobacteria,Rhodobacterales,Roseobacteraceae,Tropicibacter,Tropicibacter naphthalenivorans,100,100,100,100,97.46666666666668,84.0551948051948,84.0551948051948
ASV_2437,NA,NA,NA,NA,NA,NA,NA,NA,NA,NA,NA,NA,NA,NA
ASV_2438,Bacteria,Pseudomonadota,Gammaproteobacteria,Alteromonadales,Colwelliaceae,Thalassotalea,Thalassotalea coralli,100.00000000000001,100.00000000000001,100.00000000000001,100.00000000000001,89.50000000000004,84.75000000000004,25.50000000000001
ASV_2439,Bacteria,Pseudomonadota,Alphaproteobacteria,Rhodobacterales,Roseobacteraceae,Mesobacterium,Mesobacterium pallidum,100.00000000000001,100.00000000000001,100.00000000000001,100.00000000000001,90.20227272727274,63.1659090909091,63.1659090909091
ASV_2440,Bacteria,Bacteroidota,Flavobacteriia,Flavobacteriales,Flavobacteriaceae,Dokdonia,Dokdonia lutea,100,100,100,100,100,100,89.5
ASV_2441,NA,NA,NA,NA,NA,NA,NA,NA,NA,NA,NA,NA,NA,NA
ASV_2442,Bacteria,Bacteroidota,Flavobacteriia,Flavobacteriales,Flavobacteriaceae,Tenacibaculum,Tenacibaculum litopenaei,100,100,100,100,100,99,97.5
ASV_2443,Bacteria,Bacteroidota,Cytophagia,Cytophagales,Flammeovirgaceae,Flexithrix,Flexithrix dorotheae,100,100,100,100,100,100,100
ASV_2444,Bacteria,Bacteroidota,Cytophagia,Cytophagales,Reichenbachiellaceae,Ekhidna,Ekhidna lutea,100,100,100,100,100,100,100
ASV_2445,Bacteria,Pseudomonadota,Alphaproteobacteria,Rhodobacterales,Roseobacteraceae,Mesobacterium,Mesobacterium pallidum,100,100,100,100,75.4,68.64444444444443,68.64444444444443
ASV_2446,Bacteria,Pseudomonadota,Alphaproteobacteria,Rhodobacterales,Roseobacteraceae,Thalassovita,Thalassovita mediterranea,100.00000000000001,100.00000000000001,100.00000000000001,100.00000000000001,83.82575757575756,34.08333333333333,34.08333333333333
ASV_2447,Bacteria,Pseudomonadota,Alphaproteobacteria,Rhodobacterales,Roseobacteraceae,Thalassovita,Thalassovita mediterranea,100.00000000000001,100.00000000000001,100.00000000000001,100.00000000000001,84.93333333333334,72.06666666666666,71.89999999999999
ASV_2448,Bacteria,Pseudomonadota,Alphaproteobacteria,Sphingomonadales,Erythrobacteraceae,Qipengyuania,Qipengyuania huizhouensis,100,100,100,100,91.79972688130583,77.32551571235778,7.16292976029818
ASV_2449,Bacteria,Pseudomonadota,Gammaproteobacteria,Pseudomonadales,Pseudohongiellaceae,Pseudohongiella,Pseudohongiella spirulinae,100,100,100,92.66666666666667,92.66666666666667,92.66666666666667,86.33333333333333
ASV_2450,Bacteria,Actinomycetota,Actinomycetes,Micrococcales,Microbacteriaceae,Curtobacterium,Curtobacterium pusillum,100,100,100,100,100,89.02738858363857,40.50977147852148
ASV_2451,Bacteria,Pseudomonadota,Gammaproteobacteria,Chromatiales,Chromatiaceae,Rheinheimera,Rheinheimera pleomorphica,100,100,100,100,100,100,47
ASV_2452,Bacteria,Pseudomonadota,Gammaproteobacteria,Alteromonadales,Colwelliaceae,Thalassotalea,Thalassotalea coralli,100,100,100,52.41666666666664,52.41666666666664,52.41666666666664,29.916666666666664
ASV_2453,NA,NA,NA,NA,NA,NA,NA,NA,NA,NA,NA,NA,NA,NA
ASV_2454,Bacteria,Pseudomonadota,Alphaproteobacteria,Rhodobacterales,Roseobacteraceae,Roseovarius,Roseovarius pacificus,100,100,100,100,85.26666666666668,56.816666666666656,54.03333333333335
ASV_2455,NA,NA,NA,NA,NA,NA,NA,NA,NA,NA,NA,NA,NA,NA
ASV_2456,Bacteria,Bdellovibrionota,Bacteriovoracia,Bacteriovoracales,Halobacteriovoraceae,Halobacteriovorax,Halobacteriovorax marinus,100,100,100,100,99,99,54.25000000000001
ASV_2457,Bacteria,Pseudomonadota,Gammaproteobacteria,Alteromonadales,Pseudoalteromonadaceae,Algicola,Algicola bacteriolytica,100,100,100,100,100,98.5,98.5
ASV_2458,Bacteria,Bacteroidota,Flavobacteriia,Flavobacteriales,Flavobacteriaceae,Tenacibaculum,Tenacibaculum crassostreae,100,100,100,100,100,79.5,66
ASV_2459,Bacteria,Pseudomonadota,Gammaproteobacteria,Oceanospirillales,Pleioneaceae,Aliikangiella,Aliikangiella marina,100,100,100,100,100,100,100
ASV_2460,Bacteria,Bacteroidota,Flavobacteriia,Flavobacteriales,Cryomorphaceae,Acidiluteibacter,Acidiluteibacter ferrifornacis,100,100,100,100,100,100,100
ASV_2461,Bacteria,Pseudomonadota,Gammaproteobacteria,Alteromonadales,Pseudoalteromonadaceae,Pseudoalteromonas,Pseudoalteromonas piratica,100,100,100,100,100,100,28.650000000000002
ASV_2462,Bacteria,Pseudomonadota,Gammaproteobacteria,Oceanospirillales,Oceanospirillaceae,Litoribacillus,Litoribacillus peritrichatus,100,100,100,67,67,65.75,65.75
ASV_2463,Bacteria,Bacteroidota,Flavobacteriia,Flavobacteriales,Flavobacteriaceae,Flavobacterium,Flavobacterium sediminis,100,100,100,100,100,100,39.66666666666666
ASV_2464,Bacteria,Pseudomonadota,Gammaproteobacteria,Vibrionales,Vibrionaceae,Vibrio,Vibrio diabolicus,100.00000000000001,100.00000000000001,100.00000000000001,100.00000000000001,100.00000000000001,100.00000000000001,25.84999999999999
ASV_2465,Bacteria,Bacteroidota,Flavobacteriia,Flavobacteriales,Cryomorphaceae,Acidiluteibacter,Acidiluteibacter ferrifornacis,100,100,100,100,100,100,100
ASV_2466,Bacteria,Pseudomonadota,Gammaproteobacteria,Alteromonadales,Alteromonadaceae,Alteromonas,Alteromonas confluentis,100,100,100,100,100,81.37142857142857,49.902380952380966
ASV_2467,Bacteria,Pseudomonadota,Gammaproteobacteria,Oceanospirillales,Oceanospirillaceae,Neptuniibacter,Neptuniibacter caesariensis,100,100,100,100,100,99,87
ASV_2468,Bacteria,Pseudomonadota,Gammaproteobacteria,Alteromonadales,Alteromonadaceae,Alteromonas,Alteromonas pelagimontana,100,100,100,100,100,71.5,18.166666666666664
ASV_2469,Bacteria,Pseudomonadota,Gammaproteobacteria,Oceanospirillales,Pleioneaceae,Aliikangiella,Aliikangiella marina,100,100,100,100,100,100,100
ASV_2470,Bacteria,Planctomycetota,Planctomycetia,Pirellulales,Lacipirellulaceae,Botrimarina,Botrimarina mediterranea,100,100,100,100,100,95.33333333333333,84.33333333333333
ASV_2471,Bacteria,Pseudomonadota,Gammaproteobacteria,Vibrionales,Vibrionaceae,Vibrio,Vibrio fortis,100,100,100,100,100,100,63.250000000000014
ASV_2472,Bacteria,Pseudomonadota,Gammaproteobacteria,Vibrionales,Vibrionaceae,Vibrio,Vibrio fortis,100.00000000000001,100.00000000000001,100.00000000000001,100.00000000000001,100.00000000000001,100.00000000000001,76.5
ASV_2473,Bacteria,Pseudomonadota,Gammaproteobacteria,Alteromonadales,Alteromonadaceae,Alteromonas,Alteromonas abrolhosensis,99.99999999999999,99.99999999999999,99.99999999999999,99.99999999999999,99.99999999999999,99.95454545454542,41.47892586616506
ASV_2474,Bacteria,Bacteroidota,Flavobacteriia,Flavobacteriales,Flavobacteriaceae,Tenacibaculum,Tenacibaculum xiamenense,100,100,100,100,100,97.5,62.10000000000001
ASV_2475,Bacteria,Pseudomonadota,Alphaproteobacteria,Rhodobacterales,Roseobacteraceae,Roseovarius,Roseovarius atlanticus,100,100,100,100,97.33333333333333,95.16666666666669,87.16666666666669
ASV_2476,NA,NA,NA,NA,NA,NA,NA,NA,NA,NA,NA,NA,NA,NA
ASV_2477,Bacteria,Pseudomonadota,Gammaproteobacteria,Alteromonadales,Colwelliaceae,Thalassotalea,Thalassotalea coralli,100,100,100,97.33333333333331,97.33333333333331,96,30.83333333333333
ASV_2478,NA,NA,NA,NA,NA,NA,NA,NA,NA,NA,NA,NA,NA,NA
ASV_2479,NA,NA,NA,NA,NA,NA,NA,NA,NA,NA,NA,NA,NA,NA
ASV_2480,NA,NA,NA,NA,NA,NA,NA,NA,NA,NA,NA,NA,NA,NA
ASV_2481,Bacteria,Pseudomonadota,Alphaproteobacteria,Sneathiellales,Sneathiellaceae,Sneathiella,Sneathiella glossodoripedis,100,100,100,100,100,100,55.50000000000001
ASV_2482,Bacteria,Pseudomonadota,Gammaproteobacteria,Alteromonadales,Pseudoalteromonadaceae,Pseudoalteromonas,Pseudoalteromonas piratica,100.00000000000001,100.00000000000001,100.00000000000001,100.00000000000001,99.97058823529412,90.60392156862747,34.71697602208038
ASV_2483,NA,NA,NA,NA,NA,NA,NA,NA,NA,NA,NA,NA,NA,NA
ASV_2484,Bacteria,Bacteroidota,Flavobacteriia,Flavobacteriales,Flavobacteriaceae,Allomuricauda,Allomuricauda ochracea,100,100,100,100,100,100,58.333333333333336
ASV_2485,NA,NA,NA,NA,NA,NA,NA,NA,NA,NA,NA,NA,NA,NA
ASV_2486,Bacteria,Bacteroidota,Flavobacteriia,Flavobacteriales,Flavobacteriaceae,Siansivirga,Siansivirga zeaxanthinifaciens,100,100,100,100,100,29.666666666666668,29.666666666666668
ASV_2487,Bacteria,Pseudomonadota,Gammaproteobacteria,Alteromonadales,Colwelliaceae,Thalassomonas,Thalassomonas viridans,100,100,100,99.33333333333333,96.33333333333334,67.9166666666667,67.9166666666667
ASV_2488,NA,NA,NA,NA,NA,NA,NA,NA,NA,NA,NA,NA,NA,NA
ASV_2489,Bacteria,Pseudomonadota,Gammaproteobacteria,Alteromonadales,Colwelliaceae,Thalassotalea,Thalassomonas viridans,100,100,100,92.8333333333333,91.8333333333333,64.33333333333331,22.166666666666664
ASV_2490,Bacteria,Bacteroidota,Flavobacteriia,Flavobacteriales,Flavobacteriaceae,Dokdonia,Dokdonia lutea,100,100,100,100,100,100,98.5
ASV_2491,Bacteria,Pseudomonadota,Alphaproteobacteria,Rhodobacterales,Roseobacteraceae,Thalassovita,Thalassovita mediterranea,100,100,100,100,50.10000000000001,21.51666666666667,19.433333333333323
ASV_2492,Bacteria,Pseudomonadota,Gammaproteobacteria,Alteromonadales,Colwelliaceae,Thalassotalea,Thalassotalea ponticola,100,100,100,97.16666666666667,97.16666666666667,96.50000000000001,28.500000000000004
ASV_2493,Bacteria,Bacteroidota,Flavobacteriia,Flavobacteriales,Flavobacteriaceae,Dokdonia,Dokdonia lutea,100,100,100,100,100,65.50000000000001,57.50000000000001
ASV_2494,Bacteria,Bacteroidota,Flavobacteriia,Flavobacteriales,Flavobacteriaceae,Dokdonia,Dokdonia lutea,100,100,100,100,100,100,66.41666666666669
ASV_2495,Bacteria,Bacteroidota,Cytophagia,Cytophagales,Reichenbachiellaceae,Reichenbachiella,Reichenbachiella versicolor,100,100,100,100,100,100,93
ASV_2496,Bacteria,Bacteroidota,Flavobacteriia,Flavobacteriales,Flavobacteriaceae,Tenacibaculum,Tenacibaculum xiamenense,100,100,100,100,100,63.77380952380955,30.376190476190484
ASV_2497,Bacteria,Pseudomonadota,Gammaproteobacteria,Woeseiales,Woeseiaceae,Woeseia,Woeseia oceani,100,100,100,65,65,65,65
ASV_2498,Bacteria,Pseudomonadota,Alphaproteobacteria,Rhodobacterales,Paracoccaceae,Thermohalobaculum,Thermohalobaculum xanthum,100,100,100,90.5,84.5,27.833333333333325,27.833333333333325
ASV_2499,Bacteria,Myxococcota,NA,Nannocystales,Nannocystaceae,Plesiocystis,Plesiocystis pacifica,100,100,71.5,71.5,71.5,70.5,70.5
ASV_2500,Bacteria,Pseudomonadota,Gammaproteobacteria,Alteromonadales,Pseudoalteromonadaceae,Pseudoalteromonas,Pseudoalteromonas piratica,99.99999999999994,99.99999999999994,99.99999999999994,99.99999999999994,99.78971014492747,84.45637681159411,30.35401192309328
ASV_2501,NA,NA,NA,NA,NA,NA,NA,NA,NA,NA,NA,NA,NA,NA
ASV_2502,Bacteria,Pseudomonadota,Gammaproteobacteria,Alteromonadales,Shewanellaceae,Shewanella,Shewanella litorisediminis,99.99999999999999,99.99999999999999,99.99999999999999,98.8333333333333,72.66666666666664,72.66666666666664,25.236111111111107
ASV_2503,Bacteria,Pseudomonadota,Gammaproteobacteria,Alteromonadales,Colwelliaceae,Thalassotalea,Thalassotalea coralli,100,100,100,79.50000000000001,79.50000000000001,70.16666666666669,27.366666666666667
ASV_2504,Bacteria,Bacteroidota,Flavobacteriia,Flavobacteriales,Flavobacteriaceae,Tenacibaculum,Tenacibaculum lutimaris,99.99999999999997,99.99999999999997,99.99999999999997,99.99999999999997,99.99999999999997,85.63333333333328,41.361904761904746
ASV_2505,Bacteria,Bacteroidota,Cytophagia,Cytophagales,Fulvivirgaceae,Fulvivirga,Fulvivirga imtechensis,100,100,100,100,100,100,52.33333333333333
ASV_2506,Bacteria,Bacteroidota,Cytophagia,Cytophagales,Reichenbachiellaceae,Marinoscillum,Marinoscillum pacificum,100,100,100,100,100,100,74
ASV_2507,NA,NA,NA,NA,NA,NA,NA,NA,NA,NA,NA,NA,NA,NA
ASV_2508,Bacteria,Bacteroidota,Cytophagia,Cytophagales,Fulvivirgaceae,Fulvivirga,Fulvivirga aurantia,100,100,100,100,47.5,47.5,37.5
ASV_2509,Bacteria,Planctomycetota,Planctomycetia,Pirellulales,Pirellulaceae,Mariniblastus,Mariniblastus fucicola,100,100,100,100,100,100,100
ASV_2510,Bacteria,Verrucomicrobiota,Opitutae,Opitutales,Opitutaceae,Geminisphaera,Geminisphaera colitermitum,100,100,100,100,100,100,100
ASV_2511,NA,NA,NA,NA,NA,NA,NA,NA,NA,NA,NA,NA,NA,NA
ASV_2512,Bacteria,Pseudomonadota,Gammaproteobacteria,Vibrionales,Vibrionaceae,Vibrio,Vibrio europaeus,99.99999999999999,99.99999999999999,99.99999999999999,99.99999999999999,99.99999999999999,99.99999999999999,46.55
ASV_2513,Bacteria,Pseudomonadota,Alphaproteobacteria,Rhodobacterales,Paracoccaceae,Rhodovulum,Thalassovita mediterranea,100,100,100,89.5,58.241666666666674,17.8,14.200000000000005
ASV_2514,Bacteria,Pseudomonadota,Gammaproteobacteria,Alteromonadales,Pseudoalteromonadaceae,Pseudoalteromonas,Pseudoalteromonas piratica,100,100,100,100,100,100,48.833333333333336
ASV_2515,Bacteria,Pseudomonadota,Gammaproteobacteria,Alteromonadales,Colwelliaceae,Thalassotalea,Thalassotalea marina,100,100,100,100,100,97.5,46.333333333333336
ASV_2516,Bacteria,Pseudomonadota,Gammaproteobacteria,Vibrionales,Vibrionaceae,Vibrio,Vibrio jasicida,100.00000000000001,100.00000000000001,100.00000000000001,100.00000000000001,100.00000000000001,100.00000000000001,56.64982517482518
ASV_2517,Bacteria,Pseudomonadota,Gammaproteobacteria,Alteromonadales,Colwelliaceae,Thalassotalea,Thalassotalea coralli,100,100,100,92.49999999999999,80.41666666666667,78.91666666666667,31.41666666666667
ASV_2518,Bacteria,Campylobacterota,Epsilonproteobacteria,Campylobacterales,Sulfurovaceae,Sulfurovum,Sulfurovum riftiae,100,100,100,100,100,100,29.116666666666667
ASV_2519,Bacteria,Campylobacterota,Epsilonproteobacteria,Campylobacterales,Sulfurospirillaceae,Sulfurospirillum,Sulfurospirillum carboxydovorans,100,100,100,100,91,91,73.00000000000001
ASV_2520,NA,NA,NA,NA,NA,NA,NA,NA,NA,NA,NA,NA,NA,NA
ASV_2521,NA,NA,NA,NA,NA,NA,NA,NA,NA,NA,NA,NA,NA,NA
ASV_2522,Bacteria,Bacteroidota,Flavobacteriia,Flavobacteriales,Flavobacteriaceae,Flavobacterium,Flavobacterium haoranii,100,100,100,100,100,98,68.83333333333333
ASV_2523,NA,NA,NA,NA,NA,NA,NA,NA,NA,NA,NA,NA,NA,NA
ASV_2524,Bacteria,Bacillota,Clostridia,Eubacteriales,Eubacteriales Family XII. Incertae Sedis,Fusibacter,Fusibacter paucivorans,100,100,100,99,99,99,71
ASV_2525,NA,NA,NA,NA,NA,NA,NA,NA,NA,NA,NA,NA,NA,NA
ASV_2526,Bacteria,Pseudomonadota,Gammaproteobacteria,Oceanospirillales,Oceanospirillaceae,Oleispira,Oleispira antarctica,100,100,100,95.25,95.25,28.666666666666664,21.666666666666664
ASV_2527,Bacteria,Pseudomonadota,Gammaproteobacteria,Oceanospirillales,Oceanospirillaceae,Oleispira,Oleispira lenta,100,100,100,100,100,100,98
ASV_2528,Bacteria,Pseudomonadota,Gammaproteobacteria,Vibrionales,Vibrionaceae,Vibrio,Vibrio ichthyoenteri,99.99999999999994,99.99999999999994,99.99999999999994,99.99999999999994,99.99999999999994,99.99999999999994,20.54999999999999
ASV_2529,Bacteria,Pseudomonadota,Gammaproteobacteria,Oceanospirillales,Oceanospirillaceae,Litoribrevibacter,Litoribrevibacter euphylliae,100,100,100,95.83333333333331,94.83333333333331,56.16666666666666,54.66666666666666
ASV_2530,Bacteria,Pseudomonadota,Gammaproteobacteria,Alteromonadales,Pseudoalteromonadaceae,Psychrosphaera,Psychrosphaera aestuarii,100,100,100,100,100,86.48333333333332,28.783333333333328
ASV_2531,Bacteria,Pseudomonadota,Gammaproteobacteria,Alteromonadales,Alteromonadaceae,Salinimonas,Alteromonas indica,100,100,100,100,100,62.466666666666654,30.283333333333317
ASV_2532,Bacteria,Pseudomonadota,Alphaproteobacteria,Rhodobacterales,Roseobacteraceae,Sulfitobacter,Sulfitobacter porphyrae,100.00000000000001,100.00000000000001,100.00000000000001,100.00000000000001,97.64999999999999,89.81666666666666,54.56666666666666
ASV_2533,Bacteria,Verrucomicrobiota,Verrucomicrobiae,Verrucomicrobiales,Verrucomicrobiaceae,Haloferula,Haloferula phyci,100,100,100,100,100,100,96.5
ASV_2534,Bacteria,Actinomycetota,Actinomycetes,Mycobacteriales,Corynebacteriaceae,Corynebacterium,Corynebacterium lujinxingii,100,100,100,100,100,100,87.08333333333333
ASV_2535,Bacteria,Pseudomonadota,Gammaproteobacteria,Cellvibrionales,Cellvibrionaceae,Pseudomaricurvus,Pseudomaricurvus alkylphenolicus,100,100,100,100,100,99,99
ASV_2536,NA,NA,NA,NA,NA,NA,NA,NA,NA,NA,NA,NA,NA,NA
ASV_2537,NA,NA,NA,NA,NA,NA,NA,NA,NA,NA,NA,NA,NA,NA
ASV_2538,NA,NA,NA,NA,NA,NA,NA,NA,NA,NA,NA,NA,NA,NA
ASV_2539,Bacteria,Bacillota,Bacilli,Lactobacillales,Lactobacillaceae,Lactobacillus,Lactobacillus crispatus,100.00000000000004,100.00000000000004,100.00000000000004,100.00000000000004,100.00000000000004,100.00000000000004,36.61579254079254
ASV_2540,NA,NA,NA,NA,NA,NA,NA,NA,NA,NA,NA,NA,NA,NA
ASV_2541,Bacteria,Bacteroidota,Flavobacteriia,Flavobacteriales,Flavobacteriaceae,Seonamhaeicola,Seonamhaeicola aphaedonensis,100.00000000000001,100.00000000000001,100.00000000000001,100.00000000000001,100.00000000000001,100.00000000000001,89.33333333333333
ASV_2542,Bacteria,Actinomycetota,Actinomycetes,Micrococcales,Micrococcaceae,Micrococcus,Micrococcus aloeverae,100,100,100,100,100,99.76923076923077,67.4824786324786
ASV_2543,Bacteria,Bacteroidota,Flavobacteriia,Flavobacteriales,Flavobacteriaceae,Allomuricauda,Allomuricauda flava,100,100,100,100,100,100,99
ASV_2544,Bacteria,Bacteroidota,Flavobacteriia,Flavobacteriales,Flavobacteriaceae,Allomuricauda,Allomuricauda flava,100,100,100,100,100,89.16666666666667,78.33333333333333
ASV_2545,Bacteria,Pseudomonadota,Alphaproteobacteria,Rhodospirillales,Kiloniellaceae,Kiloniella,Kiloniella spongiae,100.00000000000001,100.00000000000001,100.00000000000001,100.00000000000001,100.00000000000001,100.00000000000001,51.33333333333333
ASV_2546,Bacteria,Pseudomonadota,Gammaproteobacteria,Oceanospirillales,Alcanivoracaceae,Marinicella,Marinicella litoralis,100,100,100,100,100,100,99.5
ASV_2547,NA,NA,NA,NA,NA,NA,NA,NA,NA,NA,NA,NA,NA,NA
ASV_2548,Bacteria,Pseudomonadota,Gammaproteobacteria,Cellvibrionales,Cellvibrionaceae,Eionea,Eionea nigra,100,100,100,60.75000000000001,55.25000000000001,55.25000000000001,55.25000000000001
ASV_2549,Bacteria,Pseudomonadota,Alphaproteobacteria,Rhodobacterales,Roseobacteraceae,Thalassovita,Thalassovita mediterranea,100,100,100,100,84.21666666666667,60.36666666666669,59.86666666666669
ASV_2550,Bacteria,Pseudomonadota,Gammaproteobacteria,Thiotrichales,Fastidiosibacteraceae,Cysteiniphilum,Cysteiniphilum litorale,100,100,100,100,100,79,74
ASV_2551,Bacteria,Pseudomonadota,Alphaproteobacteria,Sphingomonadales,Erythrobacteraceae,Aurantiacibacter,Aurantiacibacter suaedae,100,100,100,100,100,54.45357142857143,40.01785714285714
ASV_2552,Bacteria,Pseudomonadota,Gammaproteobacteria,Alteromonadales,Colwelliaceae,Thalassotalea,Thalassotalea marina,100,100,100,97.5,97.5,94.58333333333331,35.333333333333336
ASV_2553,Bacteria,Pseudomonadota,Gammaproteobacteria,Alteromonadales,Alteromonadaceae,Marisediminitalea,Marisediminitalea aggregata,100,100,100,100,100,45.11666666666665,45.11666666666665
ASV_2554,Bacteria,Pseudomonadota,Gammaproteobacteria,Alteromonadales,Colwelliaceae,Thalassotalea,Thalassotalea ponticola,100,100,100,100,87.99999999999999,81.74999999999999,30.833333333333318
ASV_2555,Bacteria,Bacteroidota,Flavobacteriia,Flavobacteriales,Flavobacteriaceae,Seonamhaeicola,Seonamhaeicola maritimus,100,100,100,100,100,51,49.5
ASV_2556,Bacteria,Pseudomonadota,Alphaproteobacteria,Rhodobacterales,Paracoccaceae,Aquicoccus,Aquicoccus porphyridii,100,100,100,100,80.58333333333333,77.75000000000003,77.75000000000003
ASV_2557,Bacteria,Verrucomicrobiota,Opitutae,Puniceicoccales,Coraliomargaritaceae,Coraliomargarita,Coraliomargarita akajimensis,100,100,100,100,100,100,100
ASV_2558,Bacteria,Pseudomonadota,Alphaproteobacteria,Rhodobacterales,Roseobacteraceae,Pseudoponticoccus,Pseudoponticoccus marisrubri,100,100,100,100,99,60.75000000000001,60.75000000000001
ASV_2559,Bacteria,Verrucomicrobiota,Opitutae,Puniceicoccales,Coraliomargaritaceae,Coraliomargarita,Coraliomargarita akajimensis,100,100,90.41666666666669,90.41666666666669,90.41666666666669,90.41666666666669,81.16666666666667
ASV_2560,NA,NA,NA,NA,NA,NA,NA,NA,NA,NA,NA,NA,NA,NA
ASV_2561,NA,NA,NA,NA,NA,NA,NA,NA,NA,NA,NA,NA,NA,NA
ASV_2562,Bacteria,Pseudomonadota,Alphaproteobacteria,Rhodobacterales,Paracoccaceae,Rhodovulum,Rhodovulum lacipunicei,100,100,100,100,100,100,41.25
ASV_2563,NA,NA,NA,NA,NA,NA,NA,NA,NA,NA,NA,NA,NA,NA
ASV_2564,Bacteria,Bacteroidota,Flavobacteriia,Flavobacteriales,Flavobacteriaceae,Dokdonia,Dokdonia lutea,100,100,100,100,100,100,100
ASV_2565,Bacteria,Verrucomicrobiota,Verrucomicrobiae,Verrucomicrobiales,Verrucomicrobiaceae,Fucophilus,Fucophilus fucoidanolyticus,100,100,99,99,99,99,99
ASV_2566,NA,NA,NA,NA,NA,NA,NA,NA,NA,NA,NA,NA,NA,NA
ASV_2567,Bacteria,Verrucomicrobiota,Verrucomicrobiae,Verrucomicrobiales,Verrucomicrobiaceae,Fucophilus,Fucophilus fucoidanolyticus,100,100,96.5,96.5,96.5,96.5,96.5
ASV_2568,Bacteria,Pseudomonadota,Gammaproteobacteria,Alteromonadales,Pseudoalteromonadaceae,Psychrosphaera,Psychrosphaera ytuae,100.00000000000001,100.00000000000001,100.00000000000001,100.00000000000001,99.70654078369448,83.4902742355683,42.206666666666614
ASV_2569,Bacteria,Bacteroidota,Cytophagia,Cytophagales,Fulvivirgaceae,Fulvivirga,Fulvivirga aurantia,100,100,100,100,47.833333333333336,47.833333333333336,29.83333333333333
ASV_2570,Bacteria,Pseudomonadota,Alphaproteobacteria,Sphingomonadales,Erythrobacteraceae,Altererythrobacter,Altererythrobacter rubellus,100.00000000000001,100.00000000000001,100.00000000000001,100.00000000000001,99.50000000000001,40.75000000000001,40.75000000000001
ASV_2571,Bacteria,Bacteroidota,Cytophagia,Cytophagales,Reichenbachiellaceae,Ekhidna,Ekhidna lutea,100,100,100,100,100,100,100
ASV_2572,Bacteria,Actinomycetota,Acidimicrobiia,Acidimicrobiales,Iamiaceae,Aquihabitans,Aquihabitans daechungensis,100,100,100,100,100,100,100
ASV_2573,Bacteria,Pseudomonadota,Alphaproteobacteria,Rhodospirillales,Kiloniellaceae,Curvivirga,Curvivirga aplysinae,100,100,100,100,100,100,100
ASV_2574,Bacteria,Pseudomonadota,Gammaproteobacteria,Vibrionales,Vibrionaceae,Vibrio,Vibrio tapetis,100.00000000000003,100.00000000000003,100.00000000000003,100.00000000000003,100.00000000000003,100.00000000000003,30.704761904761913
ASV_2575,NA,NA,NA,NA,NA,NA,NA,NA,NA,NA,NA,NA,NA,NA
ASV_2576,Bacteria,Pseudomonadota,Alphaproteobacteria,Rhodobacterales,Roseobacteraceae,Alexandriicola,Alexandriicola marinus,100,100,100,100,53.93333333333335,40.033333333333346,40.033333333333346
ASV_2577,NA,NA,NA,NA,NA,NA,NA,NA,NA,NA,NA,NA,NA,NA
ASV_2578,Bacteria,Pseudomonadota,Gammaproteobacteria,Oceanospirillales,Oceanospirillaceae,Neptuniibacter,Neptuniibacter caesariensis,100,100,100,100,100,100,100
ASV_2579,Bacteria,Pseudomonadota,Gammaproteobacteria,Vibrionales,Vibrionaceae,Vibrio,Vibrio coralliilyticus,100,100,100,100,100,100,50
ASV_2580,Bacteria,Pseudomonadota,Gammaproteobacteria,Oceanospirillales,Oceanospirillaceae,Thalassolituus,Thalassolituus oleivorans,100.00000000000001,100.00000000000001,100.00000000000001,85.50000000000003,52.00000000000002,36.06666666666666,34.73333333333335
ASV_2581,Bacteria,Pseudomonadota,Gammaproteobacteria,Alteromonadales,Alteromonadaceae,Alteromonas,Alteromonas confluentis,100.00000000000009,100.00000000000009,100.00000000000009,100.00000000000009,100.00000000000009,79.24761904761911,25.16919254658384
ASV_2582,Bacteria,Pseudomonadota,Gammaproteobacteria,Pseudomonadales,Marinobacteraceae,Marinobacter,Marinobacter lipolyticus,100,100,100,100,100,100,92
ASV_2583,Bacteria,Pseudomonadota,Gammaproteobacteria,Alteromonadales,Colwelliaceae,Thalassotalea,Thalassotalea fusca,100,100,100,100,100,100,64.5
ASV_2584,Bacteria,Planctomycetota,Planctomycetia,Pirellulales,Lacipirellulaceae,Adhaeretor,Adhaeretor mobilis,100,100,100,100,57.5,57.5,57.5
ASV_2585,Bacteria,Pseudomonadota,Gammaproteobacteria,Thiotrichales,Francisellaceae,Francisella,Francisella philomiragia,100,100,100,100,100,100,83.6
ASV_2586,Bacteria,Bacillota,Clostridia,Lachnospirales,Lachnospiraceae,Mediterraneibacter,Mediterraneibacter gnavus,100,100,100,100,100,100,100
ASV_2587,Bacteria,Pseudomonadota,Gammaproteobacteria,Cellvibrionales,Cellvibrionaceae,Eionea,Eionea nigra,100,100,100,41.916666666666664,30.541666666666686,24.291666666666682,24.291666666666682
ASV_2588,Bacteria,Pseudomonadota,Gammaproteobacteria,Alteromonadales,Colwelliaceae,Thalassotalea,Thalassotalea loyana,100,100,100,100,100,100,74
ASV_2589,Bacteria,Pseudomonadota,Alphaproteobacteria,Sphingomonadales,Erythrobacteraceae,Qipengyuania,Aurantiacibacter odishensis,100.00000000000001,100.00000000000001,100.00000000000001,100.00000000000001,95.64384884271139,42.71301253823128,10.3863354037267
ASV_2590,Bacteria,Bacteroidota,Flavobacteriia,Flavobacteriales,Flavobacteriaceae,Seonamhaeicola,Seonamhaeicola aphaedonensis,100,100,100,100,100,100,99
ASV_2591,Bacteria,Pseudomonadota,Alphaproteobacteria,Rhodobacterales,Roseobacteraceae,Pseudomarivita,Pseudomarivita litorea,100,100,100,100,60.26666666666665,24.23333333333332,24.23333333333332
ASV_2592,Bacteria,Pseudomonadota,Alphaproteobacteria,Rhodobacterales,Roseobacteraceae,Ruegeria,Ruegeria conchae,100,100,100,100,84.41666666666669,84.08333333333333,80.33333333333333
ASV_2593,Bacteria,Pseudomonadota,Gammaproteobacteria,Cellvibrionales,Halieaceae,Congregibacter,Congregibacter litoralis,100,100,100,100,100,34.16666666666665,34.16666666666665
ASV_2594,Bacteria,Bacteroidota,Saprospiria,Saprospirales,Lewinellaceae,Lewinella,Lewinella cohaerens,100,100,100,100,100,100,100
ASV_2595,NA,NA,NA,NA,NA,NA,NA,NA,NA,NA,NA,NA,NA,NA
ASV_2596,Bacteria,Bacteroidota,Flavobacteriia,Flavobacteriales,Flavobacteriaceae,Seonamhaeicola,Seonamhaeicola maritimus,100,100,100,100,100,100,70.5
ASV_2597,Bacteria,Verrucomicrobiota,Opitutae,Puniceicoccales,Coraliomargaritaceae,Coraliomargarita,Coraliomargarita akajimensis,100,100,100,100,100,100,80.33333333333331
ASV_2598,NA,NA,NA,NA,NA,NA,NA,NA,NA,NA,NA,NA,NA,NA
ASV_2599,Bacteria,Pseudomonadota,Gammaproteobacteria,Enterobacterales,Yersiniaceae,Serratia,Serratia quinivorans,99.99999999999999,99.99999999999999,99.99999999999999,99.99999999999999,99.99999999999999,98.73214285714282,51.60714285714285
ASV_2600,Bacteria,Bacillota,Bacilli,Lactobacillales,Lactobacillaceae,Leuconostoc,Leuconostoc mesenteroides,100,100,100,100,100,100,85.83415473415471
ASV_2601,Bacteria,Bacteroidota,Flavobacteriia,Flavobacteriales,Flavobacteriaceae,Dokdonia,Dokdonia lutea,100,100,100,100,100,100,94
ASV_2602,Bacteria,Pseudomonadota,Gammaproteobacteria,Alteromonadales,Colwelliaceae,Thalassotalea,Thalassotalea coralli,100,100,100,100,91.1111111111111,83.16666666666666,36.27777777777777
ASV_2603,Bacteria,Verrucomicrobiota,Opitutae,Puniceicoccales,Coraliomargaritaceae,Coraliomargarita,Coraliomargarita akajimensis,100,100,99,99,99,99,54.333333333333314
ASV_2604,NA,NA,NA,NA,NA,NA,NA,NA,NA,NA,NA,NA,NA,NA
ASV_2605,Bacteria,Pseudomonadota,Alphaproteobacteria,Rhodobacterales,Roseobacteraceae,Ruegeria,Ruegeria sediminis,100,100,100,100,81.55277777777776,81.55277777777776,21.26944444444445
ASV_2606,Bacteria,Bacteroidota,Flavobacteriia,Flavobacteriales,Flavobacteriaceae,Pseudotenacibaculum,Pseudotenacibaculum haliotis,100,100,100,100,100,66.60000000000001,66.60000000000001
ASV_2607,Bacteria,Pseudomonadota,Gammaproteobacteria,Thiotrichales,Francisellaceae,Francisella,Francisella hispaniensis,100,100,100,100,100,96.33333333333333,36.72142857142857
ASV_2608,Bacteria,Bacteroidota,Flavobacteriia,Flavobacteriales,Crocinitomicaceae,Wandonia,Wandonia haliotis,100.00000000000001,100.00000000000001,100.00000000000001,100.00000000000001,86.16666666666667,45.833333333333336,45.833333333333336
ASV_2609,Bacteria,Pseudomonadota,Gammaproteobacteria,Alteromonadales,Colwelliaceae,Thalassomonas,Thalassomonas viridans,100.00000000000001,100.00000000000001,100.00000000000001,91.08730158730158,79.42063492063491,66.16666666666664,66.16666666666664
ASV_2610,Bacteria,Pseudomonadota,Alphaproteobacteria,Rhodobacterales,Roseobacteraceae,Thalassovita,Thalassovita mediterranea,100,100,100,100,70.43333333333335,37.400000000000006,31.700000000000006
ASV_2611,Bacteria,Pseudomonadota,Gammaproteobacteria,Alteromonadales,Alteromonadaceae,Salinimonas,Salinimonas iocasae,100.00000000000014,100.00000000000014,100.00000000000014,100.00000000000014,100.00000000000014,50.333333333333414,41.16666666666673
ASV_2612,Bacteria,Bacteroidota,Flavobacteriia,Flavobacteriales,Flavobacteriaceae,Dokdonia,Dokdonia lutea,100,100,100,100,100,100,100
ASV_2613,Bacteria,Bacteroidota,Flavobacteriia,Flavobacteriales,Flavobacteriaceae,Allomuricauda,Allomuricauda ochracea,100,100,100,100,100,100,100
ASV_2614,Bacteria,Pseudomonadota,Gammaproteobacteria,Alteromonadales,Colwelliaceae,Thalassotalea,Thalassotalea coralli,100,100,100,100,100,85.33333333333331,40.66666666666665
ASV_2615,Bacteria,Bacteroidota,Flavobacteriia,Flavobacteriales,Flavobacteriaceae,Allomuricauda,Allomuricauda ochracea,100,100,100,100,100,100,78.5
ASV_2616,NA,NA,NA,NA,NA,NA,NA,NA,NA,NA,NA,NA,NA,NA
ASV_2617,NA,NA,NA,NA,NA,NA,NA,NA,NA,NA,NA,NA,NA,NA
ASV_2618,Bacteria,Pseudomonadota,Gammaproteobacteria,Oceanospirillales,Oceanospirillaceae,Amphritea,Amphritea japonica,100,100,100,100,100,100,69.5
ASV_2619,Bacteria,Pseudomonadota,Gammaproteobacteria,Cellvibrionales,Halieaceae,Halioglobus,Halioglobus japonicus,100,100,100,90.5,88.5,62,60
ASV_2620,Bacteria,Pseudomonadota,Gammaproteobacteria,Oceanospirillales,Hahellaceae,Sansalvadorimonas,Sansalvadorimonas verongulae,100,100,100,100,100,100,100
ASV_2621,Bacteria,Verrucomicrobiota,Verrucomicrobiae,Verrucomicrobiales,Verrucomicrobiaceae,Haloferula,Haloferula helveola,100,100,100,100,100,100,95
ASV_2622,Bacteria,Pseudomonadota,Alphaproteobacteria,Rhodobacterales,Roseobacteraceae,Salibaculum,Pseudoruegeria limi,100,100,100,100,88.41666666666667,41,36.33333333333333
ASV_2623,Bacteria,Planctomycetota,Planctomycetia,Pirellulales,Pirellulaceae,Mariniblastus,Mariniblastus fucicola,100,100,100,100,100,91.00000000000001,91.00000000000001
ASV_2624,Bacteria,Bacteroidota,Flavobacteriia,Flavobacteriales,Flavobacteriaceae,Winogradskyella,Winogradskyella aurantiaca,100.00000000000001,100.00000000000001,100.00000000000001,100.00000000000001,100.00000000000001,100.00000000000001,80.33333333333333
ASV_2625,Bacteria,Pseudomonadota,Alphaproteobacteria,Rhodobacterales,Paracoccaceae,Citreimonas,Citreimonas salinaria,100.00000000000001,100.00000000000001,100.00000000000001,100.00000000000001,55.176190476190506,26.416666666666686,26.416666666666686
ASV_2626,Bacteria,Bacteroidota,Cytophagia,Cytophagales,Reichenbachiellaceae,Marinoscillum,Marinoscillum pacificum,100,100,100,100,66.66666666666666,66.66666666666666,58.33333333333333
ASV_2627,Bacteria,Pseudomonadota,Gammaproteobacteria,Woeseiales,Woeseiaceae,Woeseia,Woeseia oceani,100,100,100,78,78,78,78
ASV_2628,Bacteria,Bacteroidota,Cytophagia,Cytophagales,Fulvivirgaceae,Fulvivirga,Fulvivirga marina,100,100,100,100,74.43333333333334,74.43333333333334,27.928571428571427
ASV_2629,Bacteria,Bacteroidota,Saprospiria,Saprospirales,Lewinellaceae,Lewinella,Lewinella cohaerens,100,100,100,100,100,100,100
ASV_2630,NA,NA,NA,NA,NA,NA,NA,NA,NA,NA,NA,NA,NA,NA
ASV_2631,Bacteria,Pseudomonadota,Alphaproteobacteria,Rhodobacterales,Roseobacteraceae,Tropicibacter,Tropicibacter naphthalenivorans,100,100,100,100,94.30505050505049,77.34765512265514,77.34765512265514
ASV_2632,Bacteria,Pseudomonadota,Alphaproteobacteria,Rhodobacterales,Paracoccaceae,Pseudohalocynthiibacter,Pseudohalocynthiibacter aestuariivivens,100,100,100,74.26666666666668,40.43333333333335,22.866666666666674,22.866666666666674
ASV_2633,NA,NA,NA,NA,NA,NA,NA,NA,NA,NA,NA,NA,NA,NA
ASV_2634,NA,NA,NA,NA,NA,NA,NA,NA,NA,NA,NA,NA,NA,NA
ASV_2635,NA,NA,NA,NA,NA,NA,NA,NA,NA,NA,NA,NA,NA,NA
ASV_2636,Bacteria,Bacteroidota,Flavobacteriia,Flavobacteriales,Flavobacteriaceae,Zeaxanthinibacter,Zeaxanthinibacter enoshimensis,100,100,100,100,100,70.08333333333333,37.333333333333336
ASV_2637,Bacteria,Verrucomicrobiota,Verrucomicrobiae,Verrucomicrobiales,Verrucomicrobiaceae,Fucophilus,Fucophilus fucoidanolyticus,100,100,98.33333333333333,98.33333333333333,98.33333333333333,98.33333333333333,98.33333333333333
ASV_2638,NA,NA,NA,NA,NA,NA,NA,NA,NA,NA,NA,NA,NA,NA
ASV_2639,NA,NA,NA,NA,NA,NA,NA,NA,NA,NA,NA,NA,NA,NA
ASV_2640,NA,NA,NA,NA,NA,NA,NA,NA,NA,NA,NA,NA,NA,NA
ASV_2641,Bacteria,Campylobacterota,Epsilonproteobacteria,Campylobacterales,Sulfurovaceae,Sulfurovum,Sulfurovum lithotrophicum,100,100,100,100,100,100,77.33333333333331
ASV_2642,Bacteria,Pseudomonadota,Gammaproteobacteria,Vibrionales,Vibrionaceae,Vibrio,Vibrio agarivorans,100,100,100,100,100,100,45.22076344707923
ASV_2643,Bacteria,Pseudomonadota,Gammaproteobacteria,Oceanospirillales,Oceanospirillaceae,Oceanospirillum,Oceanospirillum multiglobuliferum,99.99999999999999,99.99999999999999,99.99999999999999,51.29047619047619,51.29047619047619,47.67142857142856,23.9
ASV_2644,Bacteria,Chlamydiota,Chlamydiia,Parachlamydiales,Parachlamydiaceae,Protochlamydia,Candidatus Protochlamydia naegleriophila,100,100,100,100,100,56.5,56.5
ASV_2645,Bacteria,Pseudomonadota,Gammaproteobacteria,Alteromonadales,Colwelliaceae,Thalassotalea,Thalassotalea marina,100,100,100,100,63.366666666666625,57.53333333333331,23.366666666666653
ASV_2646,Bacteria,Planctomycetota,Planctomycetia,Planctomycetales,Planctomycetaceae,Fuerstiella,Fuerstiella marisgermanici,100,100,100,100,100,100,100
ASV_2647,NA,NA,NA,NA,NA,NA,NA,NA,NA,NA,NA,NA,NA,NA
ASV_2648,Bacteria,Pseudomonadota,Gammaproteobacteria,Vibrionales,Vibrionaceae,Vibrio,Vibrio neptunius,100,100,100,100,100,100,97.33333333333331
ASV_2649,Bacteria,Pseudomonadota,Gammaproteobacteria,Alteromonadales,Pseudoalteromonadaceae,Pseudoalteromonas,Pseudoalteromonas gelatinilytica,100,100,100,100,100,100,30.75
ASV_2650,Bacteria,Pseudomonadota,Gammaproteobacteria,Alteromonadales,Pseudoalteromonadaceae,Pseudoalteromonas,Pseudoalteromonas lipolytica,100,100,100,100,100,100,69.69999999999999
ASV_2651,Bacteria,Pseudomonadota,Gammaproteobacteria,Alteromonadales,Colwelliaceae,Thalassotalea,Thalassotalea fusca,100,100,100,100,100,100,72.50000000000001
ASV_2652,Bacteria,Pseudomonadota,Gammaproteobacteria,Alteromonadales,Alteromonadaceae,Alteromonas,Alteromonas indica,100,100,100,100,100,69.1833333333333,23.23333333333332
ASV_2653,Bacteria,Pseudomonadota,Gammaproteobacteria,Oceanospirillales,Oceanospirillaceae,Litoribacillus,Litoribacillus peritrichatus,100,100,100,100,100,100,100
ASV_2654,Bacteria,Pseudomonadota,Gammaproteobacteria,Alteromonadales,Pseudoalteromonadaceae,Pseudoalteromonas,Pseudoalteromonas xishaensis,99.99999999999996,99.99999999999996,99.99999999999996,99.99999999999996,99.7898550724637,99.7898550724637,28.77123210383125
ASV_2655,Bacteria,Pseudomonadota,Gammaproteobacteria,Alteromonadales,Pseudoalteromonadaceae,Psychrosphaera,Psychrosphaera aestuarii,100,100,100,100,99.9262187088274,67.23657407407406,22.768287037037023
ASV_2656,Bacteria,Pseudomonadota,Gammaproteobacteria,Thiotrichales,Oceanospirillaceae,Bacterioplanoides,Bacterioplanoides pacificum,100,100,100,45.41666666666665,43.5,37.5,37.5
ASV_2657,NA,NA,NA,NA,NA,NA,NA,NA,NA,NA,NA,NA,NA,NA
ASV_2658,Bacteria,Pseudomonadota,Gammaproteobacteria,Alteromonadales,Alteromonadaceae,Salinimonas,Salinimonas chungwhensis,100,100,100,100,100,53.08333333333334,34.25000000000001
ASV_2659,Bacteria,Pseudomonadota,Gammaproteobacteria,Oceanospirillales,Oceanospirillaceae,Oceanospirillum,Oceanospirillum beijerinckii,100,100,100,98,94,65,47.016666666666644
ASV_2660,Bacteria,Pseudomonadota,Gammaproteobacteria,Alteromonadales,Alteromonadaceae,Alteromonas,Alteromonas abrolhosensis,100,100,100,100,100,99.88428571428568,41.308386489745985
ASV_2661,Bacteria,Pseudomonadota,Alphaproteobacteria,Rhodobacterales,Roseobacteraceae,Wenxinia,Wenxinia saemankumensis,100,100,100,100,85.32499999999999,18.733333333333317,16.733333333333317
ASV_2662,Bacteria,Pseudomonadota,Gammaproteobacteria,Vibrionales,Vibrionaceae,Vibrio,Vibrio hannami,100,100,100,100,100,100,96.5
ASV_2663,Bacteria,Campylobacterota,Epsilonproteobacteria,Campylobacterales,Arcobacteraceae,Malaciobacter,Malaciobacter mytili,100,100,100,100,100,98.33333333333331,42.166666666666664
ASV_2664,Bacteria,Pseudomonadota,Gammaproteobacteria,Alteromonadales,Colwelliaceae,Thalassotalea,Psychromonas aquimarina,100.00000000000003,100.00000000000003,100.00000000000003,100.00000000000003,43.25000000000001,41.75000000000001,14.750000000000005
ASV_2665,Bacteria,Pseudomonadota,Gammaproteobacteria,Oceanospirillales,Oceanospirillaceae,Marinobacterium,Marinobacterium marisflavi,100,100,100,100,100,100,100
ASV_2666,Bacteria,Pseudomonadota,Gammaproteobacteria,Alteromonadales,Alteromonadaceae,Alteromonas,Alteromonas confluentis,100,100,100,100,100,90.29002309284918,42.03564978499764
ASV_2667,Bacteria,Bacteroidota,Bacteroidia,Bacteroidales,Prevotellaceae,Prevotella,Prevotella nigrescens,100,100,100,100,100,100,100
ASV_2668,NA,NA,NA,NA,NA,NA,NA,NA,NA,NA,NA,NA,NA,NA
ASV_2669,Bacteria,Pseudomonadota,Alphaproteobacteria,Rhodobacterales,Roseobacteraceae,Sulfitobacter,Sulfitobacter porphyrae,100,100,100,100,100,100,85.66666666666666
ASV_2670,Bacteria,Pseudomonadota,Alphaproteobacteria,Rhodobacterales,Roseobacteraceae,Ruegeria,Ruegeria profundi,100,100,100,100,91.40714285714284,91.40714285714284,38.95952380952382
ASV_2671,Bacteria,Pseudomonadota,Alphaproteobacteria,Hyphomonadales,Hyphomonadaceae,Hyphomonas,Hyphomonas atlantica,100,100,100,100,100,100,83
ASV_2672,Bacteria,Pseudomonadota,Alphaproteobacteria,Rhodobacterales,Paracoccaceae,Aliiroseovarius,Aliiroseovarius crassostreae,100.00000000000001,100.00000000000001,100.00000000000001,100.00000000000001,81.24523809523811,63.81904761904759,46.80119047619047
ASV_2673,Bacteria,Pseudomonadota,Gammaproteobacteria,Alteromonadales,Colwelliaceae,Thalassotalea,Thalassotalea loyana,100.00000000000001,100.00000000000001,100.00000000000001,100.00000000000001,98.00000000000001,89.16666666666669,25.16666666666667
ASV_2674,Bacteria,Myxococcota,NA,Nannocystales,Nannocystaceae,Plesiocystis,Plesiocystis pacifica,100.00000000000001,100.00000000000001,62.75000000000002,62.75000000000002,62.75000000000002,56.250000000000014,56.250000000000014
ASV_2675,Bacteria,Verrucomicrobiota,Opitutae,Puniceicoccales,Coraliomargaritaceae,Coraliomargarita,Coraliomargarita akajimensis,100,100,100,100,100,100,71
ASV_2676,NA,NA,NA,NA,NA,NA,NA,NA,NA,NA,NA,NA,NA,NA
ASV_2677,Bacteria,Myxococcota,NA,Nannocystales,Nannocystaceae,Pseudenhygromyxa,Pseudenhygromyxa salsuginis,99.99999999999999,99.99999999999999,61.16666666666664,61.16666666666664,61.16666666666664,39,39
ASV_2678,Bacteria,Bacteroidota,Flavobacteriia,Flavobacteriales,Flavobacteriaceae,Dokdonia,Dokdonia lutea,100,100,100,100,100,100,88.5
ASV_2679,Bacteria,Bacteroidota,Flavobacteriia,Flavobacteriales,Flavobacteriaceae,Winogradskyella,Seonamhaeicola aphaedonensis,100.00000000000001,100.00000000000001,100.00000000000001,100.00000000000001,100.00000000000001,42.66666666666666,28.000000000000004
ASV_2680,Bacteria,Pseudomonadota,Alphaproteobacteria,Rhodobacterales,Paracoccaceae,Aliiroseovarius,Aliiroseovarius crassostreae,100,100,100,100,74.61428571428571,53.22857142857144,41.976190476190474
ASV_2681,Bacteria,Bacteroidota,Flavobacteriia,Flavobacteriales,Flavobacteriaceae,Mangrovimonas,Mangrovimonas spongiae,100,100,100,100,100,45.833333333333336,42.833333333333336
ASV_2682,Bacteria,Pseudomonadota,Gammaproteobacteria,Alteromonadales,Colwelliaceae,Thalassotalea,Thalassotalea coralli,100,100,100,100,100,100,54.16666666666666
ASV_2683,Bacteria,Pseudomonadota,Gammaproteobacteria,Alteromonadales,Colwelliaceae,Thalassotalea,Thalassotalea coralli,100,100,100,88.16666666666666,88.16666666666666,88.16666666666666,37.833333333333336
ASV_2684,Bacteria,Bacteroidota,Flavobacteriia,Flavobacteriales,Cryomorphaceae,Acidiluteibacter,Acidiluteibacter ferrifornacis,100,100,100,100,100,100,100
ASV_2685,Bacteria,Pseudomonadota,Gammaproteobacteria,Alteromonadales,Alteromonadaceae,Marisediminitalea,Marisediminitalea mangrovi,100,100,100,100,93.5,42.61666666666665,42.61666666666665
ASV_2686,Bacteria,Bacteroidota,Flavobacteriia,Flavobacteriales,Flavobacteriaceae,Allomuricauda,Allomuricauda profundi,100,100,100,100,100,96,50.51190476190475
ASV_2687,Bacteria,Pseudomonadota,Gammaproteobacteria,Alteromonadales,Colwelliaceae,Thalassotalea,Thalassotalea ponticola,100,100,100,100,98.5,97.5,77.33333333333334
ASV_2688,Bacteria,Pseudomonadota,Gammaproteobacteria,Alteromonadales,Alteromonadaceae,Salinimonas,Salinimonas lutimaris,100,100,100,100,100,87.76666666666668,68.53333333333332
ASV_2689,Bacteria,Chlamydiota,Chlamydiia,Parachlamydiales,Simkaniaceae,Simkania,Simkania negevensis,100,100,100,100,100,100,100
ASV_2690,Bacteria,Pseudomonadota,Gammaproteobacteria,Alteromonadales,Alteromonadaceae,Planctobacterium,Planctobacterium marinum,100,100,100,100,100,44.333333333333314,44.333333333333314
ASV_2691,NA,NA,NA,NA,NA,NA,NA,NA,NA,NA,NA,NA,NA,NA
ASV_2692,Bacteria,Pseudomonadota,Alphaproteobacteria,Rhodobacterales,Roseobacteraceae,Octadecabacter,Alexandriicola marinus,99.99999999999999,99.99999999999999,99.99999999999999,99.99999999999999,56.96666666666666,18.266666666666666,15.783333333333335
ASV_2693,Bacteria,Pseudomonadota,Gammaproteobacteria,Oceanospirillales,Oceanospirillaceae,Oceanospirillum,Oceanospirillum sanctuarii,100,100,100,49.96666666666664,38.96666666666664,31.9,20.5
ASV_2694,Bacteria,Pseudomonadota,Gammaproteobacteria,Vibrionales,Vibrionaceae,Thaumasiovibrio,Thaumasiovibrio occultus,100,100,100,95.5,95.5,78.33333333333334,58.83333333333335
ASV_2695,Bacteria,Bacteroidota,Cytophagia,Cytophagales,Roseivirgaceae,Roseivirga,Roseivirga misakiensis,100,100,100,100,100,100,86.5
ASV_2696,NA,NA,NA,NA,NA,NA,NA,NA,NA,NA,NA,NA,NA,NA
ASV_2697,Bacteria,Pseudomonadota,Gammaproteobacteria,Alteromonadales,Colwelliaceae,Thalassotalea,Thalassotalea coralli,100,100,100,99.5,97.5,93.16666666666667,32.833333333333336
ASV_2698,Bacteria,Pseudomonadota,Alphaproteobacteria,Rhodobacterales,Roseobacteraceae,Thalassovita,Thalassovita mediterranea,99.99999999999999,99.99999999999999,99.99999999999999,90.58333333333329,50.233333333333356,24.64999999999999,20.866666666666664
ASV_2699,Bacteria,Pseudomonadota,Alphaproteobacteria,Rhodobacterales,Roseobacteraceae,Thalassovita,Thalassovita mediterranea,100,100,100,100,78.2,69.36666666666667,68.53333333333335
ASV_2700,Bacteria,Verrucomicrobiota,Verrucomicrobiae,Verrucomicrobiales,Rubritaleaceae,Rubritalea,Rubritalea spongiae,100,100,100,100,100,100,44.66666666666666
ASV_2701,Bacteria,Pseudomonadota,Gammaproteobacteria,Alteromonadales,Colwelliaceae,Thalassotalea,Thalassotalea coralli,99.99999999999997,99.99999999999997,99.99999999999997,56.35,56.35,54.01666666666665,23.083333333333325
ASV_2702,Bacteria,Bacteroidota,Saprospiria,Saprospirales,Lewinellaceae,Neolewinella,Neolewinella aurantiaca,100,100,100,100,100,100,68.5
ASV_2703,Bacteria,Pseudomonadota,Alphaproteobacteria,Hyphomonadales,Hyphomonadaceae,Hyphomonas,Hyphomonas adhaerens,99.99999999999999,99.99999999999999,99.99999999999999,99.66666666666664,99.66666666666664,93.5,45.666666666666664
ASV_2704,Bacteria,Pseudomonadota,Gammaproteobacteria,Alteromonadales,Colwelliaceae,Thalassotalea,Thalassotalea coralli,100,100,100,100,89.58333333333333,89.58333333333333,42.33333333333334
ASV_2705,NA,NA,NA,NA,NA,NA,NA,NA,NA,NA,NA,NA,NA,NA
ASV_2706,Bacteria,Bacteroidota,Saprospiria,Saprospirales,Lewinellaceae,Lewinella,Lewinella cohaerens,100,100,100,100,68,68,68
ASV_2707,NA,NA,NA,NA,NA,NA,NA,NA,NA,NA,NA,NA,NA,NA
ASV_2708,NA,NA,NA,NA,NA,NA,NA,NA,NA,NA,NA,NA,NA,NA
ASV_2709,Bacteria,Bacteroidota,Flavobacteriia,Flavobacteriales,Flavobacteriaceae,Tenacibaculum,Tenacibaculum aiptasiae,100.00000000000006,100.00000000000006,100.00000000000006,100.00000000000006,100.00000000000006,99.83333333333337,32.93174603174604
ASV_2710,NA,NA,NA,NA,NA,NA,NA,NA,NA,NA,NA,NA,NA,NA
ASV_2711,Bacteria,Pseudomonadota,Betaproteobacteria,Nitrosomonadales,Nitrosomonadaceae,Nitrosomonas,Nitrosomonas marina,100,100,100,100,100,100,96.83333333333333
ASV_2712,Bacteria,Pseudomonadota,Gammaproteobacteria,Alteromonadales,Pseudoalteromonadaceae,Algicola,Algicola bacteriolytica,100,100,100,100,100,100,100
ASV_2713,Bacteria,Pseudomonadota,Gammaproteobacteria,Thiotrichales,Thiotrichaceae,Leucothrix,Leucothrix sargassi,100,100,100,100,100,93.5,80
ASV_2714,Bacteria,Pseudomonadota,Gammaproteobacteria,Alteromonadales,Alteromonadaceae,Marisediminitalea,Marisediminitalea aggregata,100.00000000000003,100.00000000000003,100.00000000000003,100.00000000000003,100.00000000000003,58.767296254470246,58.767296254470246
ASV_2715,Bacteria,Pseudomonadota,Gammaproteobacteria,Alteromonadales,Colwelliaceae,Thalassotalea,Thalassotalea montiporae,100,100,100,100,100,100,99
ASV_2716,Bacteria,Pseudomonadota,Gammaproteobacteria,Alteromonadales,Alteromonadaceae,Planctobacterium,Planctobacterium marinum,100,100,100,100,100,100,100
ASV_2717,Bacteria,Pseudomonadota,Gammaproteobacteria,Alteromonadales,Pseudoalteromonadaceae,Pseudoalteromonas,Psychrosphaera ytuae,99.99999999999999,99.99999999999999,99.99999999999999,99.99999999999999,99.93055555555553,63.26388888888904,31.50000000000004
ASV_2718,Bacteria,Bacteroidota,Cytophagia,Cytophagales,Reichenbachiellaceae,Ekhidna,Ekhidna lutea,100,100,100,100,100,100,100
ASV_2719,Bacteria,Pseudomonadota,Gammaproteobacteria,Vibrionales,Vibrionaceae,Vibrio,Vibrio xuii,100.00000000000001,100.00000000000001,100.00000000000001,100.00000000000001,100.00000000000001,99.16666666666669,80.83333333333336
ASV_2720,Bacteria,Pseudomonadota,Alphaproteobacteria,Sphingomonadales,Erythrobacteraceae,Erythrobacter,Altererythrobacter insulae,100,100,100,100,99.5,52.175000000000026,44.49166666666666
ASV_2721,Bacteria,Pseudomonadota,Alphaproteobacteria,Rhodobacterales,Roseobacteraceae,Donghicola,Donghicola eburneus,100,100,100,100,95.17307692307689,46.00757575757576,34.66666666666664
ASV_2722,NA,NA,NA,NA,NA,NA,NA,NA,NA,NA,NA,NA,NA,NA
ASV_2723,Bacteria,Pseudomonadota,Gammaproteobacteria,Oceanospirillales,Pleioneaceae,Aliikangiella,Aliikangiella marina,100,100,100,100,100,100,97
ASV_2724,Bacteria,Bacteroidota,Saprospiria,Saprospirales,Haliscomenobacteraceae,Portibacter,Portibacter lacus,100,100,100,100,100,100,100
ASV_2725,Bacteria,Pseudomonadota,Gammaproteobacteria,Cellvibrionales,Cellvibrionaceae,Pseudoteredinibacter,Pseudoteredinibacter isoporae,100,100,100,100,100,100,100
ASV_2726,Bacteria,Bacteroidota,Flavobacteriia,Flavobacteriales,Crocinitomicaceae,Crocinitomix,Crocinitomix catalasitica,100,100,100,100,100,98,55.00000000000001
ASV_2727,Bacteria,Pseudomonadota,Alphaproteobacteria,Rhodobacterales,Paracoccaceae,Marimonas,Marimonas lutisalis,99.99999999999999,99.99999999999999,99.99999999999999,99.99999999999999,60.383333333333354,27.650000000000013,27.650000000000013
ASV_2728,Bacteria,Pseudomonadota,Alphaproteobacteria,Sphingomonadales,Erythrobacteraceae,Erythrobacter,Erythrobacter rubeus,100.0000000000001,100.0000000000001,100.0000000000001,100.0000000000001,95.61212775528574,54.96186234817818,53.884939271255085
ASV_2729,Bacteria,Pseudomonadota,Alphaproteobacteria,Kordiimonadales,Kordiimonadaceae,Kordiimonas,Kordiimonas gwangyangensis,100,100,100,100,100,100,47.833333333333336
ASV_2730,NA,NA,NA,NA,NA,NA,NA,NA,NA,NA,NA,NA,NA,NA
ASV_2731,Bacteria,Pseudomonadota,Betaproteobacteria,Neisseriales,Neisseriaceae,Neisseria,Neisseria perflava,100,100,100,100,100,100,100
ASV_2732,NA,NA,NA,NA,NA,NA,NA,NA,NA,NA,NA,NA,NA,NA
ASV_2733,Bacteria,Pseudomonadota,Betaproteobacteria,Nitrosomonadales,Methylophilaceae,Methylotenera,Methylotenera oryzisoli,100,100,100,100,84.00000000000001,79.83333333333333,69
ASV_2734,Bacteria,Pseudomonadota,Alphaproteobacteria,Hyphomicrobiales,Stappiaceae,Roseibium,Roseibium aquae,100,100,100,100,100,92.48333333333332,45.53333333333333
ASV_2735,Bacteria,Pseudomonadota,Gammaproteobacteria,Alteromonadales,Colwelliaceae,Thalassotalea,Thalassotalea coralli,100,100,100,100,77.66666666666669,74.83333333333334,32.033333333333346
ASV_2736,NA,NA,NA,NA,NA,NA,NA,NA,NA,NA,NA,NA,NA,NA
ASV_2737,Bacteria,Pseudomonadota,Gammaproteobacteria,Alteromonadales,Colwelliaceae,Thalassotalea,Thalassotalea coralli,100,100,100,100,98.33333333333333,98.33333333333333,50.166666666666664
ASV_2738,Bacteria,Pseudomonadota,Gammaproteobacteria,Alteromonadales,Colwelliaceae,Thalassotalea,Thalassotalea loyana,100,100,100,85.66666666666667,67.3809523809524,54.54761904761906,32.08333333333334
ASV_2739,Bacteria,Pseudomonadota,Gammaproteobacteria,Vibrionales,Vibrionaceae,Vibrio,Vibrio fortis,100,100,100,100,100,100,76.33333333333333
ASV_2740,Bacteria,Bacteroidota,Flavobacteriia,Flavobacteriales,Flavobacteriaceae,Dokdonia,Dokdonia lutea,100,100,100,100,100,100,100
ASV_2741,Bacteria,Bacteroidota,Flavobacteriia,Flavobacteriales,Flavobacteriaceae,Kordia,Kordia jejudonensis,100.00000000000001,100.00000000000001,100.00000000000001,100.00000000000001,100.00000000000001,100.00000000000001,56.000000000000014
ASV_2742,Bacteria,Bacteroidota,Flavobacteriia,Flavobacteriales,Cryomorphaceae,Acidiluteibacter,Acidiluteibacter ferrifornacis,100,100,100,100,100,100,100
ASV_2743,Bacteria,Pseudomonadota,Gammaproteobacteria,Alteromonadales,Colwelliaceae,Thalassotalea,Thalassotalea loyana,100,100,100,100,100,83.41666666666667,44.16666666666665
ASV_2744,Bacteria,Pseudomonadota,Alphaproteobacteria,Sphingomonadales,Sphingomonadaceae,Parablastomonas,Parablastomonas arctica,100,100,100,100,100,100,100
ASV_2745,NA,NA,NA,NA,NA,NA,NA,NA,NA,NA,NA,NA,NA,NA
ASV_2746,Bacteria,Pseudomonadota,Gammaproteobacteria,Pseudomonadales,Marinobacteraceae,Marinobacter,Marinobacter salsuginis,100,100,100,100,100,100,78.16666666666666
ASV_2747,NA,NA,NA,NA,NA,NA,NA,NA,NA,NA,NA,NA,NA,NA
ASV_2748,Bacteria,Verrucomicrobiota,Opitutae,Puniceicoccales,Coraliomargaritaceae,Coraliomargarita,Coraliomargarita akajimensis,100,100,100,100,100,100,85.33333333333331
ASV_2749,Bacteria,Pseudomonadota,Alphaproteobacteria,Rhodobacterales,Roseobacteraceae,Sinisalibacter,Sinisalibacter lacisalsi,100,100,100,100,94.16666666666667,85.28333333333332,85.28333333333332
ASV_2750,NA,NA,NA,NA,NA,NA,NA,NA,NA,NA,NA,NA,NA,NA
ASV_2751,Bacteria,Bacillota,Bacilli,Lactobacillales,Lactobacillaceae,Lactobacillus,Lactobacillus helsingborgensis,100,100,100,100,100,100,100
ASV_2752,Bacteria,Bacteroidota,Flavobacteriia,Flavobacteriales,Flavobacteriaceae,Seonamhaeicola,Seonamhaeicola algicola,100,100,100,100,100,52.50000000000001,33.41666666666665
ASV_2753,Bacteria,Pseudomonadota,Alphaproteobacteria,Hyphomonadales,Hyphomonadaceae,Ponticaulis,Ponticaulis koreensis,100,100,100,100,100,100,99
ASV_2754,Bacteria,Bacteroidota,Flavobacteriia,Flavobacteriales,Flavobacteriaceae,Dokdonia,Dokdonia lutea,100,100,100,100,100,96.5,96.5
ASV_2755,Bacteria,Pseudomonadota,Gammaproteobacteria,Cellvibrionales,Halieaceae,Halioglobus,Halioglobus pacificus,100,100,100,100,100,45.333333333333336,45.333333333333336
ASV_2756,Bacteria,Bacteroidota,Flavobacteriia,Flavobacteriales,Flavobacteriaceae,Allomuricauda,Allomuricauda flava,100,100,100,100,100,81.66666666666667,72.50000000000001
ASV_2757,Bacteria,Pseudomonadota,Gammaproteobacteria,Alteromonadales,Colwelliaceae,Thalassotalea,Thalassotalea loyana,100,100,100,100,100,96.00000000000001,38.33333333333335
ASV_2758,Bacteria,Bacteroidota,Flavobacteriia,Flavobacteriales,Flavobacteriaceae,Allomuricauda,Allomuricauda flava,100,100,100,100,100,98,97
ASV_2759,Bacteria,Bacteroidota,Flavobacteriia,Flavobacteriales,Flavobacteriaceae,Hyunsoonleella,Hyunsoonleella pacifica,100,100,100,100,100,37.949999999999996,21.250000000000004
ASV_2760,NA,NA,NA,NA,NA,NA,NA,NA,NA,NA,NA,NA,NA,NA
ASV_2761,Bacteria,Bacteroidota,Flavobacteriia,Flavobacteriales,Flavobacteriaceae,Seonamhaeicola,Seonamhaeicola aphaedonensis,100,100,100,100,100,99,99
ASV_2762,Bacteria,Pseudomonadota,Gammaproteobacteria,Alteromonadales,Colwelliaceae,Thalassotalea,Thalassotalea coralli,100,100,100,97.16666666666666,97.16666666666666,97.16666666666666,69
ASV_2763,Bacteria,Pseudomonadota,Gammaproteobacteria,Vibrionales,Vibrionaceae,Vibrio,Vibrio aerogenes,100,100,100,100,100,100,24.085714285714282
ASV_2764,Bacteria,Pseudomonadota,Gammaproteobacteria,Alteromonadales,Colwelliaceae,Thalassotalea,Thalassotalea coralli,100,100,100,100,100,96,35.5
ASV_2765,Bacteria,Bacteroidota,Flavobacteriia,Flavobacteriales,Flavobacteriaceae,Polaribacter,Polaribacter huanghezhanensis,100,100,100,100,100,90.16666666666667,55.50000000000001
ASV_2766,Bacteria,Myxococcota,NA,Nannocystales,Nannocystaceae,Plesiocystis,Plesiocystis pacifica,100,100,92,92,92,91,91
ASV_2767,Bacteria,Verrucomicrobiota,Opitutae,Puniceicoccales,Coraliomargaritaceae,Coraliomargarita,Coraliomargarita akajimensis,100,100,100,100,100,100,75.33333333333331
ASV_2768,NA,NA,NA,NA,NA,NA,NA,NA,NA,NA,NA,NA,NA,NA
ASV_2769,NA,NA,NA,NA,NA,NA,NA,NA,NA,NA,NA,NA,NA,NA
ASV_2770,Bacteria,Pseudomonadota,Gammaproteobacteria,Alteromonadales,Alteromonadaceae,Alteromonas,Alteromonas confluentis,100,100,100,100,100,84.5,60.50000000000001
ASV_2771,Bacteria,Bacteroidota,Flavobacteriia,Flavobacteriales,Flavobacteriaceae,Leeuwenhoekiella,Mesonia hippocampi,100.00000000000001,100.00000000000001,100.00000000000001,100.00000000000001,100.00000000000001,31.41666666666667,22.66666666666667
ASV_2772,Bacteria,Pseudomonadota,Gammaproteobacteria,Alteromonadales,Colwelliaceae,Thalassotalea,Thalassotalea coralli,100,100,100,100,100,89.41666666666666,48.74999999999999
ASV_2773,Bacteria,Pseudomonadota,Alphaproteobacteria,Rhodospirillales,Dongiaceae,Dongia,Dongia mobilis,100,100,100,96.66666666666666,54.250000000000014,43.08333333333334,27.500000000000004
ASV_2774,Bacteria,Pseudomonadota,Alphaproteobacteria,Kordiimonadales,Kordiimonadaceae,Kordiimonas,Kordiimonas pumila,100,100,100,100,100,100,60.50000000000001
ASV_2775,Bacteria,Pseudomonadota,Gammaproteobacteria,Alteromonadales,Alteromonadaceae,Salinimonas,Salinimonas chungwhensis,100,100,100,100,100,63.5,37.16666666666665
ASV_2776,Bacteria,Pseudomonadota,Alphaproteobacteria,Rickettsiales,NA,Lyticum,Lyticum flagellatum,100,100,100,100,100,100,100
ASV_2777,Bacteria,Planctomycetota,Planctomycetia,Pirellulales,Pirellulaceae,Bremerella,Bremerella volcania,100,100,100,100,100,78.66666666666667,38.5
ASV_2778,Bacteria,Bacteroidota,Flavobacteriia,Flavobacteriales,Flavobacteriaceae,Gelidibacter,Gelidibacter gilvus,100,100,100,100,100,40.76666666666665,12.36666666666667
ASV_2779,Bacteria,Bacteroidota,Cytophagia,Cytophagales,Fulvivirgaceae,Fulvivirga,Roseivirga misakiensis,100,100,100,100,49.83333333333334,48.83333333333334,28.333333333333332
ASV_2780,Bacteria,Pseudomonadota,Gammaproteobacteria,Alteromonadales,Pseudoalteromonadaceae,Pseudoalteromonas,Pseudoalteromonas ruthenica,100,100,100,100,100,100,94.66666666666666
ASV_2781,Bacteria,Bacillota,Clostridia,Peptostreptococcales,Peptostreptococcaceae,Paeniclostridium,[Eubacterium] tenue,99.99999999999997,99.99999999999997,99.99999999999997,87.24999999999999,69.83333333333331,52.225000000000016,48.48560606060606
ASV_2782,Bacteria,Bacteroidota,Flavobacteriia,Flavobacteriales,Flavobacteriaceae,Winogradskyella,Winogradskyella aquimaris,100,100,100,100,100,100,98
ASV_2783,Bacteria,Pseudomonadota,Alphaproteobacteria,Rhodobacterales,Paracoccaceae,Defluviimonas,Defluviimonas nitratireducens,100,100,100,97,93.5,51.500000000000014,51.500000000000014
ASV_2784,Bacteria,Pseudomonadota,Gammaproteobacteria,NA,NA,Sedimenticola,Sedimenticola selenatireducens,100,100,100,100,100,100,100
ASV_2785,Bacteria,Pseudomonadota,Gammaproteobacteria,Vibrionales,Vibrionaceae,Thaumasiovibrio,Thaumasiovibrio occultus,99.99999999999997,99.99999999999997,99.99999999999997,99.99999999999997,99.99999999999997,68.96904761904761,44.20952380952381
ASV_2786,Bacteria,Pseudomonadota,Gammaproteobacteria,Alteromonadales,Colwelliaceae,Thalassotalea,Thalassotalea coralli,100,100,100,100,97.66666666666664,88.3333333333333,33.5
ASV_2787,Bacteria,Planctomycetota,Planctomycetia,Pirellulales,Pirellulaceae,Mariniblastus,Mariniblastus fucicola,100,100,100,100,100,100,100
ASV_2788,Bacteria,Planctomycetota,Planctomycetia,Pirellulales,Pirellulaceae,Mariniblastus,Mariniblastus fucicola,100,100,100,100,100,100,100
ASV_2789,Bacteria,Pseudomonadota,Alphaproteobacteria,Sphingomonadales,Erythrobacteraceae,Qipengyuania,Qipengyuania huizhouensis,100.00000000000001,100.00000000000001,100.00000000000001,100.00000000000001,91.86501510185721,77.01035280508964,7.250774371827002
ASV_2790,NA,NA,NA,NA,NA,NA,NA,NA,NA,NA,NA,NA,NA,NA
ASV_2791,Bacteria,Pseudomonadota,Alphaproteobacteria,Rickettsiales,Rickettsiaceae,Rickettsia,Rickettsia sibirica,100,100,100,69.53333333333335,69.53333333333335,69.53333333333335,26.53571428571428
ASV_2792,Bacteria,Bacteroidota,Saprospiria,Saprospirales,Haliscomenobacteraceae,Portibacter,Portibacter lacus,100,100,100,100,65.66666666666669,65.66666666666669,65.66666666666669
ASV_2793,Bacteria,Nitrospinota,Nitrospinia,Nitrospinales,Nitrospinaceae,Nitrospina,Nitrospina gracilis,100,100,100,100,100,100,68
ASV_2794,NA,NA,NA,NA,NA,NA,NA,NA,NA,NA,NA,NA,NA,NA
ASV_2795,Bacteria,Bdellovibrionota,Bacteriovoracia,Bacteriovoracales,Halobacteriovoraceae,Halobacteriovorax,Halobacteriovorax marinus,100,100,100,100,77.6,77.6,77.6
ASV_2796,Bacteria,Pseudomonadota,Gammaproteobacteria,Chromatiales,Woeseiaceae,Woeseia,Woeseia oceani,100,100,100,50.33333333333333,49.66666666666666,49.66666666666666,49.66666666666666
ASV_2797,NA,NA,NA,NA,NA,NA,NA,NA,NA,NA,NA,NA,NA,NA
ASV_2798,Bacteria,Pseudomonadota,Gammaproteobacteria,Oceanospirillales,Oceanospirillaceae,Spongiispira,Spongiispira norvegica,100,100,100,100,100,89.5,89.5
ASV_2799,Bacteria,Pseudomonadota,Gammaproteobacteria,Alteromonadales,Alteromonadaceae,Marisediminitalea,Marisediminitalea aggregata,100,100,100,100,100,74.29166666666677,74.29166666666677
ASV_2800,Bacteria,Bacteroidota,Flavobacteriia,Flavobacteriales,Flavobacteriaceae,Lacinutrix,Lacinutrix gracilariae,100.00000000000003,100.00000000000003,100.00000000000003,100.00000000000003,100.00000000000003,23.98333333333333,20.61666666666668
ASV_2801,Bacteria,Pseudomonadota,Gammaproteobacteria,Vibrionales,Vibrionaceae,Vibrio,Vibrio jasicida,100,100,100,100,100,100,25.689878204870475
ASV_2802,Bacteria,Pseudomonadota,Gammaproteobacteria,Alteromonadales,Alteromonadaceae,Salinimonas,Salinimonas lutimaris,100,100,100,100,100,78.64999999999999,73.45
ASV_2803,Bacteria,Pseudomonadota,Gammaproteobacteria,Oceanospirillales,Oceanospirillaceae,Oceanospirillum,Oceanospirillum beijerinckii,100,100,100,62.13333333333335,60.933333333333344,59.6,52.16666666666664
ASV_2804,Bacteria,Pseudomonadota,Alphaproteobacteria,Rhodobacterales,Roseobacteraceae,Thiosulfatihalobacter,Thiosulfatihalobacter marinus,100,100,100,100,97.04166666666669,34.408333333333346,34.408333333333346
ASV_2805,Bacteria,Pseudomonadota,Betaproteobacteria,Burkholderiales,NA,Aquabacterium,Aquabacterium parvum,100,100,100,100,100,100,78.5
ASV_2806,Bacteria,Pseudomonadota,Alphaproteobacteria,Rhodobacterales,Roseobacteraceae,Roseibacterium,Roseibacterium elongatum,100,100,100,100,96.43333333333335,95.1666666666667,95.1666666666667
ASV_2807,Bacteria,Actinomycetota,Actinomycetes,Mycobacteriales,Corynebacteriaceae,Corynebacterium,Corynebacterium tuberculostearicum,100,100,100,100,100,100,97.66666666666666
ASV_2808,Bacteria,Pseudomonadota,Alphaproteobacteria,Rhodobacterales,Roseobacteraceae,Ruegeria,Ruegeria arenilitoris,100,100,100,100,92.46666666666668,92.13333333333333,38.908333333333346
ASV_2809,Bacteria,Verrucomicrobiota,Verrucomicrobiae,Verrucomicrobiales,Verrucomicrobiaceae,Haloferula,Haloferula phyci,100,100,100,100,100,100,92
ASV_2810,Bacteria,Bacteroidota,Flavobacteriia,Flavobacteriales,Flavobacteriaceae,Urechidicola,Urechidicola croceus,100,100,100,100,100,66.50000000000001,66.50000000000001
ASV_2811,Bacteria,Pseudomonadota,Alphaproteobacteria,Rhodobacterales,Roseobacteraceae,Lentibacter,Lentibacter algarum,100,100,100,100,95,93.08333333333334,93.08333333333334
ASV_2812,Bacteria,Pseudomonadota,Alphaproteobacteria,Kordiimonadales,Kordiimonadaceae,Kordiimonas,Kordiimonas laminariae,100,100,100,100,100,100,99
ASV_2813,Bacteria,Pseudomonadota,Alphaproteobacteria,Hyphomicrobiales,Rhizobiaceae,Ensifer,Gellertiella hungarica,100,100,100,100,87.61666666666667,39.93457653457652,31.87051282051282
ASV_2814,Bacteria,Bacteroidota,Flavobacteriia,Flavobacteriales,Flavobacteriaceae,Polaribacter,Polaribacter gangjinensis,100,100,100,100,100,74,74
ASV_2815,Bacteria,Bacillota,Bacilli,Bacillales,Staphylococcaceae,Staphylococcus,Staphylococcus hominis,100,100,100,100,100,100,41.18470583424143
ASV_2816,Bacteria,Pseudomonadota,Gammaproteobacteria,Thiotrichales,Piscirickettsiaceae,Methylophaga,Methylophaga thiooxydans,100,100,100,100,100,100,100
ASV_2817,Bacteria,Bacteroidota,Flavobacteriia,Flavobacteriales,Flavobacteriaceae,Seonamhaeicola,Seonamhaeicola maritimus,100,100,100,100,100,91,88
ASV_2818,Bacteria,Pseudomonadota,Gammaproteobacteria,Alteromonadales,Colwelliaceae,Oceanospirillum,Oleiphilus messinensis,99.99999999999997,99.99999999999997,99.99999999999997,46.666666666666664,42.00000000000001,21.166666666666664,17.416666666666664
ASV_2819,Bacteria,Bacteroidota,Flavobacteriia,Flavobacteriales,Flavobacteriaceae,Seonamhaeicola,Seonamhaeicola aphaedonensis,100,100,100,100,100,100,92.5
ASV_2820,Bacteria,Pseudomonadota,Gammaproteobacteria,Alteromonadales,Alteromonadaceae,Alteromonas,Alteromonas confluentis,100,100,100,100,100,90.11428571428571,47.41904761904761
ASV_2821,NA,NA,NA,NA,NA,NA,NA,NA,NA,NA,NA,NA,NA,NA
ASV_2822,Bacteria,Pseudomonadota,Alphaproteobacteria,Rhodobacterales,Roseobacteraceae,Thalassovita,Thalassovita mediterranea,100,100,100,100,69.08333333333333,37,31.308333333333323
ASV_2823,Bacteria,Bacteroidota,Flavobacteriia,Flavobacteriales,Flavobacteriaceae,Seonamhaeicola,Seonamhaeicola maritimus,100,100,100,100,100,100,55.50000000000001
ASV_2824,Bacteria,Pseudomonadota,Gammaproteobacteria,Alteromonadales,Colwelliaceae,Thalassotalea,Thalassotalea coralli,100,100,100,100,100,90.66666666666667,62.083333333333336
ASV_2825,Bacteria,Pseudomonadota,Alphaproteobacteria,Rickettsiales,NA,Lyticum,Lyticum flagellatum,100,100,100,100,100,100,100
ASV_2826,Bacteria,Bacteroidota,Flavobacteriia,Flavobacteriales,Flavobacteriaceae,Winogradskyella,Winogradskyella aurantiaca,100.00000000000001,100.00000000000001,100.00000000000001,100.00000000000001,100.00000000000001,67.31666666666669,30.450000000000006
ASV_2827,Bacteria,Pseudomonadota,Gammaproteobacteria,Alteromonadales,Colwelliaceae,Thalassotalea,Thalassomonas viridans,100,100,100,100,86.83333333333333,49.500000000000014,34.833333333333336
ASV_2828,Bacteria,Bacteroidota,Flavobacteriia,Flavobacteriales,Flavobacteriaceae,Seonamhaeicola,Seonamhaeicola aphaedonensis,100,100,100,100,100,100,78
ASV_2829,Bacteria,Pseudomonadota,Gammaproteobacteria,Alteromonadales,Colwelliaceae,Thalassotalea,Thalassotalea ponticola,100,100,100,100,100,100,98.5
ASV_2830,Bacteria,Bacteroidota,Flavobacteriia,Flavobacteriales,Flavobacteriaceae,Allomuricauda,Allomuricauda flava,100,100,100,100,100,94.5,65.5
ASV_2831,Bacteria,Pseudomonadota,Alphaproteobacteria,Rhodobacterales,Paracoccaceae,Palleronia,Amylibacter lutimaris,100.00000000000004,100.00000000000004,100.00000000000004,100.00000000000004,57.458333333333385,27.566666666666684,15.500000000000014
ASV_2832,Bacteria,Bacteroidota,Flavobacteriia,Flavobacteriales,Flavobacteriaceae,Jejudonia,Jejudonia soesokkakensis,100,100,100,100,100,46.583333333333336,46.583333333333336
ASV_2833,Bacteria,Bacteroidota,Flavobacteriia,Flavobacteriales,Flavobacteriaceae,Christiangramia,Christiangramia forsetii,100,100,100,100,100,49.416666666666636,22.483333333333317
ASV_2834,Bacteria,Pseudomonadota,Gammaproteobacteria,Alteromonadales,Colwelliaceae,Thalassotalea,Thalassotalea sediminis,100.00000000000001,100.00000000000001,100.00000000000001,100.00000000000001,98.00000000000003,82.25000000000003,21.750000000000007
ASV_2835,Bacteria,Pseudomonadota,Gammaproteobacteria,Alteromonadales,Colwelliaceae,Thalassotalea,Thalassotalea ponticola,100.00000000000001,100.00000000000001,100.00000000000001,100.00000000000001,92.50000000000001,92.50000000000001,45.11666666666666
ASV_2836,Bacteria,Bacteroidota,Flavobacteriia,Flavobacteriales,Flavobacteriaceae,Dokdonia,Dokdonia lutea,100,100,100,100,100,100,76
ASV_2837,NA,NA,NA,NA,NA,NA,NA,NA,NA,NA,NA,NA,NA,NA
ASV_2838,Bacteria,Bacteroidota,Flavobacteriia,Flavobacteriales,Flavobacteriaceae,Dokdonia,Dokdonia lutea,100,100,100,100,100,100,97.5
ASV_2839,Bacteria,Pseudomonadota,Gammaproteobacteria,Alteromonadales,Colwelliaceae,Thalassotalea,Thalassotalea coralli,100.00000000000003,100.00000000000003,100.00000000000003,100.00000000000003,92.06666666666669,72.06666666666666,31.116666666666674
ASV_2840,Bacteria,Bacteroidota,Flavobacteriia,Flavobacteriales,Flavobacteriaceae,Maribacter,Maribacter flavus,100,100,100,100,100,100,79.33333333333333
ASV_2841,NA,NA,NA,NA,NA,NA,NA,NA,NA,NA,NA,NA,NA,NA
ASV_2842,Bacteria,Pseudomonadota,Gammaproteobacteria,Pseudomonadales,Pseudohongiellaceae,Pseudohongiella,Pseudohongiella spirulinae,100,100,100,76.83333333333333,75.83333333333333,75.83333333333333,71.83333333333333
ASV_2843,Bacteria,Pseudomonadota,Gammaproteobacteria,Alteromonadales,Alteromonadaceae,Alteromonas,Alteromonas confluentis,100,100,100,100,100,95.20796296296297,22.453780526194716
ASV_2844,Bacteria,Pseudomonadota,Alphaproteobacteria,Rhodobacterales,Roseobacteraceae,Jannaschia,Jannaschia aquimarina,100.00000000000001,100.00000000000001,100.00000000000001,100.00000000000001,58.56190476190477,27.78333333333332,25.61666666666667
ASV_2845,Bacteria,Bacteroidota,Flavobacteriia,Flavobacteriales,Flavobacteriaceae,Flavivirga,Kordia ulvae,100,100,100,100,100,31.16666666666667,15.533333333333335
ASV_2846,Bacteria,Bacteroidota,Cytophagia,Cytophagales,Roseivirgaceae,Roseivirga,Roseivirga halotolerans,100,100,100,100,100,100,86
ASV_2847,Bacteria,Bacteroidota,Flavobacteriia,Flavobacteriales,Flavobacteriaceae,Winogradskyella,Winogradskyella poriferorum,100,100,100,100,100,47.73333333333333,34.7
ASV_2848,Bacteria,Verrucomicrobiota,Verrucomicrobiae,Verrucomicrobiales,Verrucomicrobiaceae,Fucophilus,Fucophilus fucoidanolyticus,100,100,98.5,98.5,98.5,98.5,98.5
ASV_2849,Bacteria,Bacteroidota,Cytophagia,Cytophagales,Reichenbachiellaceae,Ekhidna,Ekhidna lutea,100,100,100,100,94.16666666666667,72.50000000000001,72.50000000000001
ASV_2850,Bacteria,Pseudomonadota,Gammaproteobacteria,Alteromonadales,Colwelliaceae,Thalassotalea,Thalassotalea montiporae,100,100,100,100,100,100,83.5
ASV_2851,Bacteria,Bacteroidota,Flavobacteriia,Flavobacteriales,Flavobacteriaceae,Kordia,Kordia periserrulae,100,100,100,100,100,100,68.89999999999999
ASV_2852,Bacteria,Pseudomonadota,Alphaproteobacteria,Rhodobacterales,Roseobacteraceae,Thalassovita,Thalassovita mediterranea,100.00000000000001,100.00000000000001,100.00000000000001,100.00000000000001,58.16666666666666,30.750000000000004,27.08333333333332
ASV_2853,Bacteria,Pseudomonadota,Gammaproteobacteria,Alteromonadales,Colwelliaceae,Thalassotalea,Thalassotalea coralli,100,100,100,100,86.50000000000001,78.83333333333333,31.000000000000007
ASV_2854,Bacteria,Pseudomonadota,Alphaproteobacteria,Rhodobacterales,Erythrobacteraceae,Qipengyuania,Shimia aestuarii,100,100,100,50.910025062656615,45.893792172739545,30.544341623289,16.988095238095227
ASV_2855,Bacteria,Bacteroidota,Flavobacteriia,Flavobacteriales,Flavobacteriaceae,Seonamhaeicola,Seonamhaeicola maritimus,100.00000000000001,100.00000000000001,100.00000000000001,100.00000000000001,100.00000000000001,52.20000000000001,52.20000000000001
ASV_2856,Bacteria,Actinomycetota,Actinomycetes,Micrococcales,Sanguibacteraceae,Sanguibacter,Sanguibacter keddieii,100.00000000000003,100.00000000000003,100.00000000000003,100.00000000000003,99.20000000000006,99.20000000000006,62.300000000000026
ASV_2857,Bacteria,Bacteroidota,Saprospiria,Saprospirales,Lewinellaceae,Neolewinella,Neolewinella xylanilytica,100,100,100,100,100,100,80.50000000000001
ASV_2858,Bacteria,Bacteroidota,Cytophagia,Cytophagales,Fulvivirgaceae,Fulvivirga,Fulvivirga imtechensis,100,100,100,100,83.2666666666667,83.2666666666667,35.1
ASV_2859,Bacteria,Pseudomonadota,Alphaproteobacteria,Rhodobacterales,Paracoccaceae,Pseudooceanicola,Primorskyibacter flagellatus,100.00000000000001,100.00000000000001,100.00000000000001,100.00000000000001,56.46666666666664,54.21666666666664,42.61666666666665
ASV_2860,NA,NA,NA,NA,NA,NA,NA,NA,NA,NA,NA,NA,NA,NA
ASV_2861,Bacteria,Pseudomonadota,Gammaproteobacteria,Alteromonadales,Alteromonadaceae,Marisediminitalea,Marisediminitalea aggregata,100.00000000000001,100.00000000000001,100.00000000000001,100.00000000000001,100.00000000000001,31.33333333333334,31.33333333333334
ASV_2862,NA,NA,NA,NA,NA,NA,NA,NA,NA,NA,NA,NA,NA,NA
ASV_2863,NA,NA,NA,NA,NA,NA,NA,NA,NA,NA,NA,NA,NA,NA
ASV_2864,Bacteria,Pseudomonadota,Gammaproteobacteria,Woeseiales,Woeseiaceae,Woeseia,Woeseia oceani,100,100,100,63.5,63.5,63.5,63.5
ASV_2865,Bacteria,Pseudomonadota,Gammaproteobacteria,Alteromonadales,Pseudoalteromonadaceae,Psychrosphaera,Psychrosphaera ytuae,100,100,100,100,100,89,89
ASV_2866,Bacteria,Bacteroidota,Flavobacteriia,Flavobacteriales,Flavobacteriaceae,Seonamhaeicola,Seonamhaeicola algicola,100,100,100,100,100,79.4166666666667,64.33333333333333
ASV_2867,Bacteria,Pseudomonadota,Gammaproteobacteria,Alteromonadales,Alteromonadaceae,Marisediminitalea,Marisediminitalea aggregata,100,100,100,100,100,46.833333333333336,46.833333333333336
ASV_2868,Bacteria,Pseudomonadota,Alphaproteobacteria,Rhodospirillales,Kiloniellaceae,Aestuariispira,Aestuariispira ectoiniformans,100,100,100,100,100,100,50
ASV_2869,Bacteria,Pseudomonadota,Alphaproteobacteria,Rhodobacterales,Roseobacteraceae,Thalassovita,Thalassovita mediterranea,100,100,100,100,74.50000000000001,43.583333333333336,39
ASV_2870,Bacteria,Verrucomicrobiota,Verrucomicrobiae,Verrucomicrobiales,Verrucomicrobiaceae,Haloferula,Haloferula phyci,100,100,100,100,100,100,96.5
ASV_2871,Bacteria,Planctomycetota,Planctomycetia,Pirellulales,Pirellulaceae,Bremerella,Bremerella volcania,100,100,100,100,100,78.16666666666666,40.16666666666665
ASV_2872,Bacteria,Pseudomonadota,Alphaproteobacteria,Rhodobacterales,Paracoccaceae,Thermohalobaculum,Thermohalobaculum xanthum,100,100,100,99,99,40.16666666666664,40.16666666666664
ASV_2873,Bacteria,Pseudomonadota,Alphaproteobacteria,Rhodobacterales,Roseobacteraceae,Thalassovita,Thalassovita mediterranea,100,100,100,100,83.68333333333332,72.2,70.61666666666667
ASV_2874,NA,NA,NA,NA,NA,NA,NA,NA,NA,NA,NA,NA,NA,NA
ASV_2875,NA,NA,NA,NA,NA,NA,NA,NA,NA,NA,NA,NA,NA,NA
ASV_2876,Bacteria,Pseudomonadota,Gammaproteobacteria,Alteromonadales,Pseudoalteromonadaceae,Psychrosphaera,Psychrosphaera ytuae,100,100,100,100,100,100,100
ASV_2877,Bacteria,Pseudomonadota,Gammaproteobacteria,Alteromonadales,Alteromonadaceae,Alteromonas,Alteromonas pelagimontana,100.00000000000001,100.00000000000001,100.00000000000001,100.00000000000001,100.00000000000001,55.66666666666667,38.666666666666664
ASV_2878,Bacteria,Pseudomonadota,Gammaproteobacteria,Alteromonadales,Alteromonadaceae,Alteromonas,Alteromonas confluentis,100.00000000000001,100.00000000000001,100.00000000000001,100.00000000000001,100.00000000000001,85.69047619047618,48.859523809523814
ASV_2879,Bacteria,Pseudomonadota,Gammaproteobacteria,Alteromonadales,Alteromonadaceae,Alteromonas,Alteromonas australica,99.99999999999999,99.99999999999999,99.99999999999999,99.99999999999999,99.99999999999999,92.5971076899113,24.030242697893218
ASV_2880,Bacteria,Pseudomonadota,Gammaproteobacteria,Oceanospirillales,Oceanospirillaceae,Oleispira,Litoribrevibacter euphylliae,100,100,100,100,100,55.33333333333333,42.00000000000001
ASV_2881,Bacteria,Pseudomonadota,Alphaproteobacteria,Rhodospirillales,Terasakiellaceae,Terasakiella,Terasakiella brassicae,100,100,100,100,100,100,50.16666666666664
ASV_2882,NA,NA,NA,NA,NA,NA,NA,NA,NA,NA,NA,NA,NA,NA
ASV_2883,Bacteria,Pseudomonadota,Gammaproteobacteria,Alteromonadales,Alteromonadaceae,Salinimonas,Salinimonas iocasae,100,100,100,100,100,43.333333333333364,39.33333333333336
ASV_2884,Bacteria,Pseudomonadota,Gammaproteobacteria,Vibrionales,Vibrionaceae,Vibrio,Vibrio nigripulchritudo,100,100,100,100,100,100,99.33333333333333
ASV_2885,Bacteria,Pseudomonadota,Gammaproteobacteria,Alteromonadales,Alteromonadaceae,Alteromonas,Alteromonas confluentis,100,100,100,100,100,77.4,52.85
ASV_2886,Bacteria,Pseudomonadota,Gammaproteobacteria,Vibrionales,Vibrionaceae,Vibrio,Vibrio hannami,100,100,100,100,100,100,100
ASV_2887,Bacteria,Pseudomonadota,Gammaproteobacteria,Oceanospirillales,Oceanospirillaceae,Neptunomonas,Neptunomonas antarctica,100,100,100,100,100,100,97
ASV_2888,Bacteria,Pseudomonadota,Gammaproteobacteria,Vibrionales,Vibrionaceae,Vibrio,Vibrio fortis,100,100,100,100,100,100,76.25
ASV_2889,Bacteria,Pseudomonadota,Gammaproteobacteria,Oceanospirillales,Oceanospirillaceae,Oceanospirillum,Oceanospirillum beijerinckii,100.00000000000001,100.00000000000001,100.00000000000001,86.38333333333334,86.38333333333334,82.05833333333334,55.29166666666666
ASV_2890,Bacteria,Bacteroidota,Flavobacteriia,Flavobacteriales,Flavobacteriaceae,Polaribacter,Polaribacter atrinae,100,100,100,100,100,100,81.5
ASV_2891,NA,NA,NA,NA,NA,NA,NA,NA,NA,NA,NA,NA,NA,NA
ASV_2892,Bacteria,Pseudomonadota,Alphaproteobacteria,Rhodobacterales,Roseobacteraceae,Mesobacterium,Mesobacterium pallidum,100.00000000000001,100.00000000000001,100.00000000000001,100.00000000000001,70.94545454545454,38.49090909090909,38.49090909090909
ASV_2893,NA,NA,NA,NA,NA,NA,NA,NA,NA,NA,NA,NA,NA,NA
ASV_2894,Bacteria,Actinomycetota,Actinomycetes,Pseudonocardiales,Pseudonocardiaceae,Pseudonocardia,Pseudonocardia halophobica,100,100,100,100,100,100,56.04523809523807
ASV_2895,Bacteria,Pseudomonadota,Alphaproteobacteria,Kordiimonadales,Kordiimonadaceae,Kordiimonas,Kordiimonas lacus,100,100,100,100,100,100,42.66666666666666
ASV_2896,Bacteria,Pseudomonadota,Alphaproteobacteria,Kordiimonadales,Kordiimonadaceae,Kordiimonas,Kordiimonas lacus,100,100,100,100,100,100,33.5
ASV_2897,Bacteria,Pseudomonadota,Alphaproteobacteria,Kordiimonadales,Kordiimonadaceae,Kordiimonas,Kordiimonas laminariae,100,100,100,100,100,100,99
ASV_2898,Bacteria,Pseudomonadota,Alphaproteobacteria,Rhodobacterales,Roseobacteraceae,Thalassovita,Thalassovita mediterranea,100,100,100,100,85,45.833333333333336,43.5
ASV_2899,NA,NA,NA,NA,NA,NA,NA,NA,NA,NA,NA,NA,NA,NA
ASV_2900,Bacteria,Pseudomonadota,Gammaproteobacteria,Alteromonadales,Colwelliaceae,Thalassotalea,Thalassotalea coralli,100.00000000000001,100.00000000000001,100.00000000000001,99.00000000000001,92.61666666666669,89.86666666666669,39.25000000000001
ASV_2901,Bacteria,Pseudomonadota,Gammaproteobacteria,Alteromonadales,Colwelliaceae,Thalassotalea,Thalassomonas viridans,100,100,100,95.30952380952378,84.6428571428571,61.226190476190496,20.083333333333325
ASV_2902,Bacteria,Pseudomonadota,Gammaproteobacteria,Vibrionales,Vibrionaceae,Vibrio,Vibrio pelagius,100,100,100,82.31666666666666,82.31666666666666,82.31666666666666,72.56666666666666
ASV_2903,Bacteria,Pseudomonadota,Gammaproteobacteria,Thiotrichales,Piscirickettsiaceae,Methylophaga,Methylophaga thiooxydans,100,100,100,100,100,100,100
ASV_2904,Bacteria,Bacteroidota,Flavobacteriia,Flavobacteriales,Flavobacteriaceae,Allomuricauda,Allomuricauda onchidii,100.00000000000001,100.00000000000001,100.00000000000001,100.00000000000001,100.00000000000001,100.00000000000001,71.33333333333333
ASV_2905,Bacteria,Pseudomonadota,Alphaproteobacteria,Rhodobacterales,Roseobacteraceae,Ruegeria,Ruegeria profundi,99.99999999999999,99.99999999999999,99.99999999999999,99.99999999999999,92.8333333333333,85.8333333333333,44.500000000000014
ASV_2906,Bacteria,Pseudomonadota,Alphaproteobacteria,Rhodobacterales,Paracoccaceae,Aquamicrobium,Aquamicrobium aestuarii,100,100,100,68.42380952380954,57.59047619047621,18.269047619047623,14.819047619047627
ASV_2907,Bacteria,Bacteroidota,Flavobacteriia,Flavobacteriales,Flavobacteriaceae,Seonamhaeicola,Seonamhaeicola aphaedonensis,100,100,100,100,100,100,99.5
ASV_2908,NA,NA,NA,NA,NA,NA,NA,NA,NA,NA,NA,NA,NA,NA
ASV_2909,Bacteria,Pseudomonadota,Alphaproteobacteria,Kordiimonadales,Kordiimonadaceae,Kordiimonas,Kordiimonas laminariae,100,100,100,100,100,100,62.66666666666664
ASV_2910,Bacteria,Bacteroidota,Flavobacteriia,Flavobacteriales,Flavobacteriaceae,Mangrovimonas,Mangrovimonas yunxiaonensis,100,100,100,100,100,70.25,64.5
ASV_2911,Bacteria,Pseudomonadota,Gammaproteobacteria,Alteromonadales,Colwelliaceae,Thalassotalea,Thalassotalea coralli,100,100,100,99.16666666666663,99.16666666666663,98.16666666666663,40.166666666666636
ASV_2912,Bacteria,Pseudomonadota,Gammaproteobacteria,Cellvibrionales,Halieaceae,Luminiphilus,Luminiphilus syltensis,100,100,100,100,100,95.5,95.5
ASV_2913,Bacteria,Bacteroidota,Flavobacteriia,Flavobacteriales,Flavobacteriaceae,Seonamhaeicola,Seonamhaeicola algicola,100,100,100,100,100,47.16666666666665,25.083333333333318
ASV_2914,Bacteria,Pseudomonadota,Gammaproteobacteria,Moraxellales,Moraxellaceae,Aquirhabdus,Aquirhabdus parva,100,100,100,100,100,100,100
ASV_2915,Bacteria,Pseudomonadota,Alphaproteobacteria,Rhodobacterales,Roseobacteraceae,Lentibacter,Lentibacter algarum,100,100,100,100,72.58333333333333,55.58333333333334,55.58333333333334
ASV_2916,Bacteria,Verrucomicrobiota,Opitutae,Puniceicoccales,Coraliomargaritaceae,Coraliomargarita,Coraliomargarita akajimensis,100,100,100,100,100,100,83.33333333333331
ASV_2917,Bacteria,Bacteroidota,Flavobacteriia,Flavobacteriales,Flavobacteriaceae,Seonamhaeicola,Seonamhaeicola aphaedonensis,100,100,100,100,100,84.66666666666667,65.33333333333333
ASV_2918,Bacteria,Pseudomonadota,Alphaproteobacteria,Rhodobacterales,Kiloniellaceae,Kiloniella,Kiloniella litopenaei,100,100,100,50.133333333333326,48.86666666666663,48.86666666666663,43.49999999999999
ASV_2919,Bacteria,Pseudomonadota,Alphaproteobacteria,Rhodobacterales,Roseobacteraceae,Phaeobacter,Phaeobacter italicus,100,100,100,100,98,66.86666666666667,66.86666666666667
ASV_2920,NA,NA,NA,NA,NA,NA,NA,NA,NA,NA,NA,NA,NA,NA
ASV_2921,NA,NA,NA,NA,NA,NA,NA,NA,NA,NA,NA,NA,NA,NA
ASV_2922,Bacteria,Verrucomicrobiota,Opitutae,Puniceicoccales,Coraliomargaritaceae,Coraliomargarita,Coraliomargarita sinensis,100,100,100,100,100,100,63.33333333333333
ASV_2923,Bacteria,Bacteroidota,Flavobacteriia,Flavobacteriales,Crocinitomicaceae,Salinirepens,Salinirepens amamiensis,100,100,100,100,100,72.86666666666667,72.86666666666667
ASV_2924,NA,NA,NA,NA,NA,NA,NA,NA,NA,NA,NA,NA,NA,NA
ASV_2925,NA,NA,NA,NA,NA,NA,NA,NA,NA,NA,NA,NA,NA,NA
ASV_2926,NA,NA,NA,NA,NA,NA,NA,NA,NA,NA,NA,NA,NA,NA
ASV_2927,Bacteria,Pseudomonadota,Gammaproteobacteria,Alteromonadales,Colwelliaceae,Thalassotalea,Thalassotalea loyana,100.00000000000001,100.00000000000001,100.00000000000001,100.00000000000001,95.19999999999999,95.19999999999999,28.16666666666666
ASV_2928,Bacteria,Bacteroidota,Flavobacteriia,Flavobacteriales,Flavobacteriaceae,Allomuricauda,Allomuricauda profundi,100,100,100,100,100,99,51.32738095238095
ASV_2929,Bacteria,Verrucomicrobiota,Opitutae,Puniceicoccales,Coraliomargaritaceae,Coraliomargarita,Coraliomargarita sinensis,100,100,80.83333333333333,80.83333333333333,80.83333333333333,80.83333333333333,61.83333333333334
ASV_2930,Bacteria,Pseudomonadota,Gammaproteobacteria,Alteromonadales,Colwelliaceae,Thalassotalea,Thalassotalea coralli,100,100,100,100,67.9,59.500000000000014,21.033333333333324
ASV_2931,Bacteria,Pseudomonadota,Gammaproteobacteria,Alteromonadales,Alteromonadaceae,Salinimonas,Salinimonas lutimaris,100.00000000000009,100.00000000000009,100.00000000000009,100.00000000000009,100.00000000000009,67.54461279461277,30.916666666666654
ASV_2932,Bacteria,Bacteroidota,Cytophagia,Cytophagales,Reichenbachiellaceae,Ekhidna,Ekhidna lutea,100,100,100,100,100,100,100
ASV_2933,Bacteria,Pseudomonadota,Gammaproteobacteria,Cellvibrionales,Halieaceae,Seongchinamella,Seongchinamella sediminis,100,100,100,99.5,99.5,63.000000000000014,63.000000000000014
ASV_2934,Bacteria,Bacteroidota,Flavobacteriia,Flavobacteriales,Flavobacteriaceae,Dokdonia,Dokdonia lutea,100,100,100,100,100,100,100
ASV_2935,Bacteria,Verrucomicrobiota,Verrucomicrobiae,Verrucomicrobiales,Verrucomicrobiaceae,Fucophilus,Fucophilus fucoidanolyticus,100,100,100,100,100,100,100
ASV_2936,NA,NA,NA,NA,NA,NA,NA,NA,NA,NA,NA,NA,NA,NA
ASV_2937,Bacteria,Fusobacteriota,Fusobacteriia,Fusobacteriales,Fusobacteriaceae,Propionigenium,Propionigenium maris,100,100,100,100,100,70.5,70.5
ASV_2938,Bacteria,Pseudomonadota,Gammaproteobacteria,Oceanospirillales,Oceanospirillaceae,Neptunomonas,Neptunomonas antarctica,100,100,100,100,100,99,94.00000000000001
ASV_2939,Bacteria,Pseudomonadota,Gammaproteobacteria,Alteromonadales,Colwelliaceae,Thalassotalea,Thalassotalea ponticola,100,100,100,100,100,95.75,23.499999999999993
ASV_2940,Bacteria,Pseudomonadota,Gammaproteobacteria,Alteromonadales,Colwelliaceae,Thalassotalea,Thalassotalea coralli,100,100,100,98.5,92.25,90.75,32.75000000000001
ASV_2941,Bacteria,Pseudomonadota,Gammaproteobacteria,Alteromonadales,Colwelliaceae,Thalassotalea,Thalassotalea coralli,100,100,100,85.3,66.05,64.38333333333331,18.7
ASV_2942,NA,NA,NA,NA,NA,NA,NA,NA,NA,NA,NA,NA,NA,NA
ASV_2943,Bacteria,Actinomycetota,Actinomycetes,Micrococcales,Dermabacteraceae,Brachybacterium,Brachybacterium paraconglomeratum,100,100,100,100,100,100,72.9111111111111
ASV_2944,Bacteria,Planctomycetota,Planctomycetia,Pirellulales,Pirellulaceae,Mariniblastus,Mariniblastus fucicola,99.99999999999999,99.99999999999999,99.99999999999999,99.99999999999999,99.99999999999999,51.66666666666664,51.66666666666664
ASV_2945,NA,NA,NA,NA,NA,NA,NA,NA,NA,NA,NA,NA,NA,NA
ASV_2946,Bacteria,Pseudomonadota,Gammaproteobacteria,Alteromonadales,Colwelliaceae,Thalassotalea,Thalassomonas viridans,100,100,100,100,96,54.833333333333336,37.41666666666664
ASV_2947,Bacteria,Verrucomicrobiota,Opitutae,Puniceicoccales,Coraliomargaritaceae,Coraliomargarita,Coraliomargarita akajimensis,100,100,100,100,100,100,100
ASV_2948,Bacteria,Bacteroidota,Cytophagia,Cytophagales,Reichenbachiellaceae,Ekhidna,Ekhidna lutea,100,100,100,100,100,100,100
ASV_2949,NA,NA,NA,NA,NA,NA,NA,NA,NA,NA,NA,NA,NA,NA
ASV_2950,NA,NA,NA,NA,NA,NA,NA,NA,NA,NA,NA,NA,NA,NA
ASV_2951,Bacteria,Pseudomonadota,Gammaproteobacteria,Vibrionales,Vibrionaceae,Vibrio,Vibrio mytili,100,100,100,100,100,77.54487179487178,29.60989010989011
ASV_2952,NA,NA,NA,NA,NA,NA,NA,NA,NA,NA,NA,NA,NA,NA
ASV_2953,Bacteria,Pseudomonadota,Gammaproteobacteria,Alteromonadales,Alteromonadaceae,Alteromonas,Alteromonas mediterranea,99.99999999999989,99.99999999999989,99.99999999999989,99.99999999999989,99.99999999999989,75.39772727272718,27.844402553967726
ASV_2954,Bacteria,Bacillota,Clostridia,Peptostreptococcales,Natronincolaceae,Alkaliphilus,Alkaliphilus metalliredigens,100,100,100,94.5,73.33333333333333,73.33333333333333,36.66666666666666
ASV_2955,NA,NA,NA,NA,NA,NA,NA,NA,NA,NA,NA,NA,NA,NA
ASV_2956,Bacteria,Campylobacterota,Epsilonproteobacteria,Campylobacterales,Sulfurimonadaceae,Sulfurimonas,Sulfurimonas hydrogeniphila,99.99999999999991,99.99999999999991,99.99999999999991,99.99999999999991,99.99999999999991,99.99999999999991,30.61987734487733
ASV_2957,NA,NA,NA,NA,NA,NA,NA,NA,NA,NA,NA,NA,NA,NA
ASV_2958,Bacteria,Nitrospinota,Nitrospinia,Nitrospinales,Nitrospinaceae,Nitrospina,Nitrospina gracilis,100,100,100,100,100,100,67.5
ASV_2959,NA,NA,NA,NA,NA,NA,NA,NA,NA,NA,NA,NA,NA,NA
ASV_2960,NA,NA,NA,NA,NA,NA,NA,NA,NA,NA,NA,NA,NA,NA
ASV_2961,Bacteria,Pseudomonadota,Gammaproteobacteria,Oceanospirillales,Oceanospirillaceae,Thalassolituus,Thalassolituus alkanivorans,100,100,100,100,100,97.33333333333331,80.33333333333331
ASV_2962,Bacteria,Pseudomonadota,Gammaproteobacteria,Vibrionales,Vibrionaceae,Vibrio,Vibrio neptunius,100,100,100,100,100,100,88.28571428571432
ASV_2963,Bacteria,Pseudomonadota,Gammaproteobacteria,Oceanospirillales,Oceanospirillaceae,Thalassolituus,Thalassolituus oleivorans,100.00000000000001,100.00000000000001,100.00000000000001,99.75000000000001,99.75000000000001,85.4166666666667,45.16666666666666
ASV_2964,Bacteria,Pseudomonadota,Gammaproteobacteria,Vibrionales,Vibrionaceae,Vibrio,Vibrio neptunius,100,100,100,100,100,100,96.83333333333331
ASV_2965,Bacteria,Pseudomonadota,Gammaproteobacteria,Oceanospirillales,Oceanospirillaceae,Bacterioplanes,Bacterioplanes sanyensis,100,100,100,100,100,100,100
ASV_2966,Bacteria,Pseudomonadota,Gammaproteobacteria,Alteromonadales,Alteromonadaceae,Alteromonas,Alteromonas australica,99.99999999999999,99.99999999999999,99.99999999999999,99.99999999999999,99.99999999999999,97.42213438735175,25.065831872170538
ASV_2967,Bacteria,Pseudomonadota,Gammaproteobacteria,Alteromonadales,Alteromonadaceae,Planctobacterium,Planctobacterium marinum,100,100,100,100,100,100,100
ASV_2968,Bacteria,Pseudomonadota,Gammaproteobacteria,Oceanospirillales,Oceanospirillaceae,Neptuniibacter,Neptuniibacter caesariensis,100,100,100,100,100,100,94
ASV_2969,Bacteria,Pseudomonadota,Gammaproteobacteria,Vibrionales,Vibrionaceae,Vibrio,Vibrio tubiashii,100,100,100,100,100,100,85.7857142857143
ASV_2970,Bacteria,Pseudomonadota,Gammaproteobacteria,Alteromonadales,Pseudoalteromonadaceae,Psychrosphaera,Vibrio tapetis,99.99999999999997,99.99999999999997,99.99999999999997,65.09285714285711,65.09285714285711,63.092857142857135,26.77142857142857
ASV_2971,Bacteria,Pseudomonadota,Gammaproteobacteria,Vibrionales,Vibrionaceae,Vibrio,Vibrio neptunius,100,100,100,100,100,100,76.16666666666666
ASV_2972,Bacteria,Pseudomonadota,Gammaproteobacteria,Alteromonadales,Alteromonadaceae,Alteromonas,Alteromonas mediterranea,100.00000000000001,100.00000000000001,100.00000000000001,100.00000000000001,100.00000000000001,79.49166666666669,34.1338124838125
ASV_2973,Bacteria,Pseudomonadota,Gammaproteobacteria,Oceanospirillales,Oceanospirillaceae,Oceanobacter,Oceanobacter mangrovi,100,100,100,100,100,99,63
ASV_2974,Bacteria,Pseudomonadota,Betaproteobacteria,Burkholderiales,Burkholderiaceae,Lautropia,Lautropia dentalis,100,100,100,100,100,100,99
ASV_2975,Bacteria,Pseudomonadota,Gammaproteobacteria,Oceanospirillales,Oceanospirillaceae,Oceanobacter,Oceanobacter mangrovi,100,100,100,100,100,98.33333333333331,56.666666666666664
ASV_2976,Bacteria,Bacteroidota,Flavobacteriia,Flavobacteriales,Flavobacteriaceae,Seonamhaeicola,Seonamhaeicola aphaedonensis,100,100,100,100,100,100,98.5
ASV_2977,Bacteria,Pseudomonadota,Gammaproteobacteria,Thiotrichales,Fastidiosibacteraceae,Cysteiniphilum,Fangia hongkongensis,100,100,100,100,100,61.166666666666636,37.83333333333333
ASV_2978,Bacteria,Bacteroidota,Flavobacteriia,Flavobacteriales,Flavobacteriaceae,Winogradskyella,Winogradskyella tangerina,100,100,100,100,100,67.83333333333331,67
ASV_2979,Bacteria,Bacteroidota,Flavobacteriia,Flavobacteriales,Flavobacteriaceae,Winogradskyella,Seonamhaeicola aphaedonensis,100,100,100,100,100,53.333333333333336,29.166666666666668
ASV_2980,Bacteria,Myxococcota,Myxococcia,Myxococcales,NA,Enhygromyxa,Enhygromyxa salina,100,100,71.16666666666666,71.16666666666666,71.16666666666666,71.16666666666666,71.16666666666666
ASV_2981,Bacteria,Pseudomonadota,Gammaproteobacteria,Moraxellales,Moraxellaceae,Acinetobacter,Acinetobacter baumannii,100,100,100,100,100,100,96.8333333333333
ASV_2982,NA,NA,NA,NA,NA,NA,NA,NA,NA,NA,NA,NA,NA,NA
ASV_2983,Bacteria,Bacteroidota,Flavobacteriia,Flavobacteriales,Flavobacteriaceae,Dokdonia,Dokdonia lutea,100,100,100,100,100,100,96.5
ASV_2984,Bacteria,Bacteroidota,Flavobacteriia,Flavobacteriales,Flavobacteriaceae,Mangrovimonas,Mangrovimonas yunxiaonensis,100,100,100,100,100,70.16666666666669,69.58333333333334
ASV_2985,Bacteria,Pseudomonadota,Gammaproteobacteria,Alteromonadales,Pseudoalteromonadaceae,Pseudoalteromonas,Pseudoalteromonas piratica,100.00000000000001,100.00000000000001,100.00000000000001,100.00000000000001,99.96774193548387,86.8970223325062,33.004656644197304
ASV_2986,NA,NA,NA,NA,NA,NA,NA,NA,NA,NA,NA,NA,NA,NA
ASV_2987,NA,NA,NA,NA,NA,NA,NA,NA,NA,NA,NA,NA,NA,NA
ASV_2988,Bacteria,Bacteroidota,Flavobacteriia,Flavobacteriales,Flavobacteriaceae,Ulvibacter,Ulvibacter litoralis,100,100,100,100,100,47.66666666666666,46.66666666666666
ASV_2989,Bacteria,Bacteroidota,Flavobacteriia,Flavobacteriales,Flavobacteriaceae,Polaribacter,Polaribacter septentrionalilitoris,100,100,100,100,100,50,30.699999999999996
ASV_2990,Bacteria,Pseudomonadota,Gammaproteobacteria,Alteromonadales,Colwelliaceae,Thalassotalea,Thalassotalea coralli,100,100,100,100,94,86.83333333333331,31.866666666666667
ASV_2991,Bacteria,Pseudomonadota,Gammaproteobacteria,Alteromonadales,Colwelliaceae,Thalassotalea,Thalassotalea marina,100,100,100,100,100,100,34.91666666666665
ASV_2992,NA,NA,NA,NA,NA,NA,NA,NA,NA,NA,NA,NA,NA,NA
ASV_2993,NA,NA,NA,NA,NA,NA,NA,NA,NA,NA,NA,NA,NA,NA
ASV_2994,Bacteria,Pseudomonadota,Gammaproteobacteria,Alteromonadales,Colwelliaceae,Thalassotalea,Thalassotalea ponticola,100,100,100,100,100,97.5,73.5
ASV_2995,NA,NA,NA,NA,NA,NA,NA,NA,NA,NA,NA,NA,NA,NA
ASV_2996,Bacteria,Pseudomonadota,Gammaproteobacteria,Alteromonadales,Colwelliaceae,Thalassotalea,Thalassotalea ponticola,100,100,100,65.83333333333331,65.83333333333331,65.33333333333331,37.16666666666665
ASV_2997,Bacteria,Verrucomicrobiota,Opitutae,Puniceicoccales,Coraliomargaritaceae,Coraliomargarita,Coraliomargarita sinensis,100,100,100,100,100,100,100
ASV_2998,Bacteria,Bacteroidota,Flavobacteriia,Flavobacteriales,Flavobacteriaceae,Dokdonia,Dokdonia lutea,100,100,100,100,100,100,71.5
ASV_2999,Bacteria,Bacteroidota,Saprospiria,Saprospirales,Saprospiraceae,Aureispira,Aureispira maritima,100,100,100,100,100,100,100
ASV_3000,NA,NA,NA,NA,NA,NA,NA,NA,NA,NA,NA,NA,NA,NA
ASV_3001,Bacteria,Pseudomonadota,Alphaproteobacteria,Rhodobacterales,Paracoccaceae,Planktotalea,Lentibacter algarum,100.00000000000001,100.00000000000001,100.00000000000001,100.00000000000001,53.842857142857156,26.083333333333325,24.14285714285715
ASV_3002,NA,NA,NA,NA,NA,NA,NA,NA,NA,NA,NA,NA,NA,NA
ASV_3003,Bacteria,Pseudomonadota,Gammaproteobacteria,Alteromonadales,Colwelliaceae,Thalassotalea,Thalassotalea crassostreae,100.00000000000001,100.00000000000001,100.00000000000001,97.00000000000001,93.14285714285715,62.30952380952383,45.33333333333335
ASV_3004,NA,NA,NA,NA,NA,NA,NA,NA,NA,NA,NA,NA,NA,NA
ASV_3005,Bacteria,Bacteroidota,Saprospiria,Saprospirales,Saprospiraceae,Aureispira,Aureispira maritima,100,100,100,100,100,100,100
ASV_3006,Bacteria,Pseudomonadota,Gammaproteobacteria,Cellvibrionales,Halieaceae,Luminiphilus,Luminiphilus syltensis,100,100,100,100,100,36.5,36.5
ASV_3007,Bacteria,Pseudomonadota,Gammaproteobacteria,Alteromonadales,Cellvibrionaceae,Thalassotalea,Simiduia areninigrae,100,100,100,67.66666666666669,30.83333333333333,23.083333333333325,13.333333333333336
ASV_3008,NA,NA,NA,NA,NA,NA,NA,NA,NA,NA,NA,NA,NA,NA
ASV_3009,Bacteria,Bacteroidota,Flavobacteriia,Flavobacteriales,Flavobacteriaceae,Tenacibaculum,Tenacibaculum crassostreae,100,100,100,100,100,67.2,30.33333333333333
ASV_3010,Bacteria,Pseudomonadota,Alphaproteobacteria,Rhodobacterales,Roseobacteraceae,Phycobacter,Phycobacter azelaicus,100,100,100,100,72.66666666666669,63.66666666666667,63.66666666666667
ASV_3011,NA,NA,NA,NA,NA,NA,NA,NA,NA,NA,NA,NA,NA,NA
ASV_3012,Bacteria,Bacteroidota,Flavobacteriia,Flavobacteriales,Flavobacteriaceae,Dokdonia,Dokdonia lutea,100,100,100,100,100,100,91
ASV_3013,Bacteria,Pseudomonadota,Gammaproteobacteria,Alteromonadales,Alteromonadaceae,Alteromonas,Aestuariibacter halophilus,100.00000000000001,100.00000000000001,100.00000000000001,100.00000000000001,100.00000000000001,57.71666666666664,39.11666666666666
ASV_3014,Bacteria,Planctomycetota,Planctomycetia,Pirellulales,Pirellulaceae,Roseiconus,Roseiconus nitratireducens,100,100,100,96,96,58.25,55.75
ASV_3015,Bacteria,Bacteroidota,Flavobacteriia,Flavobacteriales,Flavobacteriaceae,Allomuricauda,Allomuricauda pacifica,100,100,100,100,100,99,58.33333333333333
ASV_3016,Bacteria,Bacteroidota,Cytophagia,Cytophagales,Reichenbachiellaceae,Ekhidna,Ekhidna lutea,100,100,100,100,100,100,100
ASV_3017,Bacteria,Pseudomonadota,Alphaproteobacteria,Rhodobacterales,Roseobacteraceae,Thalassovita,Thalassovita mediterranea,100,100,100,100,77.66666666666667,69,68.66666666666667
ASV_3018,Bacteria,Pseudomonadota,Gammaproteobacteria,Alteromonadales,Pseudoalteromonadaceae,Pseudoalteromonas,Psychrosphaera aquimarina,100,100,100,100,88.63333333333334,63.46666666666651,19.166666666666632
ASV_3019,Bacteria,Pseudomonadota,Gammaproteobacteria,Cellvibrionales,Halieaceae,Haliea,Haliea atlantica,100,100,100,100,100,87,87
ASV_3020,NA,NA,NA,NA,NA,NA,NA,NA,NA,NA,NA,NA,NA,NA
ASV_3021,Bacteria,Planctomycetota,Planctomycetia,Planctomycetales,Planctomycetaceae,Fuerstiella,Fuerstiella marisgermanici,100,100,100,100,100,100,100
ASV_3022,Bacteria,Deinococcota,Deinococci,Thermales,Thermaceae,Thermus,Thermus scotoductus,100,100,100,100,100,100,98.5
ASV_3023,Bacteria,Pseudomonadota,Gammaproteobacteria,Alteromonadales,Colwelliaceae,Thalassotalea,Thalassotalea coralli,99.99999999999999,99.99999999999999,99.99999999999999,81.69047619047613,48.68571428571429,48.68571428571429,21.759523809523802
ASV_3024,Bacteria,Bacteroidota,Flavobacteriia,Flavobacteriales,Flavobacteriaceae,Polaribacter,Polaribacter huanghezhanensis,100,100,100,100,100,100,95.5
ASV_3025,Bacteria,Pseudomonadota,Gammaproteobacteria,Pseudomonadales,Pseudomonadaceae,Pseudomonas,Pseudomonas putida,100,100,100,100,100,100,93.46979949874687
ASV_3026,Bacteria,Pseudomonadota,Gammaproteobacteria,Alteromonadales,Alteromonadaceae,Alteromonas,Alteromonas litorea,100,100,100,100,100,61.383333333333226,26.291666666666647
ASV_3027,Bacteria,Pseudomonadota,Gammaproteobacteria,Thiotrichales,Thiotrichaceae,Cocleimonas,Cocleimonas flava,100,100,100,100,100,100,100
ASV_3028,Bacteria,Bacteroidota,Flavobacteriia,Flavobacteriales,Flavobacteriaceae,Allomuricauda,Allomuricauda alvinocaridis,100,100,100,100,100,100,100
ASV_3029,Bacteria,Bacteroidota,Flavobacteriia,Flavobacteriales,Flavobacteriaceae,Croceibacter,Croceibacter atlanticus,100,100,100,100,100,100,100
ASV_3030,Bacteria,Pseudomonadota,Gammaproteobacteria,Thiotrichales,Piscirickettsiaceae,Hydrogenovibrio,Hydrogenovibrio thermophilus,100,100,100,100,100,100,99.5
ASV_3031,Bacteria,Pseudomonadota,Gammaproteobacteria,Vibrionales,Vibrionaceae,Vibrio,Vibrio tapetis,100,100,100,100,100,100,58.00158730158728
ASV_3032,NA,NA,NA,NA,NA,NA,NA,NA,NA,NA,NA,NA,NA,NA
ASV_3033,Bacteria,Chlorobiota,Chlorobiia,Chlorobiales,Chlorobiaceae,Prosthecochloris,Prosthecochloris indica,100,100,100,100,100,100,47.333333333333336
ASV_3034,Bacteria,Planctomycetota,Planctomycetia,Pirellulales,Lacipirellulaceae,Bythopirellula,Bythopirellula polymerisocia,100.00000000000001,100.00000000000001,100.00000000000001,100.00000000000001,100.00000000000001,63.166666666666664,51.33333333333334
ASV_3035,NA,NA,NA,NA,NA,NA,NA,NA,NA,NA,NA,NA,NA,NA
ASV_3036,Bacteria,Pseudomonadota,Alphaproteobacteria,Rhodospirillales,Fodinicurvataceae,Pelagibius,Pelagibius litoralis,100,100,100,100,100,100,59.5
ASV_3037,Bacteria,Campylobacterota,Epsilonproteobacteria,Campylobacterales,Arcobacteraceae,Poseidonibacter,Poseidonibacter lekithochrous,100,100,100,100,100,66.66666666666666,66.66666666666666
ASV_3038,Bacteria,Pseudomonadota,Gammaproteobacteria,Alteromonadales,Alteromonadaceae,Alteromonas,Alteromonas abrolhosensis,100,100,100,100,100,100,40.12215961899634
ASV_3039,Bacteria,Campylobacterota,Epsilonproteobacteria,Campylobacterales,Arcobacteraceae,Malaciobacter,Malaciobacter molluscorum,100,100,100,100,100,64.25,54.333333333333336
ASV_3040,Bacteria,Bacteroidota,Saprospiria,Saprospirales,Haliscomenobacteraceae,Portibacter,Portibacter lacus,100,100,100,100,61,61,61
ASV_3041,Bacteria,Pseudomonadota,Gammaproteobacteria,Alteromonadales,Alteromonadaceae,Alteromonas,Alteromonas abrolhosensis,100,100,100,100,100,98.0180375180375,33.94863349958247
ASV_3042,Bacteria,Pseudomonadota,Alphaproteobacteria,Rickettsiales,Rickettsiaceae,Rickettsia,Rickettsia sibirica,100.00000000000011,100.00000000000011,100.00000000000011,100.00000000000011,100.00000000000011,100.00000000000011,35.543255295429255
ASV_3043,Bacteria,Bacteroidota,Flavobacteriia,Flavobacteriales,Flavobacteriaceae,Lacinutrix,Lacinutrix algicola,100,100,100,100,100,74.28333333333332,74.28333333333332
ASV_3044,Bacteria,Pseudomonadota,Gammaproteobacteria,Alteromonadales,Alteromonadaceae,Neptunicella,Neptunicella marina,100,100,100,100,100,48.66666666666666,48.66666666666666
ASV_3045,NA,NA,NA,NA,NA,NA,NA,NA,NA,NA,NA,NA,NA,NA
ASV_3046,NA,NA,NA,NA,NA,NA,NA,NA,NA,NA,NA,NA,NA,NA
ASV_3047,Bacteria,Pseudomonadota,Alphaproteobacteria,Rhodobacterales,Roseobacteraceae,Sulfitobacter,Marinovum algicola,100,100,100,100,97.34326784326785,41.89048729048728,21.625033300033294
ASV_3048,Bacteria,Bacillota,Bacilli,Lactobacillales,Carnobacteriaceae,Granulicatella,Granulicatella adiacens,100,100,100,100,98,97.5,97.5
ASV_3049,Bacteria,Pseudomonadota,Alphaproteobacteria,Maricaulales,Robiginitomaculaceae,Algimonas,Algimonas porphyrae,100,100,100,100,100,97,97
ASV_3050,Bacteria,Actinomycetota,Actinomycetes,Micrococcales,Ornithinimicrobiaceae,Ornithinimicrobium,Ornithinimicrobium pratense,100,100,100,100,100,96.5,45.00000000000001
ASV_3051,Bacteria,Pseudomonadota,Alphaproteobacteria,Rhodobacterales,Paracoccaceae,Pseudooceanicola,Pseudooceanicola marinus,100,100,100,100,58.849999999999994,36.883333333333326,18.283333333333317
ASV_3052,NA,NA,NA,NA,NA,NA,NA,NA,NA,NA,NA,NA,NA,NA
ASV_3053,Bacteria,Bacteroidota,Flavobacteriia,Flavobacteriales,Flavobacteriaceae,Seonamhaeicola,Seonamhaeicola maritimus,100,100,100,100,100,43.66666666666666,28.333333333333332
ASV_3054,NA,NA,NA,NA,NA,NA,NA,NA,NA,NA,NA,NA,NA,NA
ASV_3055,Bacteria,Pseudomonadota,Alphaproteobacteria,Rhodobacterales,Roseobacteraceae,Sulfitobacter,Sulfitobacter porphyrae,100,100,100,100,99.75,99.5,80.94444444444446
ASV_3056,Bacteria,Pseudomonadota,Gammaproteobacteria,Alteromonadales,Colwelliaceae,Thalassotalea,Thalassotalea coralli,100,100,100,99.16666666666667,98.66666666666667,91.66666666666667,25.28333333333332
ASV_3057,NA,NA,NA,NA,NA,NA,NA,NA,NA,NA,NA,NA,NA,NA
ASV_3058,Bacteria,Pseudomonadota,Gammaproteobacteria,Alteromonadales,Colwelliaceae,Thalassotalea,Thalassotalea coralli,100,100,100,100,98.5,95,33.66666666666664
ASV_3059,Bacteria,Bacteroidota,Flavobacteriia,Flavobacteriales,Flavobacteriaceae,Allomuricauda,Allomuricauda ochracea,100.00000000000001,100.00000000000001,100.00000000000001,100.00000000000001,100.00000000000001,100.00000000000001,69.66666666666667
ASV_3060,Bacteria,Pseudomonadota,Gammaproteobacteria,Moraxellales,Moraxellaceae,Acinetobacter,Acinetobacter tjernbergiae,100,100,100,100,100,100,76.73333333333332
ASV_3061,Bacteria,Bacteroidota,Flavobacteriia,Flavobacteriales,Flavobacteriaceae,Allomuricauda,Allomuricauda beolgyonensis,100,100,100,100,100,100,49.76785714285715
ASV_3062,Bacteria,Pseudomonadota,Gammaproteobacteria,Oceanospirillales,Pleioneaceae,Pleionea,Pleionea mediterranea,100,100,100,100,100,100,100
ASV_3063,Bacteria,Bacteroidota,Flavobacteriia,Flavobacteriales,Flavobacteriaceae,Polaribacter,Tenacibaculum geojense,100.00000000000001,100.00000000000001,100.00000000000001,100.00000000000001,100.00000000000001,54.66666666666666,37.00000000000001
ASV_3064,Bacteria,Pseudomonadota,Alphaproteobacteria,Rhodobacterales,Paracoccaceae,Aquamicrobium,Pseudorhodobacter turbinis,100,100,100,73.55000000000001,54.76666666666669,21.750000000000007,16.750000000000004
ASV_3065,Bacteria,Bacteroidota,Flavobacteriia,Flavobacteriales,Flavobacteriaceae,Joostella,Joostella atrarenae,100,100,100,100,100,25.833333333333336,25.833333333333336
ASV_3066,Bacteria,Pseudomonadota,Alphaproteobacteria,Rickettsiales,Rickettsiaceae,Rickettsia,Rickettsia honei,100,100,100,100,100,100,41.9944444444444
ASV_3067,NA,NA,NA,NA,NA,NA,NA,NA,NA,NA,NA,NA,NA,NA
ASV_3068,Bacteria,Pseudomonadota,Gammaproteobacteria,Alteromonadales,Alteromonadaceae,Neptunicella,Neptunicella marina,100,100,100,100,100,44.50000000000001,44.50000000000001
ASV_3069,Bacteria,Bacteroidota,Flavobacteriia,Flavobacteriales,Flavobacteriaceae,Allomuricauda,Allomuricauda ochracea,100,100,100,100,100,100,83.5
ASV_3070,Bacteria,Bacteroidota,Flavobacteriia,Flavobacteriales,Vicingaceae,Vicingus,Vicingus serpentipes,100,100,100,100,100,100,100
ASV_3071,Bacteria,Bacteroidota,Flavobacteriia,Flavobacteriales,Flavobacteriaceae,Allomuricauda,Allomuricauda amphidinii,100,100,100,100,100,91.5,56.833333333333336
ASV_3072,Bacteria,Bacteroidota,Flavobacteriia,Flavobacteriales,Flavobacteriaceae,Allomuricauda,Allomuricauda amphidinii,100,100,100,100,100,100,93.5
ASV_3073,Bacteria,Bacteroidota,Flavobacteriia,Flavobacteriales,Flavobacteriaceae,Dokdonia,Dokdonia lutea,100,100,100,100,100,100,48.333333333333336
ASV_3074,Bacteria,Pseudomonadota,Alphaproteobacteria,Hyphomicrobiales,Methylobacteriaceae,Methylobacterium,Methylobacterium mesophilicum,100.00000000000001,100.00000000000001,100.00000000000001,100.00000000000001,100.00000000000001,100.00000000000001,23.99625374625375
ASV_3075,Bacteria,Bacteroidota,Flavobacteriia,Flavobacteriales,Flavobacteriaceae,Psychroserpens,Psychroserpens mesophilus,100,100,100,100,100,65.86666666666669,65.86666666666669
ASV_3076,Bacteria,Bacteroidota,Flavobacteriia,Flavobacteriales,Flavobacteriaceae,Seonamhaeicola,Seonamhaeicola maritimus,99.99999999999997,99.99999999999997,99.99999999999997,99.99999999999997,99.99999999999997,25.000000000000007,25.000000000000007
ASV_3077,NA,NA,NA,NA,NA,NA,NA,NA,NA,NA,NA,NA,NA,NA
ASV_3078,Bacteria,Bacteroidota,Flavobacteriia,Flavobacteriales,Flavobacteriaceae,Mesoflavibacter,Mesoflavibacter zeaxanthinifaciens,100,100,100,100,100,18.76666666666666,18.76666666666666
ASV_3079,Bacteria,Pseudomonadota,Gammaproteobacteria,Alteromonadales,Colwelliaceae,Thalassotalea,Thalassomonas viridans,100,100,100,100,91.8333333333333,61.583333333333336,26.916666666666668
ASV_3080,Bacteria,Pseudomonadota,Alphaproteobacteria,Hyphomicrobiales,Phyllobacteriaceae,Roseibium,Nitratireductor kimnyeongensis,100,100,100,63.89880952380952,39.773809523809504,22.958333333333314,14.392857142857137
ASV_3081,Bacteria,Pseudomonadota,Alphaproteobacteria,Rhodobacterales,Roseobacteraceae,Thalassovita,Thalassovita mediterranea,99.99999999999999,99.99999999999999,99.99999999999999,99.99999999999999,66.85476190476189,57.67619047619048,57.09285714285715
ASV_3082,NA,NA,NA,NA,NA,NA,NA,NA,NA,NA,NA,NA,NA,NA
ASV_3083,NA,NA,NA,NA,NA,NA,NA,NA,NA,NA,NA,NA,NA,NA
ASV_3084,Bacteria,Bacteroidota,Saprospiria,Saprospirales,Saprospiraceae,Aureispira,Aureispira maritima,100,100,100,100,100,100,100
ASV_3085,Bacteria,Pseudomonadota,Gammaproteobacteria,Alteromonadales,Colwelliaceae,Thalassotalea,Thalassotalea crassostreae,100,100,100,100,97.64285714285715,57.72619047619051,41.476190476190496
ASV_3086,Bacteria,Bacteroidota,Saprospiria,Saprospirales,Saprospiraceae,Aureispira,Aureispira maritima,100,100,100,100,100,100,100
ASV_3087,NA,NA,NA,NA,NA,NA,NA,NA,NA,NA,NA,NA,NA,NA
ASV_3088,Bacteria,Bacteroidota,Saprospiria,Saprospirales,Saprospiraceae,Aureispira,Aureispira maritima,100,100,100,100,100,100,96.5
ASV_3089,NA,NA,NA,NA,NA,NA,NA,NA,NA,NA,NA,NA,NA,NA
ASV_3090,Bacteria,Pseudomonadota,Gammaproteobacteria,Alteromonadales,Alteromonadaceae,Alteromonas,Alteromonas pelagimontana,100,100,100,100,100,67.66666666666666,63.33333333333333
ASV_3091,Bacteria,Pseudomonadota,Gammaproteobacteria,Alteromonadales,Colwelliaceae,Thalassotalea,Thalassotalea loyana,100,100,100,100,100,100,60.166666666666664
ASV_3092,Bacteria,Pseudomonadota,Gammaproteobacteria,Alteromonadales,Colwelliaceae,Thalassomonas,Thalassomonas viridans,100.00000000000001,100.00000000000001,100.00000000000001,99,89.12499999999999,46.58333333333333,46.58333333333333
ASV_3093,Bacteria,Pseudomonadota,Gammaproteobacteria,Alteromonadales,Colwelliaceae,Thalassotalea,Thalassomonas viridans,100.00000000000001,100.00000000000001,100.00000000000001,99.16666666666666,91.66666666666667,61.16666666666666,26
ASV_3094,Bacteria,Pseudomonadota,Gammaproteobacteria,Alteromonadales,Colwelliaceae,Thalassotalea,Thalassotalea coralli,99.99999999999999,99.99999999999999,99.99999999999999,99.99999999999999,91.75,78.58333333333333,25.500000000000007
ASV_3095,Bacteria,Pseudomonadota,Gammaproteobacteria,Oceanospirillales,Oceanospirillaceae,Neptuniibacter,Neptuniibacter caesariensis,100,100,100,100,100,100,53
ASV_3096,Bacteria,Pseudomonadota,Gammaproteobacteria,Alteromonadales,Colwelliaceae,Thalassotalea,Thalassomonas viridans,100,100,100,100,91.5,67.33333333333333,20.83333333333333
ASV_3097,NA,NA,NA,NA,NA,NA,NA,NA,NA,NA,NA,NA,NA,NA
ASV_3098,NA,NA,NA,NA,NA,NA,NA,NA,NA,NA,NA,NA,NA,NA
ASV_3099,Bacteria,Bacteroidota,Flavobacteriia,Flavobacteriales,Flavobacteriaceae,Dokdonia,Dokdonia lutea,100,100,100,100,100,100,80.83333333333331
ASV_3100,Bacteria,Pseudomonadota,Gammaproteobacteria,Alteromonadales,Colwelliaceae,Thalassotalea,Thalassotalea coralli,100.00000000000001,100.00000000000001,100.00000000000001,100.00000000000001,99.33333333333331,98.83333333333331,50.944444444444436
ASV_3101,NA,NA,NA,NA,NA,NA,NA,NA,NA,NA,NA,NA,NA,NA
ASV_3102,Bacteria,Myxococcota,Myxococcia,Myxococcales,NA,Enhygromyxa,Enhygromyxa salina,100,100,65.83333333333333,65.83333333333333,65.83333333333333,65.83333333333333,65.83333333333333
ASV_3103,Bacteria,Myxococcota,NA,Haliangiales,Kofleriaceae,Haliangium,Haliangium ochraceum,100,100,100,100,100,52.16666666666664,48.33333333333333
ASV_3104,Bacteria,Pseudomonadota,Alphaproteobacteria,Rhodobacterales,Roseobacteraceae,Roseovarius,Marivivens aquimaris,100,100,100,100,54.766666666666644,30.199999999999996,16.783333333333317
ASV_3105,Bacteria,Bacteroidota,Cytophagia,Cytophagales,Roseivirgaceae,Roseivirga,Roseivirga misakiensis,100,100,100,100,100,100,99
ASV_3106,NA,NA,NA,NA,NA,NA,NA,NA,NA,NA,NA,NA,NA,NA
ASV_3107,Bacteria,Pseudomonadota,Gammaproteobacteria,Oceanospirillales,Oceanospirillaceae,Oceanospirillum,Oceanospirillum sanctuarii,100,100,100,87,87,83.5,82.5
ASV_3108,Bacteria,Verrucomicrobiota,Verrucomicrobiae,Verrucomicrobiales,Verrucomicrobiaceae,Roseibacillus,Roseibacillus persicicus,100.00000000000001,100.00000000000001,100.00000000000001,100.00000000000001,100.00000000000001,65.16666666666667,36.00000000000001
ASV_3109,Bacteria,Pseudomonadota,Alphaproteobacteria,Rhodobacterales,Roseobacteraceae,Thalassovita,Thalassovita mediterranea,100.00000000000006,100.00000000000006,100.00000000000006,91.66666666666671,52.26111111111114,23.09444444444446,21.89444444444446
ASV_3110,Bacteria,Pseudomonadota,Alphaproteobacteria,Rhodobacterales,Roseobacteraceae,Thalassovita,Thalassovita aquimarina,100,100,100,80.33333333333331,41.576190476190476,14.80952380952381,12.05952380952381
ASV_3111,Bacteria,Balneolota,Balneolia,Balneolales,Balneolaceae,Balneola,Balneola alkaliphila,100,100,100,100,100,59.66666666666665,51.41666666666664
ASV_3112,Bacteria,Actinomycetota,Actinomycetes,Propionibacteriales,Nocardioidaceae,Nocardioides,Nocardioides euryhalodurans,100,100,100,100,100,100,78.86666666666666
ASV_3113,Bacteria,Bacteroidota,Cytophagia,Cytophagales,Roseivirgaceae,Roseivirga,Roseivirga misakiensis,100,100,100,100,85.83333333333333,85.83333333333333,39.500000000000014
ASV_3114,Bacteria,Pseudomonadota,Alphaproteobacteria,Rhodobacterales,Paracoccaceae,Defluviimonas,Defluviimonas nitratireducens,100,100,100,73.16666666666664,66.33333333333333,42.50000000000001,42.50000000000001
ASV_3115,Bacteria,Bacteroidota,Flavobacteriia,Flavobacteriales,Flavobacteriaceae,Aureisphaera,Aureisphaera galaxeae,100,100,100,100,100,33.75,33.75
ASV_3116,Bacteria,Pseudomonadota,Alphaproteobacteria,Rhodobacterales,Roseobacteraceae,Thalassovita,Thalassovita mediterranea,100,100,100,100,72.825,37.72500000000001,35.191666666666656
ASV_3117,Bacteria,Pseudomonadota,Gammaproteobacteria,Pseudomonadales,Pseudomonadaceae,Pseudomonas,Pseudomonas aeruginosa,100,100,100,100,100,100,75.37857142857138
ASV_3118,Bacteria,Pseudomonadota,Gammaproteobacteria,Alteromonadales,Alteromonadaceae,Marisediminitalea,Marisediminitalea aggregata,100,100,100,100,100,56.333333333333336,56.333333333333336
ASV_3119,NA,NA,NA,NA,NA,NA,NA,NA,NA,NA,NA,NA,NA,NA
ASV_3120,NA,NA,NA,NA,NA,NA,NA,NA,NA,NA,NA,NA,NA,NA
ASV_3121,Bacteria,Bacteroidota,Saprospiria,Saprospirales,Haliscomenobacteraceae,Portibacter,Portibacter lacus,100,100,100,100,100,100,100
ASV_3122,NA,NA,NA,NA,NA,NA,NA,NA,NA,NA,NA,NA,NA,NA
ASV_3123,Bacteria,Pseudomonadota,Gammaproteobacteria,Alteromonadales,Pseudoalteromonadaceae,Pseudoalteromonas,Pseudoalteromonas amylolytica,100,100,100,100,100,100,79.58333333333333
ASV_3124,Bacteria,Pseudomonadota,Gammaproteobacteria,Oceanospirillales,Oceanospirillaceae,Litoribrevibacter,Litoribrevibacter euphylliae,100,100,100,100,100,100,99.5
ASV_3125,Bacteria,Pseudomonadota,Gammaproteobacteria,Oceanospirillales,Oceanospirillaceae,Bacterioplanoides,Bacterioplanoides pacificum,100,100,100,77.75,70.58333333333331,29.200000000000003,29.200000000000003
ASV_3126,NA,NA,NA,NA,NA,NA,NA,NA,NA,NA,NA,NA,NA,NA
ASV_3127,Bacteria,Pseudomonadota,Gammaproteobacteria,Vibrionales,Vibrionaceae,Vibrio,Vibrio pelagius,100,100,100,100,100,100,49.80703496560273
ASV_3128,Bacteria,Bacillota,Bacilli,Bacillales,Bacillaceae,Alkalihalobacterium,Alkalihalobacterium elongatum,100,100,100,100,100,75.48333333333335,54.28333333333335
ASV_3129,Bacteria,Pseudomonadota,Gammaproteobacteria,Vibrionales,Vibrionaceae,Vibrio,Vibrio hannami,100,100,100,100,100,100,100
ASV_3130,Bacteria,Pseudomonadota,Gammaproteobacteria,Vibrionales,Vibrionaceae,Photobacterium,Photobacterium alginatilyticum,100.00000000000003,100.00000000000003,100.00000000000003,100.00000000000003,100.00000000000003,99.00000000000003,37.03333333333333
ASV_3131,Bacteria,Pseudomonadota,Gammaproteobacteria,Vibrionales,Vibrionaceae,Vibrio,Vibrio fortis,100.00000000000001,100.00000000000001,100.00000000000001,100.00000000000001,100.00000000000001,100.00000000000001,68.11666666666666
ASV_3132,Bacteria,Pseudomonadota,Gammaproteobacteria,Oceanospirillales,Oceanospirillaceae,Oleispira,Oleispira lenta,100,100,100,100,100,100,98.5
ASV_3133,Bacteria,Pseudomonadota,Gammaproteobacteria,Alteromonadales,Alteromonadaceae,Alteromonas,Alteromonas confluentis,100,100,100,100,100,84.7666666666667,59.983333333333334
ASV_3134,Bacteria,Pseudomonadota,Gammaproteobacteria,Oceanospirillales,Hahellaceae,Sansalvadorimonas,Sansalvadorimonas verongulae,100,100,100,100,96,96,96
ASV_3135,Bacteria,Pseudomonadota,Gammaproteobacteria,Alteromonadales,Pseudoalteromonadaceae,Pseudoalteromonas,Pseudoalteromonas gelatinilytica,100,100,100,100,100,100,30.34999999999999
ASV_3136,Bacteria,Pseudomonadota,Gammaproteobacteria,Cellvibrionales,Cellvibrionaceae,Eionea,Eionea nigra,100,100,100,54.26666666666668,31.53333333333334,28.53333333333334,28.53333333333334
ASV_3137,Bacteria,Pseudomonadota,Alphaproteobacteria,Kordiimonadales,Kordiimonadaceae,Kordiimonas,Kordiimonas laminariae,100,100,100,100,100,100,100
ASV_3138,Bacteria,Verrucomicrobiota,Verrucomicrobiae,Verrucomicrobiales,Verrucomicrobiaceae,Haloferula,Haloferula phyci,100,100,100,100,100,100,98
ASV_3139,Bacteria,Pseudomonadota,Alphaproteobacteria,Rhodobacterales,Roseobacteraceae,Roseovarius,Roseovarius aestuarii,100.00000000000001,100.00000000000001,100.00000000000001,100.00000000000001,81.53663003663002,38.3159090909091,27.740909090909085
ASV_3140,Bacteria,Pseudomonadota,Alphaproteobacteria,Rhodobacterales,Roseobacteraceae,Mameliella,Mameliella sediminis,100,100,100,100,94.84047619047618,52.90476190476192,41.126190476190494
ASV_3141,NA,NA,NA,NA,NA,NA,NA,NA,NA,NA,NA,NA,NA,NA
ASV_3142,Bacteria,Pseudomonadota,Alphaproteobacteria,Rhodobacterales,Paracoccaceae,Pseudodonghicola,Pseudodonghicola xiamenensis,100.00000000000001,100.00000000000001,100.00000000000001,100.00000000000001,60.57272727272725,42.10757575757576,42.10757575757576
ASV_3143,Bacteria,Pseudomonadota,Gammaproteobacteria,Oceanospirillales,Oceanospirillaceae,Oceanospirillum,Oceanospirillum sanctuarii,100.00000000000001,100.00000000000001,100.00000000000001,55.33333333333334,51.000000000000014,51.000000000000014,29.666666666666675
ASV_3144,Bacteria,Pseudomonadota,Gammaproteobacteria,Alteromonadales,Pseudoalteromonadaceae,Pseudoalteromonas,Pseudoalteromonas gelatinilytica,100.00000000000001,100.00000000000001,100.00000000000001,100.00000000000001,100.00000000000001,100.00000000000001,29.333333333333325
ASV_3145,Bacteria,Pseudomonadota,Alphaproteobacteria,Rickettsiales,Rickettsiaceae,Rickettsia,Candidatus Orientia mediorientalis,100.00000000000001,100.00000000000001,100.00000000000001,99.00000000000001,99.00000000000001,68.50000000000001,28.499999999999993
ASV_3146,Bacteria,Pseudomonadota,Gammaproteobacteria,Alteromonadales,Colwelliaceae,Thalassotalea,Thalassotalea profundi,100,100,100,100,94.5833333333333,89,20.916666666666668
ASV_3147,Bacteria,Pseudomonadota,Gammaproteobacteria,Alteromonadales,Colwelliaceae,Thalassotalea,Thalassotalea insulae,100,100,100,98.5,98.5,91.58333333333333,46.41666666666666
ASV_3148,Bacteria,Bacteroidota,Flavobacteriia,Flavobacteriales,Flavobacteriaceae,Seonamhaeicola,Seonamhaeicola maritimus,100,100,100,100,100,47.75,47.75
ASV_3149,Bacteria,Pseudomonadota,Gammaproteobacteria,Oceanospirillales,Oceanospirillaceae,Oceanospirillum,Oceanospirillum beijerinckii,100,100,100,84.9666666666667,78.4666666666667,68.83333333333336,31.883333333333347
ASV_3150,NA,NA,NA,NA,NA,NA,NA,NA,NA,NA,NA,NA,NA,NA
ASV_3151,Bacteria,Bacteroidota,Flavobacteriia,Flavobacteriales,Flavobacteriaceae,Tenacibaculum,Pseudotenacibaculum haliotis,100,100,100,100,100,43.150000000000006,29.750000000000004
ASV_3152,NA,NA,NA,NA,NA,NA,NA,NA,NA,NA,NA,NA,NA,NA
ASV_3153,Bacteria,Bacteroidota,Flavobacteriia,Flavobacteriales,Flavobacteriaceae,Seonamhaeicola,Seonamhaeicola aphaedonensis,100,100,100,100,100,100,99
ASV_3154,Bacteria,Bacteroidota,Flavobacteriia,Flavobacteriales,Flavobacteriaceae,Tenacibaculum,Tenacibaculum skagerrakense,100.00000000000001,100.00000000000001,100.00000000000001,100.00000000000001,100.00000000000001,63.83333333333335,31.91666666666667
ASV_3155,Bacteria,Pseudomonadota,Alphaproteobacteria,Rhodobacterales,Paracoccaceae,Meinhardsimonia,Meinhardsimonia xiamenensis,100,100,100,99.5,89.16666666666666,52.33333333333334,52.33333333333334
ASV_3156,Bacteria,Bacteroidota,Flavobacteriia,Flavobacteriales,Flavobacteriaceae,Mangrovimonas,Mangrovimonas spongiae,100,100,100,100,100,59,46.5
ASV_3157,Bacteria,Verrucomicrobiota,Opitutae,Puniceicoccales,Coraliomargaritaceae,Coraliomargarita,Coraliomargarita akajimensis,100,100,100,100,100,100,68
ASV_3158,Bacteria,Bacteroidota,Flavobacteriia,Flavobacteriales,Flavobacteriaceae,Tenacibaculum,Tenacibaculum halocynthiae,100.00000000000001,100.00000000000001,100.00000000000001,100.00000000000001,100.00000000000001,63.66666666666663,30.99999999999999
ASV_3159,Bacteria,Actinomycetota,Actinomycetes,Bifidobacteriales,Bifidobacteriaceae,Bifidobacterium,Bifidobacterium apousia,100,100,100,100,100,100,29.777777777777768
ASV_3160,Bacteria,Bacteroidota,Flavobacteriia,Flavobacteriales,Flavobacteriaceae,Seonamhaeicola,Seonamhaeicola maritimus,100,100,100,100,100,100,61.16666666666666
ASV_3161,Bacteria,Bacteroidota,Flavobacteriia,Flavobacteriales,Flavobacteriaceae,Seonamhaeicola,Seonamhaeicola aphaedonensis,100,100,100,100,100,87.66666666666667,49.66666666666666
ASV_3162,Bacteria,Bacteroidota,Flavobacteriia,Flavobacteriales,Flavobacteriaceae,Dokdonia,Dokdonia lutea,100,100,100,100,100,100,100
ASV_3163,Bacteria,Bacteroidota,Flavobacteriia,Flavobacteriales,Flavobacteriaceae,Seonamhaeicola,Seonamhaeicola maritimus,100,100,100,100,100,68.83333333333334,36.33333333333334
ASV_3164,Bacteria,Pseudomonadota,Gammaproteobacteria,Alteromonadales,Colwelliaceae,Thalassotalea,Thalassotalea crassostreae,100,100,100,87.66666666666667,40.82142857142859,33.23809523809527,9.625000000000005
ASV_3165,Bacteria,Bacteroidota,Flavobacteriia,Flavobacteriales,Flavobacteriaceae,Dokdonia,Dokdonia lutea,100,100,100,100,100,100,91
ASV_3166,Bacteria,Bacteroidota,Flavobacteriia,Flavobacteriales,Flavobacteriaceae,Polaribacter,Polaribacter huanghezhanensis,100,100,100,100,100,100,69
ASV_3167,Bacteria,Pseudomonadota,Betaproteobacteria,Nitrosomonadales,Methylophilaceae,Methylotenera,Methylotenera versatilis,100,100,100,100,87.18333333333332,64.10000000000001,62.2
ASV_3168,Bacteria,Pseudomonadota,Alphaproteobacteria,Sphingomonadales,Sphingomonadaceae,Parasphingorhabdus,Parasphingorhabdus litoris,100.00000000000001,100.00000000000001,100.00000000000001,100.00000000000001,100.00000000000001,99.66666666666669,68.66666666666667
ASV_3169,Bacteria,Bacteroidota,Flavobacteriia,Flavobacteriales,Flavobacteriaceae,Pukyongia,Pukyongia salina,100,100,100,100,100,27.916666666666668,27.916666666666668
ASV_3170,Bacteria,Bacteroidota,Flavobacteriia,Flavobacteriales,Flavobacteriaceae,Patiriisocius,Patiriisocius marinus,100,100,100,100,100,29.41666666666667,25.08333333333333
ASV_3171,Bacteria,Bacteroidota,Flavobacteriia,Flavobacteriales,Flavobacteriaceae,Allomuricauda,Allomuricauda ochracea,100,100,100,100,100,100,69.5
ASV_3172,Bacteria,Verrucomicrobiota,Opitutae,Puniceicoccales,Coraliomargaritaceae,Coraliomargarita,Coraliomargarita sinensis,100,100,99.5,99.5,99.5,99.5,50.16666666666664
ASV_3173,Bacteria,Pseudomonadota,Gammaproteobacteria,Alteromonadales,Colwelliaceae,Thalassotalea,Thalassotalea loyana,100.00000000000001,100.00000000000001,100.00000000000001,100.00000000000001,100.00000000000001,100.00000000000001,72.16666666666669
ASV_3174,Bacteria,Pseudomonadota,Gammaproteobacteria,Alteromonadales,Colwelliaceae,Thalassotalea,Thalassotalea coralli,100,100,100,100,89.83333333333331,72.58333333333331,19.75
ASV_3175,Bacteria,Bacteroidota,Flavobacteriia,Flavobacteriales,Flavobacteriaceae,Mangrovimonas,Mangrovimonas spongiae,100,100,100,100,100,41.58333333333335,39.08333333333335
ASV_3176,NA,NA,NA,NA,NA,NA,NA,NA,NA,NA,NA,NA,NA,NA
ASV_3177,Bacteria,Pseudomonadota,Alphaproteobacteria,Rhodobacterales,Roseobacteraceae,Thalassovita,Thalassovita mediterranea,100,100,100,100,78.33333333333331,68.13333333333331,67.93333333333331
ASV_3178,Bacteria,Bacteroidota,Flavobacteriia,Flavobacteriales,Flavobacteriaceae,Tenacibaculum,Tenacibaculum xiamenense,99.99999999999999,99.99999999999999,99.99999999999999,99.99999999999999,99.99999999999999,62.666666666666664,46.83333333333334
ASV_3179,Bacteria,Bacteroidota,Saprospiria,Saprospirales,Saprospiraceae,Aureispira,Aureispira maritima,100,100,100,100,100,100,100
ASV_3180,Bacteria,Pseudomonadota,Gammaproteobacteria,Alteromonadales,Colwelliaceae,Thalassotalea,Thalassomonas viridans,100,100,100,99.25,97.25,70.83333333333333,20.416666666666675
ASV_3181,Bacteria,Pseudomonadota,Alphaproteobacteria,Rhodobacterales,Roseobacteraceae,Thalassovita,Thalassovita mediterranea,100,100,100,100,76.91666666666669,65.08333333333333,64.75000000000001
ASV_3182,Bacteria,Pseudomonadota,Gammaproteobacteria,Alteromonadales,Colwelliaceae,Thalassotalea,Thalassotalea coralli,100,100,100,73.77380952380952,69.0952380952381,69.0952380952381,28.476190476190478
ASV_3183,Bacteria,Verrucomicrobiota,Opitutae,Puniceicoccales,Coraliomargaritaceae,Coraliomargarita,Coraliomargarita akajimensis,100,100,99.66666666666667,99.66666666666667,99.66666666666667,99.66666666666667,85.66666666666667
ASV_3184,Bacteria,Pseudomonadota,Gammaproteobacteria,Alteromonadales,Alteromonadaceae,Alteromonas,Alteromonas abrolhosensis,100,100,100,100,100,93.58091620887555,27.23690564279624
ASV_3185,NA,NA,NA,NA,NA,NA,NA,NA,NA,NA,NA,NA,NA,NA
ASV_3186,Bacteria,Bacteroidota,Saprospiria,Saprospirales,Saprospiraceae,Aureispira,Aureispira maritima,100,100,100,100,100,100,100
ASV_3187,Bacteria,Bacteroidota,Flavobacteriia,Flavobacteriales,Flavobacteriaceae,Polaribacter,Polaribacter gangjinensis,100,100,100,100,100,100,100
ASV_3188,NA,NA,NA,NA,NA,NA,NA,NA,NA,NA,NA,NA,NA,NA
ASV_3189,Bacteria,Bacteroidota,Cytophagia,Cytophagales,Reichenbachiellaceae,Ekhidna,Ekhidna lutea,100,100,100,100,100,100,100
ASV_3190,Bacteria,Pseudomonadota,Gammaproteobacteria,Alteromonadales,Pseudoalteromonadaceae,Psychrosphaera,Psychrosphaera ytuae,100.00000000000006,100.00000000000006,100.00000000000006,100.00000000000006,99.55983113601933,53.85145245559039,30.696969696969706
ASV_3191,Bacteria,Bacteroidota,Flavobacteriia,Flavobacteriales,Flavobacteriaceae,Olleya,Olleya sediminilitoris,100,100,100,100,100,79.33333333333331,38.66666666666664
ASV_3192,Bacteria,Bacteroidota,Saprospiria,Saprospirales,Haliscomenobacteraceae,Portibacter,Portibacter lacus,100,100,100,100,100,77.5,77.5
ASV_3193,Bacteria,Pseudomonadota,Gammaproteobacteria,Alteromonadales,Alteromonadaceae,Aliiglaciecola,Aliiglaciecola lipolytica,100,100,100,100,100,88.33333333333333,83.66666666666667
ASV_3194,Bacteria,Pseudomonadota,Alphaproteobacteria,Rhodobacterales,Roseobacteraceae,Roseovarius,Roseovarius salinarum,100,100,100,100,76.91666666666667,49.444444444444414,37.24999999999999
ASV_3195,Bacteria,Pseudomonadota,Gammaproteobacteria,Chromatiales,Woeseiaceae,Woeseia,Woeseia oceani,100,100,100,60.000000000000014,40,40,40
ASV_3196,Bacteria,Pseudomonadota,Alphaproteobacteria,Rhodobacterales,Paracoccaceae,Albimonas,Albimonas pacifica,100,100,100,80.00000000000003,80.00000000000003,46.33333333333335,46.33333333333335
ASV_3197,Bacteria,Pseudomonadota,Gammaproteobacteria,Alteromonadales,Colwelliaceae,Thalassotalea,Thalassomonas viridans,100,100,100,100,89.25,60.91666666666666,28.333333333333332
ASV_3198,Bacteria,Verrucomicrobiota,Verrucomicrobiae,Verrucomicrobiales,Verrucomicrobiaceae,Fucophilus,Fucophilus fucoidanolyticus,100,100,100,100,100,100,100
ASV_3199,Bacteria,Pseudomonadota,Alphaproteobacteria,Rhodobacterales,Roseobacteraceae,Roseovarius,Roseovarius pacificus,100,100,100,100,89.1,54.03333333333333,49.86666666666665
ASV_3200,NA,NA,NA,NA,NA,NA,NA,NA,NA,NA,NA,NA,NA,NA
ASV_3201,Bacteria,Pseudomonadota,Gammaproteobacteria,Pseudomonadales,Marinobacteraceae,Marinobacter,Marinobacter nauticus,100,100,100,100,100,100,99.6
ASV_3202,NA,NA,NA,NA,NA,NA,NA,NA,NA,NA,NA,NA,NA,NA
ASV_3203,Bacteria,Bacteroidota,Flavobacteriia,Flavobacteriales,Flavobacteriaceae,Poritiphilus,Poritiphilus flavus,100,100,100,100,100,46.833333333333336,46.833333333333336
ASV_3204,Bacteria,Bacteroidota,Flavobacteriia,Flavobacteriales,Flavobacteriaceae,Allomuricauda,Allomuricauda pacifica,100,100,100,100,100,95,94.5
ASV_3205,Bacteria,Pseudomonadota,Alphaproteobacteria,Hyphomonadales,Hyphomonadaceae,Hyphomonas,Hyphomonas neptunium,100,100,100,100,100,97.35714285714285,47.63809523809524
ASV_3206,Bacteria,Planctomycetota,Planctomycetia,Pirellulales,Pirellulaceae,Bremerella,Bremerella alba,100,100,100,100,100,88.5,43.5
ASV_3207,Bacteria,Pseudomonadota,Alphaproteobacteria,Rhodobacterales,Roseobacteraceae,Pseudoruegeria,Pseudoruegeria aquimaris,100,100,100,100,98.33333333333333,61.91666666666665,61.50000000000001
ASV_3208,Bacteria,Pseudomonadota,Gammaproteobacteria,Thiohalobacterales,Thiohalobacteraceae,Thiohalobacter,Thiohalobacter thiocyanaticus,100,100,100,84.53333333333332,84.53333333333332,84.53333333333332,84.53333333333332
ASV_3209,Bacteria,Pseudomonadota,Gammaproteobacteria,Alteromonadales,Colwelliaceae,Thalassotalea,Thalassotalea coralli,100.00000000000001,100.00000000000001,100.00000000000001,100.00000000000001,98.50000000000001,90.30000000000001,24.416666666666668
ASV_3210,Bacteria,Actinomycetota,Actinomycetes,Micrococcales,Micrococcaceae,Arthrobacter,Arthrobacter flavus,100,100,100,100,100,66.17512632251658,11.474398749398748
ASV_3211,NA,NA,NA,NA,NA,NA,NA,NA,NA,NA,NA,NA,NA,NA
ASV_3212,NA,NA,NA,NA,NA,NA,NA,NA,NA,NA,NA,NA,NA,NA
ASV_3213,NA,NA,NA,NA,NA,NA,NA,NA,NA,NA,NA,NA,NA,NA
ASV_3214,NA,NA,NA,NA,NA,NA,NA,NA,NA,NA,NA,NA,NA,NA
ASV_3215,Bacteria,Pseudomonadota,Gammaproteobacteria,Alteromonadales,Colwelliaceae,Thalassotalea,Thalassotalea coralli,100,100,100,97,89.5,84,25.250000000000007
ASV_3216,Bacteria,Pseudomonadota,Alphaproteobacteria,Hyphomicrobiales,Stappiaceae,Roseibium,Roseibium polysiphoniae,100,100,100,100,99,99,99
ASV_3217,NA,NA,NA,NA,NA,NA,NA,NA,NA,NA,NA,NA,NA,NA
ASV_3218,Bacteria,Campylobacterota,Epsilonproteobacteria,Campylobacterales,Sulfurovaceae,Sulfurovum,Sulfurovum lithotrophicum,100.00000000000003,100.00000000000003,100.00000000000003,100.00000000000003,100.00000000000003,100.00000000000003,66.58333333333333
ASV_3219,Bacteria,Pseudomonadota,Alphaproteobacteria,Rickettsiales,Rickettsiaceae,Rickettsia,Rickettsia montanensis,100.00000000000001,100.00000000000001,100.00000000000001,100.00000000000001,100.00000000000001,95.50000000000001,31.774919407442304
ASV_3220,NA,NA,NA,NA,NA,NA,NA,NA,NA,NA,NA,NA,NA,NA
ASV_3221,Bacteria,Pseudomonadota,Gammaproteobacteria,Oceanospirillales,Oceanospirillaceae,Bermanella,Bermanella marisrubri,100,100,100,75.66666666666667,70.33333333333331,67.33333333333331,67.33333333333331
ASV_3222,Bacteria,Pseudomonadota,Gammaproteobacteria,Oceanospirillales,Oceanospirillaceae,Bacterioplanoides,Bacterioplanoides pacificum,100,100,100,87.23333333333332,72.56666666666669,56.03333333333333,56.03333333333333
ASV_3223,Bacteria,Pseudomonadota,Gammaproteobacteria,Alteromonadales,Alteromonadaceae,Alteromonas,Alteromonas pelagimontana,100,100,100,100,100,68.83333333333331,48.2
ASV_3224,Bacteria,Pseudomonadota,Gammaproteobacteria,Alteromonadales,Pseudoalteromonadaceae,Psychrosphaera,Psychrosphaera aquimarina,100,100,100,100,100,62.16666666666661,58.83333333333329
ASV_3225,Bacteria,Pseudomonadota,Gammaproteobacteria,Alteromonadales,Colwelliaceae,Thalassotalea,Thalassotalea euphylliae,100.00000000000001,100.00000000000001,100.00000000000001,100.00000000000001,100.00000000000001,100.00000000000001,73.83333333333333
ASV_3226,Bacteria,Pseudomonadota,Gammaproteobacteria,Vibrionales,Vibrionaceae,Vibrio,Vibrio parahaemolyticus,100,100,100,100,100,100,88
ASV_3227,Bacteria,Pseudomonadota,Gammaproteobacteria,Alteromonadales,Ferrimonadaceae,Ferrimonas,Ferrimonas sediminicola,100,100,100,100,100,100,91.33333333333333
ASV_3228,Bacteria,Pseudomonadota,Gammaproteobacteria,Alteromonadales,Alteromonadaceae,Alteromonas,Alteromonas aestuariivivens,100,100,100,100,100,64.0092592592593,32.62037037037036
ASV_3229,Bacteria,Pseudomonadota,Gammaproteobacteria,Alteromonadales,Alteromonadaceae,Alteromonas,Alteromonas pelagimontana,100,100,100,100,100,100,67.5
ASV_3230,Bacteria,Pseudomonadota,Gammaproteobacteria,Oceanospirillales,Oceanospirillaceae,Neptunomonas,Neptunomonas marina,100,100,100,100,100,100,98
ASV_3231,Bacteria,Pseudomonadota,Gammaproteobacteria,Vibrionales,Vibrionaceae,Vibrio,Vibrio parahaemolyticus,100,100,100,100,100,100,70.91666666666669
ASV_3232,Bacteria,Bacteroidota,Flavobacteriia,Flavobacteriales,Flavobacteriaceae,Seonamhaeicola,Seonamhaeicola aphaedonensis,100,100,100,100,100,100,100
ASV_3233,Bacteria,Pseudomonadota,Gammaproteobacteria,Alteromonadales,Alteromonadaceae,Marisediminitalea,Marisediminitalea aggregata,100.00000000000001,100.00000000000001,100.00000000000001,100.00000000000001,100.00000000000001,60.50000000000002,60.50000000000002
ASV_3234,NA,NA,NA,NA,NA,NA,NA,NA,NA,NA,NA,NA,NA,NA
ASV_3235,NA,NA,NA,NA,NA,NA,NA,NA,NA,NA,NA,NA,NA,NA
ASV_3236,Bacteria,Pseudomonadota,Gammaproteobacteria,Alteromonadales,Alteromonadaceae,Salinimonas,Salinimonas iocasae,100,100,100,100,100,54.261794871794855,29.287619047619035
ASV_3237,Bacteria,Pseudomonadota,Alphaproteobacteria,Kordiimonadales,Kordiimonadaceae,Kordiimonas,Kordiimonas laminariae,100,100,100,100,100,100,99
ASV_3238,Bacteria,Pseudomonadota,Alphaproteobacteria,Rhodobacterales,Roseobacteraceae,Maritimibacter,Maritimibacter alkaliphilus,100,100,100,100,65.66428571428571,61.361904761904746,40.2190476190476
ASV_3239,NA,NA,NA,NA,NA,NA,NA,NA,NA,NA,NA,NA,NA,NA
ASV_3240,Bacteria,Pseudomonadota,Alphaproteobacteria,Rickettsiales,Rickettsiaceae,Rickettsia,Kordiimonas lacus,100,100,100,71.8333333333333,71.8333333333333,55.33333333333332,28.16666666666666
ASV_3241,Bacteria,Pseudomonadota,Gammaproteobacteria,Alteromonadales,Colwelliaceae,Thalassomonas,Thalassomonas haliotis,99.99999999999999,99.99999999999999,99.99999999999999,85.33333333333329,73.78571428571429,34.66666666666666,23.000000000000004
ASV_3242,NA,NA,NA,NA,NA,NA,NA,NA,NA,NA,NA,NA,NA,NA
ASV_3243,Bacteria,Pseudomonadota,Gammaproteobacteria,Alteromonadales,Colwelliaceae,Thalassotalea,Thalassotalea coralli,100,100,100,100,90.83333333333333,87.50000000000001,27.833333333333332
ASV_3244,NA,NA,NA,NA,NA,NA,NA,NA,NA,NA,NA,NA,NA,NA
ASV_3245,Bacteria,Pseudomonadota,Gammaproteobacteria,Pseudomonadales,Pseudomonadaceae,Pseudomonas,Pseudomonas aeruginosa,100,100,100,100,100,100,87.81547619047616
ASV_3246,NA,NA,NA,NA,NA,NA,NA,NA,NA,NA,NA,NA,NA,NA
ASV_3247,Bacteria,Pseudomonadota,Gammaproteobacteria,Thiotrichales,Piscirickettsiaceae,Methylophaga,Methylophaga thiooxydans,100,100,100,100,100,100,82.53333333333332
ASV_3248,NA,NA,NA,NA,NA,NA,NA,NA,NA,NA,NA,NA,NA,NA
ASV_3249,Bacteria,Pseudomonadota,Alphaproteobacteria,Maricaulales,Robiginitomaculaceae,Algimonas,Algimonas porphyrae,100,100,100,100,100,99,99
ASV_3250,Bacteria,Pseudomonadota,Alphaproteobacteria,Rhodobacterales,Paracoccaceae,Cribrihabitans,Cribrihabitans marinus,100.00000000000003,100.00000000000003,100.00000000000003,62.00000000000001,52.51666666666664,44.816666666666634,40.66666666666664
ASV_3251,NA,NA,NA,NA,NA,NA,NA,NA,NA,NA,NA,NA,NA,NA
ASV_3252,Bacteria,Pseudomonadota,Gammaproteobacteria,Alteromonadales,Colwelliaceae,Thalassotalea,Thalassotalea coralli,100,100,100,85.06666666666669,69.85000000000001,67.85000000000001,24.833333333333336
ASV_3253,Bacteria,Bacteroidota,Flavobacteriia,Flavobacteriales,Flavobacteriaceae,Seonamhaeicola,Seonamhaeicola aphaedonensis,100,100,100,100,100,90.5,73
ASV_3254,Bacteria,Pseudomonadota,Gammaproteobacteria,Cellvibrionales,Microbulbiferaceae,Microbulbifer,Eionea nigra,100,100,100,85.03333333333335,42.91666666666665,42.91666666666665,40.11666666666666
ASV_3255,Bacteria,Pseudomonadota,Gammaproteobacteria,Oceanospirillales,Colwelliaceae,Thalassotalea,Oleiphilus messinensis,100.00000000000001,100.00000000000001,100.00000000000001,57.63333333333333,31.36666666666667,28.700000000000003,27.233333333333327
ASV_3256,NA,NA,NA,NA,NA,NA,NA,NA,NA,NA,NA,NA,NA,NA
ASV_3257,NA,NA,NA,NA,NA,NA,NA,NA,NA,NA,NA,NA,NA,NA
ASV_3258,Bacteria,Bacteroidota,Flavobacteriia,Flavobacteriales,Flavobacteriaceae,Seonamhaeicola,Seonamhaeicola aphaedonensis,100,100,100,100,100,67.33333333333333,65.33333333333333
ASV_3259,Bacteria,Bacteroidota,Saprospiria,Saprospirales,Lewinellaceae,Flavilitoribacter,Flavilitoribacter nigricans,100,100,100,100,100,100,100
ASV_3260,Bacteria,Bacillota,Bacilli,Bacillales,Planococcaceae,Planococcus,Planococcus antioxidans,100,100,100,100,100,93.62727272727271,42.15757575757576
ASV_3261,Bacteria,Bacteroidota,Flavobacteriia,Flavobacteriales,Flavobacteriaceae,Allomuricauda,Allomuricauda amphidinii,100,100,100,100,100,54.08333333333333,38.41666666666664
ASV_3262,NA,NA,NA,NA,NA,NA,NA,NA,NA,NA,NA,NA,NA,NA
ASV_3263,Bacteria,Pseudomonadota,Gammaproteobacteria,Alteromonadales,Colwelliaceae,Thalassotalea,Thalassotalea piscium,100.00000000000001,100.00000000000001,100.00000000000001,70.33333333333334,70.33333333333334,70.33333333333334,52.66666666666667
ASV_3264,NA,NA,NA,NA,NA,NA,NA,NA,NA,NA,NA,NA,NA,NA
ASV_3265,Bacteria,Bacteroidota,Flavobacteriia,Flavobacteriales,Flavobacteriaceae,Jejudonia,Jejudonia soesokkakensis,100,100,100,100,100,44.16666666666666,44.16666666666666
ASV_3266,Bacteria,Verrucomicrobiota,Opitutae,Puniceicoccales,Coraliomargaritaceae,Coraliomargarita,Coraliomargarita sinensis,100,100,100,100,100,100,57.33333333333333
ASV_3267,Bacteria,Pseudomonadota,Gammaproteobacteria,Alteromonadales,Alteromonadaceae,Alteromonas,Alteromonas confluentis,100,100,100,100,100,85.69999999999999,56.6369565217392
ASV_3268,Bacteria,Pseudomonadota,Gammaproteobacteria,Alteromonadales,Colwelliaceae,Thalassotalea,Psychromonas aquimarina,100,100,100,100,57.5,52.25,22.41666666666667
ASV_3269,Bacteria,Pseudomonadota,Gammaproteobacteria,Alteromonadales,Colwelliaceae,Thalassotalea,Thalassomonas viridans,100,100,100,100,98.66666666666664,61.91666666666663,33.75
ASV_3270,Bacteria,Pseudomonadota,Gammaproteobacteria,Alteromonadales,Colwelliaceae,Thalassotalea,Thalassotalea sediminis,100,100,100,96.00000000000001,82.10000000000001,61.85000000000001,17.250000000000004
ASV_3271,Bacteria,Verrucomicrobiota,Opitutae,Puniceicoccales,Coraliomargaritaceae,Coraliomargarita,Coraliomargarita akajimensis,100,100,100,100,100,100,95.66666666666667
ASV_3272,Bacteria,Pseudomonadota,Gammaproteobacteria,Alteromonadales,Colwelliaceae,Thalassotalea,Thalassotalea coralli,100,100,100,91.16666666666666,87.75,85.91666666666669,42.00000000000001
ASV_3273,NA,NA,NA,NA,NA,NA,NA,NA,NA,NA,NA,NA,NA,NA
ASV_3274,Bacteria,Pseudomonadota,Gammaproteobacteria,Alteromonadales,Colwelliaceae,Thalassotalea,Thalassotalea coralli,100,100,100,100,75.75,62.25000000000001,23.750000000000004
ASV_3275,Bacteria,Pseudomonadota,Alphaproteobacteria,Rhodobacterales,Roseobacteraceae,Shimia,Shimia aestuarii,100,100,100,100,93.72115384615384,37.163888888888906,21.216666666666676
ASV_3276,Bacteria,Pseudomonadota,Gammaproteobacteria,Alteromonadales,Colwelliaceae,Thalassotalea,Thalassotalea crassostreae,100,100,100,100,95.39999999999999,84.86666666666666,47.53333333333333
ASV_3277,NA,NA,NA,NA,NA,NA,NA,NA,NA,NA,NA,NA,NA,NA
ASV_3278,Bacteria,Pseudomonadota,Gammaproteobacteria,Thiotrichales,Francisellaceae,Francisella,Francisella philomiragia,100,100,100,100,100,100,45.32987012987015
ASV_3279,Bacteria,Pseudomonadota,Gammaproteobacteria,Alteromonadales,Colwelliaceae,Thalassotalea,Thalassotalea coralli,100,100,100,100,100,76.6,38.53333333333333
ASV_3280,Bacteria,Pseudomonadota,Gammaproteobacteria,Alteromonadales,Colwelliaceae,Thalassotalea,Thalassotalea insulae,100.00000000000003,100.00000000000003,100.00000000000003,100.00000000000003,72.50000000000001,68.33333333333333,17.666666666666668
ASV_3281,Bacteria,Bacteroidota,Flavobacteriia,Flavobacteriales,Crocinitomicaceae,Salinirepens,Salinirepens amamiensis,100,100,100,100,100,96,96
ASV_3282,Bacteria,Pseudomonadota,Gammaproteobacteria,Alteromonadales,Colwelliaceae,Thalassotalea,Thalassotalea marina,100,100,100,100,100,100,56.16666666666665
ASV_3283,Bacteria,Bacteroidota,Flavobacteriia,Flavobacteriales,Flavobacteriaceae,Hyunsoonleella,Hyunsoonleella pacifica,100,100,100,100,100,39.166666666666664,22.500000000000007
ASV_3284,NA,NA,NA,NA,NA,NA,NA,NA,NA,NA,NA,NA,NA,NA
ASV_3285,Bacteria,Bacteroidota,Flavobacteriia,Flavobacteriales,Flavobacteriaceae,Dokdonia,Dokdonia lutea,100,100,100,100,100,100,96
ASV_3286,Bacteria,Pseudomonadota,Gammaproteobacteria,Alteromonadales,Colwelliaceae,Thalassotalea,Thalassotalea loyana,100,100,100,99.5,99.5,94,54.333333333333336
ASV_3287,Bacteria,Pseudomonadota,Gammaproteobacteria,Oceanospirillales,Alcanivoracaceae,Marinicella,Marinicella sediminis,100,100,100,100,100,100,86.5
ASV_3288,Bacteria,Bacteroidota,Flavobacteriia,Flavobacteriales,Flavobacteriaceae,Dokdonia,Dokdonia ponticola,100,100,100,100,100,90.91666666666667,58.08333333333333
ASV_3289,Bacteria,Pseudomonadota,Gammaproteobacteria,Alteromonadales,Colwelliaceae,Thalassotalea,Thalassotalea coralli,100,100,100,100,100,98.25,41.91666666666665
ASV_3290,Bacteria,Pseudomonadota,Alphaproteobacteria,Rhodobacterales,Roseobacteraceae,Mesobacterium,Mesobacterium pallidum,100.00000000000001,100.00000000000001,100.00000000000001,100.00000000000001,77.10000000000001,60.25000000000003,60.25000000000003
ASV_3291,Bacteria,Pseudomonadota,Gammaproteobacteria,Alteromonadales,Alteromonadaceae,Alteromonas,Salinimonas chungwhensis,100.00000000000003,100.00000000000003,100.00000000000003,100.00000000000003,100.00000000000003,65.10379453879453,15.62012820512821
ASV_3292,Bacteria,Bacteroidota,Flavobacteriia,Flavobacteriales,Flavobacteriaceae,Dokdonia,Dokdonia lutea,100.00000000000001,100.00000000000001,100.00000000000001,100.00000000000001,100.00000000000001,100.00000000000001,71.16666666666667
ASV_3293,Bacteria,Bacteroidota,Flavobacteriia,Flavobacteriales,Flavobacteriaceae,Allomuricauda,Allomuricauda ochracea,100,100,100,100,100,86.83333333333333,75.33333333333333
ASV_3294,Bacteria,Bacteroidota,Flavobacteriia,Flavobacteriales,Flavobacteriaceae,Ascidiaceibacter,Ascidiaceibacter salegens,100,100,100,100,100,100,100
ASV_3295,Bacteria,Pseudomonadota,Gammaproteobacteria,Alteromonadales,Pseudoalteromonadaceae,Pseudoalteromonas,Pseudoalteromonas ruthenica,100,100,100,100,99.96969696969698,99.96969696969698,33.1
ASV_3296,Bacteria,Pseudomonadota,Alphaproteobacteria,Rhodobacterales,Paracoccaceae,Thermohalobaculum,Thermohalobaculum xanthum,100,100,100,99.16666666666667,98.16666666666667,72.33333333333333,72.33333333333333
ASV_3297,NA,NA,NA,NA,NA,NA,NA,NA,NA,NA,NA,NA,NA,NA
ASV_3298,Bacteria,Pseudomonadota,Gammaproteobacteria,Oceanospirillales,Oceanospirillaceae,Neptuniibacter,Neptuniibacter marinus,100,100,100,100,100,93.33333333333333,32.83333333333333
ASV_3299,Bacteria,Pseudomonadota,Alphaproteobacteria,Rhodobacterales,Roseobacteraceae,Thalassovita,Thalassovita mediterranea,100.00000000000001,100.00000000000001,100.00000000000001,100.00000000000001,84.00000000000001,71.25,69.75
ASV_3300,Bacteria,Pseudomonadota,Alphaproteobacteria,Rhodobacterales,Roseobacteraceae,Shimia,Shimia aestuarii,100,100,100,100,91.10799755799755,44.313034188034194,21.24358974358974
ASV_3301,NA,NA,NA,NA,NA,NA,NA,NA,NA,NA,NA,NA,NA,NA
ASV_3302,NA,NA,NA,NA,NA,NA,NA,NA,NA,NA,NA,NA,NA,NA
ASV_3303,NA,NA,NA,NA,NA,NA,NA,NA,NA,NA,NA,NA,NA,NA
ASV_3304,NA,NA,NA,NA,NA,NA,NA,NA,NA,NA,NA,NA,NA,NA
ASV_3305,Bacteria,Bacteroidota,Saprospiria,Saprospirales,Lewinellaceae,Lewinella,Lewinella cohaerens,100,100,100,100,100,100,100
ASV_3306,Bacteria,Pseudomonadota,Gammaproteobacteria,Chromatiales,Thioprofundaceae,Thioprofundum,Thioprofundum lithotrophicum,100,100,100,79.16666666666666,60.5,60.5,57.33333333333333
ASV_3307,Bacteria,Pseudomonadota,Gammaproteobacteria,Alteromonadales,Colwelliaceae,Thalassotalea,Thiohalobacter thiocyanaticus,100,100,100,62,62,62,38
ASV_3308,NA,NA,NA,NA,NA,NA,NA,NA,NA,NA,NA,NA,NA,NA
ASV_3309,Bacteria,Pseudomonadota,Gammaproteobacteria,Alteromonadales,Alteromonadaceae,Aliiglaciecola,Aliiglaciecola lipolytica,100,100,100,100,100,51.66666666666666,46.66666666666666
ASV_3310,Bacteria,Verrucomicrobiota,Opitutae,Puniceicoccales,Coraliomargaritaceae,Coraliomargarita,Coraliomargarita akajimensis,100,100,100,100,100,100,100
ASV_3311,Bacteria,Bacteroidota,Cytophagia,Cytophagales,Microscillaceae,Microscilla,Microscilla marina,100,100,100,100,100,100,100
ASV_3312,NA,NA,NA,NA,NA,NA,NA,NA,NA,NA,NA,NA,NA,NA
ASV_3313,Bacteria,Bacteroidota,Cytophagia,Cytophagales,Roseivirgaceae,Roseivirga,Roseivirga misakiensis,100,100,100,100,100,100,77
ASV_3314,Bacteria,Pseudomonadota,Gammaproteobacteria,Alteromonadales,Colwelliaceae,Thalassotalea,Thalassotalea loyana,100,100,100,100,100,100,48
ASV_3315,NA,NA,NA,NA,NA,NA,NA,NA,NA,NA,NA,NA,NA,NA
ASV_3316,NA,NA,NA,NA,NA,NA,NA,NA,NA,NA,NA,NA,NA,NA
ASV_3317,Bacteria,Campylobacterota,Epsilonproteobacteria,Campylobacterales,Sulfurovaceae,Sulfurovum,Sulfurovum aggregans,100,100,100,100,72.16666666666667,72.16666666666667,40.33333333333333
ASV_3318,Bacteria,Pseudomonadota,Gammaproteobacteria,Vibrionales,Vibrionaceae,Vibrio,Vibrio neptunius,100,100,100,100,100,100,90.51111111111106
ASV_3319,Bacteria,Pseudomonadota,Gammaproteobacteria,Alteromonadales,Alteromonadaceae,Salinimonas,Alteromonas indica,100.00000000000001,100.00000000000001,100.00000000000001,100.00000000000001,100.00000000000001,63.883333333333304,24.449999999999992
ASV_3320,Bacteria,Pseudomonadota,Gammaproteobacteria,Oceanospirillales,Oceanospirillaceae,Bacterioplanoides,Bacterioplanoides pacificum,100,100,100,89.75,88.75,49.5,49.5
ASV_3321,Bacteria,Pseudomonadota,Gammaproteobacteria,Oceanospirillales,Oceanospirillaceae,Neptuniibacter,Neptuniibacter caesariensis,100,100,100,100,100,100,100
ASV_3322,Bacteria,Pseudomonadota,Gammaproteobacteria,Alteromonadales,Alteromonadaceae,Alteromonas,Alteromonas confluentis,99.9999999999999,99.9999999999999,99.9999999999999,99.9999999999999,99.9999999999999,58.02835497835489,24.456789949181232
ASV_3323,Bacteria,Pseudomonadota,Gammaproteobacteria,Alteromonadales,Alteromonadaceae,Alteromonas,Alteromonas aestuariivivens,100,100,100,100,100,47.29166666666664,31.210144927536234
ASV_3324,Bacteria,Pseudomonadota,Gammaproteobacteria,Oceanospirillales,Oceanospirillaceae,Pontibacterium,Pontibacterium granulatum,100,100,100,100,100,56.83333333333332,56.83333333333332
ASV_3325,NA,NA,NA,NA,NA,NA,NA,NA,NA,NA,NA,NA,NA,NA
ASV_3326,Bacteria,Pseudomonadota,Gammaproteobacteria,Alteromonadales,Alteromonadaceae,Alteromonas,Alteromonas aestuariivivens,100.00000000000001,100.00000000000001,100.00000000000001,100.00000000000001,100.00000000000001,81.00000000000001,58.41666666666663
ASV_3327,NA,NA,NA,NA,NA,NA,NA,NA,NA,NA,NA,NA,NA,NA
ASV_3328,Bacteria,Pseudomonadota,Gammaproteobacteria,Alteromonadales,Alteromonadaceae,Alteromonas,Alteromonas abrolhosensis,100.00000000000001,100.00000000000001,100.00000000000001,100.00000000000001,100.00000000000001,100.00000000000001,39.517042758022704
ASV_3329,Bacteria,Pseudomonadota,Gammaproteobacteria,Vibrionales,Vibrionaceae,Vibrio,Vibrio fortis,100,100,100,100,100,100,69.83333333333333
ASV_3330,Bacteria,Campylobacterota,Epsilonproteobacteria,Campylobacterales,Arcobacteraceae,Malaciobacter,Malaciobacter pacificus,100,100,100,100,100,57.56666666666664,46.20000000000001
ASV_3331,Bacteria,Pseudomonadota,Alphaproteobacteria,Sphingomonadales,Sphingomonadaceae,Sphingomonas,Sphingomonas echinoides,99.99999999999997,99.99999999999997,99.99999999999997,99.99999999999997,99.99999999999997,99.99999999999997,19.29599001789403
ASV_3332,Bacteria,Pseudomonadota,Alphaproteobacteria,Rhodospirillales,Thalassobaculaceae,Nisaea,Hypericibacter terrae,100,100,100,100,47.08333333333333,38.08333333333333,26.916666666666668
ASV_3333,Bacteria,Pseudomonadota,Alphaproteobacteria,Kordiimonadales,Kordiimonadaceae,Kordiimonas,Kordiimonas laminariae,100.00000000000004,100.00000000000004,100.00000000000004,100.00000000000004,100.00000000000004,100.00000000000004,58.50000000000002
ASV_3334,Bacteria,Pseudomonadota,Alphaproteobacteria,Sphingomonadales,Sphingomonadaceae,Sphingobium,Sphingobium limneticum,100,100,100,100,100,98.81547619047616,91.53809523809525
ASV_3335,NA,NA,NA,NA,NA,NA,NA,NA,NA,NA,NA,NA,NA,NA
ASV_3336,Bacteria,Pseudomonadota,Betaproteobacteria,Nitrosomonadales,Methylophilaceae,Methylophilus,Methylophilus methylotrophus,100,100,100,100,100,100,41.449999999999996
ASV_3337,Bacteria,Bacillota,Clostridia,Lachnospirales,Lachnospiraceae,Stomatobaculum,Stomatobaculum longum,100,100,100,100,100,100,100
ASV_3338,Bacteria,Pseudomonadota,Betaproteobacteria,Neisseriales,Neisseriaceae,Neisseria,Neisseria oralis,100,100,100,100,100,100,100
ASV_3339,Bacteria,Pseudomonadota,Gammaproteobacteria,Alteromonadales,Alteromonadaceae,Alteromonas,Alteromonas mediterranea,99.99999999999999,99.99999999999999,99.99999999999999,99.99999999999999,99.99999999999999,72.87121212121211,25.352056277056263
ASV_3340,Bacteria,Pseudomonadota,Gammaproteobacteria,Cellvibrionales,Cellvibrionaceae,Pseudomaricurvus,Pseudomaricurvus alkylphenolicus,100,100,100,100,100,100,100
ASV_3341,Bacteria,Pseudomonadota,Alphaproteobacteria,Hyphomicrobiales,Phyllobacteriaceae,Roseitalea,Roseitalea porphyridii,99.99999999999999,99.99999999999999,99.99999999999999,56.833333333333314,56.833333333333314,21.49999999999999,21.49999999999999
ASV_3342,Bacteria,Pseudomonadota,Gammaproteobacteria,Cellvibrionales,Cellvibrionaceae,Pseudomaricurvus,Pseudomaricurvus alkylphenolicus,100,100,100,100,100,99,99
ASV_3343,Bacteria,Pseudomonadota,Alphaproteobacteria,Sneathiellales,Sneathiellaceae,Sneathiella,Sneathiella glossodoripedis,99.99999999999999,99.99999999999999,99.99999999999999,99.99999999999999,99.99999999999999,99.99999999999999,77.66666666666666
ASV_3344,Bacteria,Pseudomonadota,Gammaproteobacteria,Thiotrichales,Fastidiosibacteraceae,Cysteiniphilum,Cysteiniphilum litorale,100,100,100,100,100,83.5,76.5
ASV_3345,Bacteria,Pseudomonadota,Gammaproteobacteria,Alteromonadales,Colwelliaceae,Thalassotalea,Thalassotalea coralli,100,100,100,97.2857142857143,93.14285714285715,92.64285714285715,36.58333333333334
ASV_3346,Bacteria,Bacteroidota,Saprospiria,Saprospirales,Saprospiraceae,Aureispira,Aureispira maritima,100,100,100,100,100,100,100
ASV_3347,Bacteria,Pseudomonadota,Alphaproteobacteria,Kordiimonadales,Kordiimonadaceae,Kordiimonas,Kordiimonas gwangyangensis,100,100,100,100,100,100,51.53333333333335
ASV_3348,Bacteria,Pseudomonadota,Betaproteobacteria,Nitrosomonadales,Methylophilaceae,Methylotenera,Methylotenera oryzisoli,100,100,100,100,100,100,100
ASV_3349,Bacteria,Pseudomonadota,Gammaproteobacteria,Alteromonadales,Alteromonadaceae,Marisediminitalea,Marisediminitalea aggregata,100,100,100,100,100,55.41666666666665,55.41666666666665
ASV_3350,Bacteria,Bacteroidota,Flavobacteriia,Flavobacteriales,Flavobacteriaceae,Seonamhaeicola,Seonamhaeicola aphaedonensis,100,100,100,100,100,100,98.5
ASV_3351,Bacteria,Pseudomonadota,Alphaproteobacteria,Rhodobacterales,Roseobacteraceae,Ruegeria,Ruegeria arenilitoris,100,100,100,100,86.25000000000001,53.16666666666667,29.666666666666675
ASV_3352,Bacteria,Bacteroidota,Flavobacteriia,Flavobacteriales,Flavobacteriaceae,Kordia,Kordia jejudonensis,100,100,100,100,100,100,51.33333333333333
ASV_3353,Bacteria,Bacteroidota,Flavobacteriia,Flavobacteriales,Flavobacteriaceae,Dokdonia,Dokdonia lutea,100,100,100,100,100,100,91.5
ASV_3354,Bacteria,Bacteroidota,Flavobacteriia,Flavobacteriales,Flavobacteriaceae,Seonamhaeicola,Seonamhaeicola aphaedonensis,100,100,100,100,100,100,99.5
ASV_3355,Bacteria,Bacteroidota,Flavobacteriia,Flavobacteriales,Flavobacteriaceae,Winogradskyella,Winogradskyella aurantiaca,100,100,100,100,100,54.833333333333336,46.5
ASV_3356,NA,NA,NA,NA,NA,NA,NA,NA,NA,NA,NA,NA,NA,NA
ASV_3357,Bacteria,Pseudomonadota,Gammaproteobacteria,Cellvibrionales,Halieaceae,Congregibacter,Congregibacter litoralis,100,100,100,100,100,74.69999999999999,74.69999999999999
ASV_3358,Bacteria,Pseudomonadota,Alphaproteobacteria,Rhodospirillales,Acetobacteraceae,Entomobacter,Entomobacter blattae,100.00000000000001,100.00000000000001,100.00000000000001,100.00000000000001,100.00000000000001,29.681201151789413,29.681201151789413
ASV_3359,Bacteria,Pseudomonadota,Alphaproteobacteria,Sphingomonadales,Sphingomonadaceae,Blastomonas,Blastomonas natatoria,100,100,100,100,100,62.76666666666664,58.96666666666663
ASV_3360,Bacteria,Myxococcota,NA,Nannocystales,Nannocystaceae,Plesiocystis,Plesiocystis pacifica,100,100,100,100,100,100,100
ASV_3361,Bacteria,Pseudomonadota,Gammaproteobacteria,Thiotrichales,Fastidiosibacteraceae,Cysteiniphilum,Cysteiniphilum litorale,100,100,100,100,100,97.5,97
ASV_3362,Bacteria,Pseudomonadota,Gammaproteobacteria,Alteromonadales,Colwelliaceae,Thalassotalea,Thalassomonas viridans,100,100,100,100,93,56.333333333333336,31.583333333333318
ASV_3363,Bacteria,Pseudomonadota,Gammaproteobacteria,Alteromonadales,Alteromonadaceae,Alteromonas,Alteromonas aestuariivivens,100,100,100,100,100,53.58152173913042,32.45833333333331
ASV_3364,Bacteria,Bacteroidota,Flavobacteriia,Flavobacteriales,Flavobacteriaceae,Allomuricauda,Allomuricauda amphidinii,100,100,100,100,100,83,68.5
ASV_3365,Bacteria,Bacteroidota,Flavobacteriia,Flavobacteriales,Flavobacteriaceae,Mangrovimonas,Mangrovimonas yunxiaonensis,100,100,100,100,100,68.83333333333333,61.33333333333334
ASV_3366,Bacteria,Bacteroidota,Flavobacteriia,Flavobacteriales,Flavobacteriaceae,Ascidiaceibacter,Ascidiaceibacter salegens,100,100,100,100,100,83.75000000000001,83.75000000000001
ASV_3367,Bacteria,Bacteroidota,Flavobacteriia,Flavobacteriales,Flavobacteriaceae,Seonamhaeicola,Seonamhaeicola aphaedonensis,100.00000000000001,100.00000000000001,100.00000000000001,100.00000000000001,72.66666666666667,50.666666666666664,46.666666666666664
ASV_3368,Bacteria,Bacteroidota,Flavobacteriia,Flavobacteriales,Flavobacteriaceae,Polaribacter,Polaribacter lacunae,100,100,100,100,100,99.85714285714285,84.64285714285715
ASV_3369,NA,NA,NA,NA,NA,NA,NA,NA,NA,NA,NA,NA,NA,NA
ASV_3370,Bacteria,Pseudomonadota,Gammaproteobacteria,Alteromonadales,Colwelliaceae,Thalassotalea,Thalassotalea ponticola,100,100,100,73,73,73,33.16666666666665
ASV_3371,Bacteria,Bacteroidota,Saprospiria,Saprospirales,Saprospiraceae,Aureispira,Aureispira maritima,100,100,100,100,100,100,100
ASV_3372,Bacteria,Bacteroidota,Saprospiria,Saprospirales,Saprospiraceae,Aureispira,Aureispira maritima,100,100,100,100,100,100,100
ASV_3373,Bacteria,Bacteroidota,Flavobacteriia,Flavobacteriales,Crocinitomicaceae,Salinirepens,Salinirepens amamiensis,100,100,100,100,100,100,100
ASV_3374,NA,NA,NA,NA,NA,NA,NA,NA,NA,NA,NA,NA,NA,NA
ASV_3375,Bacteria,Pseudomonadota,Gammaproteobacteria,Oceanospirillales,Oceanospirillaceae,Neptuniibacter,Neptuniibacter marinus,100,100,100,100,100,100,75.5
ASV_3376,Bacteria,Bacteroidota,Flavobacteriia,Flavobacteriales,Flavobacteriaceae,Tenacibaculum,Polaribacter porphyrae,100,100,100,100,100,51.54761904761902,24.199999999999992
ASV_3377,NA,NA,NA,NA,NA,NA,NA,NA,NA,NA,NA,NA,NA,NA
ASV_3378,NA,NA,NA,NA,NA,NA,NA,NA,NA,NA,NA,NA,NA,NA
ASV_3379,Bacteria,Verrucomicrobiota,Opitutae,Puniceicoccales,Coraliomargaritaceae,Coraliomargarita,Coraliomargarita akajimensis,100,100,99.66666666666667,99.66666666666667,99.66666666666667,99.66666666666667,83.66666666666667
ASV_3380,NA,NA,NA,NA,NA,NA,NA,NA,NA,NA,NA,NA,NA,NA
ASV_3381,Bacteria,Bacteroidota,Flavobacteriia,Flavobacteriales,Flavobacteriaceae,Dokdonia,Dokdonia lutea,100,100,100,100,100,100,92
ASV_3382,NA,NA,NA,NA,NA,NA,NA,NA,NA,NA,NA,NA,NA,NA
ASV_3383,NA,NA,NA,NA,NA,NA,NA,NA,NA,NA,NA,NA,NA,NA
ASV_3384,Bacteria,Myxococcota,NA,Nannocystales,Nannocystaceae,Nannocystis,Plesiocystis pacifica,100,100,76.75,76.75,76.75,36.75000000000001,32
ASV_3385,Bacteria,Bacteroidota,Flavobacteriia,Flavobacteriales,Flavobacteriaceae,Tenacibaculum,Tenacibaculum aiptasiae,100,100,100,100,100,100,46.816666666666634
ASV_3386,Bacteria,Pseudomonadota,Gammaproteobacteria,Alteromonadales,Colwelliaceae,Thalassotalea,Thalassotalea loyana,100,100,100,100,100,100,100
ASV_3387,Bacteria,Pseudomonadota,Gammaproteobacteria,Alteromonadales,Pseudoalteromonadaceae,Pseudoalteromonas,Pseudoalteromonas gelatinilytica,100,100,100,100,100,100,30.14999999999999
ASV_3388,Bacteria,Bacillota,Clostridia,Eubacteriales,Oscillospiraceae,Faecalibacterium,Faecalibacterium longum,100,100,100,100,100,100,95
ASV_3389,Bacteria,Pseudomonadota,Gammaproteobacteria,Alteromonadales,Pseudoalteromonadaceae,Pseudoalteromonas,Pseudoalteromonas lipolytica,100,100,100,100,100,100,43.10952380952381
ASV_3390,Bacteria,Pseudomonadota,Gammaproteobacteria,Vibrionales,Vibrionaceae,Vibrio,Vibrio hangzhouensis,100,100,100,100,100,100,98.26785714285717
ASV_3391,NA,NA,NA,NA,NA,NA,NA,NA,NA,NA,NA,NA,NA,NA
ASV_3392,Bacteria,Pseudomonadota,Alphaproteobacteria,Rhodobacterales,Paracoccaceae,Rhodophyticola,Rhodophyticola porphyridii,100.00000000000001,100.00000000000001,100.00000000000001,100.00000000000001,89.24047619047619,50.88452380952382,50.88452380952382
ASV_3393,Bacteria,Pseudomonadota,Alphaproteobacteria,Parvularculales,Parvularculaceae,Marinicaulis,Marinicaulis aureus,100,100,100,100,100,96.5,91.5
ASV_3394,NA,NA,NA,NA,NA,NA,NA,NA,NA,NA,NA,NA,NA,NA
ASV_3395,Bacteria,Bacteroidota,Cytophagia,Cytophagales,Reichenbachiellaceae,Marinoscillum,Marinoscillum furvescens,100,100,100,100,39.13333333333333,39.13333333333333,39.13333333333333
ASV_3396,Bacteria,Bacteroidota,Flavobacteriia,Flavobacteriales,Flavobacteriaceae,Kordia,Kordia periserrulae,100,100,100,100,100,100,59.70000000000001
ASV_3397,Bacteria,Pseudomonadota,Alphaproteobacteria,Rhodobacterales,Roseobacteraceae,Shimia,Shimia biformata,100.00000000000001,100.00000000000001,100.00000000000001,100.00000000000001,70.9,37.900000000000006,36.56666666666666
ASV_3398,NA,NA,NA,NA,NA,NA,NA,NA,NA,NA,NA,NA,NA,NA
ASV_3399,Bacteria,Pseudomonadota,Gammaproteobacteria,Alteromonadales,Pseudoalteromonadaceae,Algicola,Algicola sagamiensis,100,100,100,99.5,62.41666666666664,60.41666666666664,52.41666666666664
ASV_3400,Bacteria,Pseudomonadota,Gammaproteobacteria,Alteromonadales,Colwelliaceae,Thalassotalea,Thalassotalea coralli,100,100,100,100,88.83333333333331,72.75,31.16666666666667
ASV_3401,Bacteria,Pseudomonadota,Alphaproteobacteria,Rhodobacterales,Paracoccaceae,Pseudomarivita,Pseudomarivita litorea,100,100,100,100,72.18333333333332,29.424999999999997,29.424999999999997
ASV_3402,Bacteria,Bacteroidota,Flavobacteriia,Flavobacteriales,Flavobacteriaceae,Kordia,Kordia algicida,100,100,100,100,100,100,47
ASV_3403,Bacteria,Bacteroidota,Cytophagia,Cytophagales,Reichenbachiellaceae,Marinoscillum,Marinoscillum furvescens,100,100,100,100,38.50000000000001,28.500000000000004,27.500000000000004
ASV_3404,Bacteria,Bacteroidota,Cytophagia,Cytophagales,Reichenbachiellaceae,Ekhidna,Ekhidna lutea,100,100,100,100,100,100,100
ASV_3405,Bacteria,Bacteroidota,Saprospiria,Saprospirales,Lewinellaceae,Flavilitoribacter,Flavilitoribacter nigricans,100,100,100,100,100,99,99
ASV_3406,Bacteria,Pseudomonadota,Gammaproteobacteria,Chromatiales,Thioprofundaceae,Thioprofundum,Thioprofundum lithotrophicum,100,100,100,67,50,50,46.5
ASV_3407,Bacteria,Pseudomonadota,Alphaproteobacteria,Parvularculales,Parvularculaceae,Parvularcula,Parvularcula oceani,100,100,100,100,100,100,100
ASV_3408,Bacteria,Pseudomonadota,Gammaproteobacteria,Vibrionales,Vibrionaceae,Photobacterium,Photobacterium gaetbulicola,100,100,100,100,100,100,100
ASV_3409,Bacteria,Pseudomonadota,Gammaproteobacteria,Alteromonadales,Colwelliaceae,Thalassotalea,Thalassotalea montiporae,100,100,100,100,100,100,94
ASV_3410,Bacteria,Pseudomonadota,Gammaproteobacteria,Alteromonadales,Colwelliaceae,Thalassotalea,Thalassomonas actiniarum,100,100,100,78.45,78.45,37.816666666666656,24.03333333333333
ASV_3411,Bacteria,Pseudomonadota,Alphaproteobacteria,Rhodobacterales,Roseobacteraceae,Thalassovita,Thalassovita mangrovi,100.00000000000001,100.00000000000001,100.00000000000001,100.00000000000001,77.58333333333333,37.33333333333334,37.33333333333334
ASV_3412,Bacteria,Planctomycetota,Planctomycetia,Pirellulales,Pirellulaceae,Mariniblastus,Mariniblastus fucicola,100,100,100,100,100,78,78
ASV_3413,Bacteria,Pseudomonadota,Gammaproteobacteria,Methylococcales,Methylococcaceae,Sedimenticola,Sedimenticola thiotaurini,100,100,100,52,52,48,32
ASV_3414,Bacteria,Pseudomonadota,Alphaproteobacteria,Rhodobacterales,Roseobacteraceae,Tateyamaria,Tateyamaria omphalii,100,100,100,100,59.711111111111116,37.46111111111111,37.46111111111111
ASV_3415,Bacteria,Pseudomonadota,Gammaproteobacteria,Vibrionales,Vibrionaceae,Vibrio,Vibrio aestivus,100,100,100,100,100,100,81
ASV_3416,Bacteria,Pseudomonadota,Gammaproteobacteria,Oceanospirillales,Oceanospirillaceae,Amphritea,Amphritea japonica,100,100,100,85.33333333333333,85.33333333333333,83.33333333333333,46.833333333333336
ASV_3417,Bacteria,Bacteroidota,Flavobacteriia,Flavobacteriales,Flavobacteriaceae,Flavivirga,Flavivirga aquimarina,100,100,100,100,100,26.533333333333324,26.533333333333324
ASV_3418,Bacteria,Pseudomonadota,Gammaproteobacteria,Oceanospirillales,Halomonadaceae,Halomonas,Halomonas salina,100.00000000000004,100.00000000000004,100.00000000000004,100.00000000000004,100.00000000000004,100.00000000000004,22.70833333333333
ASV_3419,Bacteria,Pseudomonadota,Gammaproteobacteria,Oceanospirillales,Oceanospirillaceae,Bermanella,Bermanella marisrubri,100,100,100,100,100,100,100
ASV_3420,Bacteria,Pseudomonadota,Gammaproteobacteria,Oceanospirillales,Oceanospirillaceae,Litoribacillus,Litoribacillus peritrichatus,100.00000000000001,100.00000000000001,100.00000000000001,100.00000000000001,100.00000000000001,56.16666666666665,56.16666666666665
ASV_3421,Bacteria,Pseudomonadota,Gammaproteobacteria,Cellvibrionales,Halieaceae,Halioglobus,Halioglobus pacificus,100,100,100,100,100,49.58333333333334,49.58333333333334
ASV_3422,Bacteria,Pseudomonadota,Gammaproteobacteria,Oceanospirillales,Oceanospirillaceae,Bacterioplanoides,Bacterioplanoides pacificum,100,100,100,67.06666666666669,62.73333333333335,48.33333333333334,48.33333333333334
ASV_3423,Bacteria,Pseudomonadota,Alphaproteobacteria,Rhodospirillales,Terasakiellaceae,Terasakiella,Terasakiella brassicae,100,100,100,100,100,100,100
ASV_3424,Bacteria,Pseudomonadota,Gammaproteobacteria,Oceanospirillales,Oceanospirillaceae,Oleispira,Oleispira lenta,100,100,100,100,100,100,98.5
ASV_3425,Bacteria,Pseudomonadota,Gammaproteobacteria,Alteromonadales,Alteromonadaceae,Salinimonas,Alteromonas indica,100,100,100,100,100,49.583333333333314,43.74999999999999
ASV_3426,Bacteria,Pseudomonadota,Gammaproteobacteria,Alteromonadales,Alteromonadaceae,Alteromonas,Alteromonas australica,100,100,100,100,100,98.5878787878788,31.815117834110968
ASV_3427,Bacteria,Pseudomonadota,Alphaproteobacteria,Hyphomicrobiales,Cohaesibacteraceae,Cohaesibacter,Cohaesibacter gelatinilyticus,100,100,100,100,100,100,82
ASV_3428,Bacteria,Pseudomonadota,Gammaproteobacteria,Alteromonadales,Alteromonadaceae,Alteromonas,Alteromonas confluentis,99.99999999999993,99.99999999999993,99.99999999999993,99.99999999999993,99.99999999999993,55.75875776397508,30.350219072392967
ASV_3429,Bacteria,Pseudomonadota,Gammaproteobacteria,Alteromonadales,Alteromonadaceae,Salinimonas,Alteromonas indica,100,100,100,100,100,56.08333333333333,33.08333333333333
ASV_3430,Bacteria,Pseudomonadota,Gammaproteobacteria,Oceanospirillales,Pleioneaceae,Aliikangiella,Aliikangiella coralliicola,100,100,100,100,100,100,92
ASV_3431,Bacteria,Pseudomonadota,Gammaproteobacteria,Alteromonadales,Alteromonadaceae,Bowmanella,Bowmanella denitrificans,100,100,100,100,100,54.900000000000006,40.70000000000001
ASV_3432,Bacteria,Bacteroidota,Flavobacteriia,Flavobacteriales,Flavobacteriaceae,Muriicola,Muriicola jejuensis,100.00000000000001,100.00000000000001,100.00000000000001,100.00000000000001,100.00000000000001,47.91666666666666,45.08333333333334
ASV_3433,Bacteria,Pseudomonadota,Betaproteobacteria,Nitrosomonadales,Methylophilaceae,Methylotenera,Methylotenera oryzisoli,100,100,100,100,62,61.83333333333333,61.83333333333333
ASV_3434,NA,NA,NA,NA,NA,NA,NA,NA,NA,NA,NA,NA,NA,NA
ASV_3435,Bacteria,Actinomycetota,Actinomycetes,Pseudonocardiales,Pseudonocardiaceae,Pseudonocardia,Pseudonocardia hispaniensis,100,100,100,100,100,100,96.75
ASV_3436,NA,NA,NA,NA,NA,NA,NA,NA,NA,NA,NA,NA,NA,NA
ASV_3437,Bacteria,Bacteroidota,Bacteroidia,Bacteroidales,Prevotellaceae,Prevotella,Prevotella histicola,100,100,100,100,100,100,84.50000000000001
ASV_3438,Bacteria,Pseudomonadota,Alphaproteobacteria,Hyphomonadales,Hyphomonadaceae,Hyphomonas,Hyphomonas atlantica,100,100,100,100,100,99.5,73.33333333333333
ASV_3439,NA,NA,NA,NA,NA,NA,NA,NA,NA,NA,NA,NA,NA,NA
ASV_3440,Bacteria,Pseudomonadota,Alphaproteobacteria,Rhodobacterales,Roseobacteraceae,Ruegeria,Ruegeria arenilitoris,100.00000000000001,100.00000000000001,100.00000000000001,100.00000000000001,98.25000000000001,98.00000000000001,39.750000000000014
ASV_3441,Bacteria,Pseudomonadota,Alphaproteobacteria,Rhodobacterales,Roseobacteraceae,Phaeobacter,Phaeobacter porticola,100,100,100,100,90.95714285714284,61.09285714285711,48.67619047619045
ASV_3442,Bacteria,Actinomycetota,Rubrobacteria,Gaiellales,Gaiellaceae,Gaiella,Gaiella occulta,100,100,100,100,100,100,100
ASV_3443,Bacteria,Bacteroidota,Flavobacteriia,Flavobacteriales,Flavobacteriaceae,Seonamhaeicola,Seonamhaeicola aphaedonensis,100,100,100,100,100,100,99
ASV_3444,NA,NA,NA,NA,NA,NA,NA,NA,NA,NA,NA,NA,NA,NA
ASV_3445,NA,NA,NA,NA,NA,NA,NA,NA,NA,NA,NA,NA,NA,NA
ASV_3446,Bacteria,Pseudomonadota,Alphaproteobacteria,Rhodobacterales,Roseobacteraceae,Roseovarius,Roseovarius pacificus,100,100,100,100,80.11580086580085,18.257575757575758,17.257575757575758
ASV_3447,Bacteria,Myxococcota,Myxococcia,Myxococcales,NA,Enhygromyxa,Enhygromyxa salina,100,100,63.449999999999996,63.449999999999996,63.449999999999996,63.449999999999996,63.449999999999996
ASV_3448,Bacteria,Pseudomonadota,Gammaproteobacteria,Alteromonadales,Shewanellaceae,Psychrobium,Psychrobium conchae,100.00000000000001,100.00000000000001,100.00000000000001,100.00000000000001,62.714285714285694,58.49999999999999,58.49999999999999
ASV_3449,Bacteria,Pseudomonadota,Alphaproteobacteria,Rhodobacterales,Roseobacteraceae,Phaeobacter,Marinovum algicola,99.99999999999999,99.99999999999999,99.99999999999999,99.99999999999999,95.24603174603175,33.31746031746031,28.400000000000006
ASV_3450,NA,NA,NA,NA,NA,NA,NA,NA,NA,NA,NA,NA,NA,NA
ASV_3451,Bacteria,Bacteroidota,Flavobacteriia,Flavobacteriales,Flavobacteriaceae,Psychroserpens,Psychroserpens mesophilus,100.00000000000001,100.00000000000001,100.00000000000001,100.00000000000001,100.00000000000001,77.83333333333333,77.83333333333333
ASV_3452,Bacteria,Pseudomonadota,Alphaproteobacteria,Rhodobacterales,Roseobacteraceae,Sinisalibacter,Sinisalibacter lacisalsi,100.00000000000001,100.00000000000001,100.00000000000001,100.00000000000001,57.1595238095238,28.56904761904761,28.56904761904761
ASV_3453,Bacteria,Pseudomonadota,Betaproteobacteria,Burkholderiales,Sphaerotilaceae,Roseateles,Pelomonas aquatica,99.99999999999991,99.99999999999991,99.99999999999991,99.99999999999991,99.99999999999991,99.99999999999991,64.3472222222222
ASV_3454,Bacteria,Pseudomonadota,Alphaproteobacteria,Sphingomonadales,Sphingomonadaceae,Parasphingorhabdus,Parasphingorhabdus flavimaris,100,100,100,100,100,98,53.16666666666666
ASV_3455,NA,NA,NA,NA,NA,NA,NA,NA,NA,NA,NA,NA,NA,NA
ASV_3456,Bacteria,Bacteroidota,Saprospiria,Saprospirales,Lewinellaceae,Lewinella,Lewinella cohaerens,100,100,100,100,54.66666666666665,54.66666666666665,54.66666666666665
ASV_3457,Bacteria,Pseudomonadota,Gammaproteobacteria,Alteromonadales,Colwelliaceae,Thalassotalea,Thalassotalea coralli,100.00000000000004,100.00000000000004,100.00000000000004,99.00000000000001,78.25000000000003,77.75000000000003,29.83333333333333
ASV_3458,Bacteria,Pseudomonadota,Gammaproteobacteria,Oceanospirillales,Cellvibrionaceae,Eionea,Eionea nigra,100,100,100,52.63333333333336,42.86666666666665,42.86666666666665,42.86666666666665
ASV_3459,Bacteria,Pseudomonadota,Alphaproteobacteria,Sneathiellales,Sneathiellaceae,Sneathiella,Sneathiella glossodoripedis,100,100,100,100,100,100,93.33333333333333
ASV_3460,NA,NA,NA,NA,NA,NA,NA,NA,NA,NA,NA,NA,NA,NA
ASV_3461,NA,NA,NA,NA,NA,NA,NA,NA,NA,NA,NA,NA,NA,NA
ASV_3462,Bacteria,Bacteroidota,Flavobacteriia,Flavobacteriales,Flavobacteriaceae,Mangrovimonas,Mangrovimonas spongiae,100,100,100,100,100,55.58333333333334,34.66666666666666
ASV_3463,Bacteria,Bacteroidota,Flavobacteriia,Flavobacteriales,Flavobacteriaceae,Mangrovimonas,Mangrovimonas yunxiaonensis,100.00000000000001,100.00000000000001,100.00000000000001,100.00000000000001,100.00000000000001,65.9166666666667,65.9166666666667
ASV_3464,NA,NA,NA,NA,NA,NA,NA,NA,NA,NA,NA,NA,NA,NA
ASV_3465,Bacteria,Pseudomonadota,Alphaproteobacteria,Rhodobacterales,Roseobacteraceae,Rickettsia,Rickettsia sibirica,100,100,100,57.7482142857143,42.76196581196583,42.25178571428573,37.96607142857143
ASV_3466,Bacteria,Bacteroidota,Flavobacteriia,Flavobacteriales,Flavobacteriaceae,Seonamhaeicola,Seonamhaeicola maritimus,100,100,100,100,100,69,68.5
ASV_3467,Bacteria,Bacteroidota,Saprospiria,Saprospirales,Haliscomenobacteraceae,Phaeodactylibacter,Phaeodactylibacter luteus,99.99999999999999,99.99999999999999,99.99999999999999,99.99999999999999,63.33333333333332,46.5,46.5
ASV_3468,Bacteria,Pseudomonadota,Gammaproteobacteria,Oceanospirillales,Alcanivoracaceae,Alcanivorax,Alcanivorax jadensis,100,100,100,100,100,100,66.33333333333331
ASV_3469,Bacteria,Bacteroidota,Flavobacteriia,Flavobacteriales,Flavobacteriaceae,Allomuricauda,Allomuricauda flava,100,100,100,100,100,99.5,98
ASV_3470,Bacteria,Bacteroidota,Flavobacteriia,Flavobacteriales,Flavobacteriaceae,Dokdonia,Dokdonia lutea,100,100,100,100,100,100,99
ASV_3471,Bacteria,Pseudomonadota,Alphaproteobacteria,Rhodobacterales,Roseobacteraceae,Ruegeria,Ruegeria arenilitoris,100,100,100,100,95.25,95,45.08333333333333
ASV_3472,Bacteria,Pseudomonadota,Gammaproteobacteria,Alteromonadales,Colwelliaceae,Thalassotalea,Thalassomonas viridans,100,100,100,97.11111111111111,88.60000000000001,62.100000000000016,24.000000000000007
ASV_3473,Bacteria,Bacteroidota,Flavobacteriia,Flavobacteriales,Flavobacteriaceae,Seonamhaeicola,Seonamhaeicola maritimus,100,100,100,100,100,95,93.75
ASV_3474,NA,NA,NA,NA,NA,NA,NA,NA,NA,NA,NA,NA,NA,NA
ASV_3475,NA,NA,NA,NA,NA,NA,NA,NA,NA,NA,NA,NA,NA,NA
ASV_3476,Bacteria,Pseudomonadota,Alphaproteobacteria,Rhodobacterales,Paracoccaceae,Maritimibacter,Maritimibacter harenae,100.00000000000001,100.00000000000001,100.00000000000001,100.00000000000001,54.3611111111111,22.444444444444446,21.944444444444443
ASV_3477,Bacteria,Pseudomonadota,Alphaproteobacteria,Rhodobacterales,Roseobacteraceae,Pelagimonas,Pelagimonas phthalicica,100,100,100,100,95.14761904761907,73.25952380952384,73.25952380952384
ASV_3478,Bacteria,Bacteroidota,Flavobacteriia,Flavobacteriales,Vicingaceae,Vicingus,Vicingus serpentipes,100,100,100,100,75.66666666666666,75.66666666666666,75.66666666666666
ASV_3479,Bacteria,Pseudomonadota,Alphaproteobacteria,Rhodobacterales,Roseobacteraceae,Thalassovita,Thalassovita mediterranea,100.00000000000004,100.00000000000004,100.00000000000004,100.00000000000004,64.13333333333335,51.20000000000003,50.616666666666674
ASV_3480,Bacteria,Pseudomonadota,Alphaproteobacteria,Rhodobacterales,Roseobacteraceae,Shimia,Shimia marina,100,100,100,100,67.02499999999999,50.65833333333333,48.825
ASV_3481,Bacteria,Pseudomonadota,Gammaproteobacteria,Alteromonadales,Colwelliaceae,Thalassotalea,Thalassotalea insulae,100,100,100,96.25,96.25,73.75,34.583333333333336
ASV_3482,NA,NA,NA,NA,NA,NA,NA,NA,NA,NA,NA,NA,NA,NA
ASV_3483,Bacteria,Bacteroidota,Flavobacteriia,Flavobacteriales,Flavobacteriaceae,Allomuricauda,Allomuricauda onchidii,100,100,100,100,100,98,81
ASV_3484,Bacteria,Bacteroidota,Flavobacteriia,Flavobacteriales,Flavobacteriaceae,Patiriisocius,Patiriisocius marinus,100,100,100,100,100,32,30.166666666666668
ASV_3485,Bacteria,Bacteroidota,Saprospiria,Saprospirales,Saprospiraceae,Aureispira,Aureispira maritima,100,100,100,100,100,100,100
ASV_3486,NA,NA,NA,NA,NA,NA,NA,NA,NA,NA,NA,NA,NA,NA
ASV_3487,Bacteria,Bacteroidota,Flavobacteriia,Flavobacteriales,Flavobacteriaceae,Seonamhaeicola,Seonamhaeicola maritimus,100,100,100,100,100,78.33333333333331,77.33333333333331
ASV_3488,Bacteria,Pseudomonadota,Gammaproteobacteria,Alteromonadales,Colwelliaceae,Thalassotalea,Thalassotalea coralli,100.00000000000001,100.00000000000001,100.00000000000001,100.00000000000001,69.16666666666669,56.16666666666667,18.16666666666667
ASV_3489,Bacteria,Bacteroidota,Flavobacteriia,Flavobacteriales,Flavobacteriaceae,Allomuricauda,Allomuricauda onchidii,100,100,100,100,100,100,94.5
ASV_3490,NA,NA,NA,NA,NA,NA,NA,NA,NA,NA,NA,NA,NA,NA
ASV_3491,Bacteria,Planctomycetota,Planctomycetia,Planctomycetales,Planctomycetaceae,Fuerstiella,Fuerstiella marisgermanici,100,100,100,100,100,100,100
ASV_3492,Bacteria,Pseudomonadota,Gammaproteobacteria,Vibrionales,Vibrionaceae,Photobacterium,Photobacterium swingsii,100.00000000000001,100.00000000000001,100.00000000000001,100.00000000000001,100.00000000000001,51.7,51.7
ASV_3493,Bacteria,Pseudomonadota,Alphaproteobacteria,Rhodospirillales,Rhodospirillaceae,Denitrobaculum,Denitrobaculum tricleocarpae,100,100,100,100,100,100,100
ASV_3494,Bacteria,Bacteroidota,Cytophagia,Cytophagales,Reichenbachiellaceae,Ekhidna,Ekhidna lutea,100,100,100,100,100,100,100
ASV_3495,NA,NA,NA,NA,NA,NA,NA,NA,NA,NA,NA,NA,NA,NA
ASV_3496,Bacteria,Bacteroidota,Flavobacteriia,Flavobacteriales,Flavobacteriaceae,Dokdonia,Dokdonia ponticola,100,100,100,100,100,52.833333333333336,46.333333333333336
ASV_3497,Bacteria,Bacteroidota,Flavobacteriia,Flavobacteriales,Flavobacteriaceae,Dokdonia,Dokdonia lutea,100,100,100,100,100,99,99
ASV_3498,Bacteria,Bacteroidota,Flavobacteriia,Flavobacteriales,Flavobacteriaceae,Flavobacterium,Flavobacterium orientale,100,100,100,100,100,74.08333333333334,24.166666666666682
ASV_3499,Bacteria,Bacteroidota,Flavobacteriia,Flavobacteriales,Flavobacteriaceae,Flavobacterium,Flavobacterium sediminis,100,100,100,100,100,70.33333333333333,39
ASV_3500,Bacteria,Pseudomonadota,Alphaproteobacteria,Rickettsiales,Rickettsiaceae,Rickettsia,Rickettsia tillamookensis,100,100,100,100,100,100,43.880853130009164
ASV_3501,Bacteria,Bacillota,Bacilli,Lactobacillales,Lactobacillaceae,Lactobacillus,Lactobacillus delbrueckii,100,100,100,100,100,100,99.15784313725487
ASV_3502,Bacteria,Bacteroidota,Bacteroidia,Marinilabiliales,Prolixibacteraceae,Puteibacter,Puteibacter caeruleilacunae,100,100,100,100,100,100,100
ASV_3503,Bacteria,Pseudomonadota,Gammaproteobacteria,Vibrionales,Vibrionaceae,Vibrio,Vibrio coralliilyticus,100,100,100,100,100,94.16666666666667,50.533333333333346
ASV_3504,Bacteria,Kiritimatiellota,Tichowtungiia,Tichowtungiales,Tichowtungiaceae,Tichowtungia,Tichowtungia aerotolerans,100,100,100,100,100,100,100
ASV_3505,Bacteria,Verrucomicrobiota,Verrucomicrobiae,Verrucomicrobiales,Verrucomicrobiaceae,Roseibacillus,Roseibacillus persicicus,100,100,100,100,100,100,49.5
ASV_3506,Bacteria,Balneolota,Balneolia,Balneolales,Balneolaceae,Balneola,Balneola alkaliphila,100.00000000000003,100.00000000000003,100.00000000000003,100.00000000000003,100.00000000000003,73.33333333333333,68.58333333333333
ASV_3507,Bacteria,Bacteroidota,Saprospiria,Saprospirales,Lewinellaceae,Neolewinella,Neolewinella antarctica,100,100,100,100,100,100,38.9
ASV_3508,Bacteria,Pseudomonadota,Gammaproteobacteria,Alteromonadales,Colwelliaceae,Thalassotalea,Thalassotalea montiporae,100,100,100,100,100,96.83333333333333,37.5
ASV_3509,Bacteria,Bacteroidota,Cytophagia,Cytophagales,Reichenbachiellaceae,Ekhidna,Ekhidna lutea,100,100,100,100,100,100,100
ASV_3510,Bacteria,Pseudomonadota,Alphaproteobacteria,Rhodobacterales,Roseobacteraceae,Thalassovita,Thalassovita mediterranea,100.00000000000001,100.00000000000001,100.00000000000001,100.00000000000001,85.75000000000001,70.41666666666669,68.08333333333333
ASV_3511,Bacteria,Bacteroidota,Cytophagia,Cytophagales,Fulvivirgaceae,Fulvivirga,Fulvivirga lutimaris,100.00000000000001,100.00000000000001,100.00000000000001,100.00000000000001,100.00000000000001,100.00000000000001,46.43333333333335
ASV_3512,Bacteria,Bacteroidota,Flavobacteriia,Flavobacteriales,Flavobacteriaceae,Constantimarinum,Constantimarinum furrinae,100.00000000000003,100.00000000000003,100.00000000000003,100.00000000000003,100.00000000000003,26.200000000000003,26.200000000000003
ASV_3513,Bacteria,Pseudomonadota,Gammaproteobacteria,Thiohalobacterales,Thiohalobacteraceae,Thiohalobacter,Thiohalobacter thiocyanaticus,100,100,100,100,100,100,100
ASV_3514,Bacteria,Bacteroidota,Saprospiria,Saprospirales,Lewinellaceae,Lewinella,Lewinella cohaerens,100,100,100,100,95.33333333333331,78.33333333333331,78.33333333333331
ASV_3515,Bacteria,Bacteroidota,Cytophagia,Cytophagales,Fulvivirgaceae,Fulvivirga,Fulvivirga kasyanovii,100,100,100,100,100,100,39.483333333333334
ASV_3516,Bacteria,Pseudomonadota,Alphaproteobacteria,Sphingomonadales,Erythrobacteraceae,Altererythrobacter,Altererythrobacter insulae,100,100,100,100,99.84307692307691,88.86692307692307,88.86692307692307
ASV_3517,Bacteria,Pseudomonadota,Gammaproteobacteria,Alteromonadales,Alteromonadaceae,Aestuariibacter,Aestuariibacter salexigens,100,100,100,100,100,42.61666666666664,29.583333333333318
ASV_3518,NA,NA,NA,NA,NA,NA,NA,NA,NA,NA,NA,NA,NA,NA
ASV_3519,Bacteria,Pseudomonadota,Alphaproteobacteria,Rhodobacterales,Roseobacteraceae,Leisingera,Leisingera caerulea,100,100,100,100,93.33333333333331,88.16666666666667,88.16666666666667
ASV_3520,Bacteria,Pseudomonadota,Alphaproteobacteria,Rhodobacterales,Roseobacteraceae,Shimia,Shimia aquaeponti,100,100,100,100,72.9166666666667,62.83333333333335,62.83333333333335
ASV_3521,NA,NA,NA,NA,NA,NA,NA,NA,NA,NA,NA,NA,NA,NA
ASV_3522,Bacteria,Pseudomonadota,Gammaproteobacteria,Alteromonadales,Colwelliaceae,Thalassotalea,Thalassotalea marina,100,100,100,100,100,100,82
ASV_3523,Bacteria,Pseudomonadota,Gammaproteobacteria,Alteromonadales,Colwelliaceae,Thalassotalea,Thalassotalea coralli,100.00000000000001,100.00000000000001,100.00000000000001,100.00000000000001,88.83333333333333,75.25000000000001,24.58333333333332
ASV_3524,Bacteria,Campylobacterota,Epsilonproteobacteria,Campylobacterales,Sulfurovaceae,Sulfurovum,Sulfurovum denitrificans,100,100,100,100,100,100,43.33333333333334
ASV_3525,Bacteria,Pseudomonadota,Gammaproteobacteria,Oceanospirillales,Alcanivoracaceae,Alcanivorax,Alcanivorax jadensis,100,100,100,100,100,100,92.08333333333333
ASV_3526,Bacteria,Pseudomonadota,Gammaproteobacteria,Vibrionales,Vibrionaceae,Vibrio,Vibrio hangzhouensis,100,100,100,100,100,100,76.90238095238094
ASV_3527,Bacteria,Pseudomonadota,Gammaproteobacteria,Vibrionales,Vibrionaceae,Vibrio,Vibrio aquimaris,100,100,100,100,100,100,48.50952380952381
ASV_3528,Bacteria,Campylobacterota,Epsilonproteobacteria,Campylobacterales,Sulfurovaceae,Sulfurovum,Sulfurovum denitrificans,100,100,100,100,100,100,71.91666666666667
ASV_3529,Bacteria,Campylobacterota,Epsilonproteobacteria,Campylobacterales,Sulfurovaceae,Sulfurovum,Sulfurovum riftiae,100.00000000000001,100.00000000000001,100.00000000000001,100.00000000000001,98.00000000000001,98.00000000000001,64.83333333333333
ASV_3530,Bacteria,Pseudomonadota,Gammaproteobacteria,Vibrionales,Vibrionaceae,Vibrio,Vibrio alginolyticus,100.00000000000011,100.00000000000011,100.00000000000011,100.00000000000011,100.00000000000011,100.00000000000011,70.56709956709962
ASV_3531,Bacteria,Pseudomonadota,Alphaproteobacteria,Rhodobacterales,Roseobacteraceae,Antarctobacter,Antarctobacter heliothermus,100,100,100,100,58.41666666666665,55.66666666666666,50.833333333333336
ASV_3532,Bacteria,Pseudomonadota,Gammaproteobacteria,Alteromonadales,Pseudoalteromonadaceae,Pseudoalteromonas,Pseudoalteromonas gelatinilytica,100,100,100,100,100,100,30.099999999999994
ASV_3533,Bacteria,Nitrospinota,Nitrospinia,Nitrospinales,Nitrospinaceae,Nitrospina,Nitrospina gracilis,100,100,100,100,100,100,73.5
ASV_3534,Bacteria,Pseudomonadota,Gammaproteobacteria,Vibrionales,Vibrionaceae,Vibrio,Vibrio neptunius,100,100,100,100,100,100,80.0857142857143
ASV_3535,Bacteria,Pseudomonadota,Gammaproteobacteria,Vibrionales,Vibrionaceae,Vibrio,Vibrio diabolicus,100,100,100,100,100,100,63.133333333333326
ASV_3536,Bacteria,Pseudomonadota,Gammaproteobacteria,Vibrionales,Vibrionaceae,Vibrio,Vibrio mytili,100,100,100,100,100,100,96.69999999999999
ASV_3537,Bacteria,Pseudomonadota,Gammaproteobacteria,Alteromonadales,Alteromonadaceae,Alteromonas,Alteromonas confluentis,99.99999999999999,99.99999999999999,99.99999999999999,99.99999999999999,99.99999999999999,82.3333333333333,61.36666666666664
ASV_3538,Bacteria,Pseudomonadota,Gammaproteobacteria,Vibrionales,Vibrionaceae,Vibrio,Vibrio coralliilyticus,100,100,100,100,100,100,59.03333333333333
ASV_3539,Bacteria,Pseudomonadota,Gammaproteobacteria,Oceanospirillales,Oceanospirillaceae,Thalassolituus,Thalassolituus alkanivorans,100,100,100,100,100,97,94
ASV_3540,Bacteria,Pseudomonadota,Gammaproteobacteria,Alteromonadales,Alteromonadaceae,Alteromonas,Alteromonas pelagimontana,100,100,100,100,100,83.91666666666667,21.545454545454543
ASV_3541,Bacteria,Bacteroidota,Flavobacteriia,Flavobacteriales,Flavobacteriaceae,Tenacibaculum,Polaribacter marinivivus,100,100,100,100,100,61.96666666666666,13.666666666666671
ASV_3542,Bacteria,Pseudomonadota,Gammaproteobacteria,Oceanospirillales,Oceanospirillaceae,Oleispira,Oleispira antarctica,100.00000000000001,100.00000000000001,100.00000000000001,100.00000000000001,100.00000000000001,94.66666666666669,61.83333333333334
ASV_3543,NA,NA,NA,NA,NA,NA,NA,NA,NA,NA,NA,NA,NA,NA
ASV_3544,Bacteria,Pseudomonadota,Gammaproteobacteria,Thiotrichales,Thiotrichaceae,Thiothrix,Thalassolituus oleivorans,100,100,100,47.63333333333335,47.63333333333335,47.63333333333335,27.16666666666667
ASV_3545,Bacteria,Campylobacterota,Epsilonproteobacteria,Campylobacterales,Arcobacteraceae,Halarcobacter,Halarcobacter bivalviorum,100,100,100,100,100,79.33333333333333,79.33333333333333
ASV_3546,Bacteria,Pseudomonadota,Gammaproteobacteria,Vibrionales,Vibrionaceae,Vibrio,Vibrio fluvialis,100,100,100,100,100,99.6,40.82142857142857
ASV_3547,Bacteria,Pseudomonadota,Gammaproteobacteria,Alteromonadales,Pseudoalteromonadaceae,Pseudoalteromonas,Pseudoalteromonas piratica,100,100,100,100,99.96774193548386,97.96774193548386,31.692123999189217
ASV_3548,NA,NA,NA,NA,NA,NA,NA,NA,NA,NA,NA,NA,NA,NA
ASV_3549,Bacteria,Campylobacterota,Epsilonproteobacteria,Campylobacterales,Arcobacteraceae,Poseidonibacter,Poseidonibacter lekithochrous,100,100,100,100,100,56.69999999999999,56.69999999999999
ASV_3550,Bacteria,Pseudomonadota,Gammaproteobacteria,Alteromonadales,Alteromonadaceae,Alteromonas,Alteromonas pelagimontana,100,100,100,100,100,63.84761904761904,46.66666666666665
ASV_3551,Bacteria,Pseudomonadota,Gammaproteobacteria,Vibrionales,Vibrionaceae,Vibrio,Vibrio neptunius,100.00000000000001,100.00000000000001,100.00000000000001,100.00000000000001,100.00000000000001,100.00000000000001,53.333333333333336
ASV_3552,NA,NA,NA,NA,NA,NA,NA,NA,NA,NA,NA,NA,NA,NA
ASV_3553,Bacteria,Pseudomonadota,Gammaproteobacteria,Alteromonadales,Alteromonadaceae,Salinimonas,Salinimonas lutimaris,100,100,100,100,100,56.5,56.5
ASV_3554,Bacteria,Pseudomonadota,Alphaproteobacteria,Rhodospirillales,Caedimonadaceae,Caedimonas,Caedimonas varicaedens,100,100,100,58.333333333333336,41.66666666666666,41.66666666666666,41.66666666666666
ASV_3555,Bacteria,Pseudomonadota,Alphaproteobacteria,Kordiimonadales,Kordiimonadaceae,Kordiimonas,Kordiimonas lacus,100,100,100,100,100,100,74.5
ASV_3556,Bacteria,Pseudomonadota,Gammaproteobacteria,Oceanospirillales,Pleioneaceae,Aliikangiella,Aliikangiella marina,100,100,100,100,100,100,87
ASV_3557,Bacteria,Pseudomonadota,Gammaproteobacteria,Cellvibrionales,Cellvibrionaceae,Pseudoteredinibacter,Pseudoteredinibacter isoporae,100,100,100,100,100,97.5,97.5
ASV_3558,Bacteria,Pseudomonadota,Betaproteobacteria,Nitrosomonadales,Methylophilaceae,Methylotenera,Methylotenera oryzisoli,100,100,100,100,98.5,98.5,81.83333333333333
ASV_3559,NA,NA,NA,NA,NA,NA,NA,NA,NA,NA,NA,NA,NA,NA
ASV_3560,Bacteria,Pseudomonadota,Alphaproteobacteria,Hyphomicrobiales,Stappiaceae,Roseibium,Roseibium aestuarii,100,100,100,100,100,80.05,29.016666666666666
ASV_3561,Bacteria,Pseudomonadota,Alphaproteobacteria,Rhodobacterales,Roseobacteraceae,Ruegeria,Ruegeria denitrificans,100,100,100,100,98.75,98.75,89.33333333333333
ASV_3562,NA,NA,NA,NA,NA,NA,NA,NA,NA,NA,NA,NA,NA,NA
ASV_3563,Bacteria,Pseudomonadota,Gammaproteobacteria,Thiotrichales,Francisellaceae,Francisella,Francisella philomiragia,100,100,100,100,100,100,65.69999999999999
ASV_3564,Bacteria,Pseudomonadota,Alphaproteobacteria,Rhodobacterales,Roseobacteraceae,Maritimibacter,Maritimibacter harenae,100,100,100,100,71.54166666666667,53.591666666666654,52.99166666666664
ASV_3565,Bacteria,Pseudomonadota,Gammaproteobacteria,Pseudomonadales,Pseudomonadaceae,Pseudomonas,Pseudomonas alcaliphila,100.00000000000001,100.00000000000001,100.00000000000001,100.00000000000001,100.00000000000001,100.00000000000001,32.452380952380956
ASV_3566,NA,NA,NA,NA,NA,NA,NA,NA,NA,NA,NA,NA,NA,NA
ASV_3567,NA,NA,NA,NA,NA,NA,NA,NA,NA,NA,NA,NA,NA,NA
ASV_3568,Bacteria,Pseudomonadota,Gammaproteobacteria,Oceanospirillales,Alcanivoracaceae,Alcanivorax,Alcanivorax nanhaiticus,100,100,100,83.5,83.5,53.08333333333333,32.83333333333333
ASV_3569,Bacteria,Pseudomonadota,Alphaproteobacteria,Maricaulales,Robiginitomaculaceae,Fretibacter,Fretibacter rubidus,100,100,100,100,100,75.75,75.75
ASV_3570,Bacteria,Pseudomonadota,Gammaproteobacteria,Pseudomonadales,Marinobacteraceae,Marinobacter,Marinobacter gudaonensis,100.00000000000001,100.00000000000001,100.00000000000001,100.00000000000001,100.00000000000001,100.00000000000001,54.36666666666664
ASV_3571,Bacteria,Bacteroidota,Flavobacteriia,Flavobacteriales,Flavobacteriaceae,Tenacibaculum,Tenacibaculum skagerrakense,100.00000000000003,100.00000000000003,100.00000000000003,100.00000000000003,100.00000000000003,79.83333333333333,31.916666666666664
ASV_3572,Bacteria,Pseudomonadota,Gammaproteobacteria,Cellvibrionales,Microbulbiferaceae,Microbulbifer,Spartinivicinus ruber,100,100,100,48.91666666666666,26.416666666666668,26.416666666666668,23.500000000000004
ASV_3573,Bacteria,Pseudomonadota,Gammaproteobacteria,Oceanospirillales,Oceanospirillaceae,Oceanobacter,Oceanobacter mangrovi,100.00000000000003,100.00000000000003,100.00000000000003,100.00000000000003,100.00000000000003,98.66666666666669,58.33333333333335
ASV_3574,NA,NA,NA,NA,NA,NA,NA,NA,NA,NA,NA,NA,NA,NA
ASV_3575,Bacteria,Bacteroidota,Flavobacteriia,Flavobacteriales,Flavobacteriaceae,Seonamhaeicola,Seonamhaeicola maritimus,100,100,100,100,100,52.33333333333333,52.33333333333333
ASV_3576,NA,NA,NA,NA,NA,NA,NA,NA,NA,NA,NA,NA,NA,NA
ASV_3577,Bacteria,Pseudomonadota,Alphaproteobacteria,Parvularculales,Parvularculaceae,Aquisalinus,Aquisalinus luteolus,100,100,100,100,100,93.5,85
ASV_3578,Bacteria,Pseudomonadota,Alphaproteobacteria,Hyphomonadales,Hyphomonadaceae,Hyphomonas,Hyphomonas atlantica,100,100,100,100,100,100,77.90000000000002
ASV_3579,NA,NA,NA,NA,NA,NA,NA,NA,NA,NA,NA,NA,NA,NA
ASV_3580,NA,NA,NA,NA,NA,NA,NA,NA,NA,NA,NA,NA,NA,NA
ASV_3581,Bacteria,Bacteroidota,Flavobacteriia,Flavobacteriales,Flavobacteriaceae,Dokdonia,Dokdonia lutea,100,100,100,100,100,86.50000000000001,75.50000000000001
ASV_3582,Bacteria,Pseudomonadota,Alphaproteobacteria,Rhodobacterales,Paracoccaceae,Pararhodobacter,Pararhodobacter oceanensis,99.99999999999999,99.99999999999999,99.99999999999999,99.99999999999999,65.18333333333335,17.30000000000001,17.30000000000001
ASV_3583,Bacteria,Bacteroidota,Flavobacteriia,Flavobacteriales,Flavobacteriaceae,Seonamhaeicola,Seonamhaeicola aphaedonensis,100,100,100,100,100,100,99.5
ASV_3584,Bacteria,Bacteroidota,Flavobacteriia,Flavobacteriales,Flavobacteriaceae,Seonamhaeicola,Seonamhaeicola maritimus,100,100,100,100,100,100,51.5
ASV_3585,NA,NA,NA,NA,NA,NA,NA,NA,NA,NA,NA,NA,NA,NA
ASV_3586,Bacteria,Pseudomonadota,Gammaproteobacteria,Oceanospirillales,Oceanospirillaceae,Neptunomonas,Neptunomonas antarctica,100.00000000000001,100.00000000000001,100.00000000000001,100.00000000000001,100.00000000000001,100.00000000000001,76.33333333333333
ASV_3587,NA,NA,NA,NA,NA,NA,NA,NA,NA,NA,NA,NA,NA,NA
ASV_3588,Bacteria,Bacteroidota,Flavobacteriia,Flavobacteriales,Flavobacteriaceae,Seonamhaeicola,Seonamhaeicola aphaedonensis,100,100,100,100,100,97.08333333333333,62.83333333333334
ASV_3589,Bacteria,Pseudomonadota,Alphaproteobacteria,Rhodobacterales,Roseobacteraceae,Sinisalibacter,Sinisalibacter lacisalsi,100,100,100,100,85.43333333333331,35.11666666666664,35.11666666666664
ASV_3590,Bacteria,Bacteroidota,Flavobacteriia,Flavobacteriales,Flavobacteriaceae,Seonamhaeicola,Seonamhaeicola algicola,100,100,100,100,100,100,54.50000000000001
ASV_3591,Bacteria,Bacteroidota,Flavobacteriia,Flavobacteriales,Flavobacteriaceae,Cellulophaga,Cellulophaga tyrosinoxydans,100,100,100,100,100,88.66666666666669,88.66666666666669
ASV_3592,Bacteria,Pseudomonadota,Alphaproteobacteria,Rhodobacterales,Roseobacteraceae,Palleronia,Maritimibacter harenae,100.00000000000001,100.00000000000001,100.00000000000001,100.00000000000001,70.14999999999999,32.166666666666664,26.366666666666667
ASV_3593,Bacteria,Bacteroidota,Flavobacteriia,Flavobacteriales,Flavobacteriaceae,Allomuricauda,Allomuricauda amphidinii,100,100,100,100,100,98.5,60
ASV_3594,Bacteria,Pseudomonadota,Gammaproteobacteria,Alteromonadales,Colwelliaceae,Thalassotalea,Thalassotalea coralli,100.00000000000001,100.00000000000001,100.00000000000001,86.43333333333334,68.66666666666669,67.33333333333334,40.000000000000014
ASV_3595,Bacteria,Bacteroidota,Flavobacteriia,Flavobacteriales,Flavobacteriaceae,Allomuricauda,Allomuricauda amphidinii,100,100,100,100,100,46.333333333333336,30.166666666666668
ASV_3596,Bacteria,Bacteroidota,Flavobacteriia,Flavobacteriales,Flavobacteriaceae,Allomuricauda,Allomuricauda nanhaiensis,100,100,100,100,100,100,99
ASV_3597,Bacteria,Pseudomonadota,Gammaproteobacteria,Alteromonadales,Colwelliaceae,Thalassotalea,Thalassotalea coralli,100,100,100,85.99999999999999,81.16666666666666,79.33333333333331,34.58333333333333
ASV_3598,Bacteria,Pseudomonadota,Gammaproteobacteria,Oceanospirillales,Oceanospirillaceae,Neptuniibacter,Neptuniibacter marinus,100,100,100,100,100,96.5,70
ASV_3599,Bacteria,Bacteroidota,Flavobacteriia,Flavobacteriales,Flavobacteriaceae,Allomuricauda,Allomuricauda ochracea,100.00000000000001,100.00000000000001,100.00000000000001,100.00000000000001,100.00000000000001,100.00000000000001,60.50000000000002
ASV_3600,Bacteria,Bacteroidota,Flavobacteriia,Flavobacteriales,Flavobacteriaceae,Dokdonia,Dokdonia lutea,100,100,100,100,100,100,88
ASV_3601,Bacteria,Pseudomonadota,Gammaproteobacteria,Alteromonadales,Colwelliaceae,Thalassotalea,Thalassotalea insulae,100,100,100,65.33333333333331,65.33333333333331,65.33333333333331,36.16666666666665
ASV_3602,Bacteria,Pseudomonadota,Gammaproteobacteria,Alteromonadales,Colwelliaceae,Thalassotalea,Thalassotalea loyana,100,100,100,80,80,80,62.5
ASV_3603,Bacteria,Pseudomonadota,Gammaproteobacteria,Thiotrichales,Francisellaceae,Francisella,Francisella philomiragia,100,100,100,72.87499999999999,72.87499999999999,41.43333333333333,23.775
ASV_3604,Bacteria,Bacteroidota,Flavobacteriia,Flavobacteriales,Flavobacteriaceae,Croceivirga,Croceivirga litoralis,100,100,100,100,100,63.16666666666666,56.833333333333336
ASV_3605,Bacteria,Pseudomonadota,Alphaproteobacteria,Rhodobacterales,Roseobacteraceae,Cribrihabitans,Cribrihabitans pelagius,100,100,100,100,54.38809523809525,45.078571428571436,34.66904761904761
ASV_3606,NA,NA,NA,NA,NA,NA,NA,NA,NA,NA,NA,NA,NA,NA
ASV_3607,Bacteria,Verrucomicrobiota,Opitutae,Puniceicoccales,Coraliomargaritaceae,Coraliomargarita,Coraliomargarita akajimensis,100,100,99.5,99.5,99.5,99.5,50.66666666666664
ASV_3608,NA,NA,NA,NA,NA,NA,NA,NA,NA,NA,NA,NA,NA,NA
ASV_3609,Bacteria,Pseudomonadota,Gammaproteobacteria,Alteromonadales,Colwelliaceae,Thalassotalea,Thalassotalea coralli,100,100,100,100,100,100,90.5
ASV_3610,Bacteria,Bacteroidota,Flavobacteriia,Flavobacteriales,Flavobacteriaceae,Allomuricauda,Allomuricauda ochracea,100,100,100,100,100,86.83333333333331,67.33333333333331
ASV_3611,Bacteria,Pseudomonadota,Gammaproteobacteria,Alteromonadales,Colwelliaceae,Thalassotalea,Thalassotalea loyana,100,100,100,100,100,97.33333333333331,25.500000000000007
ASV_3612,NA,NA,NA,NA,NA,NA,NA,NA,NA,NA,NA,NA,NA,NA
ASV_3613,Bacteria,Pseudomonadota,Alphaproteobacteria,Rhodobacterales,Paracoccaceae,Aliiroseovarius,Planktotalea frisia,100.00000000000001,100.00000000000001,100.00000000000001,100.00000000000001,62.23333333333333,25.897222222222208,19.099999999999987
ASV_3614,NA,NA,NA,NA,NA,NA,NA,NA,NA,NA,NA,NA,NA,NA
ASV_3615,Bacteria,Pseudomonadota,Gammaproteobacteria,Vibrionales,Vibrionaceae,Vibrio,Vibrio ichthyoenteri,100.00000000000001,100.00000000000001,100.00000000000001,100.00000000000001,100.00000000000001,85.64047619047616,22.369841269841263
ASV_3616,Bacteria,Bacteroidota,Flavobacteriia,Flavobacteriales,Flavobacteriaceae,Dokdonia,Dokdonia lutea,100,100,100,100,100,100,100
ASV_3617,Bacteria,Pseudomonadota,Gammaproteobacteria,Cellvibrionales,Cellvibrionaceae,Agarilytica,Agarilytica rhodophyticola,100,100,97,94,94,65.00000000000001,65.00000000000001
ASV_3618,NA,NA,NA,NA,NA,NA,NA,NA,NA,NA,NA,NA,NA,NA
ASV_3619,Bacteria,Bacteroidota,Saprospiria,Saprospirales,Saprospiraceae,Aureispira,Aureispira maritima,100,100,100,100,100,100,100
ASV_3620,Bacteria,Bacteroidota,Saprospiria,Saprospirales,Lewinellaceae,Flavilitoribacter,Flavilitoribacter nigricans,100,100,100,100,86,60,60
ASV_3621,Bacteria,Verrucomicrobiota,Opitutae,Puniceicoccales,Coraliomargaritaceae,Coraliomargarita,Coraliomargarita akajimensis,100,100,93.16666666666667,93.16666666666667,93.16666666666667,93.16666666666667,83.66666666666667
ASV_3622,Bacteria,Pseudomonadota,Gammaproteobacteria,Alteromonadales,Alteromonadaceae,Salinimonas,Salinimonas chungwhensis,100,100,100,100,100,81.83333333333331,35.16666666666666
ASV_3623,Bacteria,Pseudomonadota,Gammaproteobacteria,Alteromonadales,Colwelliaceae,Thalassotalea,Thalassotalea coralli,100,100,100,96.25,95.25,92.08333333333331,40.91666666666666
ASV_3624,NA,NA,NA,NA,NA,NA,NA,NA,NA,NA,NA,NA,NA,NA
ASV_3625,Bacteria,Bacteroidota,Flavobacteriia,Flavobacteriales,Flavobacteriaceae,Dokdonia,Dokdonia ponticola,100,100,100,100,100,50.16666666666664,39.33333333333333
ASV_3626,Bacteria,Pseudomonadota,Gammaproteobacteria,Vibrionales,Vibrionaceae,Vibrio,Vibrio coralliilyticus,100,100,100,100,100,100,54.36666666666664
ASV_3627,Bacteria,Pseudomonadota,Gammaproteobacteria,Alteromonadales,Pseudoalteromonadaceae,Pseudoalteromonas,Pseudoalteromonas luteoviolacea,100.00000000000001,100.00000000000001,100.00000000000001,100.00000000000001,100.00000000000001,100.00000000000001,88.17453227931496
ASV_3628,Bacteria,Bacteroidota,Flavobacteriia,Flavobacteriales,Flavobacteriaceae,Constantimarinum,Constantimarinum furrinae,100,100,100,100,100,88.83333333333331,88.83333333333331
ASV_3629,NA,NA,NA,NA,NA,NA,NA,NA,NA,NA,NA,NA,NA,NA
ASV_3630,Bacteria,Bacteroidota,Flavobacteriia,Flavobacteriales,Flavobacteriaceae,Allomuricauda,Allomuricauda amphidinii,100,100,100,100,100,99,52.16666666666666
ASV_3631,Bacteria,Bacteroidota,Flavobacteriia,Flavobacteriales,Flavobacteriaceae,Tenacibaculum,Tenacibaculum aiptasiae,100,100,100,100,100,70.04880952380951,31.851190476190485
ASV_3632,NA,NA,NA,NA,NA,NA,NA,NA,NA,NA,NA,NA,NA,NA
ASV_3633,Bacteria,Pseudomonadota,Alphaproteobacteria,Rhodobacterales,Paracoccaceae,Yoonia,Yoonia litorea,100,100,100,100,83.83333333333333,55.41666666666665,54.66666666666666
ASV_3634,Bacteria,Pseudomonadota,Gammaproteobacteria,Alteromonadales,Pseudoalteromonadaceae,Pseudoalteromonas,Pseudoalteromonas marina,100,100,100,100,100,55.540476190476184,23.58333333333332
ASV_3635,NA,NA,NA,NA,NA,NA,NA,NA,NA,NA,NA,NA,NA,NA
ASV_3636,Bacteria,Pseudomonadota,Alphaproteobacteria,Rhodobacterales,Roseobacteraceae,Thalassovita,Thalassovita aquimarina,100,100,100,100,96.7738095238095,84.80952380952381,83.14285714285712
ASV_3637,Bacteria,Pseudomonadota,Alphaproteobacteria,Rhodobacterales,Paracoccaceae,Thermohalobaculum,Thermohalobaculum xanthum,100,100,100,98.00000000000003,91.83333333333336,46.00000000000002,46.00000000000002
ASV_3638,NA,NA,NA,NA,NA,NA,NA,NA,NA,NA,NA,NA,NA,NA
ASV_3639,Bacteria,Pseudomonadota,Gammaproteobacteria,Oceanospirillales,Oceanospirillaceae,Neptuniibacter,Neptuniibacter halophilus,100,100,100,99.16666666666667,99.16666666666667,94.83333333333333,53.33333333333334
ASV_3640,Bacteria,Pseudomonadota,Alphaproteobacteria,Rhodobacterales,Roseobacteraceae,Leisingera,Leisingera caerulea,100,100,100,100,94.75,67.25000000000001,66.75000000000001
ASV_3641,Bacteria,Pseudomonadota,Gammaproteobacteria,Alteromonadales,Colwelliaceae,Thalassotalea,Thalassotalea coralli,100,100,100,100,100,100,62.5
ASV_3642,Bacteria,Pseudomonadota,Alphaproteobacteria,Rhodospirillales,Thalassobaculaceae,Nisaea,Nisaea sediminum,100,100,100,100,100,100,33.33333333333333
ASV_3643,NA,NA,NA,NA,NA,NA,NA,NA,NA,NA,NA,NA,NA,NA
ASV_3644,Bacteria,Pseudomonadota,Alphaproteobacteria,Rhodobacterales,Paracoccaceae,Psychromarinibacter,Psychromarinibacter halotolerans,100,100,100,100,87.25476190476189,25.116666666666685,25.116666666666685
ASV_3645,NA,NA,NA,NA,NA,NA,NA,NA,NA,NA,NA,NA,NA,NA
ASV_3646,Bacteria,Pseudomonadota,Alphaproteobacteria,Rhodobacterales,Paracoccaceae,Marivivens,Marivivens aquimaris,100,100,100,100,93.7666666666667,85.11666666666666,72.48333333333332
ASV_3647,Bacteria,Planctomycetota,Planctomycetia,Pirellulales,Pirellulaceae,Mariniblastus,Mariniblastus fucicola,100,100,100,100,100,100,100
ASV_3648,Bacteria,Pseudomonadota,Alphaproteobacteria,Rhodobacterales,Paracoccaceae,Defluviimonas,Defluviimonas nitratireducens,100,100,100,87.66666666666666,87.66666666666666,53.41666666666666,53.41666666666666
ASV_3649,Bacteria,Bacteroidota,Saprospiria,Saprospirales,Lewinellaceae,Lewinella,Lewinella cohaerens,100,100,100,100,77.41666666666669,69.41666666666669,69.41666666666669
ASV_3650,Bacteria,Pseudomonadota,Gammaproteobacteria,Cellvibrionales,Cellvibrionaceae,Sessilibacter,Sessilibacter corallicola,100,100,100,100,100,100,100
ASV_3651,Bacteria,Pseudomonadota,Gammaproteobacteria,Pseudomonadales,Pseudohongiellaceae,Pseudohongiella,Pseudohongiella spirulinae,100,100,100,100,100,100,99.5
ASV_3652,Bacteria,Bacteroidota,Flavobacteriia,Flavobacteriales,Flavobacteriaceae,Tenacibaculum,Tenacibaculum caenipelagi,100,100,100,100,100,64.16666666666669,22.233333333333327
ASV_3653,Bacteria,Pseudomonadota,Gammaproteobacteria,Cellvibrionales,Halieaceae,Parahaliea,Parahaliea maris,100,100,100,100,100,69.16666666666666,63.91666666666664
ASV_3654,NA,NA,NA,NA,NA,NA,NA,NA,NA,NA,NA,NA,NA,NA
ASV_3655,Bacteria,Pseudomonadota,Alphaproteobacteria,Rhodobacterales,Roseobacteraceae,Phaeobacter,Phaeobacter italicus,100,100,100,82.16666666666667,76.16666666666669,40.53333333333335,40.53333333333335
ASV_3656,NA,NA,NA,NA,NA,NA,NA,NA,NA,NA,NA,NA,NA,NA
ASV_3657,NA,NA,NA,NA,NA,NA,NA,NA,NA,NA,NA,NA,NA,NA
ASV_3658,NA,NA,NA,NA,NA,NA,NA,NA,NA,NA,NA,NA,NA,NA
ASV_3659,Bacteria,Campylobacterota,Epsilonproteobacteria,Campylobacterales,Sulfurovaceae,Sulfurovum,Sulfurovum lithotrophicum,100.00000000000001,100.00000000000001,100.00000000000001,100.00000000000001,71.50000000000001,71.50000000000001,52.91666666666666
ASV_3660,Bacteria,Pseudomonadota,Alphaproteobacteria,Rickettsiales,Rickettsiaceae,Rickettsia,Rickettsia honei,100.00000000000003,100.00000000000003,100.00000000000003,79.10000000000001,79.10000000000001,64.43333333333335,21.82738095238096
ASV_3661,Bacteria,Bdellovibrionota,Bacteriovoracia,Bacteriovoracales,Halobacteriovoraceae,Halobacteriovorax,Halobacteriovorax marinus,100,100,100,100,100,100,100
ASV_3662,Bacteria,Pseudomonadota,Gammaproteobacteria,Oceanospirillales,Oceanospirillaceae,Thalassolituus,Thalassolituus oleivorans,100,100,100,89,89,53.000000000000014,50.000000000000014
ASV_3663,Bacteria,Pseudomonadota,Gammaproteobacteria,Alteromonadales,Pseudoalteromonadaceae,Pseudoalteromonas,Pseudoalteromonas gelatinilytica,100.00000000000001,100.00000000000001,100.00000000000001,100.00000000000001,100.00000000000001,100.00000000000001,30
ASV_3664,Bacteria,Pseudomonadota,Gammaproteobacteria,Alteromonadales,Alteromonadaceae,Alteromonas,Alteromonas abrolhosensis,100,100,100,100,100,96.7696211683054,38.90716630851237
ASV_3665,Bacteria,Pseudomonadota,Gammaproteobacteria,Alteromonadales,Pseudoalteromonadaceae,Pseudoalteromonas,Pseudoalteromonas ulvae,100.00000000000001,100.00000000000001,100.00000000000001,100.00000000000001,99.89885057471265,99.89885057471265,76.11111111111107
ASV_3666,Bacteria,Pseudomonadota,Gammaproteobacteria,Alteromonadales,Pseudoalteromonadaceae,Pseudoalteromonas,Pseudoalteromonas amylolytica,100,100,100,100,100,100,90.00000000000001
ASV_3667,Bacteria,Pseudomonadota,Gammaproteobacteria,Thiotrichales,Piscirickettsiaceae,Thiosulfativibrio,Thiosulfativibrio zosterae,100,100,100,100,100,70.83333333333333,70.83333333333333
ASV_3668,Bacteria,Bacteroidota,Flavobacteriia,Flavobacteriales,Weeksellaceae,Cloacibacterium,Cloacibacterium normanense,100,100,100,100,100,100,97.33333333333333
ASV_3669,Bacteria,Pseudomonadota,Gammaproteobacteria,Vibrionales,Vibrionaceae,Vibrio,Vibrio tapetis,100.00000000000003,100.00000000000003,100.00000000000003,100.00000000000003,100.00000000000003,99.00000000000003,72.83809523809525
ASV_3670,Bacteria,Pseudomonadota,Gammaproteobacteria,Alteromonadales,Alteromonadaceae,Alteromonas,Alteromonas abrolhosensis,100.00000000000001,100.00000000000001,100.00000000000001,100.00000000000001,100.00000000000001,95.55401913875598,39.17114537875338
ASV_3671,Bacteria,Pseudomonadota,Gammaproteobacteria,Alteromonadales,Alteromonadaceae,Alteromonas,Alteromonas aestuariivivens,100,100,100,100,100,96.75,60.866666666666674
ASV_3672,Bacteria,Pseudomonadota,Gammaproteobacteria,Alteromonadales,Alteromonadaceae,Alteromonas,Alteromonas confluentis,100.00000000000001,100.00000000000001,100.00000000000001,100.00000000000001,100.00000000000001,81.53152173913047,55.073406094287115
ASV_3673,Bacteria,Pseudomonadota,Gammaproteobacteria,Vibrionales,Vibrionaceae,Vibrio,Vibrio hannami,100,100,100,100,100,100,83.66666666666667
ASV_3674,Bacteria,Pseudomonadota,Gammaproteobacteria,Alteromonadales,Ferrimonadaceae,Ferrimonas,Ferrimonas sediminicola,100,100,100,100,97.25,97.25,88.08333333333333
ASV_3675,Bacteria,Pseudomonadota,Alphaproteobacteria,Rhodospirillales,Thalassobaculaceae,Nisaea,Nisaea nitritireducens,100.00000000000001,100.00000000000001,100.00000000000001,100.00000000000001,89.66666666666669,89.66666666666669,56.166666666666664
ASV_3676,Bacteria,Pseudomonadota,Alphaproteobacteria,Hyphomonadales,Hyphomonadaceae,Henriciella,Henriciella pelagia,100.00000000000001,100.00000000000001,100.00000000000001,100.00000000000001,100.00000000000001,70.75000000000001,30.250000000000004
ASV_3677,Bacteria,Pseudomonadota,Alphaproteobacteria,Sphingomonadales,Erythrobacteraceae,Qipengyuania,Sphingosinicella ginsenosidimutans,99.99999999999999,99.99999999999999,99.99999999999999,76.8333333333333,51.03479805368349,20.38324788386705,19.20247530247529
ASV_3678,Bacteria,Pseudomonadota,Gammaproteobacteria,Thiotrichales,Piscirickettsiaceae,Methylophaga,Methylophaga marina,100,100,100,92,92,91.33333333333331,84
ASV_3679,Bacteria,Deinococcota,Deinococci,Deinococcales,Deinococcaceae,Deinococcus,Deinococcus terrigena,100,100,100,100,100,100,49.5
ASV_3680,Bacteria,Actinomycetota,Actinomycetes,Mycobacteriales,Corynebacteriaceae,Corynebacterium,Corynebacterium pilbarense,100,100,100,100,100,100,83.28333333333332
ASV_3681,Bacteria,Pseudomonadota,Alphaproteobacteria,Rhodobacterales,Roseobacteraceae,Sulfitobacter,Sulfitobacter pacificus,99.99999999999999,99.99999999999999,99.99999999999999,99.99999999999999,92.31825396825397,71.76944444444447,17.22500000000001
ASV_3682,Bacteria,Pseudomonadota,Alphaproteobacteria,Rhodobacterales,Roseobacteraceae,Celeribacter,Celeribacter arenosi,100,100,100,100,91.19166666666666,41.02499999999999,31.441666666666656
ASV_3683,Bacteria,Pseudomonadota,Alphaproteobacteria,Hyphomicrobiales,Nitrobacteraceae,Bradyrhizobium,Bradyrhizobium elkanii,100,100,100,100,100,96.96471536536738,12.14113853853058
ASV_3684,Bacteria,Pseudomonadota,Gammaproteobacteria,Cellvibrionales,Cellvibrionaceae,Microbulbifer,Eionea nigra,100,100,100,66.66666666666667,41.41666666666665,25.250000000000004,24.583333333333325
ASV_3685,Bacteria,Pseudomonadota,Gammaproteobacteria,Alteromonadales,Colwelliaceae,Thalassotalea,Thalassotalea coralli,100,100,100,100,100,100,100
ASV_3686,Bacteria,Pseudomonadota,Alphaproteobacteria,Rhodobacterales,Roseobacteraceae,Maritimibacter,Maritimibacter fusiformis,100.00000000000001,100.00000000000001,100.00000000000001,100.00000000000001,50.86071428571427,35.66428571428571,19.453571428571426
ASV_3687,Bacteria,Pseudomonadota,Gammaproteobacteria,Thiotrichales,Fastidiosibacteraceae,Cysteiniphilum,Cysteiniphilum litorale,100,100,100,100,100,89.5,86
ASV_3688,Bacteria,Pseudomonadota,Gammaproteobacteria,Alteromonadales,Colwelliaceae,Thalassotalea,Thalassomonas viridans,100,100,100,91.93333333333331,84.6,50.06666666666664,22.116666666666664
ASV_3689,Bacteria,Pseudomonadota,Gammaproteobacteria,Alteromonadales,Colwelliaceae,Thalassotalea,Thalassotalea profundi,100.00000000000003,100.00000000000003,100.00000000000003,98,94.25,92.16666666666667,25.16666666666667
ASV_3690,Bacteria,Pseudomonadota,Gammaproteobacteria,Pseudomonadales,Pseudomonadaceae,Pseudomonas,Pseudomonas sediminis,100.00000000000001,100.00000000000001,100.00000000000001,100.00000000000001,100.00000000000001,89.9545454545455,49.00876623376625
ASV_3691,Bacteria,Pseudomonadota,Alphaproteobacteria,Rhodobacterales,Roseobacteraceae,Ponticoccus,Ponticoccus litoralis,100,100,100,100,96.88333333333331,33.91666666666664,33.41666666666664
ASV_3692,NA,NA,NA,NA,NA,NA,NA,NA,NA,NA,NA,NA,NA,NA
ASV_3693,Bacteria,Bacteroidota,Flavobacteriia,Flavobacteriales,Flavobacteriaceae,Tenacibaculum,Tenacibaculum litopenaei,100,100,100,100,100,94.02380952380955,37.75000000000002
ASV_3694,Bacteria,Bacteroidota,Flavobacteriia,Flavobacteriales,Flavobacteriaceae,Pseudotenacibaculum,Pseudotenacibaculum haliotis,100,100,100,100,100,68.23333333333335,68.23333333333335
ASV_3695,Bacteria,Bacteroidota,Flavobacteriia,Flavobacteriales,Flavobacteriaceae,Seonamhaeicola,Seonamhaeicola aphaedonensis,100,100,100,100,100,100,99
ASV_3696,NA,NA,NA,NA,NA,NA,NA,NA,NA,NA,NA,NA,NA,NA
ASV_3697,Bacteria,Pseudomonadota,Gammaproteobacteria,Oceanospirillales,Zooshikellaceae,Spartinivicinus,Spartinivicinus ruber,100,100,100,47.800000000000004,21.066666666666674,21.066666666666674,21.066666666666674
ASV_3698,Bacteria,Pseudomonadota,Alphaproteobacteria,Hyphomonadales,Hyphomonadaceae,Henriciella,Henriciella barbarensis,100,100,100,100,100,100,95.83333333333333
ASV_3699,Bacteria,Pseudomonadota,Alphaproteobacteria,Rhodobacterales,Paracoccaceae,Paracoccus,Paracoccus onubensis,100.00000000000001,100.00000000000001,100.00000000000001,100.00000000000001,77.80000000000001,41.183333333333344,26.000000000000007
ASV_3700,Bacteria,Verrucomicrobiota,Opitutae,Puniceicoccales,Coraliomargaritaceae,Coraliomargarita,Coraliomargarita akajimensis,100,100,100,100,100,100,78.33333333333331
ASV_3701,Bacteria,Bacteroidota,Flavobacteriia,Flavobacteriales,Flavobacteriaceae,Seonamhaeicola,Seonamhaeicola aphaedonensis,100,100,100,100,100,100,98.5
ASV_3702,Bacteria,Bacteroidota,Flavobacteriia,Flavobacteriales,Flavobacteriaceae,Seonamhaeicola,Seonamhaeicola aphaedonensis,100,100,100,100,100,100,100
ASV_3703,Bacteria,Actinomycetota,Actinomycetes,Micrococcales,Micrococcaceae,Enteractinococcus,Enteractinococcus lamae,100,100,100,100,100,95,93.16666666666667
ASV_3704,Bacteria,Actinomycetota,Nitriliruptoria,Egicoccales,Egicoccaceae,Egicoccus,Egicoccus halophilus,100,100,100,64,64,64,64
ASV_3705,NA,NA,NA,NA,NA,NA,NA,NA,NA,NA,NA,NA,NA,NA
ASV_3706,Bacteria,Bacteroidota,Flavobacteriia,Flavobacteriales,Flavobacteriaceae,Leptobacterium,Leptobacterium flavescens,100.00000000000001,100.00000000000001,100.00000000000001,100.00000000000001,100.00000000000001,36.400000000000006,36.400000000000006
ASV_3707,Bacteria,Pseudomonadota,Gammaproteobacteria,Vibrionales,Vibrionaceae,Photobacterium,Shewanella khirikhana,100,100,100,55.83333333333335,55.83333333333335,55.83333333333335,14.166666666666673
ASV_3708,Bacteria,Pseudomonadota,Alphaproteobacteria,Rhodobacterales,Roseobacteraceae,Donghicola,Donghicola tyrosinivorans,100,100,100,100,100,100,100
ASV_3709,Bacteria,Bacteroidota,Flavobacteriia,Flavobacteriales,Flavobacteriaceae,Allomuricauda,Allomuricauda flava,100,100,100,100,100,67.5,47
ASV_3710,Bacteria,Pseudomonadota,Gammaproteobacteria,Cellvibrionales,Microbulbiferaceae,Microbulbifer,Microbulbifer chitinilyticus,100,100,100,63.250000000000014,60.250000000000014,60.250000000000014,39.08333333333334
ASV_3711,Bacteria,Pseudomonadota,Alphaproteobacteria,Hyphomicrobiales,Parvibaculaceae,Alsobacter,Alsobacter metallidurans,99.99999999999999,99.99999999999999,99.99999999999999,99.99999999999999,33.75,23.5,20.58333333333332
ASV_3712,Bacteria,Bacteroidota,Flavobacteriia,Flavobacteriales,Flavobacteriaceae,Constantimarinum,Constantimarinum furrinae,100,100,100,100,100,37.00000000000001,37.00000000000001
ASV_3713,Bacteria,Bacteroidota,Flavobacteriia,Flavobacteriales,Flavobacteriaceae,Tenacibaculum,Tenacibaculum crassostreae,100,100,100,100,100,72.66666666666667,48.833333333333336
ASV_3714,Bacteria,Bacteroidota,Flavobacteriia,Flavobacteriales,Flavobacteriaceae,Tamlana,Tamlana sedimentorum,100,100,100,100,100,43.58333333333333,42.58333333333333
ASV_3715,Bacteria,Pseudomonadota,Alphaproteobacteria,Rhodobacterales,Roseobacteraceae,Ruegeria,Cribrihabitans marinus,100.00000000000003,100.00000000000003,100.00000000000003,100.00000000000003,53.7348484848485,42.068181818181856,32.50757575757577
ASV_3716,NA,NA,NA,NA,NA,NA,NA,NA,NA,NA,NA,NA,NA,NA
ASV_3717,NA,NA,NA,NA,NA,NA,NA,NA,NA,NA,NA,NA,NA,NA
ASV_3718,Bacteria,Bacteroidota,Flavobacteriia,Flavobacteriales,Flavobacteriaceae,Hyunsoonleella,Hyunsoonleella udonensis,100.00000000000001,100.00000000000001,100.00000000000001,100.00000000000001,100.00000000000001,34.949999999999996,15.5
ASV_3719,Bacteria,Bacteroidota,Flavobacteriia,Flavobacteriales,Flavobacteriaceae,Algibacter,Algibacter aquimarinus,100.00000000000001,100.00000000000001,100.00000000000001,100.00000000000001,100.00000000000001,66.33333333333334,33.166666666666664
ASV_3720,NA,NA,NA,NA,NA,NA,NA,NA,NA,NA,NA,NA,NA,NA
ASV_3721,Bacteria,Bacteroidota,Flavobacteriia,Flavobacteriales,Flavobacteriaceae,Sinomicrobium,Sinomicrobium weinanense,100,100,100,100,100,25.666666666666664,25.666666666666664
ASV_3722,Bacteria,Pseudomonadota,Gammaproteobacteria,Alteromonadales,Colwelliaceae,Thalassotalea,Thalassotalea profundi,100,100,100,100,97.5,91,18.91666666666667
ASV_3723,NA,NA,NA,NA,NA,NA,NA,NA,NA,NA,NA,NA,NA,NA
ASV_3724,Bacteria,Pseudomonadota,Gammaproteobacteria,Alteromonadales,Colwelliaceae,Thalassotalea,Thalassotalea loyana,100,100,100,100,100,100,55.333333333333336
ASV_3725,Bacteria,Pseudomonadota,Gammaproteobacteria,Thiotrichales,Francisellaceae,Francisella,Francisella hispaniensis,100.00000000000001,100.00000000000001,100.00000000000001,100.00000000000001,100.00000000000001,89.20833333333333,45.860714285714266
ASV_3726,Bacteria,Pseudomonadota,Gammaproteobacteria,Alteromonadales,Colwelliaceae,Thalassotalea,Thalassotalea coralli,100,100,100,68,68,68,39
ASV_3727,Bacteria,Pseudomonadota,Gammaproteobacteria,Thiotrichales,Francisellaceae,Francisella,Francisella philomiragia,100,100,100,100,100,100,45.45714285714286
ASV_3728,Bacteria,Bacteroidota,Saprospiria,Saprospirales,Saprospiraceae,Aureispira,Aureispira maritima,100,100,100,100,100,100,100
ASV_3729,Bacteria,Pseudomonadota,Alphaproteobacteria,Rhodobacterales,Roseobacteraceae,Ruegeria,Ruegeria conchae,100,100,100,100,65.35000000000001,65.35000000000001,51.033333333333346
ASV_3730,Bacteria,Pseudomonadota,Gammaproteobacteria,Alteromonadales,Colwelliaceae,Thalassotalea,Thalassotalea loyana,100,100,100,100,100,98.33333333333333,44.61666666666666
ASV_3731,Bacteria,Bacteroidota,Flavobacteriia,Flavobacteriales,Crocinitomicaceae,Fluviicola,Fluviicola hefeinensis,100,100,100,100,81.83333333333331,73.83333333333333,52.16666666666666
ASV_3732,Bacteria,Pseudomonadota,Gammaproteobacteria,Alteromonadales,Colwelliaceae,Thalassotalea,Thalassotalea insulae,100,100,100,100,100,100,27.749999999999993
ASV_3733,Bacteria,Bacteroidota,Flavobacteriia,Flavobacteriales,Flavobacteriaceae,Mesoflavibacter,Mesoflavibacter zeaxanthinifaciens,100,100,100,100,100,47.91666666666665,46.91666666666665
ASV_3734,Bacteria,Pseudomonadota,Gammaproteobacteria,Cellvibrionales,Halieaceae,Luminiphilus,Luminiphilus syltensis,100,100,100,68.83333333333333,49.333333333333336,25.83333333333333,25.83333333333333
ASV_3735,Bacteria,Bacteroidota,Flavobacteriia,Flavobacteriales,Flavobacteriaceae,Winogradskyella,Winogradskyella tangerina,100,100,100,100,100,38.53333333333333,34.53333333333333
ASV_3736,Bacteria,Pseudomonadota,Gammaproteobacteria,Alteromonadales,Colwelliaceae,Thalassotalea,Thalassotalea coralli,100,100,100,97.37499999999999,94.04166666666669,89.70833333333333,32.158333333333346
ASV_3737,NA,NA,NA,NA,NA,NA,NA,NA,NA,NA,NA,NA,NA,NA
ASV_3738,NA,NA,NA,NA,NA,NA,NA,NA,NA,NA,NA,NA,NA,NA
ASV_3739,NA,NA,NA,NA,NA,NA,NA,NA,NA,NA,NA,NA,NA,NA
ASV_3740,Bacteria,Pseudomonadota,Gammaproteobacteria,Alteromonadales,Colwelliaceae,Thalassotalea,Thalassotalea coralli,100,100,100,100,94.5,84.75,24.000000000000007
ASV_3741,Bacteria,Bacteroidota,Flavobacteriia,Flavobacteriales,Flavobacteriaceae,Dokdonia,Dokdonia lutea,100,100,100,100,100,100,69.5
ASV_3742,Bacteria,Bacteroidota,Flavobacteriia,Flavobacteriales,Flavobacteriaceae,Galbibacter,Galbibacter orientalis,100,100,100,100,100,25.000000000000007,25.000000000000007
ASV_3743,NA,NA,NA,NA,NA,NA,NA,NA,NA,NA,NA,NA,NA,NA
ASV_3744,NA,NA,NA,NA,NA,NA,NA,NA,NA,NA,NA,NA,NA,NA
ASV_3745,Bacteria,Pseudomonadota,Gammaproteobacteria,Alteromonadales,Alteromonadaceae,Alteromonas,Alteromonas confluentis,100.00000000000006,100.00000000000006,100.00000000000006,100.00000000000006,100.00000000000006,90.72673160173163,19.52007173985435
ASV_3746,Bacteria,Pseudomonadota,Gammaproteobacteria,Alteromonadales,Pseudoalteromonadaceae,Psychrosphaera,Psychrosphaera ytuae,100.00000000000013,100.00000000000013,100.00000000000013,58.29999999999998,37.09999999999997,34.100000000000016,22.000000000000007
ASV_3747,NA,NA,NA,NA,NA,NA,NA,NA,NA,NA,NA,NA,NA,NA
ASV_3748,Bacteria,Bacteroidota,Saprospiria,Saprospirales,Lewinellaceae,Flavilitoribacter,Flavilitoribacter nigricans,100.00000000000001,100.00000000000001,100.00000000000001,100.00000000000001,84.66666666666667,76.33333333333333,76.33333333333333
ASV_3749,Bacteria,Bacteroidota,Saprospiria,Saprospirales,Lewinellaceae,Neolewinella,Neolewinella lacunae,100.00000000000001,100.00000000000001,100.00000000000001,100.00000000000001,100.00000000000001,100.00000000000001,38.25000000000001
ASV_3750,Bacteria,Pseudomonadota,Gammaproteobacteria,Chromatiales,Ectothiorhodospiraceae,Thioprofundum,Thioalkalivibrio sulfidiphilus,100,100,100,95.55,58.366666666666674,30.900000000000013,25.000000000000007
ASV_3751,Bacteria,Pseudomonadota,Alphaproteobacteria,Rhodobacterales,Paracoccaceae,Limibaculum,Limibaculum halophilum,100,100,100,100,100,69,69
ASV_3752,Bacteria,Pseudomonadota,Gammaproteobacteria,Thiotrichales,Thiotrichaceae,Thiothrix,Thiothrix caldifontis,100,100,100,65.8,65.8,65.8,59.61666666666664
ASV_3753,NA,NA,NA,NA,NA,NA,NA,NA,NA,NA,NA,NA,NA,NA
ASV_3754,Bacteria,Bacillota,Bacilli,Bacillales,Staphylococcaceae,Staphylococcus,Staphylococcus casei,100,100,100,100,100,100,48.926190476190484
ASV_3755,Bacteria,Bacteroidota,Cytophagia,Cytophagales,Reichenbachiellaceae,Reichenbachiella,Reichenbachiella faecimaris,100,100,100,100,64.41666666666669,64.41666666666669,43.75000000000001
ASV_3756,Bacteria,Pseudomonadota,Gammaproteobacteria,Woeseiales,Woeseiaceae,Woeseia,Woeseia oceani,100,100,100,74.5,74.5,74.5,74.5
ASV_3757,NA,NA,NA,NA,NA,NA,NA,NA,NA,NA,NA,NA,NA,NA
ASV_3758,Bacteria,Bacteroidota,Cytophagia,Cytophagales,Reichenbachiellaceae,Ekhidna,Ekhidna lutea,100,100,100,100,100,100,100
ASV_3759,Bacteria,Pseudomonadota,Gammaproteobacteria,Pseudomonadales,Pseudohongiellaceae,Pseudohongiella,Pseudohongiella spirulinae,100.00000000000001,100.00000000000001,100.00000000000001,46.20000000000001,46.20000000000001,46.20000000000001,43.70000000000001
ASV_3760,Bacteria,Pseudomonadota,Alphaproteobacteria,Rhodobacterales,Roseobacteraceae,Phycobacter,Phycobacter azelaicus,100,100,100,100,86.98333333333335,72.7166666666667,72.7166666666667
ASV_3761,NA,NA,NA,NA,NA,NA,NA,NA,NA,NA,NA,NA,NA,NA
ASV_3762,Bacteria,Pseudomonadota,Gammaproteobacteria,Alteromonadales,Alteromonadaceae,Marisediminitalea,Marisediminitalea aggregata,100,100,100,100,100,34.5,34.5
ASV_3763,NA,NA,NA,NA,NA,NA,NA,NA,NA,NA,NA,NA,NA,NA
ASV_3764,Bacteria,Bacteroidota,Flavobacteriia,Flavobacteriales,Flavobacteriaceae,Actibacter,Actibacter haliotis,100,100,100,100,100,100,52.5
ASV_3765,Bacteria,Pseudomonadota,Gammaproteobacteria,Cellvibrionales,Halieaceae,Pseudohalioglobus,Pseudohalioglobus lutimaris,100,100,100,100,100,53.16666666666666,53.16666666666666
ASV_3766,Bacteria,Pseudomonadota,Alphaproteobacteria,Rhodobacterales,Roseobacteraceae,Roseovarius,Roseovarius albus,100.00000000000003,100.00000000000003,100.00000000000003,100.00000000000003,78.7166666666667,70.93333333333335,57.61666666666666
ASV_3767,NA,NA,NA,NA,NA,NA,NA,NA,NA,NA,NA,NA,NA,NA
ASV_3768,Bacteria,Bacteroidota,Flavobacteriia,Flavobacteriales,Flavobacteriaceae,Gaetbulibacter,Gaetbulibacter jejuensis,100,100,100,100,100,37.91666666666665,37.91666666666665
ASV_3769,Bacteria,Bdellovibrionota,Bacteriovoracia,Bacteriovoracales,Halobacteriovoraceae,Halobacteriovorax,Halobacteriovorax marinus,100,100,100,100,100,100,100
ASV_3770,Bacteria,Bdellovibrionota,Bacteriovoracia,Bacteriovoracales,Halobacteriovoraceae,Halobacteriovorax,Halobacteriovorax marinus,100,100,100,100,73,73,73
ASV_3771,NA,NA,NA,NA,NA,NA,NA,NA,NA,NA,NA,NA,NA,NA
ASV_3772,NA,NA,NA,NA,NA,NA,NA,NA,NA,NA,NA,NA,NA,NA
ASV_3773,Bacteria,Pseudomonadota,Alphaproteobacteria,Maricaulales,Robiginitomaculaceae,Robiginitomaculum,Robiginitomaculum antarcticum,100,100,100,100,100,35.333333333333336,35.333333333333336
ASV_3774,Bacteria,Pseudomonadota,Gammaproteobacteria,Oceanospirillales,Pseudohongiellaceae,Pseudohongiella,Marinospirillum perlucidum,99.99999999999997,99.99999999999997,99.99999999999997,40.476190476190474,26.41666666666667,26.41666666666667,24.64285714285715
ASV_3775,Bacteria,Pseudomonadota,Betaproteobacteria,Nitrosomonadales,Nitrosomonadaceae,Nitrosomonas,Nitrosomonas aestuarii,100,100,100,100,100,88.25,50.9
ASV_3776,Bacteria,Planctomycetota,Planctomycetia,Planctomycetales,Planctomycetaceae,Thalassoglobus,Thalassoglobus neptunius,100,100,100,100,100,100,100
ASV_3777,Bacteria,Pseudomonadota,Gammaproteobacteria,Thiotrichales,Piscirickettsiaceae,Hydrogenovibrio,Hydrogenovibrio kuenenii,100,100,100,100,100,100,49
ASV_3778,NA,NA,NA,NA,NA,NA,NA,NA,NA,NA,NA,NA,NA,NA
ASV_3779,Bacteria,Bacteroidota,Flavobacteriia,Flavobacteriales,Crocinitomicaceae,Putridiphycobacter,Putridiphycobacter roseus,100,100,100,100,100,89,89
ASV_3780,NA,NA,NA,NA,NA,NA,NA,NA,NA,NA,NA,NA,NA,NA
ASV_3781,Bacteria,Pseudomonadota,Gammaproteobacteria,Alteromonadales,Idiomarinaceae,Idiomarina,Idiomarina piscisalsi,100,100,100,100,100,100,96
ASV_3782,Bacteria,Pseudomonadota,Gammaproteobacteria,Alteromonadales,Alteromonadaceae,Alteromonas,Alteromonas indica,100.00000000000001,100.00000000000001,100.00000000000001,100.00000000000001,100.00000000000001,61.08333333333323,27.333333333333304
ASV_3783,Bacteria,Pseudomonadota,Alphaproteobacteria,Rhodospirillales,Terasakiellaceae,Terasakiella,Terasakiella salincola,100,100,100,100,100,100,99.5
ASV_3784,Bacteria,Pseudomonadota,Gammaproteobacteria,Oceanospirillales,Oceanospirillaceae,Bacterioplanoides,Bacterioplanoides pacificum,100,100,100,71.75,69.75,47.16666666666665,47.16666666666665
ASV_3785,Bacteria,Pseudomonadota,Gammaproteobacteria,Alteromonadales,Pseudoalteromonadaceae,Psychrosphaera,Psychrosphaera saromensis,100,100,100,100,100,98.5,52.083333333333336
ASV_3786,Bacteria,Pseudomonadota,Alphaproteobacteria,Rhodobacterales,Roseobacteraceae,Ruegeria,Ruegeria profundi,100.00000000000001,100.00000000000001,100.00000000000001,100.00000000000001,94.22500000000001,93.8916666666667,38.150000000000006
ASV_3787,NA,NA,NA,NA,NA,NA,NA,NA,NA,NA,NA,NA,NA,NA
ASV_3788,Bacteria,Pseudomonadota,Gammaproteobacteria,Alteromonadales,Idiomarinaceae,Idiomarina,Idiomarina zobellii,100,100,100,100,100,100,66
ASV_3789,NA,NA,NA,NA,NA,NA,NA,NA,NA,NA,NA,NA,NA,NA
ASV_3790,NA,NA,NA,NA,NA,NA,NA,NA,NA,NA,NA,NA,NA,NA
ASV_3791,Bacteria,Pseudomonadota,Gammaproteobacteria,Legionellales,Coxiellaceae,Coxiella,Coxiella cheraxi,100,100,100,100,100,100,100
ASV_3792,NA,NA,NA,NA,NA,NA,NA,NA,NA,NA,NA,NA,NA,NA
ASV_3793,Bacteria,Pseudomonadota,Alphaproteobacteria,Caulobacterales,Caulobacteraceae,Brevundimonas,Brevundimonas vesicularis,100.00000000000001,100.00000000000001,100.00000000000001,100.00000000000001,100.00000000000001,100.00000000000001,43.1029220779221
ASV_3794,Bacteria,Pseudomonadota,Gammaproteobacteria,Thiotrichales,Francisellaceae,Francisella,Francisella uliginis,100,100,100,100,100,100,71.25000000000001
ASV_3795,Bacteria,Pseudomonadota,Betaproteobacteria,Nitrosomonadales,Methylophilaceae,Methylotenera,Methylotenera oryzisoli,100,100,100,100,78.25,78.25,78.25
ASV_3796,Bacteria,Pseudomonadota,Alphaproteobacteria,Rhodobacterales,Roseobacteraceae,Phaeobacter,Phaeobacter porticola,100,100,100,100,62.61666666666664,40.61666666666663,39.61666666666663
ASV_3797,Bacteria,Pseudomonadota,Alphaproteobacteria,Hyphomicrobiales,Phyllobacteriaceae,Aquamicrobium,Aquamicrobium segne,100,100,100,100,98.25,62.49448051948048,28.199999999999985
ASV_3798,Bacteria,Fusobacteriota,Fusobacteriia,Fusobacteriales,Fusobacteriaceae,Fusobacterium,Fusobacterium canifelinum,100,100,100,100,100,100,46.84769119769119
ASV_3799,NA,NA,NA,NA,NA,NA,NA,NA,NA,NA,NA,NA,NA,NA
ASV_3800,NA,NA,NA,NA,NA,NA,NA,NA,NA,NA,NA,NA,NA,NA
ASV_3801,Bacteria,Pseudomonadota,Alphaproteobacteria,Sphingomonadales,Erythrobacteraceae,Pontixanthobacter,Pontixanthobacter aquaemixtae,100,100,100,100,94.40139772508194,27.21666666666666,13.608333333333329
ASV_3802,Bacteria,Pseudomonadota,Alphaproteobacteria,Rhodobacterales,Roseobacteraceae,Thalassovita,Thalassovita mediterranea,100,100,100,100,78.83333333333333,70.08333333333333,69.08333333333333
ASV_3803,Bacteria,Actinomycetota,Actinomycetes,Micrococcales,Kytococcaceae,Kytococcus,Kytococcus sedentarius,100,100,100,100,100,100,99
ASV_3804,Bacteria,Pseudomonadota,Alphaproteobacteria,Rickettsiales,Rickettsiaceae,Rickettsia,Thalassovita aquimarina,99.99999999999999,99.99999999999999,99.99999999999999,54.49999999999999,54.49999999999999,54.49999999999999,18.33333333333332
ASV_3805,Bacteria,Pseudomonadota,Gammaproteobacteria,Vibrionales,Vibrionaceae,Vibrio,Vibrio fortis,99.99999999999999,99.99999999999999,99.99999999999999,99.99999999999999,99.99999999999999,99.54999999999998,44.8095238095238
ASV_3806,Bacteria,Pseudomonadota,Gammaproteobacteria,Vibrionales,Vibrionaceae,Vibrio,Vibrio fortis,100.00000000000001,100.00000000000001,100.00000000000001,100.00000000000001,100.00000000000001,100.00000000000001,70.69444444444444
ASV_3807,Bacteria,Pseudomonadota,Gammaproteobacteria,Alteromonadales,Colwelliaceae,Thalassotalea,Thalassotalea ponticola,100,100,100,100,96.5,96.5,91.33333333333333
ASV_3808,Bacteria,Pseudomonadota,Gammaproteobacteria,Vibrionales,Vibrionaceae,Vibrio,Vibrio hannami,100,100,100,100,100,100,83
ASV_3809,Bacteria,Pseudomonadota,Alphaproteobacteria,Rhodobacterales,Roseobacteraceae,Jannaschia,Jannaschia marina,100,100,100,100,100,100,100
ASV_3810,NA,NA,NA,NA,NA,NA,NA,NA,NA,NA,NA,NA,NA,NA
ASV_3811,NA,NA,NA,NA,NA,NA,NA,NA,NA,NA,NA,NA,NA,NA
ASV_3812,Bacteria,Pseudomonadota,Alphaproteobacteria,Rhodobacterales,Roseobacteraceae,Chachezhania,Chachezhania sediminis,100,100,100,100,73.72121212121218,19.65757575757576,19.65757575757576
ASV_3813,Bacteria,Pseudomonadota,Gammaproteobacteria,Oceanospirillales,Hahellaceae,Hahella,Hahella ganghwensis,100,100,100,100,100,100,95.66666666666666
ASV_3814,Bacteria,Pseudomonadota,Gammaproteobacteria,Alteromonadales,Alteromonadaceae,Alteromonas,Alteromonas confluentis,100.00000000000003,100.00000000000003,100.00000000000003,100.00000000000003,100.00000000000003,84.76391941391945,37.98273407751668
ASV_3815,NA,NA,NA,NA,NA,NA,NA,NA,NA,NA,NA,NA,NA,NA
ASV_3816,Bacteria,Bacteroidota,Flavobacteriia,Flavobacteriales,Flavobacteriaceae,Seonamhaeicola,Seonamhaeicola aphaedonensis,100,100,100,100,100,100,96
ASV_3817,Bacteria,Bacteroidota,Flavobacteriia,Flavobacteriales,Flavobacteriaceae,Seonamhaeicola,Seonamhaeicola algicola,100,100,100,100,100,94.5,46.41666666666664
ASV_3818,Bacteria,Bacteroidota,Flavobacteriia,Flavobacteriales,Flavobacteriaceae,Seonamhaeicola,Seonamhaeicola aphaedonensis,100,100,100,100,100,100,98.5
ASV_3819,Bacteria,Pseudomonadota,Alphaproteobacteria,Rhodobacterales,Roseobacteraceae,Thalassovita,Thalassovita mediterranea,100,100,100,100,81.33333333333331,71.25,67.16666666666667
ASV_3820,Bacteria,Bacteroidota,Flavobacteriia,Flavobacteriales,Flavobacteriaceae,Seonamhaeicola,Seonamhaeicola aphaedonensis,100,100,100,100,100,100,98.5
ASV_3821,NA,NA,NA,NA,NA,NA,NA,NA,NA,NA,NA,NA,NA,NA
ASV_3822,Bacteria,Pseudomonadota,Gammaproteobacteria,Arenicellales,Arenicellaceae,Arenicella,Arenicella xantha,100,100,100,100,100,64,51.5
ASV_3823,Bacteria,Pseudomonadota,Gammaproteobacteria,Alteromonadales,Colwelliaceae,Thalassotalea,Thalassotalea coralli,100.00000000000001,100.00000000000001,100.00000000000001,96.5,94.5,89.5,29.25
ASV_3824,Bacteria,Bacteroidota,Flavobacteriia,Flavobacteriales,Flavobacteriaceae,Seonamhaeicola,Seonamhaeicola aphaedonensis,100,100,100,100,100,64.25,38.16666666666665
ASV_3825,Bacteria,Pseudomonadota,Gammaproteobacteria,Alteromonadales,Alteromonadaceae,Bowmanella,Marisediminitalea aggregata,100,100,100,98.09090909090912,98.09090909090912,48.92424242424241,26.83333333333333
ASV_3826,Bacteria,Pseudomonadota,Gammaproteobacteria,Cellvibrionales,Cellvibrionaceae,Pseudoteredinibacter,Pseudoteredinibacter isoporae,100,100,100,100,100,100,100
ASV_3827,NA,NA,NA,NA,NA,NA,NA,NA,NA,NA,NA,NA,NA,NA
ASV_3828,Bacteria,Pseudomonadota,Gammaproteobacteria,Arenicellales,Arenicellaceae,Arenicella,Arenicella chitinivorans,100,100,100,100,100,100,98
ASV_3829,Bacteria,Pseudomonadota,Alphaproteobacteria,Rhodobacterales,Roseobacteraceae,Ruegeria,Ruegeria profundi,99.99999999999999,99.99999999999999,99.99999999999999,99.99999999999999,74.77499999999999,70.64999999999999,16.45
ASV_3830,Bacteria,Bacteroidota,Flavobacteriia,Flavobacteriales,Flavobacteriaceae,Winogradskyella,Winogradskyella aquimaris,100.00000000000001,100.00000000000001,100.00000000000001,100.00000000000001,100.00000000000001,100.00000000000001,75.66666666666667
ASV_3831,Bacteria,Bacteroidota,Flavobacteriia,Flavobacteriales,Flavobacteriaceae,Seonamhaeicola,Seonamhaeicola maritimus,100,100,100,100,100,42.10000000000001,21.36666666666667
ASV_3832,Bacteria,Pseudomonadota,Alphaproteobacteria,Rhodobacterales,Roseobacteraceae,Donghicola,Donghicola mangrovi,100.00000000000001,100.00000000000001,100.00000000000001,100.00000000000001,67.1,44.20000000000003,42.366666666666674
ASV_3833,Bacteria,Pseudomonadota,Gammaproteobacteria,Alteromonadales,Colwelliaceae,Thalassotalea,Thalassotalea coralli,100.00000000000001,100.00000000000001,100.00000000000001,100.00000000000001,100.00000000000001,100.00000000000001,38.833333333333336
ASV_3834,Bacteria,Pseudomonadota,Alphaproteobacteria,Rhodobacterales,Roseobacteraceae,Phaeobacter,Thalassovita mediterranea,100,100,100,100,89.7130230880231,15.934018759018759,15.50396825396826
ASV_3835,Bacteria,Pseudomonadota,Gammaproteobacteria,Alteromonadales,Colwelliaceae,Thalassotalea,Thalassotalea insulae,100,100,100,100,100,100,32.91666666666664
ASV_3836,Bacteria,Bacteroidota,Flavobacteriia,Flavobacteriales,Flavobacteriaceae,Confluentibacter,Confluentibacter lentus,100,100,100,100,100,33.333333333333336,29.83333333333333
ASV_3837,Bacteria,Bacteroidota,Flavobacteriia,Flavobacteriales,Flavobacteriaceae,Kordia,Kordia periserrulae,100,100,100,100,100,99,52.11666666666663
ASV_3838,NA,NA,NA,NA,NA,NA,NA,NA,NA,NA,NA,NA,NA,NA
ASV_3839,Bacteria,Pseudomonadota,Gammaproteobacteria,Alteromonadales,Colwelliaceae,Thalassotalea,Thalassomonas viridans,100,100,100,100,98,65.05000000000001,26.950000000000003
ASV_3840,Bacteria,Bacteroidota,Saprospiria,Saprospirales,Saprospiraceae,Aureispira,Aureispira maritima,100,100,100,100,100,100,100
ASV_3841,Bacteria,Bacteroidota,Saprospiria,Saprospirales,Saprospiraceae,Aureispira,Aureispira maritima,100,100,100,100,100,100,100
ASV_3842,NA,NA,NA,NA,NA,NA,NA,NA,NA,NA,NA,NA,NA,NA
ASV_3843,Bacteria,Bacteroidota,Flavobacteriia,Flavobacteriales,Flavobacteriaceae,Dokdonia,Dokdonia lutea,100,100,100,100,100,100,100
ASV_3844,Bacteria,Bacteroidota,Flavobacteriia,Flavobacteriales,Flavobacteriaceae,Allomuricauda,Allomuricauda flava,100,100,100,100,100,88.66666666666667,60.83333333333334
ASV_3845,Bacteria,Pseudomonadota,Alphaproteobacteria,Rhodobacterales,Paracoccaceae,Tritonibacter,Tritonibacter aquimaris,100,100,100,100,89.66666666666667,89.00000000000001,77.83333333333333
ASV_3846,Bacteria,Bacteroidota,Flavobacteriia,Flavobacteriales,Flavobacteriaceae,Aureitalea,Aureitalea marina,100,100,100,100,100,56.5,56.5
ASV_3847,Bacteria,Bacteroidota,Flavobacteriia,Flavobacteriales,Flavobacteriaceae,Seonamhaeicola,Seonamhaeicola aphaedonensis,100,100,100,100,100,100,63.5
ASV_3848,NA,NA,NA,NA,NA,NA,NA,NA,NA,NA,NA,NA,NA,NA
ASV_3849,Bacteria,Bacteroidota,Flavobacteriia,Flavobacteriales,Flavobacteriaceae,Christiangramia,Christiangramia forsetii,100,100,100,100,100,42.333333333333336,29.333333333333325
ASV_3850,Bacteria,Pseudomonadota,Gammaproteobacteria,Thiotrichales,Thiotrichaceae,Thiothrix,Thiothrix caldifontis,100,100,100,66.80000000000001,66.80000000000001,66.80000000000001,63.2
ASV_3851,Bacteria,Pseudomonadota,Gammaproteobacteria,Vibrionales,Vibrionaceae,Vibrio,Vibrio litoralis,100.00000000000007,100.00000000000007,100.00000000000007,71.50000000000004,71.50000000000004,68.41666666666671,46.7833333333334
ASV_3852,Bacteria,Bacteroidota,Flavobacteriia,Flavobacteriales,Flavobacteriaceae,Polaribacter,Polaribacter porphyrae,100,100,100,100,100,65.4166666666667,33.00000000000001
ASV_3853,Bacteria,Bacteroidota,Flavobacteriia,Flavobacteriales,Flavobacteriaceae,Croceivirga,Croceivirga lutea,100,100,100,100,100,76.83333333333333,72.00000000000001
ASV_3854,Bacteria,Verrucomicrobiota,Opitutae,Puniceicoccales,Coraliomargaritaceae,Coraliomargarita,Coraliomargarita akajimensis,100,100,99,99,99,99,72
ASV_3855,NA,NA,NA,NA,NA,NA,NA,NA,NA,NA,NA,NA,NA,NA
ASV_3856,Bacteria,Bacteroidota,Flavobacteriia,Flavobacteriales,Flavobacteriaceae,Dokdonia,Dokdonia lutea,100,100,100,100,100,100,76.5
ASV_3857,NA,NA,NA,NA,NA,NA,NA,NA,NA,NA,NA,NA,NA,NA
ASV_3858,Bacteria,Pseudomonadota,Gammaproteobacteria,Alteromonadales,Colwelliaceae,Thalassotalea,Thalassotalea loyana,100,100,100,100,100,78.58333333333333,28.750000000000004
ASV_3859,Bacteria,Bacteroidota,Flavobacteriia,Flavobacteriales,Flavobacteriaceae,Dokdonia,Dokdonia lutea,100,100,100,100,100,100,100
ASV_3860,Bacteria,Pseudomonadota,Gammaproteobacteria,Alteromonadales,Colwelliaceae,Thalassotalea,Thalassotalea coralli,100,100,100,96.5,74.33333333333331,65.33333333333331,27.249999999999993
ASV_3861,Bacteria,Verrucomicrobiota,Opitutae,Puniceicoccales,Coraliomargaritaceae,Coraliomargarita,Coraliomargarita akajimensis,100,100,100,100,100,100,88.66666666666667
ASV_3862,Bacteria,Pseudomonadota,Gammaproteobacteria,Vibrionales,Vibrionaceae,Photobacterium,Photobacterium alginatilyticum,100,100,100,100,100,100,100
ASV_3863,Bacteria,Actinomycetota,Actinomycetes,Propionibacteriales,Nocardioidaceae,Aeromicrobium,Aeromicrobium yanjiei,100,100,100,100,100,100,21.304761904761897
ASV_3864,Bacteria,Pseudomonadota,Gammaproteobacteria,Thiotrichales,Fastidiosibacteraceae,Cysteiniphilum,Cysteiniphilum litorale,100,100,100,100,100,93.16666666666667,91.83333333333333
ASV_3865,NA,NA,NA,NA,NA,NA,NA,NA,NA,NA,NA,NA,NA,NA
ASV_3866,Bacteria,Bacteroidota,Saprospiria,Saprospirales,Lewinellaceae,Flavilitoribacter,Flavilitoribacter nigricans,100,100,100,100,100,100,100
ASV_3867,Bacteria,Pseudomonadota,Alphaproteobacteria,Rhodobacterales,Roseobacteraceae,Roseibacterium,Roseibacterium beibuensis,100,100,100,100,92.56666666666666,52.28333333333333,52.28333333333333
ASV_3868,Bacteria,Bacteroidota,Saprospiria,Saprospirales,Lewinellaceae,Neolewinella,Neolewinella xylanilytica,100,100,100,100,67.33333333333333,42,42
ASV_3869,Bacteria,Verrucomicrobiota,Verrucomicrobiae,Verrucomicrobiales,Verrucomicrobiaceae,Fucophilus,Fucophilus fucoidanolyticus,100,100,97,97,97,97,97
ASV_3870,Bacteria,Pseudomonadota,Gammaproteobacteria,Thiohalobacterales,Thiohalobacteraceae,Thiohalobacter,Thiohalobacter thiocyanaticus,100,100,100,68.75000000000001,68.75000000000001,68.75000000000001,68.75000000000001
ASV_3871,Bacteria,Bacteroidota,Flavobacteriia,Flavobacteriales,Flavobacteriaceae,Winogradskyella,Winogradskyella aquimaris,100,100,100,100,100,99,87.50000000000001
ASV_3872,Bacteria,Bacteroidota,Cytophagia,Cytophagales,Reichenbachiellaceae,Marinoscillum,Marinoscillum pacificum,100,100,100,100,40.66666666666665,39.16666666666665,37.16666666666665
ASV_3873,Bacteria,Pseudomonadota,Gammaproteobacteria,Cellvibrionales,Halieaceae,Halioglobus,Halioglobus japonicus,100,100,100,100,100,74.5,73.5
ASV_3874,NA,NA,NA,NA,NA,NA,NA,NA,NA,NA,NA,NA,NA,NA
ASV_3875,Bacteria,Pseudomonadota,Alphaproteobacteria,Rhodobacterales,Roseobacteraceae,Thalassovita,Thalassovita mediterranea,100,100,100,100,71.1060606060606,63.907575757575756,63.3242424242424
ASV_3876,Bacteria,Pseudomonadota,Alphaproteobacteria,Rhodobacterales,Roseobacteraceae,Thalassovita,Thalassovita aquimarina,100,100,100,100,91.33333333333331,91.33333333333331,63.66666666666666
ASV_3877,NA,NA,NA,NA,NA,NA,NA,NA,NA,NA,NA,NA,NA,NA
ASV_3878,Bacteria,Pseudomonadota,Gammaproteobacteria,Vibrionales,Vibrionaceae,Vibrio,Vibrio aquimaris,99.99999999999999,99.99999999999999,99.99999999999999,99.99999999999999,99.99999999999999,99.99999999999999,51.1
ASV_3879,Bacteria,Actinomycetota,Actinomycetes,Mycobacteriales,Nocardiaceae,Rhodococcus,Rhodococcus fascians,100,100,100,100,100,100,32.57142857142856
ASV_3880,Bacteria,Bacteroidota,Flavobacteriia,Flavobacteriales,Flavobacteriaceae,Flavobacterium,Flavobacterium plurextorum,100,100,100,100,100,100,26.726190476190464
ASV_3881,Bacteria,Actinomycetota,Actinomycetes,Micrococcales,Brevibacteriaceae,Brevibacterium,Brevibacterium iodinum,100,100,100,100,100,100,18.7114219114219
ASV_3882,Bacteria,Bacteroidota,Cytophagia,Cytophagales,Reichenbachiellaceae,Marinoscillum,Marinoscillum pacificum,100,100,100,100,100,100,73.66666666666666
ASV_3883,Bacteria,Bacteroidota,Cytophagia,Cytophagales,Reichenbachiellaceae,Ekhidna,Ekhidna lutea,100,100,100,100,100,100,100
ASV_3884,Bacteria,Pseudomonadota,Alphaproteobacteria,Rhodobacterales,Paracoccaceae,Coraliihabitans,Coraliihabitans acroporae,100,100,100,94.5,89.66666666666666,70.50000000000001,70.50000000000001
ASV_3885,Bacteria,Actinomycetota,Actinomycetes,Kitasatosporales,Streptomycetaceae,Streptomyces,Streptomyces rutgersensis,100.00000000000001,100.00000000000001,100.00000000000001,100.00000000000001,100.00000000000001,100.00000000000001,6.000000000000003
ASV_3886,Bacteria,Bacteroidota,Cytophagia,Cytophagales,Fulvivirgaceae,Fulvivirga,Fulvivirga lutimaris,100,100,100,100,100,100,96
ASV_3887,Bacteria,Pseudomonadota,Alphaproteobacteria,Rhodospirillales,Thalassobaculaceae,Nisaea,Nisaea sediminum,100,100,100,100,100,96,41
ASV_3888,Bacteria,Pseudomonadota,Alphaproteobacteria,Hyphomicrobiales,Phyllobacteriaceae,Salaquimonas,Salaquimonas pukyongi,100,100,100,100,93,60.095238095238095,60.095238095238095
ASV_3889,Bacteria,Bacteroidota,Flavobacteriia,Flavobacteriales,Flavobacteriaceae,Olleya,Olleya sediminilitoris,100,100,100,100,100,36.7,18.35
ASV_3890,Bacteria,Pseudomonadota,Alphaproteobacteria,Hyphomicrobiales,Ahrensiaceae,Pseudahrensia,Pseudahrensia todarodis,100,100,100,100,90.33333333333331,90.33333333333331,84.33333333333331
ASV_3891,Bacteria,Bacteroidota,Flavobacteriia,Flavobacteriales,Flavobacteriaceae,Allomuricauda,Allomuricauda amphidinii,100,100,100,100,100,58.41666666666666,42.58333333333334
ASV_3892,Bacteria,Pseudomonadota,Alphaproteobacteria,Rickettsiales,Rickettsiaceae,Rickettsia,Rickettsia sibirica,100,100,100,100,100,93,47.98636363636363
ASV_3893,NA,NA,NA,NA,NA,NA,NA,NA,NA,NA,NA,NA,NA,NA
ASV_3894,NA,NA,NA,NA,NA,NA,NA,NA,NA,NA,NA,NA,NA,NA
ASV_3895,NA,NA,NA,NA,NA,NA,NA,NA,NA,NA,NA,NA,NA,NA
ASV_3896,Bacteria,Pseudomonadota,Gammaproteobacteria,Alteromonadales,Colwelliaceae,Thalassotalea,Thalassotalea coralli,100,100,100,95.01785714285714,85.47619047619048,80.64285714285714,28.916666666666668
ASV_3897,NA,NA,NA,NA,NA,NA,NA,NA,NA,NA,NA,NA,NA,NA
ASV_3898,Bacteria,Planctomycetota,Planctomycetia,Pirellulales,Lacipirellulaceae,Adhaeretor,Adhaeretor mobilis,100,100,100,100,52,52,52
ASV_3899,Bacteria,Pseudomonadota,Gammaproteobacteria,Legionellales,Coxiellaceae,Coxiella,Coxiella cheraxi,100,100,100,100,100,100,91
ASV_3900,Bacteria,Pseudomonadota,Gammaproteobacteria,Vibrionales,Vibrionaceae,Vibrio,Vibrio alfacsensis,100.00000000000003,100.00000000000003,100.00000000000003,100.00000000000003,100.00000000000003,100.00000000000003,90.84310862095502
ASV_3901,Bacteria,Pseudomonadota,Alphaproteobacteria,Rhodobacterales,Roseobacteraceae,Mameliella,Mameliella sediminis,100.00000000000001,100.00000000000001,100.00000000000001,100.00000000000001,96.9,57.36666666666664,42.316666666666634
ASV_3902,Bacteria,Bdellovibrionota,Bacteriovoracia,Bacteriovoracales,Halobacteriovoraceae,Halobacteriovorax,Halobacteriovorax marinus,100,100,100,100,100,100,100
ASV_3903,NA,NA,NA,NA,NA,NA,NA,NA,NA,NA,NA,NA,NA,NA
ASV_3904,Bacteria,Pseudomonadota,Gammaproteobacteria,Alteromonadales,Alteromonadaceae,Alteromonas,Alteromonas mediterranea,100.00000000000006,100.00000000000006,100.00000000000006,100.00000000000006,100.00000000000006,66.20430438016649,43.29887965413455
ASV_3905,Bacteria,Bacteroidota,Saprospiria,Saprospirales,Saprospiraceae,Aureispira,Aureispira maritima,100,100,100,100,100,100,100
ASV_3906,Bacteria,Pseudomonadota,Gammaproteobacteria,Oceanospirillales,Oceanospirillaceae,Oleispira,Oleispira lenta,100,100,100,100,100,100,97.5
ASV_3907,Bacteria,Pseudomonadota,Gammaproteobacteria,Alteromonadales,Alteromonadaceae,Alteromonas,Alteromonas abrolhosensis,100,100,100,100,100,99.82178147939015,41.06768226464011
ASV_3908,Bacteria,Pseudomonadota,Gammaproteobacteria,Alteromonadales,Alteromonadaceae,Marisediminitalea,Marisediminitalea aggregata,100.00000000000001,100.00000000000001,100.00000000000001,100.00000000000001,100.00000000000001,39.83333333333335,39.500000000000014
ASV_3909,Bacteria,Pseudomonadota,Gammaproteobacteria,Oceanospirillales,Oceanospirillaceae,Oceanobacter,Oceanobacter mangrovi,100,100,100,100,100,87.6,52.2
ASV_3910,Bacteria,Pseudomonadota,Gammaproteobacteria,Vibrionales,Vibrionaceae,Vibrio,Vibrio neptunius,99.99999999999999,99.99999999999999,99.99999999999999,99.99999999999999,99.99999999999999,99.99999999999999,41.66666666666664
ASV_3911,Bacteria,Pseudomonadota,Gammaproteobacteria,Vibrionales,Vibrionaceae,Vibrio,Vibrio alginolyticus,100.00000000000001,100.00000000000001,100.00000000000001,100.00000000000001,100.00000000000001,100.00000000000001,34.43074045407633
ASV_3912,Bacteria,Pseudomonadota,Gammaproteobacteria,Vibrionales,Vibrionaceae,Vibrio,Vibrio tubiashii,100.00000000000001,100.00000000000001,100.00000000000001,100.00000000000001,100.00000000000001,100.00000000000001,48.19999999999999
ASV_3913,Bacteria,Pseudomonadota,Gammaproteobacteria,Oceanospirillales,Oceanospirillaceae,Oceanobacter,Oceanobacter mangrovi,100,100,100,100,100,90.7666666666667,51.53333333333335
ASV_3914,Bacteria,Pseudomonadota,Gammaproteobacteria,Alteromonadales,Alteromonadaceae,Alteromonas,Alteromonas confluentis,99.99999999999991,99.99999999999991,99.99999999999991,99.99999999999991,99.99999999999991,82.76666666666661,34.53474025974021
ASV_3915,Bacteria,Pseudomonadota,Gammaproteobacteria,Alteromonadales,Alteromonadaceae,Salinimonas,Salinimonas chungwhensis,100,100,100,100,100,62.83333333333334,54.41666666666666
ASV_3916,Bacteria,Pseudomonadota,Gammaproteobacteria,Alteromonadales,Alteromonadaceae,Alteromonas,Alteromonas aestuariivivens,100.00000000000001,100.00000000000001,100.00000000000001,100.00000000000001,100.00000000000001,62.297619047619065,46.559523809523824
ASV_3917,Bacteria,Pseudomonadota,Gammaproteobacteria,Vibrionales,Vibrionaceae,Photobacterium,Photobacterium alginatilyticum,100,100,100,100,100,100,97
ASV_3918,Bacteria,Pseudomonadota,Gammaproteobacteria,Vibrionales,Vibrionaceae,Vibrio,Vibrio fluvialis,100,100,100,100,100,99.8,37.37857142857143
ASV_3919,Bacteria,Pseudomonadota,Gammaproteobacteria,Alteromonadales,Pseudoalteromonadaceae,Pseudoalteromonas,Pseudoalteromonas gelatinilytica,100,100,100,100,99,99,29.84285714285714
ASV_3920,Bacteria,Pseudomonadota,Gammaproteobacteria,Alteromonadales,Alteromonadaceae,Salinimonas,Salinimonas iocasae,100,100,100,100,100,86.08333333333331,68.91666666666669
ASV_3921,Bacteria,Pseudomonadota,Gammaproteobacteria,Oceanospirillales,Oceanospirillaceae,Eionea,Bacterioplanoides pacificum,100,100,100,35.183333333333344,33.183333333333344,28.31666666666668,18.783333333333328
ASV_3922,Bacteria,Pseudomonadota,Gammaproteobacteria,Alteromonadales,Alteromonadaceae,Alteromonas,Alteromonas abrolhosensis,100,100,100,100,100,96.9242857142857,37.837792890467526
ASV_3923,Bacteria,Pseudomonadota,Gammaproteobacteria,Oceanospirillales,Oceanospirillaceae,Bacterioplanoides,Bacterioplanoides pacificum,99.99999999999999,99.99999999999999,99.99999999999999,91.49999999999999,91.49999999999999,52.16666666666665,52.16666666666665
ASV_3924,Bacteria,Pseudomonadota,Gammaproteobacteria,Vibrionales,Vibrionaceae,Vibrio,Vibrio nigripulchritudo,100,100,100,100,100,100,100
ASV_3925,NA,NA,NA,NA,NA,NA,NA,NA,NA,NA,NA,NA,NA,NA
ASV_3926,Bacteria,Pseudomonadota,Gammaproteobacteria,Thiotrichales,Fastidiosibacteraceae,Cysteiniphilum,Cysteiniphilum marinum,100,100,100,100,100,100,99.5
ASV_3927,NA,NA,NA,NA,NA,NA,NA,NA,NA,NA,NA,NA,NA,NA
ASV_3928,Bacteria,Pseudomonadota,Gammaproteobacteria,Cellvibrionales,Cellvibrionaceae,Eionea,Eionea nigra,100.00000000000001,100.00000000000001,100.00000000000001,36.00000000000002,36.00000000000002,33.16666666666667,33.16666666666667
ASV_3929,Bacteria,Pseudomonadota,Alphaproteobacteria,Rhodobacterales,Roseobacteraceae,Thalassovita,Thalassovita mediterranea,100,100,100,100,78.76666666666667,67.31666666666666,66.0333333333333
ASV_3930,Bacteria,Pseudomonadota,Alphaproteobacteria,Rhodobacterales,Roseobacteraceae,Roseovarius,Roseovarius pacificus,100.00000000000001,100.00000000000001,100.00000000000001,100.00000000000001,79.9,72.6166666666667,72.6166666666667
ASV_3931,NA,NA,NA,NA,NA,NA,NA,NA,NA,NA,NA,NA,NA,NA
ASV_3932,Bacteria,Actinomycetota,Actinomycetes,Micrococcales,Microbacteriaceae,Rathayibacter,Rathayibacter oskolensis,99.99999999999996,99.99999999999996,99.99999999999996,99.99999999999996,99.99999999999996,92.80744810744802,54.824999999999974
ASV_3933,Bacteria,Bacteroidota,Flavobacteriia,Flavobacteriales,Flavobacteriaceae,Hyunsoonleella,Hyunsoonleella aestuarii,100.00000000000001,100.00000000000001,100.00000000000001,100.00000000000001,100.00000000000001,37.583333333333336,37.583333333333336
ASV_3934,NA,NA,NA,NA,NA,NA,NA,NA,NA,NA,NA,NA,NA,NA
ASV_3935,Bacteria,Bacteroidota,Flavobacteriia,Flavobacteriales,Flavobacteriaceae,Pukyongia,Pukyongia salina,100,100,100,100,100,27.449999999999992,27.449999999999992
ASV_3936,NA,NA,NA,NA,NA,NA,NA,NA,NA,NA,NA,NA,NA,NA
ASV_3937,NA,NA,NA,NA,NA,NA,NA,NA,NA,NA,NA,NA,NA,NA
ASV_3938,Bacteria,Bacteroidota,Flavobacteriia,Flavobacteriales,Flavobacteriaceae,Pontimicrobium,Pontimicrobium aquaticum,100,100,100,100,100,26.75,26.75
ASV_3939,Bacteria,Bacteroidota,Flavobacteriia,Flavobacteriales,Flavobacteriaceae,Winogradskyella,Winogradskyella echinorum,100,100,100,100,100,80.83333333333331,43.00000000000001
ASV_3940,Bacteria,Pseudomonadota,Alphaproteobacteria,Kordiimonadales,Kordiimonadaceae,Kordiimonas,Kordiimonas marina,100,100,100,100,100,100,33.7
ASV_3941,Bacteria,Bacteroidota,Flavobacteriia,Flavobacteriales,Flavobacteriaceae,Polaribacter,Siansivirga zeaxanthinifaciens,100,100,100,100,100,29,26
ASV_3942,Bacteria,Bacteroidota,Flavobacteriia,Flavobacteriales,Flavobacteriaceae,Seonamhaeicola,Seonamhaeicola aphaedonensis,100,100,100,100,100,100,98
ASV_3943,Bacteria,Pseudomonadota,Gammaproteobacteria,Cellvibrionales,Cellvibrionaceae,Pseudoteredinibacter,Pseudoteredinibacter isoporae,100,100,100,100,100,100,100
ASV_3944,NA,NA,NA,NA,NA,NA,NA,NA,NA,NA,NA,NA,NA,NA
ASV_3945,NA,NA,NA,NA,NA,NA,NA,NA,NA,NA,NA,NA,NA,NA
ASV_3946,NA,NA,NA,NA,NA,NA,NA,NA,NA,NA,NA,NA,NA,NA
ASV_3947,Bacteria,Bacteroidota,Flavobacteriia,Flavobacteriales,Flavobacteriaceae,Dokdonia,Dokdonia lutea,100,100,100,100,100,100,68
ASV_3948,Bacteria,Bacteroidota,Flavobacteriia,Flavobacteriales,Flavobacteriaceae,Seonamhaeicola,Seonamhaeicola aphaedonensis,100.00000000000003,100.00000000000003,100.00000000000003,100.00000000000003,100.00000000000003,27.616666666666678,20.783333333333328
ASV_3949,Bacteria,Bacteroidota,Flavobacteriia,Flavobacteriales,Flavobacteriaceae,Seonamhaeicola,Seonamhaeicola aphaedonensis,100,100,100,100,100,98,90
ASV_3950,Bacteria,Pseudomonadota,Alphaproteobacteria,Rhodobacterales,Roseobacteraceae,Celeribacter,Phaeobacter italicus,100,100,100,94.96666666666667,62.383333333333304,33.78333333333333,26.449999999999992
ASV_3951,Bacteria,Bacteroidota,Flavobacteriia,Flavobacteriales,Flavobacteriaceae,Seonamhaeicola,Seonamhaeicola aphaedonensis,100,100,100,100,100,95.50000000000001,95.00000000000001
ASV_3952,Bacteria,Bacillota,Bacilli,Lactobacillales,Streptococcaceae,Streptococcus,Streptococcus pluranimalium,100,100,100,100,100,100,92.83333333333333
ASV_3953,Bacteria,Pseudomonadota,Gammaproteobacteria,Pseudomonadales,Ketobacteraceae,Ketobacter,Ketobacter nezhaii,100,100,100,100,100,100,53
ASV_3954,Bacteria,Pseudomonadota,Gammaproteobacteria,Alteromonadales,Colwelliaceae,Thalassotalea,Thalassotalea coralli,100,100,100,100,100,100,69
ASV_3955,Bacteria,Pseudomonadota,Gammaproteobacteria,Alteromonadales,Colwelliaceae,Thalassotalea,Thalassotalea coralli,99.99999999999999,99.99999999999999,99.99999999999999,99.99999999999999,92.3333333333333,90,35.25
ASV_3956,Bacteria,Pseudomonadota,Gammaproteobacteria,Thiotrichales,Fastidiosibacteraceae,Cysteiniphilum,Cysteiniphilum litorale,100,100,100,100,100,84,84
ASV_3957,Bacteria,Bacteroidota,Flavobacteriia,Flavobacteriales,Flavobacteriaceae,Allomuricauda,Allomuricauda amphidinii,100,100,100,100,100,97.5,59.833333333333336
ASV_3958,Bacteria,Bacteroidota,Flavobacteriia,Flavobacteriales,Flavobacteriaceae,Allomuricauda,Allomuricauda amphidinii,100.00000000000001,100.00000000000001,100.00000000000001,100.00000000000001,100.00000000000001,63.500000000000014,37.83333333333334
ASV_3959,Bacteria,Bacteroidota,Flavobacteriia,Flavobacteriales,Flavobacteriaceae,Seonamhaeicola,Seonamhaeicola aphaedonensis,100,100,100,100,100,79.16666666666667,53
ASV_3960,Bacteria,Pseudomonadota,Gammaproteobacteria,Oceanospirillales,Oceanospirillaceae,Oceanospirillum,Oceanospirillum multiglobuliferum,100,100,100,98.5,98.5,73.58333333333333,41.3
ASV_3961,Bacteria,Pseudomonadota,Gammaproteobacteria,Thiotrichales,Piscirickettsiaceae,Methylophaga,Methylophaga marina,100,100,100,100,100,74.69166666666666,37.58333333333333
ASV_3962,Bacteria,Planctomycetota,Planctomycetia,Planctomycetales,Planctomycetaceae,Fuerstiella,Fuerstiella marisgermanici,100,100,100,100,100,100,100
ASV_3963,Bacteria,Bacteroidota,Flavobacteriia,Flavobacteriales,Flavobacteriaceae,Gilvibacter,Gilvibacter sediminis,100,100,100,100,100,48.56666666666664,48.56666666666664
ASV_3964,Bacteria,Bacteroidota,Flavobacteriia,Flavobacteriales,Flavobacteriaceae,Gilvibacter,Gilvibacter sediminis,100,100,100,100,100,59.333333333333336,59.333333333333336
ASV_3965,NA,NA,NA,NA,NA,NA,NA,NA,NA,NA,NA,NA,NA,NA
ASV_3966,Bacteria,Bacteroidota,Flavobacteriia,Flavobacteriales,Flavobacteriaceae,Seonamhaeicola,Seonamhaeicola aphaedonensis,100,100,100,100,100,95.5,93.5
ASV_3967,Bacteria,Pseudomonadota,Alphaproteobacteria,Rhodobacterales,Roseobacteraceae,Thalassovita,Thalassovita mediterranea,100,100,100,100,84.83333333333333,82.83333333333333,78.33333333333333
ASV_3968,Bacteria,Pseudomonadota,Gammaproteobacteria,Oceanospirillales,Oceanospirillaceae,Neptuniibacter,Neptuniibacter caesariensis,100,100,100,100,100,77,77
ASV_3969,Bacteria,Pseudomonadota,Gammaproteobacteria,Cellvibrionales,Cellvibrionaceae,Eionea,Eionea nigra,100,100,100,72.85,71.85,36.750000000000014,30.75000000000001
ASV_3970,Bacteria,Bacteroidota,Flavobacteriia,Flavobacteriales,Flavobacteriaceae,Pseudotenacibaculum,Pseudotenacibaculum haliotis,100,100,100,100,100,54.30952380952381,54.30952380952381
ASV_3971,NA,NA,NA,NA,NA,NA,NA,NA,NA,NA,NA,NA,NA,NA
ASV_3972,Bacteria,Bacteroidota,Saprospiria,Saprospirales,Lewinellaceae,Flavilitoribacter,Flavilitoribacter nigricans,100,100,100,100,100,100,100
ASV_3973,Bacteria,Bacteroidota,Saprospiria,Saprospirales,Lewinellaceae,Lewinella,Lewinella cohaerens,100,100,100,100,100,100,100
ASV_3974,NA,NA,NA,NA,NA,NA,NA,NA,NA,NA,NA,NA,NA,NA
ASV_3975,NA,NA,NA,NA,NA,NA,NA,NA,NA,NA,NA,NA,NA,NA
ASV_3976,Bacteria,Bacteroidota,Flavobacteriia,Flavobacteriales,Flavobacteriaceae,Seonamhaeicola,Seonamhaeicola aphaedonensis,100,100,100,100,100,93.83333333333333,81.33333333333333
ASV_3977,Bacteria,Bacteroidota,Flavobacteriia,Flavobacteriales,Flavobacteriaceae,Allomuricauda,Allomuricauda ochracea,100,100,100,100,100,100,57.5
ASV_3978,Bacteria,Bacteroidota,Saprospiria,Saprospirales,Saprospiraceae,Aureispira,Aureispira maritima,100,100,100,100,100,100,100
ASV_3979,NA,NA,NA,NA,NA,NA,NA,NA,NA,NA,NA,NA,NA,NA
ASV_3980,Bacteria,Pseudomonadota,Gammaproteobacteria,Alteromonadales,Colwelliaceae,Thalassotalea,Thalassomonas viridans,99.99999999999999,99.99999999999999,99.99999999999999,99.99999999999999,88.8333333333333,55.50000000000001,33.33333333333333
ASV_3981,Bacteria,Bdellovibrionota,Bacteriovoracia,Bacteriovoracales,Bacteriovoracaceae,Bacteriovorax,Bacteriovorax stolpii,100,100,100,100,91.66666666666666,91.66666666666666,91.66666666666666
ASV_3982,Bacteria,Pseudomonadota,Gammaproteobacteria,Alteromonadales,Colwelliaceae,Thalassotalea,Thalassotalea coralli,100,100,100,97.99999999999999,88.99999999999999,76.16666666666664,25.16666666666666
ASV_3983,Bacteria,Myxococcota,NA,Polyangiales,Polyangiaceae,Chondromyces,Chondromyces lanuginosus,100,100,100,100,100,72.33333333333333,69.33333333333333
ASV_3984,NA,NA,NA,NA,NA,NA,NA,NA,NA,NA,NA,NA,NA,NA
ASV_3985,Bacteria,Pseudomonadota,Gammaproteobacteria,Alteromonadales,Colwelliaceae,Thalassotalea,Thalassotalea coralli,99.99999999999999,99.99999999999999,99.99999999999999,99.28571428571429,78.78571428571432,78.78571428571432,37.64285714285716
ASV_3986,NA,NA,NA,NA,NA,NA,NA,NA,NA,NA,NA,NA,NA,NA
ASV_3987,Bacteria,Verrucomicrobiota,Opitutae,Puniceicoccales,Coraliomargaritaceae,Coraliomargarita,Coraliomargarita akajimensis,100.00000000000001,100.00000000000001,97.9166666666667,97.9166666666667,97.9166666666667,97.9166666666667,60.50000000000001
ASV_3988,Bacteria,Bacteroidota,Flavobacteriia,Flavobacteriales,Flavobacteriaceae,Dokdonia,Dokdonia lutea,100,100,100,100,100,100,100
ASV_3989,Bacteria,Pseudomonadota,Gammaproteobacteria,Oceanospirillales,Oceanospirillaceae,Oleiphilus,Oleiphilus messinensis,100,100,100,53,29.333333333333325,21.33333333333333,21.33333333333333
ASV_3990,Bacteria,Pseudomonadota,Gammaproteobacteria,Vibrionales,Vibrionaceae,Photobacterium,Photobacterium alginatilyticum,100,100,100,100,100,100,100
ASV_3991,Bacteria,Pseudomonadota,Gammaproteobacteria,Oceanospirillales,Oceanospirillaceae,Neptuniibacter,Neptuniibacter caesariensis,100,100,100,100,100,100,83
ASV_3992,Bacteria,Pseudomonadota,Gammaproteobacteria,Thiotrichales,Fastidiosibacteraceae,Fangia,Fangia hongkongensis,100,100,100,74.66666666666667,74.66666666666667,62.83333333333334,62.83333333333334
ASV_3993,Bacteria,Pseudomonadota,Gammaproteobacteria,Alteromonadales,Colwelliaceae,Thalassotalea,Thalassotalea agarivorans,100,100,100,100,100,100,100
ASV_3994,Bacteria,Bacteroidota,Flavobacteriia,Flavobacteriales,Flavobacteriaceae,Dokdonia,Dokdonia lutea,100,100,100,100,100,100,100
ASV_3995,Bacteria,Bacteroidota,Flavobacteriia,Flavobacteriales,Flavobacteriaceae,Dokdonia,Dokdonia lutea,100,100,100,100,100,100,92.5
ASV_3996,Bacteria,Pseudomonadota,Gammaproteobacteria,Alteromonadales,Alteromonadaceae,Aestuariibacter,Aestuariibacter halophilus,100,100,100,100,100,72.2,72.2
ASV_3997,Bacteria,Pseudomonadota,Gammaproteobacteria,Thiotrichales,Fastidiosibacteraceae,Cysteiniphilum,Cysteiniphilum litorale,100,100,100,100,100,88,87
ASV_3998,Bacteria,Pseudomonadota,Alphaproteobacteria,Rhodospirillales,Thalassobaculaceae,Nisaea,Nisaea denitrificans,100.00000000000001,100.00000000000001,100.00000000000001,100.00000000000001,58.500000000000014,58.500000000000014,47.33333333333334
ASV_3999,Bacteria,Pseudomonadota,Alphaproteobacteria,Maricaulales,Robiginitomaculaceae,Fretibacter,Fretibacter rubidus,100,100,100,100,100,84.66666666666666,84.66666666666666
ASV_4000,Bacteria,Balneolota,Balneolia,Balneolales,Balneolaceae,Gracilimonas,Gracilimonas tropica,100,100,100,100,100,64.83333333333331,40.25
ASV_4001,Bacteria,Verrucomicrobiota,Verrucomicrobiae,Verrucomicrobiales,Verrucomicrobiaceae,Sulfuriroseicoccus,Sulfuriroseicoccus oceanibius,100,100,100,100,100,100,100
ASV_4002,Bacteria,Pseudomonadota,Alphaproteobacteria,Rhodobacterales,Paracoccaceae,Qingshengfaniella,Qingshengfaniella alkalisoli,100,100,100,100,84.50000000000001,57.33333333333335,57.33333333333335
ASV_4003,Bacteria,Bacteroidota,Cytophagia,Cytophagales,Microscillaceae,Microscilla,Microscilla marina,100,100,100,100,100,100,100
ASV_4004,Bacteria,Pseudomonadota,Gammaproteobacteria,Cellvibrionales,Halieaceae,Haliea,Haliea atlantica,100,100,52.5,52.5,52.5,52.5,52.5
ASV_4005,Bacteria,Pseudomonadota,Alphaproteobacteria,Rhodospirillales,Thalassobaculaceae,Thalassobaculum,Thalassobaculum fulvum,100,100,100,100,65.50000000000001,45,38.66666666666666
ASV_4006,NA,NA,NA,NA,NA,NA,NA,NA,NA,NA,NA,NA,NA,NA
ASV_4007,NA,NA,NA,NA,NA,NA,NA,NA,NA,NA,NA,NA,NA,NA
ASV_4008,NA,NA,NA,NA,NA,NA,NA,NA,NA,NA,NA,NA,NA,NA
ASV_4009,Bacteria,Bacteroidota,Cytophagia,Cytophagales,Catalimonadaceae,Catalinimonas,Catalinimonas niigatensis,100,100,100,100,43.91666666666665,43.41666666666665,43.41666666666665
ASV_4010,Bacteria,Bacteroidota,Saprospiria,Saprospirales,Lewinellaceae,Lewinella,Lewinella cohaerens,100,100,100,100,100,100,100
ASV_4011,Bacteria,Actinomycetota,Actinomycetes,Mycobacteriales,Corynebacteriaceae,Corynebacterium,Corynebacterium pseudodiphtheriticum,100,100,100,100,100,100,63.716666666666654
ASV_4012,NA,NA,NA,NA,NA,NA,NA,NA,NA,NA,NA,NA,NA,NA
ASV_4013,Bacteria,Pseudomonadota,Alphaproteobacteria,Rhodobacterales,Paracoccaceae,Halovulum,Halovulum marinum,100.00000000000001,100.00000000000001,100.00000000000001,100.00000000000001,71.27777777777776,65.94444444444446,64.61111111111111
ASV_4014,Bacteria,Bacteroidota,Cytophagia,Cytophagales,Reichenbachiellaceae,Marinoscillum,Marinoscillum pacificum,100,100,100,100,97.5,97.5,97.5
ASV_4015,Bacteria,Pseudomonadota,Gammaproteobacteria,Woeseiales,Woeseiaceae,Woeseia,Woeseia oceani,100,100,100,70.33333333333331,70.33333333333331,70.33333333333331,70.33333333333331
ASV_4016,Bacteria,Pseudomonadota,Gammaproteobacteria,Alteromonadales,Colwelliaceae,Thalassotalea,Thalassotalea coralli,100,100,100,100,96,75.83333333333333,31.83333333333333
ASV_4017,Bacteria,Bacteroidota,Flavobacteriia,Flavobacteriales,Flavobacteriaceae,Winogradskyella,Winogradskyella poriferorum,100,100,100,100,100,68.66666666666667,36.83333333333333
ASV_4018,Bacteria,Pseudomonadota,Alphaproteobacteria,Rhodobacterales,Roseobacteraceae,Ruegeria,Ruegeria marisrubri,100,100,100,100,73.49523809523812,33.57857142857145,23.778571428571432
ASV_4019,Bacteria,Pseudomonadota,Gammaproteobacteria,Alteromonadales,Alteromonadaceae,Salinimonas,Salinimonas chungwhensis,100,100,100,100,100,98.33333333333333,83.33333333333333
ASV_4020,NA,NA,NA,NA,NA,NA,NA,NA,NA,NA,NA,NA,NA,NA
ASV_4021,Bacteria,Actinomycetota,Acidimicrobiia,Acidimicrobiales,Iamiaceae,Actinomarinicola,Actinomarinicola tropica,100,100,100,100,100,76,76
ASV_4022,Bacteria,Myxococcota,NA,Haliangiales,Kofleriaceae,Kofleria,Kofleria flava,100,100,100,100,100,95.5,95.5
ASV_4023,Bacteria,Bacteroidota,Cytophagia,Cytophagales,Reichenbachiellaceae,Ekhidna,Ekhidna lutea,100,100,100,100,100,100,100
ASV_4024,Bacteria,Pseudomonadota,Alphaproteobacteria,Rhodobacterales,Roseobacteraceae,Roseovarius,Loktanella aquimaris,99.99999999999999,99.99999999999999,99.99999999999999,99.99999999999999,76.84444444444443,28.26666666666667,18.227777777777778
ASV_4025,NA,NA,NA,NA,NA,NA,NA,NA,NA,NA,NA,NA,NA,NA
ASV_4026,Bacteria,Pseudomonadota,Gammaproteobacteria,Pseudomonadales,Pseudohongiellaceae,Pseudohongiella,Pseudohongiella nitratireducens,100,100,100,100,100,100,51.33333333333333
ASV_4027,Bacteria,Bacteroidota,Flavobacteriia,Flavobacteriales,Flavobacteriaceae,Polaribacter,Polaribacter marinivivus,100,100,100,100,100,54.16666666666665,36.66666666666665
ASV_4028,Bacteria,Campylobacterota,Epsilonproteobacteria,Campylobacterales,Sulfurimonadaceae,Sulfurimonas,Sulfurimonas paralvinellae,100,100,100,100,100,100,95.16666666666669
ASV_4029,Bacteria,Campylobacterota,Epsilonproteobacteria,Campylobacterales,Sulfurimonadaceae,Sulfurimonas,Sulfurimonas lithotrophica,100,100,100,100,100,100,83.34285714285711
ASV_4030,Bacteria,Nitrospinota,Nitrospinia,Nitrospinales,Nitrospinaceae,Nitrospina,Nitrospina gracilis,100,100,100,100,100,100,91
ASV_4031,Bacteria,Pseudomonadota,Gammaproteobacteria,Alteromonadales,Pseudoalteromonadaceae,Pseudoalteromonas,Pseudoalteromonas gelatinilytica,100,100,100,100,96.8,96.8,29.21666666666666
ASV_4032,Bacteria,Bacteroidota,Flavobacteriia,Flavobacteriales,Flavobacteriaceae,Allomuricauda,Allomuricauda amphidinii,100,100,100,100,100,100,100
ASV_4033,NA,NA,NA,NA,NA,NA,NA,NA,NA,NA,NA,NA,NA,NA
ASV_4034,Bacteria,Pseudomonadota,Gammaproteobacteria,Alteromonadales,Pseudoalteromonadaceae,Psychrosphaera,Psychrosphaera aestuarii,100,100,100,100,100,94.83333333333333,39.083333333333336
ASV_4035,Bacteria,Pseudomonadota,Gammaproteobacteria,Alteromonadales,Alteromonadaceae,Alteromonas,Salinimonas chungwhensis,100.00000000000001,100.00000000000001,100.00000000000001,100.00000000000001,100.00000000000001,47.250000000000014,40.41666666666666
ASV_4036,Bacteria,Bacteroidota,Saprospiria,Saprospirales,Saprospiraceae,Saprospira,Saprospira grandis,100,100,100,100,100,100,100
ASV_4037,Bacteria,Pseudomonadota,Gammaproteobacteria,Vibrionales,Vibrionaceae,Vibrio,Vibrio diabolicus,100,100,100,100,100,100,66.7333333333333
ASV_4038,Bacteria,Pseudomonadota,Gammaproteobacteria,Alteromonadales,Pseudoalteromonadaceae,Pseudoalteromonas,Pseudoalteromonas piratica,100,100,100,100,100,100,42.183333333333344
ASV_4039,Bacteria,Pseudomonadota,Gammaproteobacteria,Oceanospirillales,Oceanospirillaceae,Litoribacillus,Litoribacillus peritrichatus,100,100,100,53.56904761904763,53.56904761904763,42.53333333333335,42.53333333333335
ASV_4040,Bacteria,Pseudomonadota,Gammaproteobacteria,Oceanospirillales,Oceanospirillaceae,Bacterioplanoides,Bacterioplanoides pacificum,100,100,100,82.83333333333333,82.08333333333333,54.50000000000001,54.50000000000001
ASV_4041,Bacteria,Pseudomonadota,Gammaproteobacteria,Alteromonadales,Pseudoalteromonadaceae,Pseudoalteromonas,Pseudoalteromonas gelatinilytica,100.00000000000001,100.00000000000001,100.00000000000001,100.00000000000001,100.00000000000001,100.00000000000001,29.95
ASV_4042,Bacteria,Pseudomonadota,Alphaproteobacteria,Rhodobacterales,Paracoccaceae,Antarcticimicrobium,Antarcticimicrobium luteum,100,100,100,100,71.75000000000001,65.05000000000001,63.35000000000001
ASV_4043,Bacteria,Pseudomonadota,Gammaproteobacteria,Vibrionales,Vibrionaceae,Vibrio,Vibrio fortis,100,100,100,100,100,100,63.00000000000002
ASV_4044,Bacteria,Pseudomonadota,Alphaproteobacteria,Rhodospirillales,Terasakiellaceae,Terasakiella,Terasakiella brassicae,100,100,100,100,100,100,98.33333333333333
ASV_4045,Bacteria,Campylobacterota,Epsilonproteobacteria,Campylobacterales,Arcobacteraceae,Malaciobacter,Malaciobacter halophilus,100.00000000000001,100.00000000000001,100.00000000000001,100.00000000000001,100.00000000000001,70.23333333333332,37.86666666666666
ASV_4046,Bacteria,Bacillota,Clostridia,Peptostreptococcales,Natronincolaceae,Alkaliphilus,Anoxynatronum buryatiense,100.00000000000006,100.00000000000006,100.00000000000006,80.00000000000004,59.75,59.75,20.000000000000004
ASV_4047,Bacteria,Pseudomonadota,Gammaproteobacteria,Pseudomonadales,Pseudomonadaceae,Pseudomonas,Pseudomonas khazarica,100,100,100,100,100,100,99.5
ASV_4048,Bacteria,Bacteroidota,Saprospiria,Saprospirales,Lewinellaceae,Lewinella,Lewinella cohaerens,100,100,100,100,51,51,51
ASV_4049,Bacteria,Bacteroidota,Flavobacteriia,Flavobacteriales,Flavobacteriaceae,Tenacibaculum,Tenacibaculum holothuriorum,100,100,100,100,100,56.5,56.5
ASV_4050,Bacteria,Bacteroidota,Flavobacteriia,Flavobacteriales,Flavobacteriaceae,Mesoflavibacter,Mesoflavibacter zeaxanthinifaciens,100.00000000000001,100.00000000000001,100.00000000000001,100.00000000000001,100.00000000000001,81.86666666666669,79.70000000000002
ASV_4051,Bacteria,Pseudomonadota,Gammaproteobacteria,Vibrionales,Vibrionaceae,Vibrio,Vibrio fortis,100,100,100,100,100,100,52.73333333333335
ASV_4052,Bacteria,Pseudomonadota,Gammaproteobacteria,Alteromonadales,Colwelliaceae,Thalassotalea,Thalassotalea loyana,100,100,100,100,100,98,55.50000000000001
ASV_4053,NA,NA,NA,NA,NA,NA,NA,NA,NA,NA,NA,NA,NA,NA
ASV_4054,Bacteria,Pseudomonadota,Gammaproteobacteria,Alteromonadales,Colwelliaceae,Thalassotalea,Thalassotalea loyana,100,100,100,100,100,100,92.5
ASV_4055,Bacteria,Pseudomonadota,Gammaproteobacteria,Vibrionales,Vibrionaceae,Vibrio,Vibrio tubiashii,100,100,100,100,100,100,85.25
ASV_4056,Bacteria,Pseudomonadota,Gammaproteobacteria,Vibrionales,Vibrionaceae,Vibrio,Vibrio aquimaris,100,100,100,100,100,100,56.65833333333333
ASV_4057,NA,NA,NA,NA,NA,NA,NA,NA,NA,NA,NA,NA,NA,NA
ASV_4058,Bacteria,Pseudomonadota,Alphaproteobacteria,Sphingomonadales,Erythrobacteraceae,Erythrobacter,Erythrobacter rubeus,100,100,100,100,95.33647625893047,51.64193898207059,49.57943898207059
ASV_4059,Bacteria,Bacillota,Bacilli,Lactobacillales,Streptococcaceae,Streptococcus,Streptococcus sanguinis,100,100,100,100,100,100,97.55000000000001
ASV_4060,NA,NA,NA,NA,NA,NA,NA,NA,NA,NA,NA,NA,NA,NA
ASV_4061,Bacteria,Pseudomonadota,Alphaproteobacteria,Kordiimonadales,Kordiimonadaceae,Kordiimonas,Kordiimonas laminariae,100,100,100,100,100,100,97
ASV_4062,NA,NA,NA,NA,NA,NA,NA,NA,NA,NA,NA,NA,NA,NA
ASV_4063,NA,NA,NA,NA,NA,NA,NA,NA,NA,NA,NA,NA,NA,NA
ASV_4064,NA,NA,NA,NA,NA,NA,NA,NA,NA,NA,NA,NA,NA,NA
ASV_4065,NA,NA,NA,NA,NA,NA,NA,NA,NA,NA,NA,NA,NA,NA
ASV_4066,Bacteria,Pseudomonadota,Gammaproteobacteria,Alteromonadales,Alteromonadaceae,Alteromonas,Alteromonas confluentis,100.00000000000001,100.00000000000001,100.00000000000001,100.00000000000001,100.00000000000001,83.38571428571431,61.53095238095236
ASV_4067,NA,NA,NA,NA,NA,NA,NA,NA,NA,NA,NA,NA,NA,NA
ASV_4068,Bacteria,Pseudomonadota,Gammaproteobacteria,Alteromonadales,Colwelliaceae,Thalassotalea,Thalassotalea coralli,100.00000000000001,100.00000000000001,100.00000000000001,98.00000000000001,95.33333333333334,86.66666666666669,31.41666666666667
ASV_4069,Bacteria,Verrucomicrobiota,Verrucomicrobiae,Verrucomicrobiales,Verrucomicrobiaceae,Haloferula,Haloferula harenae,100,100,100,100,100,100,39.83333333333333
ASV_4070,Bacteria,Pseudomonadota,Alphaproteobacteria,Rhodobacterales,Paracoccaceae,Brevirhabdus,Brevirhabdus pacifica,100.00000000000001,100.00000000000001,100.00000000000001,76.66666666666667,58.616666666666674,30.800000000000004,30.800000000000004
ASV_4071,Bacteria,Bacteroidota,Flavobacteriia,Flavobacteriales,Flavobacteriaceae,Olleya,Olleya aquimaris,100,100,100,100,100,25.949999999999992,25.949999999999992
ASV_4072,NA,NA,NA,NA,NA,NA,NA,NA,NA,NA,NA,NA,NA,NA
ASV_4073,Bacteria,Bacteroidota,Flavobacteriia,Flavobacteriales,Flavobacteriaceae,Maritimimonas,Maritimimonas rapanae,100.00000000000001,100.00000000000001,100.00000000000001,100.00000000000001,100.00000000000001,39.56666666666664,39.56666666666664
ASV_4074,Bacteria,Pseudomonadota,Gammaproteobacteria,Cellvibrionales,Cellvibrionaceae,Pseudomaricurvus,Pseudomaricurvus alkylphenolicus,100,100,100,100,100,99,99
ASV_4075,NA,NA,NA,NA,NA,NA,NA,NA,NA,NA,NA,NA,NA,NA
ASV_4076,Bacteria,Bacteroidota,Flavobacteriia,Flavobacteriales,Flavobacteriaceae,Seonamhaeicola,Seonamhaeicola aphaedonensis,100,100,100,100,100,100,97.83333333333333
ASV_4077,Bacteria,Bacteroidota,Flavobacteriia,Flavobacteriales,Flavobacteriaceae,Winogradskyella,Mangrovimonas spongiae,100.00000000000001,100.00000000000001,100.00000000000001,100.00000000000001,100.00000000000001,49.133333333333354,35.20000000000001
ASV_4078,Bacteria,Verrucomicrobiota,Verrucomicrobiae,Verrucomicrobiales,Verrucomicrobiaceae,Haloferula,Haloferula phyci,100,100,100,100,100,100,96
ASV_4079,Bacteria,Bacteroidota,Flavobacteriia,Flavobacteriales,Flavobacteriaceae,Pseudotenacibaculum,Pseudotenacibaculum haliotis,100.00000000000003,100.00000000000003,100.00000000000003,100.00000000000003,100.00000000000003,59.266666666666666,59.266666666666666
ASV_4080,Bacteria,Bacteroidota,Flavobacteriia,Flavobacteriales,Flavobacteriaceae,Seonamhaeicola,Seonamhaeicola aphaedonensis,100,100,100,100,100,100,100
ASV_4081,Bacteria,Bacteroidota,Flavobacteriia,Flavobacteriales,Flavobacteriaceae,Seonamhaeicola,Seonamhaeicola aphaedonensis,100,100,100,100,100,41.119047619047606,38.64285714285715
ASV_4082,Bacteria,Bacteroidota,Flavobacteriia,Flavobacteriales,Flavobacteriaceae,Mangrovimonas,Mangrovimonas yunxiaonensis,100.00000000000003,100.00000000000003,100.00000000000003,100.00000000000003,100.00000000000003,68.9166666666667,67.9166666666667
ASV_4083,Bacteria,Pseudomonadota,Gammaproteobacteria,Pseudomonadales,Pseudomonadaceae,Pseudomonas,Pseudomonas faucium,100.00000000000003,100.00000000000003,100.00000000000003,100.00000000000003,100.00000000000003,99.46582633053224,17.36094869183103
ASV_4084,Bacteria,Pseudomonadota,Gammaproteobacteria,Oceanospirillales,Oceanospirillaceae,Amphritea,Amphritea japonica,100,100,100,100,100,98.16666666666667,81.66666666666667
ASV_4085,Bacteria,Pseudomonadota,Gammaproteobacteria,Alteromonadales,Colwelliaceae,Thalassotalea,Thalassotalea coralli,100,100,100,98.99999999999999,96.0833333333333,85.25,29.5
ASV_4086,Bacteria,Bacteroidota,Flavobacteriia,Flavobacteriales,Flavobacteriaceae,Seonamhaeicola,Seonamhaeicola aphaedonensis,100,100,100,100,100,100,99
ASV_4087,Bacteria,Pseudomonadota,Gammaproteobacteria,Alteromonadales,Colwelliaceae,Thalassotalea,Thalassotalea atypica,100,100,100,100,81,70,70
ASV_4088,Bacteria,Bacteroidota,Flavobacteriia,Flavobacteriales,Flavobacteriaceae,Seonamhaeicola,Seonamhaeicola aphaedonensis,100,100,100,100,100,99.5,98.5
ASV_4089,Bacteria,Pseudomonadota,Gammaproteobacteria,Alteromonadales,Colwelliaceae,Thalassotalea,Thalassotalea coralli,100,100,100,100,100,78.5,38.25000000000001
ASV_4090,Bacteria,Bacteroidota,Flavobacteriia,Flavobacteriales,Flavobacteriaceae,Dokdonia,Dokdonia lutea,100,100,100,100,100,100,96
ASV_4091,Bacteria,Bacteroidota,Flavobacteriia,Flavobacteriales,Flavobacteriaceae,Seonamhaeicola,Seonamhaeicola maritimus,100,100,100,100,100,100,65
ASV_4092,NA,NA,NA,NA,NA,NA,NA,NA,NA,NA,NA,NA,NA,NA
ASV_4093,Bacteria,Pseudomonadota,Gammaproteobacteria,Alteromonadales,Colwelliaceae,Thalassotalea,Thalassotalea loyana,100,100,100,100,100,100,70.83333333333333
ASV_4094,Bacteria,Pseudomonadota,Alphaproteobacteria,Rhodobacterales,Roseobacteraceae,Primorskyibacter,Primorskyibacter aestuariivivens,100,100,100,100,70.68333333333332,31.76666666666666,31.76666666666666
ASV_4095,Bacteria,Verrucomicrobiota,Opitutae,Puniceicoccales,Coraliomargaritaceae,Coraliomargarita,Coraliomargarita akajimensis,100,100,100,100,100,100,74.66666666666667
ASV_4096,NA,NA,NA,NA,NA,NA,NA,NA,NA,NA,NA,NA,NA,NA
ASV_4097,Bacteria,Pseudomonadota,Gammaproteobacteria,Alteromonadales,Colwelliaceae,Thalassotalea,Thalassotalea loyana,100,100,100,100,100,100,100
ASV_4098,Bacteria,Pseudomonadota,Gammaproteobacteria,Alteromonadales,Colwelliaceae,Thalassotalea,Thalassotalea coralli,100,100,100,100,100,94.5,82.83333333333333
ASV_4099,Bacteria,Pseudomonadota,Gammaproteobacteria,Alteromonadales,Colwelliaceae,Thalassotalea,Thalassotalea coralli,99.99999999999999,99.99999999999999,99.99999999999999,98.99999999999997,90.25,72.83333333333333,27.33333333333333
ASV_4100,Bacteria,Pseudomonadota,Gammaproteobacteria,Alteromonadales,Colwelliaceae,Thalassotalea,Thalassotalea insulae,100,100,100,100,100,96.7833333333333,45.11666666666664
ASV_4101,Bacteria,Bacteroidota,Saprospiria,Saprospirales,Saprospiraceae,Aureispira,Aureispira marina,100,100,100,100,100,100,70
ASV_4102,Bacteria,Pseudomonadota,Gammaproteobacteria,Alteromonadales,Colwelliaceae,Thalassotalea,Thalassotalea coralli,100,100,100,99.04545454545452,90.3560606060606,81.77272727272725,33.50757575757576
ASV_4103,Bacteria,Bacteroidota,Flavobacteriia,Flavobacteriales,Cryomorphaceae,Acidiluteibacter,Acidiluteibacter ferrifornacis,100,100,100,100,97.5,97.5,97.5
ASV_4104,Bacteria,Bacteroidota,Flavobacteriia,Flavobacteriales,Flavobacteriaceae,Christiangramia,Rasiella rasia,100,100,100,100,100,27.16666666666667,26.000000000000007
ASV_4105,Bacteria,Bacteroidota,Flavobacteriia,Flavobacteriales,Flavobacteriaceae,Dokdonia,Dokdonia lutea,100,100,100,100,100,100,58.66666666666665
ASV_4106,Bacteria,Bacteroidota,Flavobacteriia,Flavobacteriales,Flavobacteriaceae,Seonamhaeicola,Seonamhaeicola aphaedonensis,100,100,100,100,100,93.5,92
ASV_4107,NA,NA,NA,NA,NA,NA,NA,NA,NA,NA,NA,NA,NA,NA
ASV_4108,Bacteria,Pseudomonadota,Gammaproteobacteria,Pseudomonadales,Oceanospirillaceae,Pseudohongiella,Pseudohongiella spirulinae,100,100,100,45.50000000000003,40.833333333333336,40.50000000000001,38.00000000000001
ASV_4109,Bacteria,Bacteroidota,Flavobacteriia,Flavobacteriales,Flavobacteriaceae,Formosa,Formosa sediminum,100.00000000000003,100.00000000000003,100.00000000000003,100.00000000000003,100.00000000000003,24.833333333333332,22.333333333333332
ASV_4110,Bacteria,Pseudomonadota,Gammaproteobacteria,Alteromonadales,Colwelliaceae,Thalassotalea,Thalassotalea coralli,100,100,100,100,95.16666666666667,80.33333333333331,22.166666666666668
ASV_4111,Bacteria,Pseudomonadota,Gammaproteobacteria,Thiotrichales,Francisellaceae,Francisella,Francisella philomiragia,100,100,100,100,100,100,48.87500000000003
ASV_4112,NA,NA,NA,NA,NA,NA,NA,NA,NA,NA,NA,NA,NA,NA
ASV_4113,NA,NA,NA,NA,NA,NA,NA,NA,NA,NA,NA,NA,NA,NA
ASV_4114,Bacteria,Pseudomonadota,Alphaproteobacteria,Rhodobacterales,Paracoccaceae,Abyssibius,Abyssibius alkaniclasticus,100,100,100,100,100,67.5,67.5
ASV_4115,Bacteria,Bacteroidota,Flavobacteriia,Flavobacteriales,Flavobacteriaceae,Tamlana,Tamlana nanhaiensis,100,100,100,100,100,77.33333333333331,75
ASV_4116,Bacteria,Pseudomonadota,Gammaproteobacteria,Alteromonadales,Alteromonadaceae,Salinimonas,Salinimonas lutimaris,100,100,100,100,100,50.97619047619052,40.00000000000003
ASV_4117,Bacteria,Pseudomonadota,Gammaproteobacteria,Alteromonadales,Colwelliaceae,Thalassotalea,Thalassotalea coralli,100,100,100,98,92.83333333333331,92.5,36.41666666666665
ASV_4118,Bacteria,Pseudomonadota,Gammaproteobacteria,Alteromonadales,Colwelliaceae,Thalassotalea,Thalassotalea coralli,100,100,100,100,100,96.5,56.5
ASV_4119,Bacteria,Pseudomonadota,Gammaproteobacteria,Alteromonadales,Colwelliaceae,Thalassotalea,Thalassotalea coralli,100,100,100,100,99,95,42.50000000000001
ASV_4120,Bacteria,Bacteroidota,Flavobacteriia,Flavobacteriales,Flavobacteriaceae,Dokdonia,Dokdonia lutea,100,100,100,100,100,100,88.5
ASV_4121,Bacteria,Bacteroidota,Flavobacteriia,Flavobacteriales,Flavobacteriaceae,Dokdonia,Dokdonia lutea,100,100,100,100,100,100,98
ASV_4122,Bacteria,Pseudomonadota,Gammaproteobacteria,Alteromonadales,Alteromonadaceae,Alteromonas,Alteromonas confluentis,100.00000000000001,100.00000000000001,100.00000000000001,100.00000000000001,100.00000000000001,84.80000000000004,59.78728766360338
ASV_4123,Bacteria,Pseudomonadota,Alphaproteobacteria,Hyphomonadales,Hyphomonadaceae,Hyphomonas,Hyphomonas polymorpha,100.00000000000001,100.00000000000001,100.00000000000001,100.00000000000001,100.00000000000001,91.83333333333333,45.46904761904759
ASV_4124,Bacteria,Bacteroidota,Flavobacteriia,Flavobacteriales,Flavobacteriaceae,Kordia,Kordia algicida,100,100,100,100,100,100,38.033333333333346
ASV_4125,NA,NA,NA,NA,NA,NA,NA,NA,NA,NA,NA,NA,NA,NA
ASV_4126,Bacteria,Bdellovibrionota,Bacteriovoracia,Bacteriovoracales,Halobacteriovoraceae,Halobacteriovorax,Halobacteriovorax litoralis,100,100,100,100,100,100,50.49999999999999
ASV_4127,Bacteria,Pseudomonadota,Gammaproteobacteria,Vibrionales,Vibrionaceae,Enterovibrio,Enterovibrio coralii,100,100,100,100,100,91.5333333333333,62.2
ASV_4128,Bacteria,Pseudomonadota,Gammaproteobacteria,Cellvibrionales,Cellvibrionaceae,Porticoccus,Porticoccus hydrocarbonoclasticus,100,100,100,67.1,34.33333333333333,18.59999999999999,17.199999999999996
ASV_4129,Bacteria,Myxococcota,NA,Nannocystales,Nannocystaceae,Plesiocystis,Plesiocystis pacifica,100,100,72.66666666666666,72.66666666666666,72.66666666666666,72,72
ASV_4130,NA,NA,NA,NA,NA,NA,NA,NA,NA,NA,NA,NA,NA,NA
ASV_4131,Bacteria,Pseudomonadota,Alphaproteobacteria,Rhodobacterales,Paracoccaceae,Thalassovita,Thalassovita mediterranea,100,100,100,81.66666666666669,51.92857142857146,29.23809523809525,28.30952380952382
ASV_4132,Bacteria,Bacteroidota,Saprospiria,Saprospirales,Lewinellaceae,Lewinella,Lewinella cohaerens,100,100,100,100,100,70.5,70.5
ASV_4133,NA,NA,NA,NA,NA,NA,NA,NA,NA,NA,NA,NA,NA,NA
ASV_4134,Bacteria,Pseudomonadota,Gammaproteobacteria,Thiotrichales,Fastidiosibacteraceae,Cysteiniphilum,Cysteiniphilum litorale,100,100,100,100,100,70.08333333333331,39.91666666666664
ASV_4135,Bacteria,Bdellovibrionota,Bacteriovoracia,Bacteriovoracales,Halobacteriovoraceae,Halobacteriovorax,Halobacteriovorax marinus,100,100,100,100,91.19999999999999,91.19999999999999,91.19999999999999
ASV_4136,NA,NA,NA,NA,NA,NA,NA,NA,NA,NA,NA,NA,NA,NA
ASV_4137,Bacteria,Planctomycetota,Planctomycetia,Pirellulales,Pirellulaceae,Mariniblastus,Mariniblastus fucicola,100,100,100,100,100,100,100
ASV_4138,Bacteria,Bacteroidota,Flavobacteriia,Flavobacteriales,Flavobacteriaceae,Pukyongia,Pukyongia salina,100,100,100,100,100,96.33333333333333,96.33333333333333
ASV_4139,Bacteria,Bacteroidota,Flavobacteriia,Flavobacteriales,Flavobacteriaceae,Croceivirga,Croceivirga lutea,100,100,100,100,100,94,80.5
ASV_4140,Bacteria,Bacteroidota,Cytophagia,Cytophagales,Reichenbachiellaceae,Ekhidna,Ekhidna lutea,100,100,100,100,100,100,100
ASV_4141,NA,NA,NA,NA,NA,NA,NA,NA,NA,NA,NA,NA,NA,NA
ASV_4142,Bacteria,Pseudomonadota,Gammaproteobacteria,Chromatiales,Ectothiorhodospiraceae,Inmirania,Inmirania thermothiophila,100,100,100,88,66.25,48.25,48.25
ASV_4143,Bacteria,Pseudomonadota,Gammaproteobacteria,Woeseiales,Woeseiaceae,Woeseia,Woeseia oceani,100,100,100,100,100,100,100
ASV_4144,Bacteria,Pseudomonadota,Alphaproteobacteria,Rhodobacterales,Roseobacteraceae,Ruegeria,Cribrihabitans pelagius,100,100,100,100,67.99880952380957,24.483333333333327,19.786904761904765
ASV_4145,Bacteria,Pseudomonadota,Alphaproteobacteria,Hyphomonadales,Hyphomonadaceae,Hyphomonas,Hyphomonas neptunium,100,100,100,91.95714285714284,91.95714285714284,91.95714285714284,42.107936507936486
ASV_4146,Bacteria,Balneolota,Balneolia,Balneolales,Balneolaceae,Gracilimonas,Balneola vulgaris,100,100,100,100,100,60.00000000000001,32.33333333333333
ASV_4147,Bacteria,Pseudomonadota,Alphaproteobacteria,Hyphomonadales,Hyphomonadaceae,Hyphomonas,Hyphomonas atlantica,100,100,100,100,100,100,53.283333333333346
ASV_4148,Bacteria,Bacteroidota,Saprospiria,Saprospirales,Lewinellaceae,Lewinella,Lewinella cohaerens,100,100,100,100,100,100,100
ASV_4149,Bacteria,Bacteroidota,Flavobacteriia,Flavobacteriales,Flavobacteriaceae,Robiginitalea,Robiginitalea biformata,100,100,100,100,100,84,52.16666666666665
ASV_4150,NA,NA,NA,NA,NA,NA,NA,NA,NA,NA,NA,NA,NA,NA
ASV_4151,Bacteria,Pseudomonadota,Alphaproteobacteria,Kordiimonadales,Kordiimonadaceae,Kordiimonas,Kordiimonas aquimaris,100,100,100,100,100,100,58.66666666666665
ASV_4152,NA,NA,NA,NA,NA,NA,NA,NA,NA,NA,NA,NA,NA,NA
ASV_4153,Bacteria,Pseudomonadota,Alphaproteobacteria,Hyphomonadales,Hyphomonadaceae,Hyphomonas,Hyphomonas neptunium,100,100,100,100,100,99.66666666666667,33.238095238095255
ASV_4154,Bacteria,Pseudomonadota,Gammaproteobacteria,Oceanospirillales,Oceanospirillaceae,Neptuniibacter,Neptuniibacter caesariensis,100,100,100,100,100,100,100
ASV_4155,NA,NA,NA,NA,NA,NA,NA,NA,NA,NA,NA,NA,NA,NA
ASV_4156,NA,NA,NA,NA,NA,NA,NA,NA,NA,NA,NA,NA,NA,NA
ASV_4157,Bacteria,Pseudomonadota,Alphaproteobacteria,Rhodobacterales,Roseobacteraceae,Thalassovita,Thalassovita mediterranea,100.00000000000001,100.00000000000001,100.00000000000001,100.00000000000001,79.50000000000001,77.50000000000001,75.41666666666669
ASV_4158,NA,NA,NA,NA,NA,NA,NA,NA,NA,NA,NA,NA,NA,NA
ASV_4159,Bacteria,Pseudomonadota,Gammaproteobacteria,Thiohalobacterales,Thiohalobacteraceae,Thiohalobacter,Thiohalobacter thiocyanaticus,100.00000000000006,100.00000000000006,100.00000000000006,73.41666666666671,73.41666666666671,73.41666666666671,73.41666666666671
ASV_4160,NA,NA,NA,NA,NA,NA,NA,NA,NA,NA,NA,NA,NA,NA
ASV_4161,Bacteria,Campylobacterota,Epsilonproteobacteria,Campylobacterales,Sulfurimonadaceae,Sulfurimonas,Sulfurimonas hydrogeniphila,100.00000000000001,100.00000000000001,100.00000000000001,100.00000000000001,100.00000000000001,100.00000000000001,24.76190476190477
ASV_4162,Bacteria,Pseudomonadota,Gammaproteobacteria,Alteromonadales,Pseudoalteromonadaceae,Pseudoalteromonas,Pseudoalteromonas gelatinilytica,100,100,100,94.3333333333333,94.3333333333333,94.3333333333333,27.916666666666657
ASV_4163,Bacteria,Bacteroidota,Flavobacteriia,Flavobacteriales,Flavobacteriaceae,Jejuia,Jejuia pallidilutea,100.00000000000001,100.00000000000001,100.00000000000001,100.00000000000001,100.00000000000001,26.83333333333333,26.83333333333333
ASV_4164,Bacteria,Bdellovibrionota,Bacteriovoracia,Bacteriovoracales,Halobacteriovoraceae,Halobacteriovorax,Halobacteriovorax marinus,100,100,100,100,100,100,80
ASV_4165,Bacteria,Pseudomonadota,Gammaproteobacteria,Alteromonadales,Alteromonadaceae,Alteromonas,Aestuariibacter halophilus,100,100,100,100,100,45.11666666666664,25.149999999999988
ASV_4166,Bacteria,Pseudomonadota,Alphaproteobacteria,Holosporales,Caedimonadaceae,Caedimonas,Caedimonas varicaedens,100,100,100,59.66666666666666,59.66666666666666,59.66666666666666,59.66666666666666
ASV_4167,Bacteria,Pseudomonadota,Gammaproteobacteria,Alteromonadales,Colwelliaceae,Thalassotalea,Thalassotalea sediminis,100.00000000000001,100.00000000000001,100.00000000000001,100.00000000000001,100.00000000000001,100.00000000000001,88.83333333333333
ASV_4168,Bacteria,Pseudomonadota,Gammaproteobacteria,Alteromonadales,Colwelliaceae,Thalassotalea,Thalassotalea euphylliae,100,100,100,100,100,100,52.83333333333333
ASV_4169,Bacteria,Pseudomonadota,Gammaproteobacteria,Pseudomonadales,Marinobacteraceae,Marinobacter,Marinobacter salsuginis,100,100,100,100,100,100,100
ASV_4170,Bacteria,Pseudomonadota,Gammaproteobacteria,Alteromonadales,Alteromonadaceae,Alteromonas,Alteromonas australica,100,100,100,100,100,72.92908902691512,19.55434089175507
ASV_4171,Bacteria,Planctomycetota,Planctomycetia,Pirellulales,Lacipirellulaceae,Bythopirellula,Bythopirellula polymerisocia,100,100,100,100,100,89.5,74
ASV_4172,Bacteria,Pseudomonadota,Gammaproteobacteria,Oceanospirillales,Oceanospirillaceae,Oceanospirillum,Oceanospirillum multiglobuliferum,100,100,100,50.750000000000014,50.750000000000014,44.75000000000001,19.06666666666667
ASV_4173,Bacteria,Pseudomonadota,Alphaproteobacteria,Hyphomicrobiales,Cohaesibacteraceae,Cohaesibacter,Cohaesibacter gelatinilyticus,100,100,100,100,100,100,93.5
ASV_4174,Bacteria,Pseudomonadota,Gammaproteobacteria,Alteromonadales,Pseudoalteromonadaceae,Pseudoalteromonas,Pseudoalteromonas luteoviolacea,100.00000000000001,100.00000000000001,100.00000000000001,100.00000000000001,99.63529622551363,99.63529622551363,21.707847392729136
ASV_4175,Bacteria,Pseudomonadota,Gammaproteobacteria,Alteromonadales,Alteromonadaceae,Salinimonas,Salinimonas chungwhensis,100,100,100,100,100,38.533333333333346,35.2
ASV_4176,Bacteria,Pseudomonadota,Gammaproteobacteria,Vibrionales,Vibrionaceae,Vibrio,Vibrio hepatarius,100,100,100,100,100,100,56.00000000000001
ASV_4177,Bacteria,Campylobacterota,Epsilonproteobacteria,Campylobacterales,Arcobacteraceae,Malaciobacter,Malaciobacter pacificus,100,100,100,100,100,71.56904761904762,47.316666666666656
ASV_4178,Bacteria,Pseudomonadota,Gammaproteobacteria,Vibrionales,Vibrionaceae,Vibrio,Vibrio fortis,100.00000000000001,100.00000000000001,100.00000000000001,66.65000000000002,66.65000000000002,63.150000000000034,47.40000000000002
ASV_4179,NA,NA,NA,NA,NA,NA,NA,NA,NA,NA,NA,NA,NA,NA
ASV_4180,Bacteria,Pseudomonadota,Gammaproteobacteria,Alteromonadales,Alteromonadaceae,Alteromonas,Alteromonas australica,100.00000000000001,100.00000000000001,100.00000000000001,100.00000000000001,100.00000000000001,72.5229319955407,17.628348390739692
ASV_4181,Bacteria,Bacteroidota,Flavobacteriia,Flavobacteriales,Flavobacteriaceae,Tenacibaculum,Tenacibaculum xiamenense,100,100,100,100,100,78,74.75
ASV_4182,Bacteria,Pseudomonadota,Alphaproteobacteria,Rhodobacterales,Roseobacteraceae,Thalassovita,Thalassovita aquimarina,100.00000000000001,100.00000000000001,100.00000000000001,100.00000000000001,95.50000000000001,95.50000000000001,63.500000000000014
ASV_4183,Bacteria,Pseudomonadota,Alphaproteobacteria,Hyphomonadales,Hyphomonadaceae,Hyphomonas,Hyphomonas atlantica,100,100,100,98.5,98.5,98,83.4833333333333
ASV_4184,NA,NA,NA,NA,NA,NA,NA,NA,NA,NA,NA,NA,NA,NA
ASV_4185,Bacteria,Pseudomonadota,Gammaproteobacteria,Oceanospirillales,Oceanospirillaceae,Oceanobacter,Oceanobacter mangrovi,100,100,100,100,100,99.33333333333333,59.00000000000001
ASV_4186,NA,NA,NA,NA,NA,NA,NA,NA,NA,NA,NA,NA,NA,NA
ASV_4187,Bacteria,Bacillota,Bacilli,Lactobacillales,Aerococcaceae,Abiotrophia,Abiotrophia defectiva,100,100,100,100,100,100,100
ASV_4188,Bacteria,Pseudomonadota,Alphaproteobacteria,Rhodobacterales,Roseobacteraceae,Sinisalibacter,Sinisalibacter lacisalsi,100,100,100,100,65.11904761904762,42.333333333333336,42.333333333333336
ASV_4189,Bacteria,Pseudomonadota,Gammaproteobacteria,Alteromonadales,Alteromonadaceae,Marisediminitalea,Marisediminitalea aggregata,100,100,100,100,100,53.45,53.45
ASV_4190,Bacteria,Bacteroidota,Flavobacteriia,Flavobacteriales,Flavobacteriaceae,Seonamhaeicola,Seonamhaeicola aphaedonensis,100,100,100,100,100,100,90
ASV_4191,NA,NA,NA,NA,NA,NA,NA,NA,NA,NA,NA,NA,NA,NA
ASV_4192,Bacteria,Pseudomonadota,Gammaproteobacteria,Cellvibrionales,Cellvibrionaceae,Pseudoteredinibacter,Pseudoteredinibacter isoporae,100,100,100,100,100,92,92
ASV_4193,Bacteria,Pseudomonadota,Gammaproteobacteria,Alteromonadales,Alteromonadaceae,Marisediminitalea,Marisediminitalea aggregata,100,100,100,100,93.75,72.75000000000001,72.75000000000001
ASV_4194,Bacteria,Pseudomonadota,Alphaproteobacteria,Rhodobacterales,Roseobacteraceae,Aliiruegeria,Aliiruegeria lutimaris,100.00000000000001,100.00000000000001,100.00000000000001,100.00000000000001,77.33809523809524,19.40238095238095,11.93452380952381
ASV_4195,Bacteria,Pseudomonadota,Gammaproteobacteria,Alteromonadales,Colwelliaceae,Thalassotalea,Thalassotalea crassostreae,100,100,100,100,93.20000000000002,62.50000000000001,46.50000000000001
ASV_4196,Bacteria,Pseudomonadota,Gammaproteobacteria,Alteromonadales,Colwelliaceae,Thalassotalea,Shewanella litorisediminis,100,100,100,100,61.800000000000004,61.800000000000004,14.583333333333336
ASV_4197,Bacteria,Pseudomonadota,Gammaproteobacteria,Alteromonadales,Colwelliaceae,Thalassotalea,Thalassotalea euphylliae,100.00000000000001,100.00000000000001,100.00000000000001,99.00000000000001,99.00000000000001,99.00000000000001,18.416666666666668
ASV_4198,NA,NA,NA,NA,NA,NA,NA,NA,NA,NA,NA,NA,NA,NA
ASV_4199,NA,NA,NA,NA,NA,NA,NA,NA,NA,NA,NA,NA,NA,NA
ASV_4200,Bacteria,Bacillota,Bacilli,Bacillales,Staphylococcaceae,Staphylococcus,Staphylococcus cohnii,99.99999999999997,99.99999999999997,99.99999999999997,99.99999999999997,99.99999999999997,99.99999999999997,78.24750892382468
ASV_4201,NA,NA,NA,NA,NA,NA,NA,NA,NA,NA,NA,NA,NA,NA
ASV_4202,Bacteria,Bacteroidota,Flavobacteriia,Flavobacteriales,Flavobacteriaceae,Seonamhaeicola,Seonamhaeicola aphaedonensis,100,100,100,100,100,100,99
ASV_4203,Bacteria,Bacteroidota,Flavobacteriia,Flavobacteriales,Flavobacteriaceae,Dokdonia,Dokdonia lutea,100,100,100,100,100,96,78.5
ASV_4204,Bacteria,Bacteroidota,Flavobacteriia,Flavobacteriales,Flavobacteriaceae,Constantimarinum,Constantimarinum furrinae,100,100,100,100,100,38.83333333333334,38.83333333333334
ASV_4205,Bacteria,Pseudomonadota,Alphaproteobacteria,Rhodobacterales,Paracoccaceae,Marimonas,Marimonas lutisalis,99.99999999999999,99.99999999999999,99.99999999999999,99.99999999999999,52.522222222222226,29.644444444444442,29.644444444444442
ASV_4206,Bacteria,Pseudomonadota,Gammaproteobacteria,Oceanospirillales,Oleiphilaceae,Oleiphilus,Oleiphilus messinensis,100,100,100,75.00000000000003,55.500000000000014,55.500000000000014,55.500000000000014
ASV_4207,Bacteria,Pseudomonadota,Gammaproteobacteria,Oceanospirillales,Oceanospirillaceae,Thalassolituus,Bacterioplanoides pacificum,100.00000000000001,100.00000000000001,100.00000000000001,69.49999999999999,69.49999999999999,35.83333333333334,22.5
ASV_4208,NA,NA,NA,NA,NA,NA,NA,NA,NA,NA,NA,NA,NA,NA
ASV_4209,Bacteria,Verrucomicrobiota,Opitutae,Puniceicoccales,Coraliomargaritaceae,Coraliomargarita,Coraliomargarita akajimensis,100,100,95.5,95.5,95.5,95.5,57.33333333333333
ASV_4210,Bacteria,Bacteroidota,Flavobacteriia,Flavobacteriales,Flavobacteriaceae,Seonamhaeicola,Seonamhaeicola aphaedonensis,100,100,100,100,100,100,90
ASV_4211,Bacteria,Pseudomonadota,Gammaproteobacteria,Legionellales,Coxiellaceae,Coxiella,Coxiella burnetii,100,100,100,100,100,100,84.5
ASV_4212,Bacteria,Bacteroidota,Flavobacteriia,Flavobacteriales,Flavobacteriaceae,Seonamhaeicola,Seonamhaeicola aphaedonensis,100,100,100,100,100,100,82.5
ASV_4213,Bacteria,Bacteroidota,Flavobacteriia,Flavobacteriales,Flavobacteriaceae,Tenacibaculum,Tenacibaculum litopenaei,100,100,100,100,100,100,100
ASV_4214,Bacteria,Pseudomonadota,Alphaproteobacteria,Sphingomonadales,Sphingomonadaceae,Sphingomonas,Sphingomonas sanxanigenens,100,100,100,100,100,100,48.002380952380946
ASV_4215,Bacteria,Pseudomonadota,Gammaproteobacteria,Alteromonadales,Pseudoalteromonadaceae,Pseudoalteromonas,Pseudoalteromonas gelatinilytica,100,100,100,100,100,100,29.3595238095238
ASV_4216,Bacteria,Bacteroidota,Flavobacteriia,Flavobacteriales,Flavobacteriaceae,Seonamhaeicola,Seonamhaeicola aphaedonensis,100.00000000000001,100.00000000000001,100.00000000000001,100.00000000000001,100.00000000000001,100.00000000000001,86.08333333333333
ASV_4217,Bacteria,Bacteroidota,Chitinophagia,Chitinophagales,Chitinophagaceae,Flavipsychrobacter,Flavipsychrobacter stenotrophus,100,100,100,100,100,79.91666666666669,79.91666666666669
ASV_4218,Bacteria,Bacteroidota,Flavobacteriia,Flavobacteriales,Flavobacteriaceae,Seonamhaeicola,Seonamhaeicola aphaedonensis,100,100,100,100,100,100,97.5
ASV_4219,Bacteria,Pseudomonadota,Gammaproteobacteria,Alteromonadales,Colwelliaceae,Thalassotalea,Thalassotalea loyana,100,100,100,100,100,100,65
ASV_4220,Bacteria,Bacteroidota,Flavobacteriia,Flavobacteriales,Flavobacteriaceae,Allomuricauda,Allomuricauda amphidinii,100,100,100,100,100,87.75000000000001,66.58333333333333
ASV_4221,Bacteria,Bacteroidota,Flavobacteriia,Flavobacteriales,Flavobacteriaceae,Christiangramia,Christiangramia bathymodioli,100,100,100,100,100,56.833333333333336,54.333333333333336
ASV_4222,Bacteria,Bacteroidota,Flavobacteriia,Flavobacteriales,Flavobacteriaceae,Dokdonia,Dokdonia lutea,100,100,100,100,100,100,100
ASV_4223,Bacteria,Pseudomonadota,Alphaproteobacteria,Rhodospirillales,Thalassobaculaceae,Nisaea,Nisaea nitritireducens,100,100,100,100,82.58333333333331,82.58333333333331,62.75
ASV_4224,Bacteria,Pseudomonadota,Gammaproteobacteria,Alteromonadales,Pseudoalteromonadaceae,Pseudoalteromonas,Pseudoalteromonas piratica,100.00000000000016,100.00000000000016,100.00000000000016,100.00000000000016,99.77528846153861,85.03413903625125,27.501616300366322
ASV_4225,NA,NA,NA,NA,NA,NA,NA,NA,NA,NA,NA,NA,NA,NA
ASV_4226,NA,NA,NA,NA,NA,NA,NA,NA,NA,NA,NA,NA,NA,NA
ASV_4227,Bacteria,Pseudomonadota,Gammaproteobacteria,Alteromonadales,Alteromonadaceae,Alteromonas,Alteromonas abrolhosensis,100.00000000000004,100.00000000000004,100.00000000000004,100.00000000000004,100.00000000000004,96.37369535498829,24.58028582745234
ASV_4228,Bacteria,Bacteroidota,Flavobacteriia,Flavobacteriales,Flavobacteriaceae,Allomuricauda,Allomuricauda flava,100,100,100,100,100,75.50000000000001,63.500000000000014
ASV_4229,Bacteria,Bacteroidota,Flavobacteriia,Flavobacteriales,Flavobacteriaceae,Allomuricauda,Allomuricauda ochracea,100.00000000000001,100.00000000000001,100.00000000000001,100.00000000000001,100.00000000000001,100.00000000000001,62.33333333333334
ASV_4230,Bacteria,Pseudomonadota,Gammaproteobacteria,Alteromonadales,Colwelliaceae,Thalassotalea,Thalassotalea loyana,100,100,100,78,76,75.33333333333333,57.666666666666664
ASV_4231,Bacteria,Pseudomonadota,Gammaproteobacteria,Alteromonadales,Alteromonadaceae,Alteromonas,Aestuariibacter halophilus,100,100,100,100,100,51.24509696507408,43.20944848947139
ASV_4232,Bacteria,Bacteroidota,Flavobacteriia,Flavobacteriales,Flavobacteriaceae,Croceivirga,Croceivirga litoralis,100,100,100,100,100,53.16666666666666,48.16666666666666
ASV_4233,Bacteria,Pseudomonadota,Alphaproteobacteria,Rhodobacterales,Roseobacteraceae,Tropicibacter,Tropicibacter naphthalenivorans,100,100,100,100,94.89393939393938,77.77225829725832,77.77225829725832
ASV_4234,Bacteria,Pseudomonadota,Gammaproteobacteria,Alteromonadales,Colwelliaceae,Thalassotalea,Thalassotalea ponticola,100,100,100,97.5,95.5,91.5,58
ASV_4235,Bacteria,Pseudomonadota,Gammaproteobacteria,Alteromonadales,Alteromonadaceae,Aestuariibacter,Aestuariibacter halophilus,100,100,100,100,100,44.6952380952381,22.38571428571428
ASV_4236,Bacteria,Pseudomonadota,Gammaproteobacteria,Alteromonadales,Colwelliaceae,Thalassotalea,Thalassotalea coralli,100.00000000000003,100.00000000000003,100.00000000000003,95.16666666666666,76.66666666666666,73.16666666666666,28.749999999999993
ASV_4237,Bacteria,Pseudomonadota,Gammaproteobacteria,Oceanospirillales,Oceanospirillaceae,Neptuniibacter,Neptuniibacter halophilus,100,100,100,100,100,100,42
ASV_4238,Bacteria,Pseudomonadota,Gammaproteobacteria,Alteromonadales,Colwelliaceae,Thalassotalea,Thalassotalea loyana,100,100,100,100,100,100,99.5
ASV_4239,Bacteria,Pseudomonadota,Alphaproteobacteria,Hyphomicrobiales,Phyllobacteriaceae,Oricola,Oricola thermophila,100,100,100,93.16666666666667,36.16666666666664,23.166666666666664,22.666666666666664
ASV_4240,Bacteria,Pseudomonadota,Gammaproteobacteria,Alteromonadales,Colwelliaceae,Thalassomonas,Thalassomonas viridans,100,100,100,99,96.00000000000001,60.16666666666666,60.16666666666666
ASV_4241,Bacteria,Pseudomonadota,Alphaproteobacteria,Rhodobacterales,Paracoccaceae,Flavimaricola,Flavimaricola marinus,100,100,100,100,100,100,100
ASV_4242,NA,NA,NA,NA,NA,NA,NA,NA,NA,NA,NA,NA,NA,NA
ASV_4243,Bacteria,Bacteroidota,Flavobacteriia,Flavobacteriales,Crocinitomicaceae,Fluviicola,Brumimicrobium mesophilum,100,100,100,100,86.16666666666667,49.66666666666665,36.50000000000001
ASV_4244,NA,NA,NA,NA,NA,NA,NA,NA,NA,NA,NA,NA,NA,NA
ASV_4245,NA,NA,NA,NA,NA,NA,NA,NA,NA,NA,NA,NA,NA,NA
ASV_4246,Bacteria,Bacteroidota,Flavobacteriia,Flavobacteriales,Flavobacteriaceae,Aureitalea,Aureitalea marina,100,100,100,100,100,38.166666666666664,38.166666666666664
ASV_4247,Bacteria,Pseudomonadota,Gammaproteobacteria,Alteromonadales,Alteromonadaceae,Salinimonas,Salinimonas iocasae,100,100,100,100,100,98.5,50
ASV_4248,Bacteria,Bacteroidota,Saprospiria,Saprospirales,Lewinellaceae,Lewinella,Lewinella cohaerens,100,100,100,100,100,100,100
ASV_4249,Bacteria,Pseudomonadota,Alphaproteobacteria,Rhodobacterales,Roseobacteraceae,Jannaschia,Jannaschia confluentis,100,100,100,80.33333333333334,60.016666666666644,27.950000000000003,26.450000000000003
ASV_4250,Bacteria,Pseudomonadota,Alphaproteobacteria,Rhodobacterales,Paracoccaceae,Aliiroseovarius,Aliiroseovarius halocynthiae,100,100,100,100,56.159523809523826,53.076190476190476,44.92619047619048
ASV_4251,NA,NA,NA,NA,NA,NA,NA,NA,NA,NA,NA,NA,NA,NA
ASV_4252,Bacteria,Pseudomonadota,Alphaproteobacteria,Rhodobacterales,Paracoccaceae,Flavimaricola,Flavimaricola marinus,100.00000000000001,100.00000000000001,100.00000000000001,78.25,70.16666666666667,46,46
ASV_4253,NA,NA,NA,NA,NA,NA,NA,NA,NA,NA,NA,NA,NA,NA
ASV_4254,NA,NA,NA,NA,NA,NA,NA,NA,NA,NA,NA,NA,NA,NA
ASV_4255,Bacteria,Pseudomonadota,Alphaproteobacteria,Rhodobacterales,Roseobacteraceae,Lentibacter,Lentibacter algarum,100.00000000000003,100.00000000000003,100.00000000000003,100.00000000000003,54.26706349206347,30.244047619047613,30.244047619047613
ASV_4256,NA,NA,NA,NA,NA,NA,NA,NA,NA,NA,NA,NA,NA,NA
ASV_4257,Bacteria,Pseudomonadota,Gammaproteobacteria,Thiotrichales,Fastidiosibacteraceae,Cysteiniphilum,Cysteiniphilum litorale,100,100,100,100,100,97,97
ASV_4258,Bacteria,Pseudomonadota,Gammaproteobacteria,Oceanospirillales,Alcanivoracaceae,Alcanivorax,Alcanivorax jadensis,100,100,100,100,100,91.1,49.70000000000001
ASV_4259,Bacteria,Bacteroidota,Flavobacteriia,Flavobacteriales,Flavobacteriaceae,Dokdonia,Dokdonia lutea,100,100,100,100,100,100,94.5
ASV_4260,Bacteria,Bacteroidota,Flavobacteriia,Flavobacteriales,Flavobacteriaceae,Seonamhaeicola,Seonamhaeicola aphaedonensis,100,100,100,100,100,100,99.5
ASV_4261,Bacteria,Verrucomicrobiota,Opitutae,Puniceicoccales,Coraliomargaritaceae,Coraliomargarita,Coraliomargarita akajimensis,100,100,100,100,100,100,75
ASV_4262,Bacteria,Bacteroidota,Flavobacteriia,Flavobacteriales,Flavobacteriaceae,Seonamhaeicola,Seonamhaeicola maritimus,100.00000000000001,100.00000000000001,100.00000000000001,100.00000000000001,100.00000000000001,30.97619047619049,29.97619047619049
ASV_4263,Bacteria,Pseudomonadota,Gammaproteobacteria,Alteromonadales,Colwelliaceae,Thalassotalea,Thalassotalea profundi,100.00000000000003,100.00000000000003,100.00000000000003,77.30000000000003,71.80000000000004,68.21666666666671,23.616666666666685
ASV_4264,Bacteria,Pseudomonadota,Gammaproteobacteria,Alteromonadales,Colwelliaceae,Thalassotalea,Thalassotalea crassostreae,100,100,100,100,82,68.5,26.333333333333325
ASV_4265,Bacteria,Planctomycetota,Planctomycetia,Planctomycetales,Planctomycetaceae,Fuerstiella,Fuerstiella marisgermanici,100,100,100,100,100,100,100
ASV_4266,Bacteria,Pseudomonadota,Gammaproteobacteria,Alteromonadales,Alteromonadaceae,Salinimonas,Salinimonas lutimaris,100,100,100,100,100,88.25,61.33333333333334
ASV_4267,Bacteria,Bacteroidota,Flavobacteriia,Flavobacteriales,Flavobacteriaceae,Dokdonia,Dokdonia lutea,100,100,100,100,100,100,96
ASV_4268,Bacteria,Bacteroidota,Flavobacteriia,Flavobacteriales,Flavobacteriaceae,Dokdonia,Dokdonia lutea,100,100,100,100,100,98,90
ASV_4269,Bacteria,Pseudomonadota,Gammaproteobacteria,Alteromonadales,Alteromonadaceae,Salinimonas,Salinimonas chungwhensis,100,100,100,100,100,74.41666666666667,34.25
ASV_4270,NA,NA,NA,NA,NA,NA,NA,NA,NA,NA,NA,NA,NA,NA
ASV_4271,Bacteria,Pseudomonadota,Gammaproteobacteria,Alteromonadales,Colwelliaceae,Thalassotalea,Thalassotalea ponticola,100.00000000000001,100.00000000000001,100.00000000000001,100.00000000000001,100.00000000000001,97.50000000000001,81.66666666666667
ASV_4272,NA,NA,NA,NA,NA,NA,NA,NA,NA,NA,NA,NA,NA,NA
ASV_4273,Bacteria,Bacteroidota,Flavobacteriia,Flavobacteriales,Flavobacteriaceae,Dokdonia,Dokdonia lutea,100,100,100,100,100,98,94.5
ASV_4274,NA,NA,NA,NA,NA,NA,NA,NA,NA,NA,NA,NA,NA,NA
ASV_4275,Bacteria,Planctomycetota,Planctomycetia,Pirellulales,Pirellulaceae,Mariniblastus,Mariniblastus fucicola,100,100,100,100,100,52.33333333333333,52.33333333333333
ASV_4276,Bacteria,Bacteroidota,Flavobacteriia,Flavobacteriales,Flavobacteriaceae,Dokdonia,Dokdonia lutea,100,100,100,100,100,100,100
ASV_4277,NA,NA,NA,NA,NA,NA,NA,NA,NA,NA,NA,NA,NA,NA
ASV_4278,Bacteria,Pseudomonadota,Alphaproteobacteria,Rhodobacterales,Roseobacteraceae,Sinisalibacter,Sinisalibacter lacisalsi,100,100,100,100,69.53333333333335,46.20000000000001,46.20000000000001
ASV_4279,NA,NA,NA,NA,NA,NA,NA,NA,NA,NA,NA,NA,NA,NA
ASV_4280,NA,NA,NA,NA,NA,NA,NA,NA,NA,NA,NA,NA,NA,NA
ASV_4281,Bacteria,Bacteroidota,Flavobacteriia,Flavobacteriales,Flavobacteriaceae,Hanstruepera,Gaetbulibacter jejuensis,100,100,100,100,100,21.316666666666663,16.93333333333332
ASV_4282,Bacteria,Bdellovibrionota,Bacteriovoracia,Bacteriovoracales,Halobacteriovoraceae,Halobacteriovorax,Halobacteriovorax marinus,100,100,100,100,100,100,94.25
ASV_4283,Bacteria,Pseudomonadota,Gammaproteobacteria,Alteromonadales,Shewanellaceae,Shewanella,Shewanella atlantica,99.99999999999999,99.99999999999999,99.99999999999999,99.99999999999999,99.99999999999999,99.99999999999999,37.37619047619046
ASV_4284,Bacteria,Pseudomonadota,Gammaproteobacteria,Oceanospirillales,Oceanospirillaceae,Aliamphritea,Aliamphritea spongicola,100,100,100,100,100,90,89
ASV_4285,Bacteria,Pseudomonadota,Alphaproteobacteria,Rhodobacterales,Roseobacteraceae,Lutimaribacter,Lutimaribacter marinistellae,100,100,100,100,78.25,46.949999999999996,46.949999999999996
ASV_4286,Bacteria,Bacteroidota,Cytophagia,Cytophagales,Reichenbachiellaceae,Ekhidna,Ekhidna lutea,100,100,100,100,100,100,100
ASV_4287,Bacteria,Pseudomonadota,Alphaproteobacteria,Rhodobacterales,Roseobacteraceae,Thalassovita,Thalassovita mediterranea,100,100,100,100,85.58333333333331,69.33333333333333,68.58333333333333
ASV_4288,Bacteria,Pseudomonadota,Gammaproteobacteria,Vibrionales,Vibrionaceae,Vibrio,Vibrio aquimaris,100,100,100,100,100,100,47.2
ASV_4289,NA,NA,NA,NA,NA,NA,NA,NA,NA,NA,NA,NA,NA,NA
ASV_4290,Bacteria,Verrucomicrobiota,Verrucomicrobiae,Verrucomicrobiales,Verrucomicrobiaceae,Luteolibacter,Luteolibacter pohnpeiensis,100,100,100,100,100,89,70.5
ASV_4291,NA,NA,NA,NA,NA,NA,NA,NA,NA,NA,NA,NA,NA,NA
ASV_4292,Bacteria,Pseudomonadota,Alphaproteobacteria,Rhodobacterales,Roseobacteraceae,Thalassovita,Thalassovita aquimarina,100,100,100,100,84.5,56.08333333333335,55.750000000000014
ASV_4293,Bacteria,Pseudomonadota,Gammaproteobacteria,Xanthomonadales,Rhodanobacteraceae,Chiayiivirga,Chiayiivirga flava,100,100,100,100,94,94,94
ASV_4294,Bacteria,Planctomycetota,Planctomycetia,Pirellulales,Lacipirellulaceae,Bythopirellula,Bythopirellula polymerisocia,100,100,100,100,100,100,78.5
ASV_4295,Bacteria,Bacteroidota,Saprospiria,Saprospirales,Lewinellaceae,Flavilitoribacter,Flavilitoribacter nigricans,100,100,100,100,62.66666666666664,62.66666666666664,62.66666666666664
ASV_4296,Bacteria,Bacteroidota,Cytophagia,Cytophagales,Reichenbachiellaceae,Ekhidna,Ekhidna lutea,100,100,100,100,100,100,100
ASV_4297,Bacteria,Bacteroidota,Flavobacteriia,Flavobacteriales,Flavobacteriaceae,Winogradskyella,Winogradskyella tangerina,100,100,100,100,100,100,95
ASV_4298,Bacteria,Bacteroidota,Flavobacteriia,Flavobacteriales,Crocinitomicaceae,Crocinitomix,Crocinitomix catalasitica,100,100,100,100,100,100,72
ASV_4299,Bacteria,Bacteroidota,Saprospiria,Saprospirales,Lewinellaceae,Portibacter,Portibacter lacus,100,100,100,100,61.71666666666664,38.28333333333333,38.28333333333333
ASV_4300,Bacteria,Pseudomonadota,Alphaproteobacteria,Hyphomicrobiales,Phyllobacteriaceae,Lentilitoribacter,Lentilitoribacter donghaensis,100,100,100,100,100,100,100
ASV_4301,NA,NA,NA,NA,NA,NA,NA,NA,NA,NA,NA,NA,NA,NA
ASV_4302,Bacteria,Bacteroidota,Cytophagia,Cytophagales,Reichenbachiellaceae,Marinoscillum,Marinoscillum furvescens,100,100,100,100,37.400000000000006,37.400000000000006,27.900000000000002
ASV_4303,NA,NA,NA,NA,NA,NA,NA,NA,NA,NA,NA,NA,NA,NA
ASV_4304,NA,NA,NA,NA,NA,NA,NA,NA,NA,NA,NA,NA,NA,NA
ASV_4305,Bacteria,Pseudomonadota,Alphaproteobacteria,Rhodobacterales,Paracoccaceae,Vannielia,Vannielia litorea,100,100,100,100,86.91666666666667,27.333333333333325,27.333333333333325
ASV_4306,Bacteria,Bacteroidota,Flavobacteriia,Flavobacteriales,Flavobacteriaceae,Winogradskyella,Aegicerativicinus sediminis,100,100,100,100,100,39.16666666666666,32.5
ASV_4307,Bacteria,Bacteroidota,Flavobacteriia,Flavobacteriales,Flavobacteriaceae,Tenacibaculum,Tenacibaculum halocynthiae,100.00000000000006,100.00000000000006,100.00000000000006,100.00000000000006,100.00000000000006,75.06666666666669,33.500000000000014
ASV_4308,Bacteria,Pseudomonadota,Alphaproteobacteria,Rhodobacterales,Paracoccaceae,Chachezhania,Chachezhania sediminis,100.00000000000001,100.00000000000001,100.00000000000001,100.00000000000001,74.23333333333335,67.73333333333332,67.73333333333332
ASV_4309,Bacteria,Actinomycetota,Acidimicrobiia,Acidimicrobiales,Iamiaceae,Actinomarinicola,Actinomarinicola tropica,100,100,100,100,100,99.5,99.5
ASV_4310,Bacteria,Pseudomonadota,Gammaproteobacteria,Alteromonadales,Colwelliaceae,Thalassotalea,Thalassotalea coralli,100,100,100,100,98.5,95.75,86.25
ASV_4311,Bacteria,Pseudomonadota,Gammaproteobacteria,Alteromonadales,Alteromonadaceae,Planctobacterium,Planctobacterium marinum,100,100,100,99.00000000000001,99.00000000000001,93.5,93.5
ASV_4312,NA,NA,NA,NA,NA,NA,NA,NA,NA,NA,NA,NA,NA,NA
ASV_4313,Bacteria,Pseudomonadota,Gammaproteobacteria,Vibrionales,Vibrionaceae,Vibrio,Vibrio neptunius,100,100,100,100,100,100,35.583333333333336
ASV_4314,Bacteria,Bdellovibrionota,Bacteriovoracia,Bacteriovoracales,Halobacteriovoraceae,Halobacteriovorax,Halobacteriovorax marinus,100,100,100,100,100,100,100
ASV_4315,Bacteria,Pseudomonadota,Gammaproteobacteria,Thiotrichales,Piscirickettsiaceae,Hydrogenovibrio,Hydrogenovibrio kuenenii,100,100,100,100,100,98.75,44.583333333333336
ASV_4316,Bacteria,Pseudomonadota,Gammaproteobacteria,Alteromonadales,Pseudoalteromonadaceae,Pseudoalteromonas,Pseudoalteromonas gelatinilytica,100,100,100,100,100,100,30.03333333333332
ASV_4317,Bacteria,Pseudomonadota,Gammaproteobacteria,Oceanospirillales,Alcanivoracaceae,Marinicella,Marinicella rhabdoformis,100,100,100,100,100,100,62
ASV_4318,Bacteria,Campylobacterota,Epsilonproteobacteria,Campylobacterales,Sulfurimonadaceae,Sulfurimonas,Sulfurimonas crateris,100,100,100,100,100,100,95.83333333333334
ASV_4319,Bacteria,Campylobacterota,Epsilonproteobacteria,Campylobacterales,Sulfurimonadaceae,Sulfurimonas,Sulfurimonas paralvinellae,100,100,100,100,100,100,42.05952380952381
ASV_4320,NA,NA,NA,NA,NA,NA,NA,NA,NA,NA,NA,NA,NA,NA
ASV_4321,Bacteria,Pseudomonadota,Gammaproteobacteria,Oceanospirillales,Oleiphilaceae,Oleiphilus,Oleiphilus messinensis,100,100,100,82.25,46.41666666666664,46.41666666666664,46.41666666666664
ASV_4322,NA,NA,NA,NA,NA,NA,NA,NA,NA,NA,NA,NA,NA,NA
ASV_4323,NA,NA,NA,NA,NA,NA,NA,NA,NA,NA,NA,NA,NA,NA
ASV_4324,Bacteria,Pseudomonadota,Gammaproteobacteria,Thiotrichales,Francisellaceae,Francisella,Francisella uliginis,100,100,100,100,100,100,78.41666666666669
ASV_4325,NA,NA,NA,NA,NA,NA,NA,NA,NA,NA,NA,NA,NA,NA
ASV_4326,Bacteria,Pseudomonadota,Gammaproteobacteria,Alteromonadales,Colwelliaceae,Thalassotalea,Thalassotalea eurytherma,100.00000000000001,100.00000000000001,100.00000000000001,100.00000000000001,100.00000000000001,100.00000000000001,58.33333333333335
ASV_4327,Bacteria,Pseudomonadota,Gammaproteobacteria,Alteromonadales,Alteromonadaceae,Alteromonas,Alteromonas halophila,100,100,100,100,100,55.16666666666665,55.16666666666665
ASV_4328,Bacteria,Pseudomonadota,Gammaproteobacteria,Oceanospirillales,Oceanospirillaceae,Oleispira,Oleispira lenta,100,100,100,100,100,100,98.5
ASV_4329,Bacteria,Pseudomonadota,Gammaproteobacteria,Alteromonadales,Alteromonadaceae,Alteromonas,Salinimonas chungwhensis,100.00000000000001,100.00000000000001,100.00000000000001,100.00000000000001,100.00000000000001,49.83333333333334,38.75000000000001
ASV_4330,Bacteria,Pseudomonadota,Gammaproteobacteria,Thiotrichales,Piscirickettsiaceae,Hydrogenovibrio,Hydrogenovibrio thermophilus,100,100,100,100,100,100,100
ASV_4331,Bacteria,Pseudomonadota,Gammaproteobacteria,Alteromonadales,Alteromonadaceae,Salinimonas,Salinimonas chungwhensis,99.99999999999997,99.99999999999997,99.99999999999997,99.99999999999997,99.99999999999997,55.695288583778286,47.002776506483606
ASV_4332,Bacteria,Planctomycetota,Planctomycetia,Planctomycetales,Planctomycetaceae,Thalassoglobus,Thalassoglobus neptunius,100,100,100,100,100,100,98.5
ASV_4333,Bacteria,Pseudomonadota,Gammaproteobacteria,Vibrionales,Vibrionaceae,Vibrio,Vibrio fortis,100,100,100,100,100,100,80
ASV_4334,Bacteria,Pseudomonadota,Gammaproteobacteria,Oceanospirillales,Alcanivoracaceae,Alcanivorax,Alcanivorax hongdengensis,100,100,100,100,100,100,31.5
ASV_4335,Bacteria,Pseudomonadota,Gammaproteobacteria,Alteromonadales,Alteromonadaceae,Alteromonas,Alteromonas confluentis,100,100,100,100,100,87.46296296296299,60.037037037037024
ASV_4336,Bacteria,Pseudomonadota,Alphaproteobacteria,Rhodobacterales,Roseobacteraceae,Thalassovita,Thalassovita mediterranea,100.00000000000001,100.00000000000001,100.00000000000001,100.00000000000001,88.9166666666667,68.33333333333334,68.08333333333334
ASV_4337,Bacteria,Pseudomonadota,Gammaproteobacteria,Alteromonadales,Alteromonadaceae,Alteromonas,Alteromonas aestuariivivens,100,100,100,100,100,89.90714285714286,74.39285714285714
ASV_4338,Bacteria,Pseudomonadota,Gammaproteobacteria,Alteromonadales,Alteromonadaceae,Alteromonas,Alteromonas aestuariivivens,100.00000000000026,100.00000000000026,100.00000000000026,100.00000000000026,100.00000000000026,94.27380952380977,49.74894179894187
ASV_4339,NA,NA,NA,NA,NA,NA,NA,NA,NA,NA,NA,NA,NA,NA
ASV_4340,Bacteria,Pseudomonadota,Gammaproteobacteria,Vibrionales,Vibrionaceae,Vibrio,Vibrio fortis,100,100,100,100,100,100,71.66666666666669
ASV_4341,Bacteria,Pseudomonadota,Gammaproteobacteria,Vibrionales,Vibrionaceae,Vibrio,Vibrio jasicida,100,100,100,100,100,100,85.84295327416042
ASV_4342,Bacteria,Pseudomonadota,Alphaproteobacteria,Rhodobacterales,Roseobacteraceae,Celeribacter,Celeribacter litoreus,100.00000000000001,100.00000000000001,100.00000000000001,100.00000000000001,86.80000000000003,48.51428571428573,40.54285714285715
ASV_4343,Bacteria,Pseudomonadota,Gammaproteobacteria,Oceanospirillales,Oceanospirillaceae,Oceanobacter,Oceanobacter kriegii,100,100,100,100,100,94.93333333333334,47.733333333333334
ASV_4344,NA,NA,NA,NA,NA,NA,NA,NA,NA,NA,NA,NA,NA,NA
ASV_4345,NA,NA,NA,NA,NA,NA,NA,NA,NA,NA,NA,NA,NA,NA
ASV_4346,Bacteria,Pseudomonadota,Gammaproteobacteria,Alteromonadales,Colwelliaceae,Thalassotalea,Thalassotalea coralli,100,100,100,93.25,91,91,42.333333333333336
ASV_4347,NA,NA,NA,NA,NA,NA,NA,NA,NA,NA,NA,NA,NA,NA
ASV_4348,Bacteria,Pseudomonadota,Alphaproteobacteria,Sphingomonadales,Sphingomonadaceae,Sphingomonas,Sphingomonas desiccabilis,100,100,100,100,100,100,38.94560496974293
ASV_4349,NA,NA,NA,NA,NA,NA,NA,NA,NA,NA,NA,NA,NA,NA
ASV_4350,NA,NA,NA,NA,NA,NA,NA,NA,NA,NA,NA,NA,NA,NA
ASV_4351,Bacteria,Pseudomonadota,Gammaproteobacteria,Chromatiales,Ectothiorhodospiraceae,Acidihalobacter,Acidihalobacter prosperus,100,100,100,73.25000000000001,73.25000000000001,73.25000000000001,59.58333333333334
ASV_4352,Bacteria,Pseudomonadota,Gammaproteobacteria,Alteromonadales,Alteromonadaceae,Alteromonas,Alteromonas abrolhosensis,99.99999999999999,99.99999999999999,99.99999999999999,99.99999999999999,99.99999999999999,97.95454545454542,40.11943821422888
ASV_4353,Bacteria,Pseudomonadota,Gammaproteobacteria,Oceanospirillales,Oceanospirillaceae,Oceanobacter,Oceanobacter mangrovi,100,100,100,100,100,97.33333333333333,58.00000000000001
ASV_4354,Bacteria,Pseudomonadota,Alphaproteobacteria,Sphingomonadales,Sphingomonadaceae,Sphingomonas,Sphingomonas sediminicola,100,100,100,100,100,100,70.30952380952384
ASV_4355,Bacteria,Pseudomonadota,Gammaproteobacteria,Oceanospirillales,Oceanospirillaceae,Microbulbifer,Microbulbifer variabilis,100,100,100,48.300000000000004,44.300000000000004,36.03333333333333,27.86666666666666
ASV_4356,Bacteria,Pseudomonadota,Alphaproteobacteria,Hyphomicrobiales,Phyllobacteriaceae,Phyllobacterium,Phyllobacterium catacumbae,100,100,100,100,100,100,81.16666666666664
ASV_4357,Bacteria,Bacteroidota,Flavobacteriia,Flavobacteriales,Flavobacteriaceae,Mangrovimonas,Mangrovimonas spongiae,100,100,100,100,100,50.83333333333333,50.83333333333333
ASV_4358,Bacteria,Pseudomonadota,Alphaproteobacteria,Rhodobacterales,Roseobacteraceae,Shimia,Shimia aestuarii,100,100,100,60.605263157894726,40.969298245614034,22.385964912280702,20.666666666666664
ASV_4359,Bacteria,Pseudomonadota,Gammaproteobacteria,Thiotrichales,Francisellaceae,Francisella,Francisella philomiragia,100,100,100,100,100,100,47.13333333333335
ASV_4360,Bacteria,Pseudomonadota,Gammaproteobacteria,Alteromonadales,Colwelliaceae,Thalassotalea,Thalassotalea profundi,100.00000000000001,100.00000000000001,100.00000000000001,100.00000000000001,77.66666666666667,73.16666666666667,20.700000000000003
ASV_4361,Bacteria,Pseudomonadota,Gammaproteobacteria,Alteromonadales,Colwelliaceae,Thalassotalea,Thalassomonas viridans,100,100,100,97.99999999999997,91.08333333333329,44.08333333333333,36.99999999999999
ASV_4362,Bacteria,Pseudomonadota,Gammaproteobacteria,Thiotrichales,Fastidiosibacteraceae,Cysteiniphilum,Cysteiniphilum litorale,100,100,100,100,100,100,100
ASV_4363,Bacteria,Pseudomonadota,Gammaproteobacteria,Alteromonadales,Colwelliaceae,Thalassotalea,Thalassotalea coralli,100.00000000000001,100.00000000000001,100.00000000000001,100.00000000000001,96.00000000000001,85.33333333333333,34.16666666666665
ASV_4364,Bacteria,Pseudomonadota,Alphaproteobacteria,Kordiimonadales,Kordiimonadaceae,Kordiimonas,Kordiimonas laminariae,100,100,100,100,100,100,99
ASV_4365,NA,NA,NA,NA,NA,NA,NA,NA,NA,NA,NA,NA,NA,NA
ASV_4366,Bacteria,Bacteroidota,Flavobacteriia,Flavobacteriales,Flavobacteriaceae,Allomuricauda,Allomuricauda flava,100,100,100,100,100,100,91
ASV_4367,Bacteria,Pseudomonadota,Gammaproteobacteria,Thiotrichales,Piscirickettsiaceae,Methylophaga,Methylophaga marina,100,100,100,80.41666666666666,80.41666666666666,61.73333333333334,59.4
ASV_4368,NA,NA,NA,NA,NA,NA,NA,NA,NA,NA,NA,NA,NA,NA
ASV_4369,NA,NA,NA,NA,NA,NA,NA,NA,NA,NA,NA,NA,NA,NA
ASV_4370,Bacteria,Pseudomonadota,Alphaproteobacteria,Rhodobacterales,Roseobacteraceae,Ruegeria,Ruegeria profundi,100,100,100,100,100,100,100
ASV_4371,Bacteria,Bacteroidota,Flavobacteriia,Flavobacteriales,Flavobacteriaceae,Polaribacter,Polaribacter huanghezhanensis,100,100,100,100,100,64,49
ASV_4372,Bacteria,Pseudomonadota,Alphaproteobacteria,Hyphomicrobiales,Parvibaculaceae,Tepidicaulis,Tepidicaulis marinus,100,100,100,100,100,100,100
ASV_4373,Bacteria,Bacteroidota,Flavobacteriia,Flavobacteriales,Flavobacteriaceae,Polaribacter,Polaribacter aestuariivivens,100,100,100,100,100,51.61666666666666,20.916666666666664
ASV_4374,Bacteria,Pseudomonadota,Gammaproteobacteria,Oceanospirillales,Oceanospirillaceae,Oceanospirillum,Oceanospirillum beijerinckii,100,100,100,46.404761904761905,46.404761904761905,36.33809523809525,22.361904761904764
ASV_4375,Bacteria,Pseudomonadota,Gammaproteobacteria,Cellvibrionales,Halieaceae,Halioglobus,Halioglobus japonicus,100,100,100,100,100,84.16666666666666,52.83333333333333
ASV_4376,Bacteria,Bacillota,Bacilli,Lactobacillales,Enterococcaceae,Enterococcus,Enterococcus hirae,100,100,100,100,100,100,33.029140159030575
ASV_4377,Bacteria,Pseudomonadota,Gammaproteobacteria,Cellvibrionales,Halieaceae,Kineobactrum,Parahaliea maris,100.00000000000001,100.00000000000001,100.00000000000001,100.00000000000001,100.00000000000001,43.16666666666666,29.83333333333333
ASV_4378,Bacteria,Actinomycetota,Actinomycetes,Mycobacteriales,Corynebacteriaceae,Corynebacterium,Corynebacterium confusum,100.00000000000001,100.00000000000001,100.00000000000001,100.00000000000001,100.00000000000001,100.00000000000001,40.583333333333336
ASV_4379,Bacteria,Pseudomonadota,Gammaproteobacteria,Alteromonadales,Colwelliaceae,Vibrio,Vibrio neptunius,100.00000000000001,100.00000000000001,100.00000000000001,47.83333333333336,44.16666666666667,36.83333333333334,18.800000000000004
ASV_4380,Bacteria,Bacteroidota,Flavobacteriia,Flavobacteriales,Flavobacteriaceae,Seonamhaeicola,Seonamhaeicola aphaedonensis,100,100,100,100,100,68.41666666666667,44.41666666666664
ASV_4381,Bacteria,Pseudomonadota,Alphaproteobacteria,Hyphomicrobiales,Phyllobacteriaceae,Mesorhizobium,Mesorhizobium hankyongi,100.00000000000003,100.00000000000003,100.00000000000003,100.00000000000003,78.20714285714288,42.35686274509807,28.658823529411762
ASV_4382,Bacteria,Bacteroidota,Flavobacteriia,Flavobacteriales,Flavobacteriaceae,Seonamhaeicola,Seonamhaeicola aphaedonensis,100,100,100,100,100,62.66666666666666,60.00000000000001
ASV_4383,Bacteria,Pseudomonadota,Gammaproteobacteria,Alteromonadales,Alteromonadaceae,Salinimonas,Salinimonas iocasae,100,100,100,100,100,100,73.5
ASV_4384,Bacteria,Verrucomicrobiota,Opitutae,Puniceicoccales,Coraliomargaritaceae,Coraliomargarita,Coraliomargarita akajimensis,100,100,100,100,100,100,80
ASV_4385,Bacteria,Bdellovibrionota,Bacteriovoracia,Bacteriovoracales,Halobacteriovoraceae,Halobacteriovorax,Halobacteriovorax marinus,100,100,100,100,100,100,76.5
ASV_4386,Bacteria,Pseudomonadota,Gammaproteobacteria,Alteromonadales,Colwelliaceae,Thalassomonas,Thalassomonas haliotis,100.00000000000003,100.00000000000003,100.00000000000003,88.00000000000003,76.25000000000001,34.61666666666666,18.66666666666667
ASV_4387,Bacteria,Pseudomonadota,Alphaproteobacteria,Rhodobacterales,Roseobacteraceae,Shimia,Shimia abyssi,100.00000000000001,100.00000000000001,100.00000000000001,100.00000000000001,68.5,40.04722222222222,16.394444444444446
ASV_4388,Bacteria,Bacillota,Bacilli,Bacillales,Planococcaceae,Paenisporosarcina,Paenisporosarcina macmurdoensis,100,100,100,100,100,99.5,81.5
ASV_4389,Bacteria,Bacteroidota,Flavobacteriia,Flavobacteriales,Flavobacteriaceae,Seonamhaeicola,Seonamhaeicola aphaedonensis,100,100,100,100,100,96.5,96
ASV_4390,Bacteria,Bacteroidota,Flavobacteriia,Flavobacteriales,Flavobacteriaceae,Hyunsoonleella,Hyunsoonleella jejuensis,100,100,100,100,100,55.500000000000014,40.00000000000001
ASV_4391,Bacteria,Pseudomonadota,Gammaproteobacteria,Alteromonadales,Colwelliaceae,Thalassotalea,Thalassotalea profundi,100,100,100,97,95.5,85.66666666666667,22.58333333333333
ASV_4392,Bacteria,Verrucomicrobiota,Opitutae,Puniceicoccales,Coraliomargaritaceae,Coraliomargarita,Coraliomargarita akajimensis,100,100,99.75,99.75,99.75,99.75,53.16666666666665
ASV_4393,Bacteria,Pseudomonadota,Alphaproteobacteria,Kordiimonadales,Kordiimonadaceae,Kordiimonas,Kordiimonas gwangyangensis,100,100,100,100,100,100,61.25000000000001
ASV_4394,NA,NA,NA,NA,NA,NA,NA,NA,NA,NA,NA,NA,NA,NA
ASV_4395,Bacteria,Verrucomicrobiota,Opitutae,Puniceicoccales,Coraliomargaritaceae,Coraliomargarita,Coraliomargarita sinensis,100,100,99.5,99.5,99.5,99.5,68.16666666666667
ASV_4396,Bacteria,Bacteroidota,Flavobacteriia,Flavobacteriales,Flavobacteriaceae,Seonamhaeicola,Seonamhaeicola aphaedonensis,100,100,100,100,100,100,100
ASV_4397,Bacteria,Actinomycetota,Actinomycetes,Actinomycetales,Actinomycetaceae,Buchananella,Buchananella hordeovulneris,100,100,100,100,100,100,100
ASV_4398,Bacteria,Verrucomicrobiota,Opitutae,Puniceicoccales,Coraliomargaritaceae,Coraliomargarita,Coraliomargarita sinensis,100.00000000000003,100.00000000000003,100.00000000000003,100.00000000000003,100.00000000000003,100.00000000000003,69.33333333333333
ASV_4399,Bacteria,Bacillota,Bacilli,Bacillales,Salinicoccaceae,Lacicoccus,Lacicoccus kunmingensis,100,100,100,100,100,100,100
ASV_4400,NA,NA,NA,NA,NA,NA,NA,NA,NA,NA,NA,NA,NA,NA
ASV_4401,Bacteria,Pseudomonadota,Gammaproteobacteria,Thiotrichales,Piscirickettsiaceae,Methylophaga,Methylophaga marina,100,100,100,43.250000000000014,43.250000000000014,43.250000000000014,41.33333333333335
ASV_4402,Bacteria,Pseudomonadota,Gammaproteobacteria,Alteromonadales,Alteromonadaceae,Salinimonas,Salinimonas iocasae,100,100,100,100,100,98.75,80.75
ASV_4403,Bacteria,Bacteroidota,Flavobacteriia,Flavobacteriales,Flavobacteriaceae,Seonamhaeicola,Seonamhaeicola aphaedonensis,100,100,100,100,100,98.5,86
ASV_4404,Bacteria,Bacteroidota,Flavobacteriia,Flavobacteriales,Flavobacteriaceae,Constantimarinum,Constantimarinum furrinae,100,100,100,100,100,45.333333333333336,45.333333333333336
ASV_4405,Bacteria,Bacteroidota,Flavobacteriia,Flavobacteriales,Flavobacteriaceae,Allomuricauda,Kriegella aquimaris,100.00000000000001,100.00000000000001,100.00000000000001,100.00000000000001,100.00000000000001,34.521428571428565,34.209523809523816
ASV_4406,NA,NA,NA,NA,NA,NA,NA,NA,NA,NA,NA,NA,NA,NA
ASV_4407,Bacteria,Bacteroidota,Flavobacteriia,Flavobacteriales,Flavobacteriaceae,Polaribacter,Polaribacter marinaquae,100.00000000000001,100.00000000000001,100.00000000000001,100.00000000000001,100.00000000000001,45.43333333333335,23.676190476190477
ASV_4408,NA,NA,NA,NA,NA,NA,NA,NA,NA,NA,NA,NA,NA,NA
ASV_4409,Bacteria,Pseudomonadota,Gammaproteobacteria,Alteromonadales,Pseudoalteromonadaceae,Pseudoalteromonas,Pseudoalteromonas gelatinilytica,100,100,100,100,100,100,22.866666666666664
ASV_4410,Bacteria,Bacteroidota,Flavobacteriia,Flavobacteriales,Flavobacteriaceae,Seonamhaeicola,Seonamhaeicola aphaedonensis,100,100,100,100,100,100,99
ASV_4411,Bacteria,Pseudomonadota,Alphaproteobacteria,Rhodobacterales,Roseobacteraceae,Thalassovita,Thalassovita aquimarina,100,100,100,100,96.33333333333333,96.33333333333333,70.66666666666667
ASV_4412,Bacteria,Pseudomonadota,Alphaproteobacteria,Rhodobacterales,Roseobacteraceae,Thalassovita,Thalassovita mediterranea,100.00000000000003,100.00000000000003,100.00000000000003,100.00000000000003,50.15000000000002,35.03333333333335,33.61666666666666
ASV_4413,Bacteria,Pseudomonadota,Gammaproteobacteria,Alteromonadales,Colwelliaceae,Thalassotalea,Thalassomonas viridans,100.00000000000001,100.00000000000001,100.00000000000001,100.00000000000001,100.00000000000001,59.66666666666667,38.333333333333336
ASV_4414,NA,NA,NA,NA,NA,NA,NA,NA,NA,NA,NA,NA,NA,NA
ASV_4415,NA,NA,NA,NA,NA,NA,NA,NA,NA,NA,NA,NA,NA,NA
ASV_4416,NA,NA,NA,NA,NA,NA,NA,NA,NA,NA,NA,NA,NA,NA
ASV_4417,NA,NA,NA,NA,NA,NA,NA,NA,NA,NA,NA,NA,NA,NA
ASV_4418,Bacteria,Pseudomonadota,Alphaproteobacteria,Rhodobacterales,Roseobacteraceae,Thalassovita,Thalassovita mediterranea,100,100,100,100,77.33333333333331,68.75,68.75
ASV_4419,Bacteria,Bacteroidota,Flavobacteriia,Flavobacteriales,Crocinitomicaceae,Wandonia,Wandonia haliotis,100,100,100,100,95,58.666666666666664,58.666666666666664
ASV_4420,NA,NA,NA,NA,NA,NA,NA,NA,NA,NA,NA,NA,NA,NA
ASV_4421,Bacteria,Pseudomonadota,Alphaproteobacteria,Rhodobacterales,Paracoccaceae,Histidinibacterium,Histidinibacterium aquaticum,100,100,100,100,100,100,100
ASV_4422,NA,NA,NA,NA,NA,NA,NA,NA,NA,NA,NA,NA,NA,NA
ASV_4423,Bacteria,Bacteroidota,Flavobacteriia,Flavobacteriales,Flavobacteriaceae,Dokdonia,Dokdonia lutea,100,100,100,100,100,100,91
ASV_4424,NA,NA,NA,NA,NA,NA,NA,NA,NA,NA,NA,NA,NA,NA
ASV_4425,Bacteria,Pseudomonadota,Alphaproteobacteria,Rhodobacterales,Roseobacteraceae,Ruegeria,Ruegeria conchae,100.00000000000001,100.00000000000001,100.00000000000001,100.00000000000001,66.90000000000003,66.90000000000003,60.53333333333335
ASV_4426,Bacteria,Bacteroidota,Saprospiria,Saprospirales,Saprospiraceae,Aureispira,Aureispira maritima,100,100,100,100,100,100,100
ASV_4427,Bacteria,Bacteroidota,Flavobacteriia,Flavobacteriales,Flavobacteriaceae,Seonamhaeicola,Seonamhaeicola aphaedonensis,100,100,100,100,100,100,99.5
ASV_4428,NA,NA,NA,NA,NA,NA,NA,NA,NA,NA,NA,NA,NA,NA
ASV_4429,NA,NA,NA,NA,NA,NA,NA,NA,NA,NA,NA,NA,NA,NA
ASV_4430,Bacteria,Bacteroidota,Flavobacteriia,Flavobacteriales,Crocinitomicaceae,Brumimicrobium,Brumimicrobium aurantiacum,100,100,100,100,100,39.333333333333336,38.333333333333336
ASV_4431,Bacteria,Pseudomonadota,Alphaproteobacteria,Rhodobacterales,Roseobacteraceae,Ruegeria,Ruegeria profundi,99.99999999999999,99.99999999999999,99.99999999999999,99.99999999999999,92.71666666666668,88.71666666666668,41.200000000000024
ASV_4432,Bacteria,Pseudomonadota,Gammaproteobacteria,Alteromonadales,Colwelliaceae,Thalassotalea,Thalassotalea profundi,100.00000000000001,100.00000000000001,100.00000000000001,99,95.16666666666667,84.83333333333333,14.25
ASV_4433,NA,NA,NA,NA,NA,NA,NA,NA,NA,NA,NA,NA,NA,NA
ASV_4434,Bacteria,Bacteroidota,Flavobacteriia,Flavobacteriales,Flavobacteriaceae,Dokdonia,Dokdonia lutea,100,100,100,100,100,100,100
ASV_4435,NA,NA,NA,NA,NA,NA,NA,NA,NA,NA,NA,NA,NA,NA
ASV_4436,Bacteria,Bacteroidota,Flavobacteriia,Flavobacteriales,Flavobacteriaceae,Dokdonia,Dokdonia lutea,100.00000000000001,100.00000000000001,100.00000000000001,100.00000000000001,100.00000000000001,39,30
ASV_4437,Bacteria,Verrucomicrobiota,Verrucomicrobiae,Verrucomicrobiales,Verrucomicrobiaceae,Fucophilus,Fucophilus fucoidanolyticus,100,100,98,98,98,98,98
ASV_4438,Bacteria,Bacteroidota,Flavobacteriia,Flavobacteriales,Flavobacteriaceae,Allomuricauda,Allomuricauda ochracea,100,100,100,100,100,87.33333333333333,78.83333333333333
ASV_4439,NA,NA,NA,NA,NA,NA,NA,NA,NA,NA,NA,NA,NA,NA
ASV_4440,NA,NA,NA,NA,NA,NA,NA,NA,NA,NA,NA,NA,NA,NA
ASV_4441,Bacteria,Bacteroidota,Flavobacteriia,Flavobacteriales,Flavobacteriaceae,Maribacter,Maribacter flavus,100,100,100,100,100,69.33333333333331,33.41666666666664
ASV_4442,Bacteria,Bacteroidota,Saprospiria,Saprospirales,Lewinellaceae,Lewinella,Lewinella cohaerens,100.00000000000001,100.00000000000001,100.00000000000001,100.00000000000001,81.66666666666667,81.66666666666667,81.66666666666667
ASV_4443,Bacteria,Pseudomonadota,Gammaproteobacteria,Vibrionales,Vibrionaceae,Vibrio,Vibrio vulnificus,100,100,100,100,100,100,80.5
ASV_4444,Bacteria,Pseudomonadota,Alphaproteobacteria,Rickettsiales,Rickettsiaceae,Rickettsia,Rickettsia sibirica,100,100,100,100,100,96,36.924244306418224
ASV_4445,Bacteria,Bacteroidota,Flavobacteriia,Flavobacteriales,Flavobacteriaceae,Dokdonia,Dokdonia lutea,100,100,100,100,100,100,100
ASV_4446,Bacteria,Pseudomonadota,Gammaproteobacteria,Alteromonadales,Alteromonadaceae,Alteromonas,Alteromonas confluentis,100,100,100,100,100,88.86666666666667,67.75666666666656
ASV_4447,Bacteria,Bacteroidota,Flavobacteriia,Flavobacteriales,Vicingaceae,Vicingus,Vicingus serpentipes,100,100,91.66666666666666,91.66666666666666,29.333333333333332,29.333333333333332,29.333333333333332
ASV_4448,Bacteria,Pseudomonadota,Gammaproteobacteria,Alteromonadales,Alteromonadaceae,Alteromonas,Alteromonas confluentis,100.00000000000004,100.00000000000004,100.00000000000004,100.00000000000004,100.00000000000004,87.20000000000003,59.850000000000044
ASV_4449,Bacteria,Pseudomonadota,Gammaproteobacteria,Alteromonadales,Shewanellaceae,Psychrobium,Psychrobium conchae,100,100,100,100,77.41666666666669,70.91666666666669,70.91666666666669
ASV_4450,Bacteria,Pseudomonadota,Alphaproteobacteria,Parvularculales,Parvularculaceae,Parvularcula,Parvularcula mediterranea,100,100,100,100,100,100,57.333333333333336
ASV_4451,Bacteria,Bacteroidota,Flavobacteriia,Flavobacteriales,Owenweeksiaceae,Owenweeksia,Owenweeksia hongkongensis,100,100,66.83333333333333,66.83333333333333,59.583333333333336,49.333333333333336,49.333333333333336
ASV_4452,Bacteria,Myxococcota,NA,Polyangiales,Polyangiaceae,Chondromyces,Chondromyces crocatus,100,100,100,100,100,75.16666666666667,74.50000000000001
ASV_4453,Bacteria,Pseudomonadota,Gammaproteobacteria,Alteromonadales,Colwelliaceae,Thalassotalea,Thalassotalea montiporae,100.00000000000001,100.00000000000001,100.00000000000001,100.00000000000001,100.00000000000001,100.00000000000001,71.66666666666669
ASV_4454,Bacteria,Myxococcota,NA,Haliangiales,Kofleriaceae,Haliangium,Haliangium ochraceum,100,100,100,100,100,93.66666666666666,67.33333333333331
ASV_4455,Bacteria,Pseudomonadota,Alphaproteobacteria,Rhodobacterales,Roseobacteraceae,Aquamicrobium,Aquamicrobium soli,100,100,100,57.500000000000036,42.50000000000003,31.00000000000001,24.50000000000001
ASV_4456,Bacteria,Bacteroidota,Flavobacteriia,Flavobacteriales,Flavobacteriaceae,Tenacibaculum,Tenacibaculum xiamenense,100,100,100,100,100,93.91666666666667,41.25
ASV_4457,Bacteria,Pseudomonadota,Gammaproteobacteria,Alteromonadales,Colwelliaceae,Thalassotalea,Thalassomonas viridans,100,100,100,100,94.79999999999998,72.16666666666666,19.23333333333332
ASV_4458,NA,NA,NA,NA,NA,NA,NA,NA,NA,NA,NA,NA,NA,NA
ASV_4459,Bacteria,Planctomycetota,Planctomycetia,Pirellulales,Pirellulaceae,Mariniblastus,Mariniblastus fucicola,100,100,100,100,100,64.5,64.5
ASV_4460,NA,NA,NA,NA,NA,NA,NA,NA,NA,NA,NA,NA,NA,NA
ASV_4461,Bacteria,Verrucomicrobiota,Verrucomicrobiae,Verrucomicrobiales,Verrucomicrobiaceae,Fucophilus,Fucophilus fucoidanolyticus,100,100,100,100,100,100,100
ASV_4462,Bacteria,Planctomycetota,Planctomycetia,Pirellulales,Pirellulaceae,Mariniblastus,Mariniblastus fucicola,100,100,100,100,100,100,100
ASV_4463,NA,NA,NA,NA,NA,NA,NA,NA,NA,NA,NA,NA,NA,NA
ASV_4464,Bacteria,Bacteroidota,Cytophagia,Cytophagales,Reichenbachiellaceae,Ekhidna,Ekhidna lutea,100,100,100,100,100,100,100
ASV_4465,Bacteria,Pseudomonadota,Gammaproteobacteria,Oceanospirillales,Oceanospirillaceae,Amphritea,Aliamphritea ceti,100,100,100,100,100,55.83333333333333,36.16666666666665
ASV_4466,Bacteria,Pseudomonadota,Betaproteobacteria,Burkholderiales,Oxalobacteraceae,Massilia,Massilia oculi,100,100,100,100,100,100,78.00000000000001
ASV_4467,Bacteria,Pseudomonadota,Gammaproteobacteria,Alteromonadales,Colwelliaceae,Thalassotalea,Thalassotalea coralli,100,100,100,100,85.33333333333333,76.00000000000001,22.333333333333332
ASV_4468,Bacteria,Bacteroidota,Cytophagia,Cytophagales,Fulvivirgaceae,Fulvivirga,Fulvivirga lutea,100,100,100,100,99,99,31.33333333333332
ASV_4469,Bacteria,Bacteroidota,Cytophagia,Cytophagales,Fulvivirgaceae,Fulvivirga,Fulvivirga lutimaris,100,100,100,100,90.5,90.5,34.83333333333333
ASV_4470,Bacteria,Verrucomicrobiota,Opitutae,Puniceicoccales,Cerasicoccaceae,Ruficoccus,Ruficoccus amylovorans,100,100,100,100,100,83,83
ASV_4471,Bacteria,Pseudomonadota,Gammaproteobacteria,Vibrionales,Vibrionaceae,Vibrio,Vibrio tubiashii,100,100,100,100,100,100,100
ASV_4472,Bacteria,Bacteroidota,Flavobacteriia,Flavobacteriales,Flavobacteriaceae,Winogradskyella,Winogradskyella pulchriflava,100,100,100,100,100,57.136904761904766,25.376190476190477
ASV_4473,Bacteria,Pseudomonadota,Gammaproteobacteria,Cellvibrionales,Cellvibrionaceae,Eionea,Eionea flava,100,100,100,100,100,100,96.5
ASV_4474,Bacteria,Bacteroidota,Flavobacteriia,Flavobacteriales,Flavobacteriaceae,Gilvibacter,Gilvibacter sediminis,100,100,100,100,100,98,98
ASV_4475,Bacteria,Verrucomicrobiota,Verrucomicrobiae,Verrucomicrobiales,Verrucomicrobiaceae,Fucophilus,Fucophilus fucoidanolyticus,100,100,100,100,100,100,100
ASV_4476,NA,NA,NA,NA,NA,NA,NA,NA,NA,NA,NA,NA,NA,NA
ASV_4477,Bacteria,Pseudomonadota,Alphaproteobacteria,Hyphomicrobiales,Stappiaceae,Roseibium,Roseibium aquae,99.99999999999999,99.99999999999999,99.99999999999999,99.46666666666665,99.46666666666665,92.43809523809523,37.84285714285714
ASV_4478,Bacteria,Chlamydiota,Chlamydiia,Parachlamydiales,Simkaniaceae,Simkania,Simkania negevensis,100,100,100,100,100,100,100
ASV_4479,Bacteria,Pseudomonadota,Gammaproteobacteria,Alteromonadales,Idiomarinaceae,Pseudidiomarina,Pseudidiomarina aquimaris,100,100,100,100,100,100,99
ASV_4480,Bacteria,Pseudomonadota,Alphaproteobacteria,Rhodobacterales,Paracoccaceae,Aliiroseovarius,Aliiroseovarius marinus,100,100,100,100,58.952380952380956,34.23452380952382,23.384523809523802
ASV_4481,Bacteria,Pseudomonadota,Gammaproteobacteria,Chromatiales,Ectothiorhodospiraceae,Thioalkalivibrio,Thioalkalivibrio nitratireducens,100,100,100,95.5,70.7666666666667,43.95,16.28333333333332
ASV_4482,NA,NA,NA,NA,NA,NA,NA,NA,NA,NA,NA,NA,NA,NA
ASV_4483,Bacteria,Pseudomonadota,Alphaproteobacteria,Rhodobacterales,Paracoccaceae,Yoonia,Yoonia litorea,100,100,100,100,84.96666666666668,82.5,82
ASV_4484,NA,NA,NA,NA,NA,NA,NA,NA,NA,NA,NA,NA,NA,NA
ASV_4485,Bacteria,Rhodothermota,Rhodothermia,Rhodothermales,Rubricoccaceae,Rubrivirga,Rubrivirga profundi,100,100,100,100,100,85,76
ASV_4486,Bacteria,Bacillota,Negativicutes,Veillonellales,Veillonellaceae,Veillonella,Veillonella dispar,100,100,100,100,100,100,69.46904761904763
ASV_4487,NA,NA,NA,NA,NA,NA,NA,NA,NA,NA,NA,NA,NA,NA
ASV_4488,NA,NA,NA,NA,NA,NA,NA,NA,NA,NA,NA,NA,NA,NA
ASV_4489,NA,NA,NA,NA,NA,NA,NA,NA,NA,NA,NA,NA,NA,NA
ASV_4490,Bacteria,Pseudomonadota,Gammaproteobacteria,Alteromonadales,Pseudoalteromonadaceae,Pseudoalteromonas,Pseudoalteromonas piratica,100,100,100,100,100,100,50
ASV_4491,Bacteria,Pseudomonadota,Gammaproteobacteria,Alteromonadales,Alteromonadaceae,Alteromonas,Alteromonas abrolhosensis,100,100,100,100,100,99.9583333333333,41.166905172720206
ASV_4492,Bacteria,Pseudomonadota,Gammaproteobacteria,Alteromonadales,Alteromonadaceae,Marisediminitalea,Marisediminitalea aggregata,100,100,100,100,100,39.583333333333336,39.583333333333336
ASV_4493,Bacteria,Pseudomonadota,Betaproteobacteria,Burkholderiales,Burkholderiaceae,Paraburkholderia,Paraburkholderia fungorum,100,100,100,100,100,100,58.89047619047618
ASV_4494,Bacteria,Pseudomonadota,Alphaproteobacteria,Rhodobacterales,Roseobacteraceae,Marivita,Marivita hallyeonensis,100,100,100,100,100,100,93.2
ASV_4495,Bacteria,Pseudomonadota,Gammaproteobacteria,Thiotrichales,Fastidiosibacteraceae,Cysteiniphilum,Cysteiniphilum litorale,100,100,100,100,100,85,84
ASV_4496,Bacteria,Pseudomonadota,Gammaproteobacteria,Alteromonadales,Alteromonadaceae,Alteromonas,Alteromonas hispanica,100.00000000000001,100.00000000000001,100.00000000000001,100.00000000000001,100.00000000000001,93.31666666666666,47.23571428571431
ASV_4497,Bacteria,Pseudomonadota,Gammaproteobacteria,Cellvibrionales,Halieaceae,Halioglobus,Halioglobus pacificus,100,100,100,100,100,69.25,69.25
ASV_4498,Bacteria,Pseudomonadota,Gammaproteobacteria,Cellvibrionales,Cellvibrionaceae,Eionea,Eionea nigra,100.00000000000001,100.00000000000001,100.00000000000001,42.36666666666664,42.36666666666664,42.03333333333333,42.03333333333333
ASV_4499,Bacteria,Pseudomonadota,Gammaproteobacteria,Vibrionales,Vibrionaceae,Vibrio,Vibrio jasicida,100,100,100,100,100,100,48.66666666666666
ASV_4500,Bacteria,Pseudomonadota,Gammaproteobacteria,Alteromonadales,Colwelliaceae,Thalassotalea,Thalassotalea marina,100.00000000000001,100.00000000000001,100.00000000000001,100.00000000000001,100.00000000000001,100.00000000000001,57.83333333333335
ASV_4501,Bacteria,Pseudomonadota,Gammaproteobacteria,Oceanospirillales,Oceanospirillaceae,Neptuniibacter,Neptuniibacter halophilus,100.00000000000001,100.00000000000001,100.00000000000001,100.00000000000001,100.00000000000001,58.33333333333334,36.00000000000001
ASV_4502,Bacteria,Pseudomonadota,Gammaproteobacteria,Oceanospirillales,Oceanospirillaceae,Neptuniibacter,Neptuniibacter caesariensis,100,100,100,100,100,36.66666666666666,30.833333333333332
ASV_4503,Bacteria,Bacteroidota,Flavobacteriia,Flavobacteriales,Flavobacteriaceae,Tenacibaculum,Tenacibaculum geojense,100,100,100,100,100,85,85
ASV_4504,Bacteria,Pseudomonadota,Gammaproteobacteria,Vibrionales,Vibrionaceae,Vibrio,Vibrio albus,100,100,100,100,100,100,78.75000000000003
ASV_4505,Bacteria,Pseudomonadota,Gammaproteobacteria,Oceanospirillales,Oceanospirillaceae,Neptuniibacter,Neptuniibacter caesariensis,100,100,100,100,100,100,87.33333333333333
ASV_4506,Bacteria,Pseudomonadota,Gammaproteobacteria,Alteromonadales,Alteromonadaceae,Alteromonas,Alteromonas abrolhosensis,100.00000000000001,100.00000000000001,100.00000000000001,100.00000000000001,100.00000000000001,99.90476190476191,40.08967994360375
ASV_4507,Bacteria,Bacteroidota,Bacteroidia,Bacteroidales,Prevotellaceae,Hoylesella,Hoylesella nanceiensis,100,100,100,100,100,100,100
ASV_4508,Bacteria,Pseudomonadota,Gammaproteobacteria,Vibrionales,Vibrionaceae,Vibrio,Vibrio tubiashii,100,100,100,100,100,100,86.27083333333333
ASV_4509,Bacteria,Pseudomonadota,Gammaproteobacteria,Oceanospirillales,Oceanospirillaceae,Eionea,Eionea flava,100,100,100,49.16666666666667,48.66666666666667,46.83333333333335,32.666666666666664
ASV_4510,Bacteria,Nitrospirota,Nitrospiria,Nitrospirales,Nitrospiraceae,Nitrospira,Nitrospira lenta,100,100,100,100,100,100,64.5
ASV_4511,Bacteria,Planctomycetota,Planctomycetia,Planctomycetales,Planctomycetaceae,Thalassoglobus,Thalassoglobus neptunius,100,100,100,100,100,100,99.5
ASV_4512,Bacteria,Campylobacterota,Epsilonproteobacteria,Campylobacterales,Arcobacteraceae,Halarcobacter,Halarcobacter bivalviorum,100,100,100,100,100,46.83333333333333,46.83333333333333
ASV_4513,Bacteria,Pseudomonadota,Gammaproteobacteria,Alteromonadales,Alteromonadaceae,Alteromonas,Alteromonas abrolhosensis,99.99999999999999,99.99999999999999,99.99999999999999,99.99999999999999,99.99999999999999,96.99999999999999,38.80491965401372
ASV_4514,Bacteria,Pseudomonadota,Gammaproteobacteria,Alteromonadales,Alteromonadaceae,Aliiglaciecola,Aliiglaciecola coringensis,100,100,100,100,100,69.16666666666664,62.499999999999986
ASV_4515,Bacteria,Pseudomonadota,Gammaproteobacteria,Thiotrichales,Francisellaceae,Francisella,Francisella philomiragia,100,100,100,100,100,93.85,50.05
ASV_4516,Bacteria,Pseudomonadota,Alphaproteobacteria,Rhodospirillales,Kiloniellaceae,Kiloniella,Kiloniella litopenaei,100,100,100,100,100,100,45.5
ASV_4517,Bacteria,Pseudomonadota,Gammaproteobacteria,Alteromonadales,Pseudoalteromonadaceae,Algicola,Algicola bacteriolytica,100,100,100,100,100,100,100
ASV_4518,NA,NA,NA,NA,NA,NA,NA,NA,NA,NA,NA,NA,NA,NA
ASV_4519,NA,NA,NA,NA,NA,NA,NA,NA,NA,NA,NA,NA,NA,NA
ASV_4520,Bacteria,Pseudomonadota,Gammaproteobacteria,Alteromonadales,Colwelliaceae,Thalassotalea,Thalassotalea loyana,100,100,100,100,98.8,88.63333333333331,20.116666666666667
ASV_4521,Bacteria,Pseudomonadota,Alphaproteobacteria,Rhodobacterales,Paracoccaceae,Pseudooceanicola,Pseudooceanicola antarcticus,100.00000000000001,100.00000000000001,100.00000000000001,100.00000000000001,73.6833333333333,54.440476190476176,24.026190476190468
ASV_4522,Bacteria,Pseudomonadota,Betaproteobacteria,Burkholderiales,Burkholderiaceae,Lautropia,Lautropia mirabilis,100,100,100,100,100,100,98.5
ASV_4523,NA,NA,NA,NA,NA,NA,NA,NA,NA,NA,NA,NA,NA,NA
ASV_4524,Bacteria,Pseudomonadota,Gammaproteobacteria,Alteromonadales,Alteromonadaceae,Alteromonas,Alteromonas abrolhosensis,99.99999999999999,99.99999999999999,99.99999999999999,99.99999999999999,99.99999999999999,95.53434723171563,34.58991562452594
ASV_4525,Bacteria,Pseudomonadota,Gammaproteobacteria,Oceanospirillales,Alcanivoracaceae,Marinicella,Marinicella litoralis,100,100,100,100,100,100,99
ASV_4526,NA,NA,NA,NA,NA,NA,NA,NA,NA,NA,NA,NA,NA,NA
ASV_4527,Bacteria,Pseudomonadota,Alphaproteobacteria,Sphingomonadales,Sphingomonadaceae,Novosphingobium,Novosphingobium lentum,100.00000000000001,100.00000000000001,100.00000000000001,100.00000000000001,97.65641025641025,96.32948717948716,34.733333333333334
ASV_4528,NA,NA,NA,NA,NA,NA,NA,NA,NA,NA,NA,NA,NA,NA
ASV_4529,NA,NA,NA,NA,NA,NA,NA,NA,NA,NA,NA,NA,NA,NA
ASV_4530,Bacteria,Pseudomonadota,Gammaproteobacteria,Vibrionales,Vibrionaceae,Vibrio,Vibrio tubiashii,100,100,100,100,100,100,86.5
ASV_4531,Bacteria,Pseudomonadota,Alphaproteobacteria,Kordiimonadales,Kordiimonadaceae,Kordiimonas,Kordiimonas laminariae,100,100,100,100,100,100,100
ASV_4532,Bacteria,Pseudomonadota,Gammaproteobacteria,Vibrionales,Vibrionaceae,Vibrio,Vibrio fortis,100.00000000000003,100.00000000000003,100.00000000000003,100.00000000000003,100.00000000000003,100.00000000000003,74.06666666666666
ASV_4533,Bacteria,Pseudomonadota,Gammaproteobacteria,Alteromonadales,Colwelliaceae,Thalassotalea,Thalassotalea coralli,100.00000000000001,100.00000000000001,100.00000000000001,94.41666666666669,90.41666666666669,88.41666666666669,36.16666666666666
ASV_4534,Bacteria,Pseudomonadota,Alphaproteobacteria,Rhodobacterales,Paracoccaceae,Amylibacter,Amylibacter lutimaris,100.00000000000001,100.00000000000001,100.00000000000001,100.00000000000001,69.13492063492066,18.89285714285715,18.89285714285715
ASV_4535,Bacteria,Pseudomonadota,Gammaproteobacteria,Thiotrichales,Fastidiosibacteraceae,Cysteiniphilum,Cysteiniphilum litorale,100,100,100,100,100,91.25,89.25
ASV_4536,Bacteria,Pseudomonadota,Betaproteobacteria,Burkholderiales,Sphaerotilaceae,Rubrivivax,Rubrivivax gelatinosus,100,100,100,100,80.42500000000001,45.81666666666665,17.583333333333325
ASV_4537,Bacteria,Bacteroidota,Flavobacteriia,Flavobacteriales,Crocinitomicaceae,Wandonia,Wandonia haliotis,100,100,100,100,100,46.066666666666656,46.066666666666656
ASV_4538,Bacteria,Verrucomicrobiota,Verrucomicrobiae,Verrucomicrobiales,Verrucomicrobiaceae,Fucophilus,Fucophilus fucoidanolyticus,100,100,99.5,99.5,99.5,99.5,99.5
ASV_4539,Bacteria,Pseudomonadota,Betaproteobacteria,Nitrosomonadales,Methylophilaceae,Methylotenera,Methylotenera oryzisoli,100,100,100,98.5,83.75,64.83333333333333,59.333333333333336
ASV_4540,Bacteria,Pseudomonadota,Gammaproteobacteria,Pseudomonadales,Pseudomonadaceae,Pseudomonas,Pseudomonas aeruginosa,100,100,100,100,100,100,91.68571428571427
ASV_4541,Bacteria,Pseudomonadota,Alphaproteobacteria,Hyphomonadales,Hyphomonadaceae,Hyphomonas,Hyphomonas atlantica,100.00000000000001,100.00000000000001,100.00000000000001,100.00000000000001,100.00000000000001,100.00000000000001,48.849999999999994
ASV_4542,Bacteria,Pseudomonadota,Alphaproteobacteria,Hyphomonadales,Hyphomonadaceae,Hyphomonas,Hyphomonas jannaschiana,100,100,100,100,100,100,49.62619047619047
ASV_4543,Bacteria,Pseudomonadota,Alphaproteobacteria,Rhodospirillales,Acetobacteraceae,Falsiroseomonas,Rhodovastum atsumiense,99.99999999999999,99.99999999999999,99.99999999999999,99.99999999999999,99.99999999999999,27.08333333333334,14.833333333333345
ASV_4544,Bacteria,Pseudomonadota,Gammaproteobacteria,Oceanospirillales,Oceanospirillaceae,Oceanospirillum,Oceanospirillum beijerinckii,99.99999999999999,99.99999999999999,99.99999999999999,86.24999999999999,85.91666666666666,81.58333333333331,66.85
ASV_4545,Bacteria,Bacteroidota,Cytophagia,Cytophagales,Cytophagaceae,Spirosoma,Spirosoma luteum,100,100,100,100,100,100,62
ASV_4546,Bacteria,Pseudomonadota,Gammaproteobacteria,Cellvibrionales,Halieaceae,Pseudohalioglobus,Pseudohalioglobus lutimaris,100,100,100,100,100,37.58333333333333,37.58333333333333
ASV_4547,Bacteria,Bacteroidota,Flavobacteriia,Flavobacteriales,Flavobacteriaceae,Dokdonia,Dokdonia lutea,100,100,100,100,100,100,63
ASV_4548,Bacteria,Pseudomonadota,Alphaproteobacteria,Kordiimonadales,Kordiimonadaceae,Kordiimonas,Kordiimonas laminariae,100,100,100,100,100,100,100
ASV_4549,Bacteria,Bacteroidota,Flavobacteriia,Flavobacteriales,Flavobacteriaceae,Seonamhaeicola,Seonamhaeicola maritimus,100,100,100,100,100,65.50000000000001,61.50000000000001
ASV_4550,Bacteria,Bacteroidota,Flavobacteriia,Flavobacteriales,Flavobacteriaceae,Tenacibaculum,Pseudotenacibaculum haliotis,100,100,100,100,100,62.21666666666666,21.75
ASV_4551,Bacteria,Bacteroidota,Flavobacteriia,Flavobacteriales,Flavobacteriaceae,Tenacibaculum,Tenacibaculum halocynthiae,100.00000000000003,100.00000000000003,100.00000000000003,100.00000000000003,100.00000000000003,37.60000000000001,15.950000000000003
ASV_4552,Bacteria,Pseudomonadota,Gammaproteobacteria,Cellvibrionales,Cellvibrionaceae,Eionea,Eionea nigra,100,100,100,70.58333333333331,63.083333333333336,63.083333333333336,63.083333333333336
ASV_4553,Bacteria,Bacteroidota,Flavobacteriia,Flavobacteriales,Flavobacteriaceae,Allomuricauda,Allomuricauda flavescens,100,100,100,100,100,100,28.8202380952381
ASV_4554,Bacteria,Bacteroidota,Flavobacteriia,Flavobacteriales,Flavobacteriaceae,Winogradskyella,Winogradskyella tangerina,100,100,100,100,100,66.75000000000001,56.750000000000014
ASV_4555,Bacteria,Pseudomonadota,Alphaproteobacteria,Rhodospirillales,Rhodospirillaceae,Denitrobaculum,Denitrobaculum tricleocarpae,100,100,100,100,100,100,100
ASV_4556,Bacteria,Bacteroidota,Flavobacteriia,Flavobacteriales,Flavobacteriaceae,Kordia,Kordia ulvae,100.00000000000001,100.00000000000001,100.00000000000001,100.00000000000001,100.00000000000001,100.00000000000001,56.00000000000001
ASV_4557,Bacteria,Bacillota,Bacilli,Lactobacillales,Carnobacteriaceae,Atopostipes,Atopostipes suicloacalis,100,100,100,100,100,100,100
ASV_4558,Bacteria,Bacteroidota,Flavobacteriia,Flavobacteriales,Flavobacteriaceae,Seonamhaeicola,Seonamhaeicola aphaedonensis,100,100,100,100,100,100,100
ASV_4559,Bacteria,Bacteroidota,Flavobacteriia,Flavobacteriales,Flavobacteriaceae,Allomuricauda,Allomuricauda amphidinii,100,100,100,100,100,98.41666666666669,60.083333333333336
ASV_4560,Bacteria,Verrucomicrobiota,Opitutae,Puniceicoccales,Coraliomargaritaceae,Coraliomargarita,Coraliomargarita akajimensis,100,100,100,100,100,100,76
ASV_4561,Bacteria,Pseudomonadota,Gammaproteobacteria,Alteromonadales,Colwelliaceae,Thalassotalea,Thalassotalea insulae,100,100,100,100,100,91.93333333333331,50.000000000000014
ASV_4562,Bacteria,Bacteroidota,Flavobacteriia,Flavobacteriales,Flavobacteriaceae,Dokdonia,Dokdonia lutea,100,100,100,100,100,100,100
ASV_4563,NA,NA,NA,NA,NA,NA,NA,NA,NA,NA,NA,NA,NA,NA
ASV_4564,Bacteria,Pseudomonadota,Gammaproteobacteria,Alteromonadales,Colwelliaceae,Thalassotalea,Thalassotalea coralli,100,100,100,100,99,95.46666666666667,34.16666666666665
ASV_4565,NA,NA,NA,NA,NA,NA,NA,NA,NA,NA,NA,NA,NA,NA
ASV_4566,Bacteria,Bacteroidota,Flavobacteriia,Flavobacteriales,Flavobacteriaceae,Seonamhaeicola,Seonamhaeicola algicola,100,100,100,100,100,50.70000000000001,25.066666666666666
ASV_4567,Bacteria,Bacteroidota,Flavobacteriia,Flavobacteriales,Flavobacteriaceae,Maritimimonas,Maritimimonas rapanae,100,100,100,100,100,63.16666666666666,63.16666666666666
ASV_4568,Bacteria,Pseudomonadota,Gammaproteobacteria,Alteromonadales,Colwelliaceae,Thalassotalea,Thalassotalea coralli,100,100,100,85.66666666666667,78.91666666666667,74.33333333333331,33.83333333333333
ASV_4569,Bacteria,Bacteroidota,Flavobacteriia,Flavobacteriales,Flavobacteriaceae,Tenacibaculum,Tenacibaculum crassostreae,100,100,100,100,100,62,36.333333333333336
ASV_4570,Bacteria,Bacteroidota,Flavobacteriia,Flavobacteriales,Flavobacteriaceae,Seonamhaeicola,Seonamhaeicola aphaedonensis,100,100,100,100,100,88.83333333333331,76.83333333333331
ASV_4571,Bacteria,Bacteroidota,Flavobacteriia,Flavobacteriales,Flavobacteriaceae,Seonamhaeicola,Seonamhaeicola aphaedonensis,100,100,100,100,100,90.03333333333332,89.53333333333332
ASV_4572,Bacteria,Pseudomonadota,Alphaproteobacteria,Rhodobacterales,Roseobacteraceae,Thalassovita,Thalassovita aquimarina,100,100,100,100,99.8,75.06666666666666,59.849999999999994
ASV_4573,Bacteria,Pseudomonadota,Gammaproteobacteria,Alteromonadales,Colwelliaceae,Thalassotalea,Thalassotalea ponticola,100,100,100,99,99,87.83333333333333,72.50000000000001
ASV_4574,NA,NA,NA,NA,NA,NA,NA,NA,NA,NA,NA,NA,NA,NA
ASV_4575,Bacteria,Pseudomonadota,Gammaproteobacteria,Alteromonadales,Colwelliaceae,Thalassotalea,Thalassotalea coralli,100,100,100,95.54166666666669,81.2916666666667,64.79166666666669,17.666666666666668
ASV_4576,Bacteria,Bacteroidota,Flavobacteriia,Flavobacteriales,Flavobacteriaceae,Robertkochia,Robertkochia solimangrovi,100,100,100,100,100,31.833333333333325,29.333333333333325
ASV_4577,Bacteria,Pseudomonadota,Gammaproteobacteria,Alteromonadales,Colwelliaceae,Thalassotalea,Thalassotalea loyana,100,100,100,100,100,100,52.583333333333336
ASV_4578,Bacteria,Pseudomonadota,Gammaproteobacteria,Oceanospirillales,Oceanospirillaceae,Neptuniibacter,Neptuniibacter caesariensis,100,100,100,100,100,100,81.5
ASV_4579,Bacteria,Bacteroidota,Flavobacteriia,Flavobacteriales,Flavobacteriaceae,Seonamhaeicola,Seonamhaeicola aphaedonensis,100,100,100,100,100,100,98
ASV_4580,Bacteria,Pseudomonadota,Alphaproteobacteria,Rhodobacterales,Roseobacteraceae,Thalassovita,Thalassovita mediterranea,100,100,100,100,89.16666666666667,61.16666666666666,61.16666666666666
ASV_4581,NA,NA,NA,NA,NA,NA,NA,NA,NA,NA,NA,NA,NA,NA
ASV_4582,NA,NA,NA,NA,NA,NA,NA,NA,NA,NA,NA,NA,NA,NA
ASV_4583,Bacteria,Bacteroidota,Saprospiria,Saprospirales,Saprospiraceae,Aureispira,Aureispira maritima,100,100,100,100,100,100,100
ASV_4584,Bacteria,Bacteroidota,Saprospiria,Saprospirales,Saprospiraceae,Aureispira,Aureispira maritima,100,100,100,100,100,100,100
ASV_4585,Bacteria,Pseudomonadota,Alphaproteobacteria,Rhodobacterales,Paracoccaceae,Maritimibacter,Amylibacter lutimaris,100,100,100,100,50.32142857142855,42.96666666666664,32.5595238095238
ASV_4586,Bacteria,Pseudomonadota,Alphaproteobacteria,Rhodobacterales,Roseobacteraceae,Loktanella,Loktanella agnita,100.00000000000001,100.00000000000001,100.00000000000001,100.00000000000001,82.10555555555554,41.36111111111112,41.36111111111112
ASV_4587,Bacteria,Pseudomonadota,Alphaproteobacteria,Rhodobacterales,Roseobacteraceae,Dinoroseobacter,Dinoroseobacter shibae,100,100,100,100,83.69166666666666,46.704761904761924,46.704761904761924
ASV_4588,NA,NA,NA,NA,NA,NA,NA,NA,NA,NA,NA,NA,NA,NA
ASV_4589,Bacteria,Verrucomicrobiota,Opitutae,Puniceicoccales,Coraliomargaritaceae,Coraliomargarita,Coraliomargarita sinensis,100,100,87.5,87.5,87.5,87.5,78.5
ASV_4590,Bacteria,Pseudomonadota,Alphaproteobacteria,Rhodobacterales,Roseobacteraceae,Maritimibacter,Maritimibacter alkaliphilus,100,100,100,100,75.4,43.11666666666666,28.500000000000007
ASV_4591,Bacteria,Pseudomonadota,Gammaproteobacteria,Alteromonadales,Colwelliaceae,Thalassotalea,Thalassotalea coralli,100,100,100,82.41666666666669,82.41666666666669,82.41666666666669,43.91666666666666
ASV_4592,NA,NA,NA,NA,NA,NA,NA,NA,NA,NA,NA,NA,NA,NA
ASV_4593,Bacteria,Pseudomonadota,Gammaproteobacteria,Alteromonadales,Colwelliaceae,Thalassotalea,Marisediminitalea aggregata,100,100,100,100,70.75,51.75,27.250000000000004
ASV_4594,Bacteria,Bacteroidota,Flavobacteriia,Flavobacteriales,Flavobacteriaceae,Tenacibaculum,Tenacibaculum litopenaei,100,100,100,100,100,100,100
ASV_4595,NA,NA,NA,NA,NA,NA,NA,NA,NA,NA,NA,NA,NA,NA
ASV_4596,Bacteria,Bacteroidota,Flavobacteriia,Flavobacteriales,Flavobacteriaceae,Winogradskyella,Winogradskyella flava,100,100,100,100,100,90.41666666666669,41.66666666666665
ASV_4597,Bacteria,Bacteroidota,Flavobacteriia,Flavobacteriales,Crocinitomicaceae,Salinirepens,Salinirepens amamiensis,100.00000000000001,100.00000000000001,100.00000000000001,100.00000000000001,100.00000000000001,82.33333333333333,82.33333333333333
ASV_4598,Bacteria,Bacteroidota,Flavobacteriia,Flavobacteriales,Flavobacteriaceae,Tenacibaculum,Tenacibaculum holothuriorum,100,100,100,100,100,69.68333333333334,56.95
ASV_4599,Bacteria,Pseudomonadota,Gammaproteobacteria,Alteromonadales,Colwelliaceae,Thalassotalea,Thalassotalea mangrovi,100,100,100,100,92.83333333333331,67.33333333333333,33.5
ASV_4600,Bacteria,Bacteroidota,Flavobacteriia,Flavobacteriales,Flavobacteriaceae,Seonamhaeicola,Seonamhaeicola aphaedonensis,100,100,100,100,100,100,99.5
ASV_4601,Bacteria,Bacteroidota,Flavobacteriia,Flavobacteriales,Flavobacteriaceae,Dokdonia,Dokdonia lutea,100,100,100,100,100,92.66666666666666,92.66666666666666
ASV_4602,Bacteria,Pseudomonadota,Gammaproteobacteria,Alteromonadales,Alteromonadaceae,Alteromonas,Salinimonas lutimaris,99.99999999999989,99.99999999999989,99.99999999999989,99.99999999999989,99.99999999999989,53.213690476190386,43.60029761904755
ASV_4603,Bacteria,Pseudomonadota,Gammaproteobacteria,Alteromonadales,Colwelliaceae,Thalassotalea,Thalassotalea coralli,100,100,100,100,76.80000000000003,72.46666666666671,28.666666666666675
ASV_4604,Bacteria,Bacteroidota,Flavobacteriia,Flavobacteriales,Flavobacteriaceae,Allomuricauda,Allomuricauda ochracea,100,100,100,100,100,100,65.83333333333333
ASV_4605,Bacteria,Bacteroidota,Flavobacteriia,Flavobacteriales,Flavobacteriaceae,Dokdonia,Dokdonia lutea,100.00000000000001,100.00000000000001,100.00000000000001,100.00000000000001,100.00000000000001,100.00000000000001,64.33333333333333
ASV_4606,Bacteria,Bacteroidota,Flavobacteriia,Flavobacteriales,Flavobacteriaceae,Dokdonia,Dokdonia lutea,100,100,100,100,100,100,100
ASV_4607,Bacteria,Acidobacteriota,Holophagae,Acanthopleuribacterales,Acanthopleuribacteraceae,Acanthopleuribacter,Acanthopleuribacter pedis,100,100,100,100,100,100,100
ASV_4608,NA,NA,NA,NA,NA,NA,NA,NA,NA,NA,NA,NA,NA,NA
ASV_4609,NA,NA,NA,NA,NA,NA,NA,NA,NA,NA,NA,NA,NA,NA
ASV_4610,Bacteria,Verrucomicrobiota,Opitutae,Puniceicoccales,Coraliomargaritaceae,Coraliomargarita,Coraliomargarita akajimensis,100,100,96.16666666666666,96.16666666666666,96.16666666666666,96.16666666666666,60
ASV_4611,Bacteria,Bacteroidota,Flavobacteriia,Flavobacteriales,Flavobacteriaceae,Dokdonia,Dokdonia lutea,100,100,100,100,100,100,98
ASV_4612,Bacteria,Bacteroidota,Flavobacteriia,Flavobacteriales,Flavobacteriaceae,Dokdonia,Dokdonia ponticola,100,100,100,100,100,100,64.5
ASV_4613,Bacteria,Bacteroidota,Flavobacteriia,Flavobacteriales,Flavobacteriaceae,Dokdonia,Dokdonia lutea,100,100,100,100,100,100,100
ASV_4614,Bacteria,Pseudomonadota,Gammaproteobacteria,Legionellales,Coxiellaceae,Coxiella,Coxiella burnetii,100,100,100,98,98,98,77
ASV_4615,Bacteria,Pseudomonadota,Gammaproteobacteria,Pasteurellales,Pasteurellaceae,Canicola,Canicola haemoglobinophilus,100,100,100,100,100,100,100
ASV_4616,NA,NA,NA,NA,NA,NA,NA,NA,NA,NA,NA,NA,NA,NA
ASV_4617,Bacteria,Bacteroidota,Flavobacteriia,Flavobacteriales,Flavobacteriaceae,Tenacibaculum,Tenacibaculum aiptasiae,100,100,100,100,100,71.5833333333333,26.783333333333328
ASV_4618,NA,NA,NA,NA,NA,NA,NA,NA,NA,NA,NA,NA,NA,NA
ASV_4619,Bacteria,Pseudomonadota,Gammaproteobacteria,Alteromonadales,Alteromonadaceae,Alteromonas,Alteromonas oceani,100,100,100,100,100,97.14999999999999,29.54999999999999
ASV_4620,Bacteria,Pseudomonadota,Gammaproteobacteria,Alteromonadales,Alteromonadaceae,Marisediminitalea,Marisediminitalea aggregata,100,100,100,100,100,81,81
ASV_4621,Bacteria,Pseudomonadota,Gammaproteobacteria,Alteromonadales,Pseudoalteromonadaceae,Psychrosphaera,Vibrio fortis,100,100,100,55.95000000000002,55.95000000000002,55.95000000000002,30.43333333333333
ASV_4622,Bacteria,Thermodesulfobacteriota,Desulfobulbia,Desulfobulbales,Desulfocapsaceae,Desulfotalea,Desulfotalea arctica,100,100,100,100,98.5,60,60
ASV_4623,Bacteria,Bacteroidota,Flavobacteriia,Flavobacteriales,Flavobacteriaceae,Winogradskyella,Winogradskyella sediminis,100,100,100,100,100,100,44.533333333333346
ASV_4624,NA,NA,NA,NA,NA,NA,NA,NA,NA,NA,NA,NA,NA,NA
ASV_4625,Bacteria,Pseudomonadota,Alphaproteobacteria,Rhodobacterales,Roseobacteraceae,Thalassovita,Thalassovita mediterranea,100,100,100,100,80.5,70.75,68.25
ASV_4626,Bacteria,Planctomycetota,Phycisphaerae,Phycisphaerales,Phycisphaeraceae,Algisphaera,Algisphaera agarilytica,100,100,100,100,100,100,100
ASV_4627,NA,NA,NA,NA,NA,NA,NA,NA,NA,NA,NA,NA,NA,NA
ASV_4628,Bacteria,Bacteroidota,Flavobacteriia,Flavobacteriales,Flavobacteriaceae,Tenacibaculum,Tenacibaculum lutimaris,100,100,100,100,100,85.58333333333331,34.87619047619047
ASV_4629,Bacteria,Pseudomonadota,Alphaproteobacteria,Rhodobacterales,Roseobacteraceae,Thalassovita,Thalassovita mediterranea,100,100,100,100,80.9833333333333,68.81666666666666,67.11666666666666
ASV_4630,Bacteria,Pseudomonadota,Gammaproteobacteria,Alteromonadales,Colwelliaceae,Thalassotalea,Thalassotalea coralli,100,100,100,100,87.48333333333335,86.15,40.166666666666664
ASV_4631,Bacteria,Pseudomonadota,Alphaproteobacteria,Rhodobacterales,Paracoccaceae,Defluviimonas,Defluviimonas nitratireducens,100,100,100,79.16666666666669,73.66666666666669,34.50000000000001,34.50000000000001
ASV_4632,NA,NA,NA,NA,NA,NA,NA,NA,NA,NA,NA,NA,NA,NA
ASV_4633,Bacteria,Bacteroidota,Flavobacteriia,Flavobacteriales,Flavobacteriaceae,Winogradskyella,Winogradskyella aquimaris,100,100,100,100,100,100,87.33333333333331
ASV_4634,NA,NA,NA,NA,NA,NA,NA,NA,NA,NA,NA,NA,NA,NA
ASV_4635,Bacteria,Pseudomonadota,Gammaproteobacteria,Cellvibrionales,Halieaceae,Pseudohalioglobus,Pseudohalioglobus lutimaris,100.00000000000003,100.00000000000003,100.00000000000003,100.00000000000003,100.00000000000003,34.16666666666666,34.16666666666666
ASV_4636,Bacteria,Bacteroidota,Saprospiria,Saprospirales,Haliscomenobacteraceae,Phaeodactylibacter,Phaeodactylibacter luteus,100,100,100,100,69.5,69.5,69.5
ASV_4637,Bacteria,Pseudomonadota,Gammaproteobacteria,Pseudomonadales,Pseudohongiellaceae,Pseudohongiella,Pseudohongiella spirulinae,100,100,100,95.5,95.5,95.5,69
ASV_4638,Bacteria,Bacteroidota,Cytophagia,Cytophagales,Roseivirgaceae,Roseivirga,Roseivirga misakiensis,100,100,100,100,100,100,99
ASV_4639,Bacteria,Planctomycetota,Planctomycetia,Pirellulales,Pirellulaceae,Mariniblastus,Mariniblastus fucicola,100,100,100,100,100,100,100
ASV_4640,NA,NA,NA,NA,NA,NA,NA,NA,NA,NA,NA,NA,NA,NA
ASV_4641,Bacteria,Bacteroidota,Cytophagia,Cytophagales,Reichenbachiellaceae,Marinoscillum,Ekhidna lutea,100,100,100,100,100,55.08333333333333,44.91666666666664
ASV_4642,Bacteria,Pseudomonadota,Alphaproteobacteria,Rhodobacterales,Paracoccaceae,Cognatiyoonia,Cognatiyoonia koreensis,100,100,100,100,72.17261904761905,42.19999999999999,39.19999999999999
ASV_4643,NA,NA,NA,NA,NA,NA,NA,NA,NA,NA,NA,NA,NA,NA
ASV_4644,Bacteria,Pseudomonadota,Gammaproteobacteria,Alteromonadales,Colwelliaceae,Thalassotalea,Thalassotalea coralli,100,100,100,100,100,100,43.25
ASV_4645,Bacteria,Bacteroidota,Flavobacteriia,Flavobacteriales,Crocinitomicaceae,Fluviicola,Fluviicola hefeinensis,100,100,100,100,100,99,57.53333333333333
ASV_4646,Bacteria,Verrucomicrobiota,Verrucomicrobiae,Verrucomicrobiales,Rubritaleaceae,Rubritalea,Rubritalea tangerina,100,100,100,100,100,100,66
ASV_4647,Bacteria,Pseudomonadota,Alphaproteobacteria,Rhodobacterales,Paracoccaceae,Aliiroseovarius,Aliiroseovarius crassostreae,100.00000000000001,100.00000000000001,100.00000000000001,100.00000000000001,69.59404761904764,40.263095238095254,30.377380952380957
ASV_4648,Bacteria,Planctomycetota,Planctomycetia,Pirellulales,Pirellulaceae,Stieleria,Stieleria varia,100,100,100,100,100,61.41666666666665,55.91666666666665
ASV_4649,NA,NA,NA,NA,NA,NA,NA,NA,NA,NA,NA,NA,NA,NA
ASV_4650,Bacteria,Pseudomonadota,Gammaproteobacteria,Alteromonadales,Pseudoalteromonadaceae,Pseudoalteromonas,Pseudoalteromonas gelatinilytica,100,100,100,100,100,100,30.38333333333332
ASV_4651,Bacteria,Pseudomonadota,Gammaproteobacteria,Oceanospirillales,Oceanospirillaceae,Marinobacterium,Marinobacterium coralli,100,100,100,100,100,46.83333333333334,28.000000000000004
ASV_4652,Bacteria,Pseudomonadota,Alphaproteobacteria,Rhodobacterales,Roseobacteraceae,Ruegeria,Ruegeria profundi,100,100,100,100,97.85,97.85,86.23333333333332
ASV_4653,Bacteria,Pseudomonadota,Alphaproteobacteria,Rhodobacterales,Roseobacteraceae,Thalassovita,Thalassovita mediterranea,100.00000000000001,100.00000000000001,100.00000000000001,100.00000000000001,57.46666666666666,36.683333333333344,25.09999999999999
ASV_4654,Bacteria,Actinomycetota,Actinomycetes,Propionibacteriales,Nocardioidaceae,Nocardioides,Nocardioides marinus,100,100,100,100,100,100,60.50000000000001
ASV_4655,Bacteria,Planctomycetota,Planctomycetia,Pirellulales,Pirellulaceae,Mariniblastus,Mariniblastus fucicola,100,100,100,100,100,80,80
ASV_4656,Bacteria,Pseudomonadota,Alphaproteobacteria,Rhodobacterales,Roseobacteraceae,Shimia,Shimia marina,100,100,100,100,69.93809523809524,52.25238095238095,28.62619047619048
ASV_4657,Bacteria,Pseudomonadota,Alphaproteobacteria,Hyphomonadales,Hyphomonadaceae,Hyphomonas,Hyphomonas atlantica,100,100,100,100,100,100,86.95
ASV_4658,Bacteria,Pseudomonadota,Alphaproteobacteria,Rhodobacterales,Roseobacteraceae,Roseovarius,Roseovarius salinarum,100.00000000000003,100.00000000000003,100.00000000000003,100.00000000000003,69.85000000000001,44.20000000000003,25.333333333333336
ASV_4659,Bacteria,Bacteroidota,Saprospiria,Saprospirales,Haliscomenobacteraceae,Portibacter,Portibacter lacus,100,100,100,100,100,100,100
ASV_4660,Bacteria,Bacteroidota,Flavobacteriia,Flavobacteriales,Flavobacteriaceae,Allomuricauda,Allomuricauda pacifica,100,100,100,100,100,100,97
ASV_4661,NA,NA,NA,NA,NA,NA,NA,NA,NA,NA,NA,NA,NA,NA
ASV_4662,Bacteria,Pseudomonadota,Gammaproteobacteria,Alteromonadales,Pseudoalteromonadaceae,Pseudoalteromonas,Pseudoalteromonas gelatinilytica,100,100,100,100,87.1,87.1,26.16666666666666
ASV_4663,Bacteria,Bacillota,Bacilli,Bacillales,Staphylococcaceae,Staphylococcus,Staphylococcus pasteuri,100,100,100,100,100,100,83.17554112554113
ASV_4664,Bacteria,Pseudomonadota,Gammaproteobacteria,Alteromonadales,Alteromonadaceae,Alteromonas,Alteromonas abrolhosensis,99.99999999999997,99.99999999999997,99.99999999999997,99.99999999999997,99.99999999999997,99.90454545454543,40.205868744557655
ASV_4665,Bacteria,Bdellovibrionota,Bacteriovoracia,Bacteriovoracales,Halobacteriovoraceae,Halobacteriovorax,Halobacteriovorax marinus,100,100,100,100,100,100,100
ASV_4666,NA,NA,NA,NA,NA,NA,NA,NA,NA,NA,NA,NA,NA,NA
ASV_4667,Bacteria,Pseudomonadota,Gammaproteobacteria,Vibrionales,Vibrionaceae,Vibrio,Vibrio cortegadensis,99.99999999999999,99.99999999999999,99.99999999999999,99.99999999999999,99.99999999999999,99.99999999999999,32.127777777777766
ASV_4668,Bacteria,Pseudomonadota,Gammaproteobacteria,Alteromonadales,Alteromonadaceae,Alteromonas,Alteromonas abrolhosensis,99.99999999999999,99.99999999999999,99.99999999999999,99.99999999999999,99.99999999999999,97.61956521739128,35.9377721681558
ASV_4669,Bacteria,Pseudomonadota,Gammaproteobacteria,Cellvibrionales,Spongiibacteraceae,Spongiibacter,Spongiibacter marinus,100,100,100,100,100,100,96.49999999999999
ASV_4670,Bacteria,Pseudomonadota,Gammaproteobacteria,Thiotrichales,Fastidiosibacteraceae,Cysteiniphilum,Cysteiniphilum litorale,100,100,100,100,100,85.5,84
ASV_4671,Bacteria,Pseudomonadota,Gammaproteobacteria,Alteromonadales,Alteromonadaceae,Alteromonas,Alteromonas pelagimontana,100,100,100,100,100,71.63333333333331,53.16666666666665
ASV_4672,Bacteria,Bacteroidota,Flavobacteriia,Flavobacteriales,Flavobacteriaceae,Polaribacter,Polaribacter porphyrae,100,100,100,100,100,73.13333333333334,25.366666666666664
ASV_4673,Bacteria,Pseudomonadota,Alphaproteobacteria,Rhodobacterales,Roseobacteraceae,Pseudooceanicola,Wenxinia saemankumensis,100,100,100,100,51.23333333333334,31.950000000000006,26.450000000000003
ASV_4674,Bacteria,Pseudomonadota,Gammaproteobacteria,Alteromonadales,Alteromonadaceae,Marisediminitalea,Marisediminitalea aggregata,100,100,100,100,93,84.69999999999999,84.69999999999999
ASV_4675,NA,NA,NA,NA,NA,NA,NA,NA,NA,NA,NA,NA,NA,NA
ASV_4676,Bacteria,Pseudomonadota,Gammaproteobacteria,Thiotrichales,Thiolinaceae,Thiolinea,Thiolinea disciformis,100,100,100,77.33333333333331,54.333333333333336,54.333333333333336,54.333333333333336
ASV_4677,Bacteria,Pseudomonadota,Gammaproteobacteria,Alteromonadales,Alteromonadaceae,Alteromonas,Alteromonas confluentis,100,100,100,100,100,77.11428571428571,42.242857142857154
ASV_4678,Bacteria,Pseudomonadota,Gammaproteobacteria,Oceanospirillales,Oceanospirillaceae,Neptuniibacter,Neptuniibacter caesariensis,100,100,100,100,100,100,88.83333333333333
ASV_4679,Bacteria,Pseudomonadota,Gammaproteobacteria,Alteromonadales,Alteromonadaceae,Alteromonas,Alteromonas abrolhosensis,99.99999999999997,99.99999999999997,99.99999999999997,99.99999999999997,99.99999999999997,95.86485507246371,36.564457797328956
ASV_4680,Bacteria,Pseudomonadota,Gammaproteobacteria,Vibrionales,Vibrionaceae,Vibrio,Vibrio alfacsensis,100.00000000000003,100.00000000000003,100.00000000000003,100.00000000000003,100.00000000000003,94.46000000000002,12.540000000000003
ASV_4681,Bacteria,Bacteroidota,Flavobacteriia,Flavobacteriales,Flavobacteriaceae,Tenacibaculum,Polaribacter porphyrae,100.00000000000001,100.00000000000001,100.00000000000001,100.00000000000001,100.00000000000001,70.93333333333335,15.833333333333337
ASV_4682,Bacteria,Pseudomonadota,Gammaproteobacteria,Alteromonadales,Pseudoalteromonadaceae,Pseudoalteromonas,Pseudoalteromonas xishaensis,100.00000000000001,100.00000000000001,100.00000000000001,100.00000000000001,100.00000000000001,73.83333333333331,25.448333333333316
ASV_4683,NA,NA,NA,NA,NA,NA,NA,NA,NA,NA,NA,NA,NA,NA
ASV_4684,Bacteria,Pseudomonadota,Gammaproteobacteria,Cellvibrionales,Cellvibrionaceae,Pseudoteredinibacter,Pseudoteredinibacter isoporae,100,100,100,100,100,69.33333333333333,69.33333333333333
ASV_4685,Bacteria,Pseudomonadota,Gammaproteobacteria,Oceanospirillales,Oceanospirillaceae,Oleispira,Oleispira lenta,100,100,100,100,100,100,85
ASV_4686,Bacteria,Bacteroidota,Flavobacteriia,Flavobacteriales,Flavobacteriaceae,Pontimicrobium,Pontimicrobium aquaticum,100,100,100,100,100,28.058333333333323,28.058333333333323
ASV_4687,Bacteria,Pseudomonadota,Gammaproteobacteria,Oceanospirillales,Oceanospirillaceae,Litoribrevibacter,Litoribrevibacter euphylliae,100,100,100,90.33333333333333,90.33333333333333,90.33333333333333,89.83333333333333
ASV_4688,NA,NA,NA,NA,NA,NA,NA,NA,NA,NA,NA,NA,NA,NA
ASV_4689,Bacteria,Pseudomonadota,Gammaproteobacteria,Alteromonadales,Alteromonadaceae,Alteromonas,Alteromonas abrolhosensis,100.00000000000003,100.00000000000003,100.00000000000003,100.00000000000003,100.00000000000003,98.27020202020206,38.263977816353645
ASV_4690,Bacteria,Pseudomonadota,Gammaproteobacteria,Vibrionales,Vibrionaceae,Vibrio,Vibrio fluvialis,100,100,100,100,100,90.9,47.550000000000004
ASV_4691,Bacteria,Pseudomonadota,Gammaproteobacteria,Alteromonadales,Alteromonadaceae,Salinimonas,Salinimonas lutimaris,100,100,100,100,100,89.33333333333331,78.66666666666666
ASV_4692,Bacteria,Campylobacterota,Epsilonproteobacteria,Campylobacterales,Arcobacteraceae,Malaciobacter,Malaciobacter pacificus,100.00000000000003,100.00000000000003,100.00000000000003,100.00000000000003,100.00000000000003,60.30000000000002,51.65000000000002
ASV_4693,Bacteria,Pseudomonadota,Gammaproteobacteria,Cellvibrionales,Cellvibrionaceae,Pseudoteredinibacter,Pseudoteredinibacter isoporae,100,100,100,100,100,100,100
ASV_4694,Bacteria,Bacteroidota,Flavobacteriia,Flavobacteriales,Flavobacteriaceae,Actibacter,Actibacter sediminis,100,100,100,100,100,51.78333333333333,26.85
ASV_4695,Bacteria,Pseudomonadota,Alphaproteobacteria,Maricaulales,Maricaulaceae,Oceanicaulis,Oceanicaulis alexandrii,100,100,100,100,100,100,70.5
ASV_4696,Bacteria,Pseudomonadota,Gammaproteobacteria,Oceanospirillales,Oceanospirillaceae,Bacterioplanoides,Bacterioplanoides pacificum,100,100,100,98.5,94.83333333333333,56.58333333333334,56.58333333333334
ASV_4697,Bacteria,Pseudomonadota,Gammaproteobacteria,Alteromonadales,Ferrimonadaceae,Ferrimonas,Ferrimonas futtsuensis,100,100,100,100,100,100,95.66666666666667
ASV_4698,NA,NA,NA,NA,NA,NA,NA,NA,NA,NA,NA,NA,NA,NA
ASV_4699,Bacteria,Pseudomonadota,Gammaproteobacteria,Alteromonadales,Colwelliaceae,Thalassotalea,Thalassotalea euphylliae,100,100,100,100,100,100,83.5
ASV_4700,Bacteria,Pseudomonadota,Betaproteobacteria,Burkholderiales,Comamonadaceae,Ramlibacter,Ramlibacter monticola,100,100,100,100,100,36.583333333333336,33.5
ASV_4701,Bacteria,Bacteroidota,Flavobacteriia,Flavobacteriales,Flavobacteriaceae,Kordia,Kordia algicida,100,100,100,100,100,100,35.43333333333333
ASV_4702,Bacteria,Pseudomonadota,Gammaproteobacteria,Vibrionales,Vibrionaceae,Vibrio,Vibrio nigripulchritudo,100.00000000000001,100.00000000000001,100.00000000000001,100.00000000000001,100.00000000000001,100.00000000000001,35.94126984126985
ASV_4703,Bacteria,Verrucomicrobiota,Verrucomicrobiae,Verrucomicrobiales,Verrucomicrobiaceae,Haloferula,Haloferula phyci,100,100,100,100,100,100,74
ASV_4704,Bacteria,Pseudomonadota,Gammaproteobacteria,Alteromonadales,Alteromonadaceae,Marisediminitalea,Marisediminitalea aggregata,100,100,100,100,100,89.5,89.5
ASV_4705,NA,NA,NA,NA,NA,NA,NA,NA,NA,NA,NA,NA,NA,NA
ASV_4706,Bacteria,Bacteroidota,Flavobacteriia,Flavobacteriales,Flavobacteriaceae,Dokdonia,Dokdonia lutea,100,100,100,100,100,100,100
ASV_4707,Bacteria,Pseudomonadota,Alphaproteobacteria,Rhodobacterales,Roseobacteraceae,Roseovarius,Roseovarius pacificus,100,100,100,100,87.08333333333331,71.83333333333331,54.75
ASV_4708,NA,NA,NA,NA,NA,NA,NA,NA,NA,NA,NA,NA,NA,NA
ASV_4709,Bacteria,Pseudomonadota,Alphaproteobacteria,Rhodobacterales,Roseobacteraceae,Roseovarius,Roseovarius aestuarii,100,100,100,100,86.85,69.81666666666666,27.9
ASV_4710,Bacteria,Pseudomonadota,Alphaproteobacteria,Rhodobacterales,Roseobacteraceae,Thalassovita,Thalassovita mediterranea,100,100,100,100,84.61666666666666,61.083333333333336,59.3
ASV_4711,Bacteria,Pseudomonadota,Alphaproteobacteria,Hyphomicrobiales,Rhizobiaceae,Rhizobium,Rhizobium deserti,100,100,100,100,100,75.40086580086579,73.53376623376622
ASV_4712,Bacteria,Pseudomonadota,Alphaproteobacteria,Rhodobacterales,Roseobacteraceae,Aliiruegeria,Aliiruegeria lutimaris,100.00000000000001,100.00000000000001,100.00000000000001,100.00000000000001,88.54404761904767,27.25000000000002,16.650000000000016
ASV_4713,Bacteria,Pseudomonadota,Alphaproteobacteria,Sphingomonadales,Erythrobacteraceae,Erythrobacter,Erythrobacter rubeus,100,100,100,100,97.08665983139666,63.77256997388581,62.72711542843126
ASV_4714,Bacteria,Pseudomonadota,Alphaproteobacteria,Maricaulales,Robiginitomaculaceae,Litorimonas,Fretibacter rubidus,100,100,100,96,96,50,38.50000000000001
ASV_4715,NA,NA,NA,NA,NA,NA,NA,NA,NA,NA,NA,NA,NA,NA
ASV_4716,Bacteria,Pseudomonadota,Gammaproteobacteria,Thiotrichales,Fastidiosibacteraceae,Cysteiniphilum,Cysteiniphilum litorale,100,100,100,100,100,100,53
ASV_4717,NA,NA,NA,NA,NA,NA,NA,NA,NA,NA,NA,NA,NA,NA
ASV_4718,Bacteria,Pseudomonadota,Gammaproteobacteria,Vibrionales,Vibrionaceae,Vibrio,Vibrio hannami,100,100,100,100,100,100,80.5
ASV_4719,Bacteria,Pseudomonadota,Gammaproteobacteria,Vibrionales,Vibrionaceae,Vibrio,Vibrio mytili,100.00000000000001,100.00000000000001,100.00000000000001,100.00000000000001,100.00000000000001,100.00000000000001,78.96666666666668
ASV_4720,Bacteria,Pseudomonadota,Alphaproteobacteria,Rhodobacterales,Roseobacteraceae,Phaeobacter,Phaeobacter porticola,100,100,100,100,68.40476190476188,62.142857142857125,61.809523809523796
ASV_4721,Bacteria,Verrucomicrobiota,Verrucomicrobiae,Verrucomicrobiales,Verrucomicrobiaceae,Haloferula,Haloferula phyci,100,100,100,100,100,100,93
ASV_4722,Bacteria,Pseudomonadota,Alphaproteobacteria,Rhodobacterales,Roseobacteraceae,Pelagimonas,Pelagimonas phthalicica,100,100,100,100,82.41428571428573,25.06666666666667,25.06666666666667
ASV_4723,Bacteria,Pseudomonadota,Alphaproteobacteria,Rhodobacterales,Roseobacteraceae,Oceanicola,Oceanicola granulosus,100.00000000000001,100.00000000000001,100.00000000000001,100.00000000000001,85.55000000000001,35.033333333333346,35.033333333333346
ASV_4724,NA,NA,NA,NA,NA,NA,NA,NA,NA,NA,NA,NA,NA,NA
ASV_4725,NA,NA,NA,NA,NA,NA,NA,NA,NA,NA,NA,NA,NA,NA
ASV_4726,NA,NA,NA,NA,NA,NA,NA,NA,NA,NA,NA,NA,NA,NA
ASV_4727,Bacteria,Pseudomonadota,Gammaproteobacteria,Pseudomonadales,Pseudomonadaceae,Pseudomonas,Pseudomonas brassicacearum,100,100,100,100,100,100,40.622841864018326
ASV_4728,Bacteria,Bacillota,Bacilli,Lactobacillales,Streptococcaceae,Streptococcus,Streptococcus equinus,100,100,100,100,100,100,37.44155844155844
ASV_4729,Bacteria,Pseudomonadota,Gammaproteobacteria,Cellvibrionales,Halieaceae,Haliea,Seongchinamella sediminis,100.00000000000001,100.00000000000001,100.00000000000001,100.00000000000001,100.00000000000001,39.16666666666665,30.33333333333333
ASV_4730,Bacteria,Bacteroidota,Saprospiria,Saprospirales,Lewinellaceae,Flavilitoribacter,Flavilitoribacter nigricans,100,100,100,100,66.66666666666667,41.33333333333332,41.33333333333332
ASV_4731,Bacteria,Pseudomonadota,Gammaproteobacteria,Alteromonadales,Colwelliaceae,Thalassotalea,Thalassotalea loyana,100,100,100,59.666666666666636,32.83333333333333,21.166666666666664,16.999999999999993
ASV_4732,Bacteria,Pseudomonadota,Gammaproteobacteria,Oceanospirillales,Oceanospirillaceae,Oceanospirillum,Oceanospirillum multiglobuliferum,100,100,100,82,75.33333333333331,72.5,68.5
ASV_4733,NA,NA,NA,NA,NA,NA,NA,NA,NA,NA,NA,NA,NA,NA
ASV_4734,NA,NA,NA,NA,NA,NA,NA,NA,NA,NA,NA,NA,NA,NA
ASV_4735,NA,NA,NA,NA,NA,NA,NA,NA,NA,NA,NA,NA,NA,NA
ASV_4736,Bacteria,Bacteroidota,Flavobacteriia,Flavobacteriales,Flavobacteriaceae,Polaribacter,Polaribacter huanghezhanensis,100.00000000000001,100.00000000000001,100.00000000000001,100.00000000000001,100.00000000000001,63.21666666666666,50.449999999999996
ASV_4737,Bacteria,Pseudomonadota,Gammaproteobacteria,Legionellales,Coxiellaceae,Coxiella,Coxiella burnetii,100,100,100,100,100,100,94.5
ASV_4738,Bacteria,Pseudomonadota,Alphaproteobacteria,Rhodobacterales,Paracoccaceae,Aquamicrobium,Aquamicrobium aestuarii,99.99999999999999,99.99999999999999,99.99999999999999,53.5,39.33333333333333,24.499999999999993,19.999999999999993
ASV_4739,Bacteria,Bacteroidota,Flavobacteriia,Flavobacteriales,Flavobacteriaceae,Psychroserpens,Psychroserpens mesophilus,100,100,100,100,100,68.16666666666666,68.16666666666666
ASV_4740,Bacteria,Pseudomonadota,Alphaproteobacteria,Rhodospirillales,Thalassobaculaceae,Nisaea,Nisaea nitritireducens,100,100,100,100,83.75,83.75,52.41666666666664
ASV_4741,Bacteria,Pseudomonadota,Gammaproteobacteria,Alteromonadales,Colwelliaceae,Thalassotalea,Thalassotalea loyana,100,100,100,100,100,100,87
ASV_4742,Bacteria,Bacteroidota,Flavobacteriia,Flavobacteriales,Flavobacteriaceae,Mangrovimonas,Mangrovimonas spongiae,100,100,100,100,100,76.00000000000001,74.50000000000001
ASV_4743,Bacteria,Bacillota,Bacilli,Lactobacillales,Streptococcaceae,Streptococcus,Streptococcus cristatus,100,100,100,100,100,100,78.97617031661143
ASV_4744,Bacteria,Bacteroidota,Flavobacteriia,Flavobacteriales,Flavobacteriaceae,Seonamhaeicola,Seonamhaeicola aphaedonensis,100,100,100,100,100,50.83333333333334,48.33333333333334
ASV_4745,NA,NA,NA,NA,NA,NA,NA,NA,NA,NA,NA,NA,NA,NA
ASV_4746,Bacteria,Bacteroidota,Flavobacteriia,Flavobacteriales,Flavobacteriaceae,Tamlana,Tamlana nanhaiensis,100,100,100,100,100,50.75,50.75
ASV_4747,Bacteria,Actinomycetota,Actinomycetes,Micrococcales,Microbacteriaceae,Microbacterium,Humibacter aquilariae,100.00000000000001,100.00000000000001,100.00000000000001,100.00000000000001,100.00000000000001,37.053177091108154,24.104329578467514
ASV_4748,Bacteria,Bacteroidota,Flavobacteriia,Flavobacteriales,Flavobacteriaceae,Allomuricauda,Allomuricauda flava,100,100,100,100,100,87.5,80
ASV_4749,Bacteria,Pseudomonadota,Gammaproteobacteria,Alteromonadales,Colwelliaceae,Thalassotalea,Thalassotalea loyana,100,100,100,68.75000000000003,61.00000000000003,58.50000000000003,30.33333333333334
ASV_4750,Bacteria,Pseudomonadota,Gammaproteobacteria,Alteromonadales,Colwelliaceae,Thalassotalea,Thalassotalea coralli,100,100,100,95.93333333333331,88.25,84.25,39.33333333333333
ASV_4751,NA,NA,NA,NA,NA,NA,NA,NA,NA,NA,NA,NA,NA,NA
ASV_4752,Bacteria,Pseudomonadota,Gammaproteobacteria,Cellvibrionales,Cellvibrionaceae,Eionea,Pseudoteredinibacter isoporae,100,100,100,86.50000000000001,86.50000000000001,33.666666666666664,29.833333333333332
ASV_4753,Bacteria,Pseudomonadota,Gammaproteobacteria,Alteromonadales,Colwelliaceae,Thalassotalea,Thalassotalea coralli,100,100,100,100,100,99,48.333333333333336
ASV_4754,Bacteria,Bacteroidota,Flavobacteriia,Flavobacteriales,Flavobacteriaceae,Allomuricauda,Allomuricauda koreensis,100,100,100,100,100,94.50000000000001,35
ASV_4755,Bacteria,Pseudomonadota,Gammaproteobacteria,Alteromonadales,Colwelliaceae,Thalassotalea,Thalassotalea agarivorans,100,100,100,100,100,99.16666666666664,29.74999999999999
ASV_4756,Bacteria,Pseudomonadota,Gammaproteobacteria,Alteromonadales,Colwelliaceae,Thalassotalea,Thalassomonas viridans,100,100,100,99.16666666666664,82.16666666666664,48.16666666666664,31.16666666666666
ASV_4757,Bacteria,Pseudomonadota,Gammaproteobacteria,Alteromonadales,Alteromonadaceae,Marisediminitalea,Marisediminitalea mangrovi,100.00000000000001,100.00000000000001,100.00000000000001,100.00000000000001,94.00000000000001,50.30952380952383,49.541666666666664
ASV_4758,Bacteria,Pseudomonadota,Alphaproteobacteria,Rhodobacterales,Roseobacteraceae,Phaeobacter,Tropicibacter naphthalenivorans,100,100,100,100,92.83012265512266,21.391300366300374,19.513492063492073
ASV_4759,Bacteria,Pseudomonadota,Gammaproteobacteria,Cellvibrionales,Cellvibrionaceae,Pseudoteredinibacter,Pseudoteredinibacter isoporae,100,100,100,100,100,77,77
ASV_4760,Bacteria,Bacteroidota,Flavobacteriia,Flavobacteriales,Flavobacteriaceae,Formosa,Formosa sediminum,100,100,100,100,100,31.233333333333324,26.400000000000002
ASV_4761,Bacteria,Pseudomonadota,Alphaproteobacteria,Rhodobacterales,Paracoccaceae,Pseudooceanicola,Pikeienuella piscinae,100.00000000000001,100.00000000000001,100.00000000000001,100.00000000000001,71.01190476190477,22.452380952380945,18.583333333333325
ASV_4762,Bacteria,Pseudomonadota,Gammaproteobacteria,Oceanospirillales,Oceanospirillaceae,Oceanospirillum,Oceanospirillum beijerinckii,100,100,100,75.5,72.66666666666667,62.66666666666665,46.70000000000001
ASV_4763,Bacteria,Bacteroidota,Flavobacteriia,Flavobacteriales,Flavobacteriaceae,Seonamhaeicola,Seonamhaeicola aphaedonensis,100,100,100,100,100,100,98.5
ASV_4764,NA,NA,NA,NA,NA,NA,NA,NA,NA,NA,NA,NA,NA,NA
ASV_4765,Bacteria,Pseudomonadota,Gammaproteobacteria,Alteromonadales,Colwelliaceae,Thalassomonas,Thalassomonas viridans,100,100,100,93.2666666666667,70.96666666666671,44.06666666666667,43.26666666666666
ASV_4766,NA,NA,NA,NA,NA,NA,NA,NA,NA,NA,NA,NA,NA,NA
ASV_4767,Bacteria,Bacteroidota,Flavobacteriia,Flavobacteriales,Flavobacteriaceae,Seonamhaeicola,Seonamhaeicola aphaedonensis,100,100,100,100,100,99.5,99.5
ASV_4768,NA,NA,NA,NA,NA,NA,NA,NA,NA,NA,NA,NA,NA,NA
ASV_4769,Bacteria,Pseudomonadota,Gammaproteobacteria,Cellvibrionales,Cellvibrionaceae,Pseudoteredinibacter,Pseudoteredinibacter isoporae,100,100,100,100,100,78.5,78.5
ASV_4770,NA,NA,NA,NA,NA,NA,NA,NA,NA,NA,NA,NA,NA,NA
ASV_4771,Bacteria,Pseudomonadota,Gammaproteobacteria,Oceanospirillales,Oceanospirillaceae,Bacterioplanoides,Bacterioplanoides pacificum,100.00000000000001,100.00000000000001,100.00000000000001,77.73333333333332,76.73333333333332,37.333333333333336,37.333333333333336
ASV_4772,NA,NA,NA,NA,NA,NA,NA,NA,NA,NA,NA,NA,NA,NA
ASV_4773,Bacteria,Planctomycetota,Planctomycetia,Planctomycetales,Planctomycetaceae,Fuerstiella,Fuerstiella marisgermanici,100,100,100,100,100,100,100
ASV_4774,Bacteria,Bacteroidota,Flavobacteriia,Flavobacteriales,Flavobacteriaceae,Kordia,Kordia antarctica,100,100,100,100,100,100,57.333333333333336
ASV_4775,Bacteria,Pseudomonadota,Alphaproteobacteria,Rhodobacterales,Roseobacteraceae,Thalassovita,Thalassovita mediterranea,100,100,100,100,81.08333333333333,73.39285714285714,73.14285714285714
ASV_4776,Bacteria,Pseudomonadota,Alphaproteobacteria,Rhodobacterales,Roseobacteraceae,Thalassovita,Thalassovita mediterranea,100,100,100,100,76.83333333333331,67.16666666666667,64.91666666666669
ASV_4777,NA,NA,NA,NA,NA,NA,NA,NA,NA,NA,NA,NA,NA,NA
ASV_4778,NA,NA,NA,NA,NA,NA,NA,NA,NA,NA,NA,NA,NA,NA
ASV_4779,Bacteria,Bacteroidota,Saprospiria,Saprospirales,Saprospiraceae,Aureispira,Aureispira maritima,100,100,100,100,100,100,100
ASV_4780,NA,NA,NA,NA,NA,NA,NA,NA,NA,NA,NA,NA,NA,NA
ASV_4781,Bacteria,Bacteroidota,Saprospiria,Saprospirales,Saprospiraceae,Aureispira,Aureispira maritima,100,100,100,100,100,100,100
ASV_4782,NA,NA,NA,NA,NA,NA,NA,NA,NA,NA,NA,NA,NA,NA
ASV_4783,Bacteria,Pseudomonadota,Alphaproteobacteria,Rhodobacterales,Roseobacteraceae,Dinoroseobacter,Dinoroseobacter shibae,99.99999999999999,99.99999999999999,99.99999999999999,99.99999999999999,79.0944444444444,18.10238095238094,18.10238095238094
ASV_4784,Bacteria,Bacteroidota,Saprospiria,Saprospirales,Saprospiraceae,Aureispira,Aureispira maritima,100,100,100,100,100,100,100
ASV_4785,Bacteria,Pseudomonadota,Alphaproteobacteria,Rhodobacterales,Roseobacteraceae,Thalassovita,Thalassovita mediterranea,100,100,100,100,76.58333333333333,65.08333333333333,64.58333333333333
ASV_4786,Bacteria,Pseudomonadota,Alphaproteobacteria,Rhodobacterales,Roseobacteraceae,Maritimibacter,Thalassovita mediterranea,100,100,100,100,52.717857142857156,18.805952380952384,13.759523809523811
ASV_4787,Bacteria,Bacteroidota,Saprospiria,Saprospirales,Saprospiraceae,Aureispira,Aureispira maritima,100,100,100,100,100,100,100
ASV_4788,NA,NA,NA,NA,NA,NA,NA,NA,NA,NA,NA,NA,NA,NA
ASV_4789,NA,NA,NA,NA,NA,NA,NA,NA,NA,NA,NA,NA,NA,NA
ASV_4790,Bacteria,Pseudomonadota,Alphaproteobacteria,Rhodobacterales,Paracoccaceae,Rhodovulum,Rhodovulum tesquicola,100,100,100,92.40119047619046,54.300000000000004,22.116666666666664,20.783333333333317
ASV_4791,Bacteria,Bacteroidota,Flavobacteriia,Flavobacteriales,Flavobacteriaceae,Aureitalea,Aureitalea marina,100,100,100,100,100,48.66666666666665,48.66666666666665
ASV_4792,Bacteria,Bacteroidota,Saprospiria,Saprospirales,Saprospiraceae,Aureispira,Aureispira maritima,100,100,100,100,100,100,100
ASV_4793,Bacteria,Bacteroidota,Saprospiria,Saprospirales,Saprospiraceae,Aureispira,Aureispira maritima,100,100,100,100,100,100,62.5
ASV_4794,Bacteria,Pseudomonadota,Gammaproteobacteria,Alteromonadales,Colwelliaceae,Thalassotalea,Thalassotalea loyana,100,100,100,100,100,97,44.5
ASV_4795,Bacteria,Pseudomonadota,Gammaproteobacteria,Oceanospirillales,Oceanospirillaceae,Bacterioplanoides,Bacterioplanoides pacificum,100,100,100,97.50000000000001,91.50000000000001,57.33333333333335,57.33333333333335
ASV_4796,Bacteria,Pseudomonadota,Gammaproteobacteria,Alteromonadales,Colwelliaceae,Thalassotalea,Thalassotalea coralli,100,100,100,100,92.00000000000001,74.83333333333331,25.999999999999993
ASV_4797,Bacteria,Bacteroidota,Flavobacteriia,Flavobacteriales,Flavobacteriaceae,Tenacibaculum,Tenacibaculum litopenaei,100,100,100,100,100,100,100
ASV_4798,NA,NA,NA,NA,NA,NA,NA,NA,NA,NA,NA,NA,NA,NA
ASV_4799,Bacteria,Pseudomonadota,Gammaproteobacteria,Alteromonadales,Colwelliaceae,Thalassotalea,Thalassomonas viridans,99.99999999999999,99.99999999999999,99.99999999999999,96.99999999999999,85,43.833333333333336,39.666666666666664
ASV_4800,Bacteria,Bacteroidota,Flavobacteriia,Flavobacteriales,Flavobacteriaceae,Dokdonia,Dokdonia lutea,100,100,100,100,100,100,98
ASV_4801,Bacteria,Pseudomonadota,Alphaproteobacteria,Rhodobacterales,Roseobacteraceae,Ruegeria,Ruegeria arenilitoris,100.00000000000001,100.00000000000001,100.00000000000001,100.00000000000001,74.92380952380957,72.2571428571429,23.425000000000004
ASV_4802,Bacteria,Planctomycetota,Planctomycetia,Planctomycetales,Planctomycetaceae,Fuerstiella,Fuerstiella marisgermanici,100,100,100,100,100,100,100
ASV_4803,Bacteria,Bacteroidota,Cytophagia,Cytophagales,Reichenbachiellaceae,Ekhidna,Ekhidna lutea,100,100,100,100,100,100,100
ASV_4804,NA,NA,NA,NA,NA,NA,NA,NA,NA,NA,NA,NA,NA,NA
ASV_4805,Bacteria,Bacteroidota,Flavobacteriia,Flavobacteriales,Flavobacteriaceae,Dokdonia,Dokdonia lutea,100,100,100,100,100,88,88
ASV_4806,Bacteria,Bacteroidota,Flavobacteriia,Flavobacteriales,Flavobacteriaceae,Dokdonia,Dokdonia lutea,100,100,100,100,100,100,100
ASV_4807,Bacteria,Verrucomicrobiota,Opitutae,Puniceicoccales,Coraliomargaritaceae,Coraliomargarita,Coraliomargarita sinensis,100,100,100,100,100,100,50.33333333333334
ASV_4808,Bacteria,Verrucomicrobiota,Opitutae,Puniceicoccales,Coraliomargaritaceae,Coraliomargarita,Coraliomargarita akajimensis,100,100,100,100,100,100,70.33333333333333
ASV_4809,Bacteria,Pseudomonadota,Gammaproteobacteria,Alteromonadales,Alteromonadaceae,Alteromonas,Alteromonas abrolhosensis,99.99999999999997,99.99999999999997,99.99999999999997,99.99999999999997,99.99999999999997,99.94999999999997,39.25835110911433
ASV_4810,Bacteria,Pseudomonadota,Gammaproteobacteria,Alteromonadales,Alteromonadaceae,Salinimonas,Salinimonas chungwhensis,100,100,100,100,100,69.08333333333333,46.083333333333336
ASV_4811,Bacteria,Pseudomonadota,Alphaproteobacteria,Rhodobacterales,Roseobacteraceae,Sulfitobacter,Sulfitobacter sediminilitoris,100,100,100,100,100,99.5,97
ASV_4812,Bacteria,Pseudomonadota,Alphaproteobacteria,Rhodobacterales,Roseobacteraceae,Ruegeria,Cribrihabitans marinus,100.00000000000001,100.00000000000001,100.00000000000001,100.00000000000001,71.04206349206349,45.02539682539683,21.727777777777767
ASV_4813,Bacteria,Bacteroidota,Flavobacteriia,Flavobacteriales,Flavobacteriaceae,Dokdonia,Dokdonia lutea,100,100,100,100,100,100,82.78333333333332
ASV_4814,NA,NA,NA,NA,NA,NA,NA,NA,NA,NA,NA,NA,NA,NA
ASV_4815,NA,NA,NA,NA,NA,NA,NA,NA,NA,NA,NA,NA,NA,NA
ASV_4816,Bacteria,Bacteroidota,Flavobacteriia,Flavobacteriales,Flavobacteriaceae,Allomuricauda,Allomuricauda pacifica,100,100,100,100,100,47.58333333333334,25.666666666666675
ASV_4817,Bacteria,Bacteroidota,Flavobacteriia,Flavobacteriales,Flavobacteriaceae,Corallibacter,Corallibacter vietnamensis,100,100,100,100,100,66,66
ASV_4818,Bacteria,Verrucomicrobiota,Opitutae,Puniceicoccales,Coraliomargaritaceae,Coraliomargarita,Coraliomargarita akajimensis,100,100,62.5,62.5,62.5,62.5,46
ASV_4819,NA,NA,NA,NA,NA,NA,NA,NA,NA,NA,NA,NA,NA,NA
ASV_4820,Bacteria,Pseudomonadota,Gammaproteobacteria,Cellvibrionales,Halieaceae,Parahaliea,Parahaliea maris,100,100,100,100,100,54.16666666666666,49.16666666666666
ASV_4821,Bacteria,Bacteroidota,Flavobacteriia,Flavobacteriales,Flavobacteriaceae,Dokdonia,Dokdonia lutea,100,100,100,100,100,100,100
ASV_4822,Bacteria,Pseudomonadota,Gammaproteobacteria,Alteromonadales,Alteromonadaceae,Paraglaciecola,Paraglaciecola aestuariivivens,100,100,100,100,100,43.91666666666666,39.48333333333334
ASV_4823,Bacteria,Pseudomonadota,Gammaproteobacteria,Alteromonadales,Alteromonadaceae,Alteromonas,Alteromonas mediterranea,100,100,100,100,100,99.72679347826087,69.61468333196602
ASV_4824,Bacteria,Pseudomonadota,Gammaproteobacteria,Alteromonadales,Alteromonadaceae,Alteromonas,Alteromonas confluentis,100,100,100,100,100,89.05238095238093,57.092107409498674
ASV_4825,Bacteria,Bacteroidota,Flavobacteriia,Flavobacteriales,Flavobacteriaceae,Tenacibaculum,Tenacibaculum halocynthiae,100,100,100,100,100,99.5,55.25
ASV_4826,Bacteria,Verrucomicrobiota,Opitutae,Puniceicoccales,Coraliomargaritaceae,Coraliomargarita,Coraliomargarita sinensis,100,100,60,60,60,60,60
ASV_4827,Bacteria,Bacteroidota,Flavobacteriia,Flavobacteriales,Flavobacteriaceae,Tenacibaculum,Pseudotenacibaculum haliotis,100.00000000000001,100.00000000000001,100.00000000000001,100.00000000000001,100.00000000000001,47.50476190476191,23.059523809523803
ASV_4828,Bacteria,Pseudomonadota,Alphaproteobacteria,Rhodobacterales,Paracoccaceae,Marimonas,Marimonas lutisalis,100,100,100,100,53.50000000000002,16.08333333333333,16.08333333333333
ASV_4829,Bacteria,Bdellovibrionota,Bacteriovoracia,Bacteriovoracales,Halobacteriovoraceae,Halobacteriovorax,Halobacteriovorax vibrionivorans,100,100,100,100,100,100,100
ASV_4830,Bacteria,Pseudomonadota,Gammaproteobacteria,Moraxellales,Moraxellaceae,Psychrobacter,Psychrobacter aestuarii,100,100,100,100,100,100,33.15
ASV_4831,NA,NA,NA,NA,NA,NA,NA,NA,NA,NA,NA,NA,NA,NA
ASV_4832,NA,NA,NA,NA,NA,NA,NA,NA,NA,NA,NA,NA,NA,NA
ASV_4833,Bacteria,Pseudomonadota,Gammaproteobacteria,Vibrionales,Vibrionaceae,Vibrio,Vibrio aquimaris,100,100,100,100,100,100,41.2
ASV_4834,Bacteria,Myxococcota,NA,Nannocystales,Nannocystaceae,Plesiocystis,Plesiocystis pacifica,100,100,72.5,72.5,72.5,69.83333333333333,69.83333333333333
ASV_4835,Bacteria,Pseudomonadota,Alphaproteobacteria,Rhodobacterales,Roseobacteraceae,Ruegeria,Ruegeria profundi,100,100,100,100,97.69047619047616,97.69047619047616,40.08333333333333
ASV_4836,NA,NA,NA,NA,NA,NA,NA,NA,NA,NA,NA,NA,NA,NA
ASV_4837,NA,NA,NA,NA,NA,NA,NA,NA,NA,NA,NA,NA,NA,NA
ASV_4838,Bacteria,Bacteroidota,Saprospiria,Saprospirales,Lewinellaceae,Neolewinella,Neolewinella persica,100,100,100,100,100,100,47
ASV_4839,Bacteria,Pseudomonadota,Alphaproteobacteria,Hyphomicrobiales,Ahrensiaceae,Pseudahrensia,Pseudahrensia todarodis,100,100,100,100,86.33333333333336,85.50000000000004,79.00000000000004
ASV_4840,Bacteria,Pseudomonadota,Gammaproteobacteria,Chromatiales,Ectothiorhodospiraceae,Thiogranum,Thiogranum longum,100,100,100,99.16666666666666,78,67.66666666666666,67.66666666666666
ASV_4841,Bacteria,Verrucomicrobiota,Verrucomicrobiae,Verrucomicrobiales,Verrucomicrobiaceae,Fucophilus,Fucophilus fucoidanolyticus,100,100,93.5,93.5,93.5,93.5,93.5
ASV_4842,Bacteria,Pseudomonadota,Alphaproteobacteria,Rhodobacterales,Paracoccaceae,Coraliihabitans,Coraliihabitans acroporae,100,100,100,98.5,98.5,72,72
ASV_4843,Bacteria,Verrucomicrobiota,Verrucomicrobiae,Verrucomicrobiales,Verrucomicrobiaceae,Roseibacillus,Roseibacillus ponti,100,100,100,100,100,94,48.5
ASV_4844,Bacteria,Pseudomonadota,Alphaproteobacteria,Parvularculales,Parvularculaceae,Parvularcula,Parvularcula oceani,100,100,100,100,100,92.83333333333331,41.583333333333336
ASV_4845,Bacteria,Pseudomonadota,Gammaproteobacteria,Alteromonadales,Alteromonadaceae,Aliiglaciecola,Aliiglaciecola lipolytica,100,100,100,100,100,53.58333333333332,47.916666666666636
ASV_4846,Bacteria,Bacteroidota,Saprospiria,Saprospirales,Lewinellaceae,Flavilitoribacter,Flavilitoribacter nigricans,100,100,100,100,68.16666666666667,68.16666666666667,68.16666666666667
ASV_4847,NA,NA,NA,NA,NA,NA,NA,NA,NA,NA,NA,NA,NA,NA
ASV_4848,Bacteria,Pseudomonadota,Alphaproteobacteria,Kordiimonadales,Temperatibacteraceae,Gimibacter,Gimibacter soli,100.00000000000001,100.00000000000001,100.00000000000001,100.00000000000001,71.83333333333333,71.83333333333333,71.83333333333333
ASV_4849,Bacteria,Pseudomonadota,Gammaproteobacteria,Alteromonadales,Alteromonadaceae,Alteromonas,Alteromonas confluentis,100,100,100,100,100,82.35476190476192,46.27619047619046
ASV_4850,Bacteria,Pseudomonadota,Gammaproteobacteria,Cellvibrionales,Halieaceae,Haliea,Luminiphilus syltensis,100,100,100,100,100,16.583333333333318,14.916666666666666
ASV_4851,Bacteria,Bacteroidota,Flavobacteriia,Flavobacteriales,Crocinitomicaceae,Lishizhenia,Lishizhenia tianjinensis,100,100,100,100,100,50.25,50.25
ASV_4852,Bacteria,Pseudomonadota,Gammaproteobacteria,Cellvibrionales,Halieaceae,Haliea,Halioglobus japonicus,100,100,100,95.5,95.5,25.499999999999993,16.166666666666664
ASV_4853,Bacteria,Pseudomonadota,Gammaproteobacteria,Alteromonadales,Colwelliaceae,Thalassotalea,Thalassotalea coralli,100,100,100,95.25,92.08333333333331,91.37499999999999,43.583333333333336
ASV_4854,NA,NA,NA,NA,NA,NA,NA,NA,NA,NA,NA,NA,NA,NA
ASV_4855,Bacteria,Pseudomonadota,Alphaproteobacteria,Rhodobacterales,Roseobacteraceae,Thalassovita,Thalassovita mangrovi,100.00000000000003,100.00000000000003,100.00000000000003,96.50000000000003,66.33333333333333,18.000000000000004,18.000000000000004
ASV_4856,NA,NA,NA,NA,NA,NA,NA,NA,NA,NA,NA,NA,NA,NA
ASV_4857,Bacteria,Campylobacterota,Epsilonproteobacteria,Campylobacterales,Arcobacteraceae,Arcobacter,Arcobacter aquimarinus,100,100,100,100,100,89.36666666666667,83.06666666666666
ASV_4858,NA,NA,NA,NA,NA,NA,NA,NA,NA,NA,NA,NA,NA,NA
ASV_4859,Bacteria,Pseudomonadota,Gammaproteobacteria,Alteromonadales,Colwelliaceae,Thalassotalea,Thalassotalea coralli,100,100,100,98,88,86,46.25
ASV_4860,Bacteria,Pseudomonadota,Gammaproteobacteria,Alteromonadales,Alteromonadaceae,Planctobacterium,Planctobacterium marinum,100.00000000000001,100.00000000000001,100.00000000000001,100.00000000000001,100.00000000000001,79.00000000000004,79.00000000000004
ASV_4861,Bacteria,Pseudomonadota,Alphaproteobacteria,Rhodobacterales,Roseobacteraceae,Lutimaribacter,Lutimaribacter saemankumensis,100,100,100,100,100,76.9833333333333,38.20000000000001
ASV_4862,Bacteria,Thermodesulfobacteriota,Desulfobacteria,Desulfobacterales,Desulfosarcinaceae,Desulfosarcina,Desulfosarcina alkanivorans,100,100,100,100,66.83333333333331,64.33333333333331,47.83333333333333
ASV_4863,Bacteria,Chlamydiota,Chlamydiia,Parachlamydiales,Simkaniaceae,Simkania,Simkania negevensis,100,100,100,100,100,100,100
ASV_4864,NA,NA,NA,NA,NA,NA,NA,NA,NA,NA,NA,NA,NA,NA
ASV_4865,Bacteria,Pseudomonadota,Gammaproteobacteria,Oceanospirillales,Alcanivoracaceae,Marinicella,Marinicella litoralis,100,100,100,100,100,100,61
ASV_4866,NA,NA,NA,NA,NA,NA,NA,NA,NA,NA,NA,NA,NA,NA
ASV_4867,Bacteria,Pseudomonadota,Alphaproteobacteria,Rickettsiales,Rickettsiaceae,Rickettsia,Rickettsia sibirica,100,100,100,100,100,97,40.0958874458874
ASV_4868,Bacteria,Pseudomonadota,Alphaproteobacteria,Rhodobacterales,Roseobacteraceae,Palleronia,Palleronia abyssalis,100,100,100,100,100,100,73.5
ASV_4869,Bacteria,Pseudomonadota,Gammaproteobacteria,Alteromonadales,Pseudoalteromonadaceae,Pseudoalteromonas,Pseudoalteromonas gelatinilytica,100,100,100,100,100,100,29.59999999999999
ASV_4870,Bacteria,Bacillota,Clostridia,Lachnospirales,Vallitaleaceae,Defluviitalea,Vallitalea okinawensis,100,100,100,82.41666666666667,34.25,32.16666666666665,22.416666666666664
ASV_4871,NA,NA,NA,NA,NA,NA,NA,NA,NA,NA,NA,NA,NA,NA
ASV_4872,Bacteria,Pseudomonadota,Gammaproteobacteria,Oceanospirillales,Oceanospirillaceae,Spongiispira,Spongiispira norvegica,100,100,100,100,100,100,100
ASV_4873,Bacteria,Pseudomonadota,Alphaproteobacteria,Rhodobacterales,Paracoccaceae,Aliiroseovarius,Aliiroseovarius marinus,100,100,100,100,54.400000000000006,52.86666666666666,52.86666666666666
ASV_4874,Bacteria,Pseudomonadota,Gammaproteobacteria,Alteromonadales,Alteromonadaceae,Aliiglaciecola,Aliiglaciecola lipolytica,100.00000000000001,100.00000000000001,100.00000000000001,100.00000000000001,100.00000000000001,65.80000000000001,59.96666666666666
ASV_4875,Bacteria,Myxococcota,NA,Nannocystales,Nannocystaceae,Enhygromyxa,Enhygromyxa salina,100.00000000000001,100.00000000000001,51.00000000000001,51.00000000000001,51.00000000000001,49.00000000000001,49.00000000000001
ASV_4876,Bacteria,Pseudomonadota,Gammaproteobacteria,Alteromonadales,Alteromonadaceae,Alteromonas,Alteromonas abrolhosensis,100.00000000000001,100.00000000000001,100.00000000000001,100.00000000000001,100.00000000000001,99.94736842105266,41.45252564100323
ASV_4877,Bacteria,Pseudomonadota,Gammaproteobacteria,Alteromonadales,Alteromonadaceae,Alteromonas,Alteromonas confluentis,100.00000000000003,100.00000000000003,100.00000000000003,100.00000000000003,100.00000000000003,92.44107052367924,25.393100377882988
ASV_4878,Bacteria,Pseudomonadota,Gammaproteobacteria,Pseudomonadales,Marinobacteraceae,Marinobacter,Marinobacter segnicrescens,100,100,100,100,100,100,18.450000000000003
ASV_4879,Bacteria,Pseudomonadota,Gammaproteobacteria,Alteromonadales,Alteromonadaceae,Alteromonas,Alteromonas confluentis,100.00000000000004,100.00000000000004,100.00000000000004,100.00000000000004,100.00000000000004,83.25952380952386,34.00238095238098
ASV_4880,Bacteria,Pseudomonadota,Gammaproteobacteria,Alteromonadales,Pseudoalteromonadaceae,Pseudoalteromonas,Pseudoalteromonas piratica,100,100,100,100,99.90692640692639,88.70454545454542,32.52093485724674
ASV_4881,Bacteria,Pseudomonadota,Alphaproteobacteria,Hyphomonadales,Hyphomonadaceae,Hyphomonas,Hyphomonas atlantica,100,100,100,100,100,100,51.66666666666666
ASV_4882,Bacteria,Pseudomonadota,Gammaproteobacteria,Alteromonadales,Alteromonadaceae,Alteromonas,Alteromonas abrolhosensis,99.99999999999997,99.99999999999997,99.99999999999997,99.99999999999997,99.99999999999997,99.95999999999997,38.86306560013921
ASV_4883,Bacteria,Pseudomonadota,Gammaproteobacteria,Vibrionales,Vibrionaceae,Photobacterium,Photobacterium alginatilyticum,100,100,100,100,100,100,100
ASV_4884,Bacteria,Bacteroidota,Cytophagia,Cytophagales,Roseivirgaceae,Roseivirga,Roseivirga misakiensis,100,100,100,100,59,59,54
ASV_4885,Bacteria,Pseudomonadota,Gammaproteobacteria,Oceanospirillales,Oceanospirillaceae,Thalassolituus,Thalassolituus maritimus,100,100,100,100,100,100,100
ASV_4886,Bacteria,Pseudomonadota,Gammaproteobacteria,Vibrionales,Vibrionaceae,Vibrio,Vibrio fluvialis,100.00000000000001,100.00000000000001,100.00000000000001,100.00000000000001,100.00000000000001,99.83333333333333,56.849999999999994
ASV_4887,Bacteria,Pseudomonadota,Gammaproteobacteria,Alteromonadales,Pseudoalteromonadaceae,Pseudoalteromonas,Pseudoalteromonas piratica,100.00000000000006,100.00000000000006,100.00000000000006,100.00000000000006,99.84737156511356,92.84737156511356,32.57050644403906
ASV_4888,Bacteria,Pseudomonadota,Gammaproteobacteria,Vibrionales,Vibrionaceae,Photobacterium,Photobacterium jeanii,100,100,100,100,100,90.41666666666669,73.00000000000001
ASV_4889,Bacteria,Pseudomonadota,Alphaproteobacteria,Sphingomonadales,Erythrobacteraceae,Altericroceibacterium,Altericroceibacterium spongiae,100,100,100,100,99.89999999999999,33.409523809523826,32.909523809523826
ASV_4890,Bacteria,Pseudomonadota,Gammaproteobacteria,Alteromonadales,Alteromonadaceae,Paraglaciecola,Paraglaciecola marina,99.99999999999999,99.99999999999999,99.99999999999999,99.99999999999999,99.99999999999999,28.99999999999999,23.16666666666666
ASV_4891,Bacteria,Pseudomonadota,Gammaproteobacteria,Alteromonadales,Colwelliaceae,Oceanospirillum,Oceanospirillum nioense,100,100,100,42.250000000000014,42.250000000000014,31.16666666666666,23.999999999999993
ASV_4892,NA,NA,NA,NA,NA,NA,NA,NA,NA,NA,NA,NA,NA,NA
ASV_4893,Bacteria,Verrucomicrobiota,Verrucomicrobiae,Verrucomicrobiales,Verrucomicrobiaceae,Haloferula,Haloferula phyci,100,100,100,100,100,100,97.5
ASV_4894,Bacteria,Pseudomonadota,Gammaproteobacteria,Alteromonadales,Alteromonadaceae,Salinimonas,Salinimonas lutimaris,100,100,100,100,100,80.33333333333333,69.33333333333333
ASV_4895,Bacteria,Campylobacterota,Epsilonproteobacteria,Campylobacterales,Campylobacteraceae,Campylobacter,Campylobacter concisus,100,100,100,100,100,100,99.5
ASV_4896,Bacteria,Pseudomonadota,Gammaproteobacteria,Alteromonadales,Alteromonadaceae,Alteromonas,Alteromonas abrolhosensis,99.99999999999997,99.99999999999997,99.99999999999997,99.99999999999997,99.99999999999997,99.99999999999997,41.19548581300095
ASV_4897,NA,NA,NA,NA,NA,NA,NA,NA,NA,NA,NA,NA,NA,NA
ASV_4898,Bacteria,Pseudomonadota,Gammaproteobacteria,Oceanospirillales,Oceanospirillaceae,Neptunomonas,Neptunomonas antarctica,100,100,100,100,100,98.5,93.5
ASV_4899,Bacteria,Verrucomicrobiota,Verrucomicrobiae,Verrucomicrobiales,Verrucomicrobiaceae,Haloferula,Haloferula phyci,100,100,100,100,100,100,92.5
ASV_4900,NA,NA,NA,NA,NA,NA,NA,NA,NA,NA,NA,NA,NA,NA
ASV_4901,Bacteria,Actinomycetota,Actinomycetes,Geodermatophilales,Geodermatophilaceae,Klenkia,Klenkia terrae,100,100,100,100,100,100,75.63333333333333
ASV_4902,Bacteria,Pseudomonadota,Alphaproteobacteria,Rhodobacterales,Roseobacteraceae,Sinisalibacter,Sinisalibacter lacisalsi,99.99999999999999,99.99999999999999,99.99999999999999,99.99999999999999,76.51666666666665,32.65,32.65
ASV_4903,Bacteria,Pseudomonadota,Alphaproteobacteria,Rhodospirillales,Kiloniellaceae,Kiloniella,Kiloniella spongiae,99.99999999999999,99.99999999999999,99.99999999999999,99.99999999999999,99.99999999999999,99.99999999999999,47.499999999999986
ASV_4904,Bacteria,Pseudomonadota,Gammaproteobacteria,Alteromonadales,Colwelliaceae,Thalassotalea,Oceanobacter mangrovi,100,100,100,57.91666666666664,57.91666666666664,43.66666666666665,19.58333333333332
ASV_4905,NA,NA,NA,NA,NA,NA,NA,NA,NA,NA,NA,NA,NA,NA
ASV_4906,Bacteria,Pseudomonadota,Alphaproteobacteria,Rhodobacterales,Paracoccaceae,Silicimonas,Silicimonas algicola,100,100,100,100,68.19047619047618,35.08333333333333,35.08333333333333
ASV_4907,Bacteria,Pseudomonadota,Gammaproteobacteria,Alteromonadales,Colwelliaceae,Thalassotalea,Thalassomonas viridans,100,100,100,100,97.66666666666666,62.41666666666666,33.25000000000001
ASV_4908,Bacteria,Bacteroidota,Flavobacteriia,Flavobacteriales,Flavobacteriaceae,Seonamhaeicola,Seonamhaeicola algicola,100,100,100,100,100,66.10000000000001,32.033333333333346
ASV_4909,Bacteria,Pseudomonadota,Betaproteobacteria,Nitrosomonadales,Methylophilaceae,Methylotenera,Methylotenera oryzisoli,100,100,100,100,82.41666666666669,82.41666666666669,82.41666666666669
ASV_4910,Bacteria,Pseudomonadota,Betaproteobacteria,Burkholderiales,Comamonadaceae,Acidovorax,Acidovorax facilis,100,100,100,100,100,97.92857142857143,59.976190476190496
ASV_4911,NA,NA,NA,NA,NA,NA,NA,NA,NA,NA,NA,NA,NA,NA
ASV_4912,Bacteria,Bacillota,Bacilli,Lactobacillales,Carnobacteriaceae,Carnobacterium,Carnobacterium mobile,100,100,100,100,100,100,95.5
ASV_4913,Bacteria,Bacteroidota,Flavobacteriia,Flavobacteriales,Flavobacteriaceae,Allomuricauda,Allomuricauda amphidinii,100,100,100,100,100,100,100
ASV_4914,Bacteria,Bacteroidota,Flavobacteriia,Flavobacteriales,Flavobacteriaceae,Winogradskyella,Winogradskyella algicola,100,100,100,100,100,99,51
ASV_4915,Bacteria,Pseudomonadota,Gammaproteobacteria,Cellvibrionales,Cellvibrionaceae,Pseudoteredinibacter,Pseudoteredinibacter isoporae,100,100,100,100,100,100,100
ASV_4916,Bacteria,Verrucomicrobiota,Opitutae,Puniceicoccales,Coraliomargaritaceae,Coraliomargarita,Coraliomargarita akajimensis,100,100,99,99,99,99,55.66666666666665
ASV_4917,Bacteria,Verrucomicrobiota,Opitutae,Puniceicoccales,Coraliomargaritaceae,Coraliomargarita,Coraliomargarita akajimensis,100,100,100,100,100,100,76
ASV_4918,Bacteria,Bacteroidota,Flavobacteriia,Flavobacteriales,Flavobacteriaceae,Allomuricauda,Allomuricauda onchidii,100.00000000000001,100.00000000000001,100.00000000000001,100.00000000000001,100.00000000000001,50.16666666666665,34.16666666666665
ASV_4919,Bacteria,Bacteroidota,Flavobacteriia,Flavobacteriales,Flavobacteriaceae,Winogradskyella,Winogradskyella tangerina,100,100,100,100,100,68.00000000000001,56.00000000000001
ASV_4920,Bacteria,Verrucomicrobiota,Opitutae,Puniceicoccales,Coraliomargaritaceae,Coraliomargarita,Coraliomargarita akajimensis,100.00000000000001,100.00000000000001,99.00000000000001,99.00000000000001,99.00000000000001,99.00000000000001,70.66666666666667
ASV_4921,Bacteria,Bacteroidota,Flavobacteriia,Flavobacteriales,Flavobacteriaceae,Seonamhaeicola,Seonamhaeicola aphaedonensis,100.00000000000004,100.00000000000004,100.00000000000004,100.00000000000004,100.00000000000004,59.533333333333374,56.70000000000003
ASV_4922,NA,NA,NA,NA,NA,NA,NA,NA,NA,NA,NA,NA,NA,NA
ASV_4923,Bacteria,Chlamydiota,Chlamydiia,Parachlamydiales,Simkaniaceae,Simkania,Simkania negevensis,100,100,100,100,100,100,100
ASV_4924,Bacteria,Pseudomonadota,Gammaproteobacteria,Oceanospirillales,Oceanospirillaceae,Eionea,Bacterioplanoides pacificum,100,100,100,66.91666666666669,61.91666666666667,27.75000000000001,24.333333333333332
ASV_4925,NA,NA,NA,NA,NA,NA,NA,NA,NA,NA,NA,NA,NA,NA
ASV_4926,Bacteria,Pseudomonadota,Gammaproteobacteria,Orbales,Orbaceae,Gilliamella,Gilliamella apicola,100,100,100,100,100,100,99.66666666666667
ASV_4927,Bacteria,Bacteroidota,Flavobacteriia,Flavobacteriales,Flavobacteriaceae,Tenacibaculum,Tenacibaculum halocynthiae,100.00000000000001,100.00000000000001,100.00000000000001,100.00000000000001,100.00000000000001,78.16666666666667,26.583333333333325
ASV_4928,Bacteria,Pseudomonadota,Alphaproteobacteria,Caulobacterales,Caulobacteraceae,Brevundimonas,Brevundimonas subvibrioides,100,100,100,100,100,100,90.38095238095238
ASV_4929,Bacteria,Myxococcota,Myxococcia,Myxococcales,Anaeromyxobacteraceae,Anaeromyxobacter,Anaeromyxobacter dehalogenans,100,100,100,100,100,100,100
ASV_4930,Bacteria,Bacillota,Clostridia,Lachnospirales,Lachnospiraceae,Oribacterium,Oribacterium sinus,100,100,100,100,100,100,98
ASV_4931,Bacteria,Pseudomonadota,Alphaproteobacteria,Rhodobacterales,Roseobacteraceae,Thalassovita,Thalassovita mediterranea,100,100,100,100,67.06666666666666,31.283333333333314,26.86666666666666
ASV_4932,Bacteria,Pseudomonadota,Alphaproteobacteria,Rhodobacterales,Paracoccaceae,Cribrihabitans,Cribrihabitans pelagius,100,100,100,100,55.27222222222221,44.6,39.18333333333332
ASV_4933,Bacteria,Pseudomonadota,Gammaproteobacteria,Oceanospirillales,Oceanospirillaceae,Eionea,Eionea nigra,100,100,100,50.166666666666664,50.166666666666664,38.500000000000014,38.166666666666664
ASV_4934,NA,NA,NA,NA,NA,NA,NA,NA,NA,NA,NA,NA,NA,NA
ASV_4935,Bacteria,Pseudomonadota,Gammaproteobacteria,Alteromonadales,Colwelliaceae,Thalassotalea,Thalassotalea coralli,100.00000000000001,100.00000000000001,100.00000000000001,100.00000000000001,100.00000000000001,93.50000000000001,26.333333333333325
ASV_4936,Bacteria,Pseudomonadota,Gammaproteobacteria,Alteromonadales,Colwelliaceae,Thalassotalea,Aliidiomarina celeris,100,100,100,100,64.5,54.75,28.333333333333332
ASV_4937,Bacteria,Bacteroidota,Flavobacteriia,Flavobacteriales,Flavobacteriaceae,Winogradskyella,Winogradskyella echinorum,100,100,100,100,100,62.000000000000014,50.66666666666666
ASV_4938,Bacteria,Pseudomonadota,Gammaproteobacteria,Pasteurellales,Pasteurellaceae,Haemophilus,Haemophilus pittmaniae,100,100,100,100,100,92.00000000000001,92.00000000000001
ASV_4939,Bacteria,Bacillota,Bacilli,Lactobacillales,Carnobacteriaceae,Granulicatella,Granulicatella elegans,100,100,100,100,100,100,100
ASV_4940,Bacteria,Bacteroidota,Flavobacteriia,Flavobacteriales,Flavobacteriaceae,Allomuricauda,Allomuricauda flava,100,100,100,100,100,85.5,78.5
ASV_4941,Bacteria,Bacteroidota,Flavobacteriia,Flavobacteriales,Flavobacteriaceae,Aureitalea,Aureitalea marina,100,100,100,100,100,26.749999999999993,26.749999999999993
ASV_4942,Bacteria,Bacteroidota,Flavobacteriia,Flavobacteriales,Flavobacteriaceae,Seonamhaeicola,Seonamhaeicola aphaedonensis,100,100,100,100,100,100,99.5
ASV_4943,Bacteria,Pseudomonadota,Gammaproteobacteria,Alteromonadales,Colwelliaceae,Thalassotalea,Thalassotalea coralli,100,100,100,99.5,86.89285714285715,85.39285714285715,35.476190476190496
ASV_4944,NA,NA,NA,NA,NA,NA,NA,NA,NA,NA,NA,NA,NA,NA
ASV_4945,Bacteria,Pseudomonadota,Alphaproteobacteria,Rhodobacterales,Roseobacteraceae,Shimia,Shimia marina,100,100,100,100,79.12380952380948,43.97777777777779,36.20000000000001
ASV_4946,Bacteria,Pseudomonadota,Gammaproteobacteria,Alteromonadales,Colwelliaceae,Thalassotalea,Thalassotalea loyana,100,100,100,100,100,99,72.83333333333333
ASV_4947,Bacteria,Verrucomicrobiota,Opitutae,Puniceicoccales,Coraliomargaritaceae,Coraliomargarita,Coraliomargarita akajimensis,100,100,99,99,99,99,92
ASV_4948,Bacteria,Pseudomonadota,Gammaproteobacteria,Vibrionales,Vibrionaceae,Photobacterium,Photobacterium alginatilyticum,100,100,100,92.33333333333333,92.33333333333333,92.33333333333333,92.33333333333333
ASV_4949,Bacteria,Pseudomonadota,Gammaproteobacteria,Thiotrichales,Francisellaceae,Francisella,Francisella philomiragia,100,100,100,100,100,100,37.508333333333326
ASV_4950,Bacteria,Pseudomonadota,Gammaproteobacteria,Thiotrichales,Francisellaceae,Francisella,Francisella persica,100.00000000000001,100.00000000000001,100.00000000000001,87.00000000000001,87.00000000000001,70.80833333333334,25.342857142857145
ASV_4951,NA,NA,NA,NA,NA,NA,NA,NA,NA,NA,NA,NA,NA,NA
ASV_4952,Bacteria,Verrucomicrobiota,Verrucomicrobiae,Verrucomicrobiales,Verrucomicrobiaceae,Haloferula,Haloferula phyci,100,100,100,100,100,100,72.5
ASV_4953,Bacteria,Bacteroidota,Flavobacteriia,Flavobacteriales,Flavobacteriaceae,Dokdonia,Dokdonia lutea,100.00000000000001,100.00000000000001,100.00000000000001,100.00000000000001,100.00000000000001,97.50000000000001,81.83333333333333
ASV_4954,Bacteria,Bacteroidota,Flavobacteriia,Flavobacteriales,Flavobacteriaceae,Polaribacter,Polaribacter aquimarinus,100,100,100,100,100,100,60.68333333333335
ASV_4955,Bacteria,Bacteroidota,Flavobacteriia,Flavobacteriales,Flavobacteriaceae,Seonamhaeicola,Seonamhaeicola aphaedonensis,100,100,100,100,100,97,93.33333333333333
ASV_4956,NA,NA,NA,NA,NA,NA,NA,NA,NA,NA,NA,NA,NA,NA
ASV_4957,Bacteria,Pseudomonadota,Gammaproteobacteria,Alteromonadales,Colwelliaceae,Thalassotalea,Thalassomonas viridans,100,100,100,98.33333333333334,62.666666666666636,33.13095238095238,29.535714285714274
ASV_4958,Bacteria,Bacteroidota,Cytophagia,Cytophagales,Roseivirgaceae,Roseivirga,Roseivirga misakiensis,100,100,100,100,100,100,37.83333333333333
ASV_4959,Bacteria,Pseudomonadota,Alphaproteobacteria,Rhodobacterales,Paracoccaceae,Tritonibacter,Tritonibacter litoralis,100,100,100,100,52.81904761904763,32.166666666666664,30.500000000000014
ASV_4960,Bacteria,Bacteroidota,Saprospiria,Saprospirales,Saprospiraceae,Aureispira,Aureispira maritima,100,100,100,100,100,100,100
ASV_4961,NA,NA,NA,NA,NA,NA,NA,NA,NA,NA,NA,NA,NA,NA
ASV_4962,Bacteria,Pseudomonadota,Alphaproteobacteria,Rhodobacterales,Roseobacteraceae,Thalassovita,Thalassovita mediterranea,100,100,100,100,86.54047619047616,46.491666666666674,46.32500000000003
ASV_4963,Bacteria,Pseudomonadota,Gammaproteobacteria,Oceanospirillales,Alcanivoracaceae,Alcanivorax,Alcanivorax jadensis,100.00000000000001,100.00000000000001,100.00000000000001,100.00000000000001,100.00000000000001,94.83333333333333,39.75
ASV_4964,Bacteria,Bacteroidota,Flavobacteriia,Flavobacteriales,Flavobacteriaceae,Allomuricauda,Allomuricauda onchidii,100,100,100,100,100,100,76.5
ASV_4965,Bacteria,Bacteroidota,Flavobacteriia,Flavobacteriales,Flavobacteriaceae,Mangrovimonas,Mangrovimonas spongiae,100,100,100,100,100,38.83333333333333,33.83333333333333
ASV_4966,Bacteria,Pseudomonadota,Gammaproteobacteria,Alteromonadales,Colwelliaceae,Thalassotalea,Thalassotalea loyana,100,100,100,100,97,89,78
ASV_4967,Bacteria,Bacteroidota,Flavobacteriia,Flavobacteriales,Flavobacteriaceae,Winogradskyella,Winogradskyella echinorum,100,100,100,100,100,100,52.000000000000014
ASV_4968,Bacteria,Pseudomonadota,Gammaproteobacteria,Thiotrichales,Francisellaceae,Francisella,Francisella philomiragia,100.00000000000001,100.00000000000001,100.00000000000001,100.00000000000001,100.00000000000001,100.00000000000001,34.52857142857144
ASV_4969,Bacteria,Verrucomicrobiota,Opitutae,Puniceicoccales,Coraliomargaritaceae,Coraliomargarita,Coraliomargarita akajimensis,100,100,99.75,99.75,99.75,99.75,50.83333333333333
ASV_4970,Bacteria,Pseudomonadota,Gammaproteobacteria,Alteromonadales,Colwelliaceae,Thalassotalea,Thalassotalea coralli,100.00000000000001,100.00000000000001,100.00000000000001,100.00000000000001,87.25000000000001,78.83333333333334,31.750000000000007
ASV_4971,Bacteria,Bacteroidota,Flavobacteriia,Flavobacteriales,Flavobacteriaceae,Dokdonia,Dokdonia lutea,100,100,100,100,100,100,98.5
ASV_4972,NA,NA,NA,NA,NA,NA,NA,NA,NA,NA,NA,NA,NA,NA
ASV_4973,Bacteria,Pseudomonadota,Gammaproteobacteria,Cellvibrionales,Oceanospirillaceae,Oceanospirillum,Eionea nigra,100,100,100,37.25,29.716666666666665,16.31666666666667,15.166666666666666
ASV_4974,Bacteria,Pseudomonadota,Gammaproteobacteria,Alteromonadales,Colwelliaceae,Thalassotalea,Thalassotalea crassostreae,100,100,100,99,86.46666666666667,56.98333333333334,38.31666666666665
ASV_4975,Bacteria,Pseudomonadota,Gammaproteobacteria,Alteromonadales,Colwelliaceae,Thalassotalea,Thalassotalea coralli,100,100,100,98,95,81,16.916666666666664
ASV_4976,Bacteria,Pseudomonadota,Alphaproteobacteria,Rhodobacterales,Roseobacteraceae,Phaeobacter,Marinovum algicola,100,100,100,100,73.2656732156732,18.717765567765564,15.561863136863133
ASV_4977,Bacteria,Pseudomonadota,Gammaproteobacteria,Vibrionales,Vibrionaceae,Vibrio,Vibrio cincinnatiensis,100.00000000000001,100.00000000000001,100.00000000000001,100.00000000000001,100.00000000000001,90.63888888888887,33.37521367521367
ASV_4978,Bacteria,Pseudomonadota,Gammaproteobacteria,Alteromonadales,Colwelliaceae,Thalassotalea,Thalassotalea loyana,100,100,100,100,89.75,89.75,26.416666666666664
ASV_4979,Bacteria,Bacteroidota,Flavobacteriia,Flavobacteriales,Flavobacteriaceae,Dokdonia,Dokdonia lutea,100,100,100,100,100,99.5,95.99999999999999
ASV_4980,NA,NA,NA,NA,NA,NA,NA,NA,NA,NA,NA,NA,NA,NA
ASV_4981,Bacteria,Pseudomonadota,Gammaproteobacteria,Alteromonadales,Colwelliaceae,Thalassotalea,Thalassomonas viridans,100.00000000000001,100.00000000000001,100.00000000000001,97.00000000000001,72.56666666666666,39.23333333333334,28.833333333333325
ASV_4982,Bacteria,Pseudomonadota,Gammaproteobacteria,Vibrionales,Vibrionaceae,Vibrio,Vibrio fluvialis,100,100,100,100,100,99.8,46.60000000000002
ASV_4983,Bacteria,Pseudomonadota,Gammaproteobacteria,Alteromonadales,Alteromonadaceae,Alteromonas,Alteromonas confluentis,100,100,100,100,100,67.12962962962963,31.870370370370352
ASV_4984,Bacteria,Pseudomonadota,Alphaproteobacteria,Rhodobacterales,Roseobacteraceae,Pseudoponticoccus,Pseudoponticoccus marisrubri,100,100,100,100,64.39523809523811,38.75952380952383,38.75952380952383
ASV_4985,Bacteria,Verrucomicrobiota,Opitutae,Puniceicoccales,Coraliomargaritaceae,Coraliomargarita,Coraliomargarita akajimensis,100.00000000000001,100.00000000000001,89.83333333333333,89.83333333333333,89.83333333333333,89.83333333333333,56.666666666666664
ASV_4986,Bacteria,Pseudomonadota,Alphaproteobacteria,Hyphomicrobiales,Phyllobacteriaceae,Salaquimonas,Salaquimonas pukyongi,100,100,100,100,97.46666666666667,40.41428571428574,40.41428571428574
ASV_4987,Bacteria,Bacteroidota,Flavobacteriia,Flavobacteriales,Flavobacteriaceae,Gaetbulibacter,Gaetbulibacter marinus,100,100,100,100,100,95.33333333333331,95.33333333333331
ASV_4988,Bacteria,Chlamydiota,Chlamydiia,Parachlamydiales,Simkaniaceae,Simkania,Simkania negevensis,100,100,100,100,100,100,100
ASV_4989,Bacteria,Pseudomonadota,Gammaproteobacteria,Alteromonadales,Colwelliaceae,Thalassotalea,Thalassotalea crassostreae,100,100,100,82.33333333333331,82.33333333333331,52.83333333333334,45.50000000000001
ASV_4990,Bacteria,Pseudomonadota,Gammaproteobacteria,Alteromonadales,Colwelliaceae,Thalassotalea,Thalassotalea ponticola,100,100,100,100,100,89.66666666666666,89.16666666666666
ASV_4991,Bacteria,Bacteroidota,Flavobacteriia,Flavobacteriales,Flavobacteriaceae,Dokdonia,Dokdonia lutea,100,100,100,100,100,100,100
ASV_4992,NA,NA,NA,NA,NA,NA,NA,NA,NA,NA,NA,NA,NA,NA
ASV_4993,Bacteria,Pseudomonadota,Gammaproteobacteria,Alteromonadales,Colwelliaceae,Thalassotalea,Thalassotalea loyana,100,100,100,99.5,94.5,84.41666666666669,18.583333333333325
ASV_4994,NA,NA,NA,NA,NA,NA,NA,NA,NA,NA,NA,NA,NA,NA
ASV_4995,NA,NA,NA,NA,NA,NA,NA,NA,NA,NA,NA,NA,NA,NA
ASV_4996,Bacteria,Bacteroidota,Flavobacteriia,Flavobacteriales,Flavobacteriaceae,Allomuricauda,Allomuricauda amphidinii,99.99999999999999,99.99999999999999,99.99999999999999,99.99999999999999,99.99999999999999,71.5,40.66666666666665
ASV_4997,Bacteria,Pseudomonadota,Gammaproteobacteria,Oceanospirillales,Alcanivoracaceae,Marinicella,Marinicella litoralis,100,100,100,100,100,100,73.5
ASV_4998,Bacteria,Pseudomonadota,Gammaproteobacteria,Thiotrichales,Francisellaceae,Francisella,Francisella persica,100,100,100,89.5,89.5,89.5,51.16785714285715
ASV_4999,Bacteria,Bacteroidota,Flavobacteriia,Flavobacteriales,Flavobacteriaceae,Psychroserpens,Psychroserpens mesophilus,100,100,100,100,100,55.949999999999996,55.949999999999996
ASV_5000,Bacteria,Pseudomonadota,Alphaproteobacteria,Rhodobacterales,Roseobacteraceae,Leisingera,Leisingera caerulea,100,100,100,100,99.33333333333331,99.33333333333331,97.16666666666666
ASV_5001,Bacteria,Bacteroidota,Flavobacteriia,Flavobacteriales,Flavobacteriaceae,Christiangramia,Christiangramia forsetii,100.00000000000001,100.00000000000001,100.00000000000001,100.00000000000001,100.00000000000001,55.38961038961042,24.250432900432898
ASV_5002,Bacteria,Pseudomonadota,Alphaproteobacteria,Rhodobacterales,Roseobacteraceae,Roseovarius,Roseovarius pacificus,100.00000000000001,100.00000000000001,100.00000000000001,100.00000000000001,74.74444444444445,46.959523809523816,45.176190476190484
ASV_5003,Bacteria,Verrucomicrobiota,Opitutae,Puniceicoccales,Coraliomargaritaceae,Coraliomargarita,Coraliomargarita sinensis,100,100,100,100,100,100,56.00000000000001
ASV_5004,Bacteria,Verrucomicrobiota,Opitutae,Puniceicoccales,Coraliomargaritaceae,Coraliomargarita,Coraliomargarita sinensis,100,100,96.5,96.5,96.5,96.5,57.50000000000001
ASV_5005,Bacteria,Bacteroidota,Flavobacteriia,Flavobacteriales,Flavobacteriaceae,Hyunsoonleella,Hyunsoonleella pacifica,100,100,100,100,100,25.2,25.2
ASV_5006,Bacteria,Pseudomonadota,Gammaproteobacteria,Oceanospirillales,Oceanospirillaceae,Thalassolituus,Thalassolituus oleivorans,100,100,100,100,100,82.4,82.4
ASV_5007,Bacteria,Pseudomonadota,Gammaproteobacteria,Alteromonadales,Alteromonadaceae,Alteromonas,Alteromonas indica,100,100,100,100,100,67.43333333333331,21.53333333333332
ASV_5008,NA,NA,NA,NA,NA,NA,NA,NA,NA,NA,NA,NA,NA,NA
ASV_5009,NA,NA,NA,NA,NA,NA,NA,NA,NA,NA,NA,NA,NA,NA
ASV_5010,Bacteria,Bacteroidota,Flavobacteriia,Flavobacteriales,Flavobacteriaceae,Allomuricauda,Allomuricauda beolgyonensis,100,100,100,100,100,40.833333333333336,23.766666666666666
ASV_5011,NA,NA,NA,NA,NA,NA,NA,NA,NA,NA,NA,NA,NA,NA
ASV_5012,NA,NA,NA,NA,NA,NA,NA,NA,NA,NA,NA,NA,NA,NA
ASV_5013,Bacteria,Pseudomonadota,Gammaproteobacteria,Alteromonadales,Alteromonadaceae,Alteromonas,Aestuariibacter salexigens,100,100,100,100,100,53.716666666666654,29.625
ASV_5014,Bacteria,Bacteroidota,Flavobacteriia,Flavobacteriales,Flavobacteriaceae,Dokdonia,Dokdonia lutea,100,100,100,100,100,89.66666666666666,75.83333333333331
ASV_5015,Bacteria,Chlamydiota,Chlamydiia,Parachlamydiales,Simkaniaceae,Simkania,Simkania negevensis,100,100,100,100,100,100,100
ASV_5016,Bacteria,Pseudomonadota,Gammaproteobacteria,Alteromonadales,Alteromonadaceae,Alteromonas,Alteromonas indica,100,100,100,100,100,67.10595238095237,19.726190476190478
ASV_5017,Bacteria,Pseudomonadota,Gammaproteobacteria,Alteromonadales,Alteromonadaceae,Alteromonas,Aestuariibacter halophilus,100,100,100,100,100,53.69999999999999,43.650000000000006
ASV_5018,Bacteria,Pseudomonadota,Gammaproteobacteria,Alteromonadales,Alteromonadaceae,Alteromonas,Alteromonas confluentis,100.00000000000003,100.00000000000003,100.00000000000003,100.00000000000003,100.00000000000003,72.9656792482879,44.47660853639112
ASV_5019,Bacteria,Pseudomonadota,Gammaproteobacteria,Alteromonadales,Alteromonadaceae,Alteromonas,Aestuariibacter halophilus,100,100,100,100,100,59.349999999999994,37
ASV_5020,Bacteria,Bacteroidota,Flavobacteriia,Flavobacteriales,Flavobacteriaceae,Tenacibaculum,Tenacibaculum jejuense,100,100,100,100,100,100,83.16666666666666
ASV_5021,Bacteria,Bacteroidota,Flavobacteriia,Flavobacteriales,Crocinitomicaceae,Wandonia,Wandonia haliotis,100,100,100,100,100,81,81
ASV_5022,Bacteria,Bacteroidota,Flavobacteriia,Flavobacteriales,Flavobacteriaceae,Seonamhaeicola,Seonamhaeicola algicola,100,100,100,100,100,60.53333333333333,37.91666666666664
ASV_5023,Bacteria,Pseudomonadota,Gammaproteobacteria,Alteromonadales,Colwelliaceae,Thalassotalea,Thalassotalea fusca,100,100,100,100,100,100,65.75
ASV_5024,Bacteria,Bacteroidota,Flavobacteriia,Flavobacteriales,Vicingaceae,Vicingus,Vicingus serpentipes,100,100,100,100,63.33333333333334,63.33333333333334,63.33333333333334
ASV_5025,Bacteria,Pseudomonadota,Gammaproteobacteria,Alteromonadales,Pseudoalteromonadaceae,Pseudoalteromonas,Pseudoalteromonas luteoviolacea,100,100,100,100,100,100,50.150000000000034
ASV_5026,Bacteria,Bacteroidota,Cytophagia,Cytophagales,Reichenbachiellaceae,Reichenbachiella,Reichenbachiella faecimaris,100,100,100,100,100,100,75.16666666666666
ASV_5027,NA,NA,NA,NA,NA,NA,NA,NA,NA,NA,NA,NA,NA,NA
ASV_5028,Bacteria,Myxococcota,NA,Haliangiales,Kofleriaceae,Kofleria,Kofleria flava,100,100,100,100,100,99,99
ASV_5029,Bacteria,Thermodesulfobacteriota,Desulfobacteria,Desulfobacterales,Desulfobacteraceae,Desulfospira,Desulfospira joergensenii,100,100,100,100,100,72.25,72.25
ASV_5030,Bacteria,Thermodesulfobacteriota,Desulfobacteria,Desulfobacterales,Desulfobacteraceae,Desulfocella,Desulfocella halophila,100,100,100,100,100,100,100
ASV_5031,Bacteria,Actinomycetota,Acidimicrobiia,Acidimicrobiales,Iamiaceae,Actinomarinicola,Actinomarinicola tropica,100,100,100,100,100,100,100
ASV_5032,Bacteria,Bacteroidota,Cytophagia,Cytophagales,Reichenbachiellaceae,Ekhidna,Ekhidna lutea,100,100,100,100,100,100,100
ASV_5033,Bacteria,Pseudomonadota,Gammaproteobacteria,Chromatiales,Chromatiaceae,Rheinheimera,Rheinheimera pleomorphica,100,100,100,100,100,100,42.66666666666665
ASV_5034,NA,NA,NA,NA,NA,NA,NA,NA,NA,NA,NA,NA,NA,NA
ASV_5035,Bacteria,Pseudomonadota,Gammaproteobacteria,Vibrionales,Vibrionaceae,Vibrio,Vibrio caribbeanicus,100,100,100,100,100,100,85.25
ASV_5036,Bacteria,Pseudomonadota,Alphaproteobacteria,Parvularculales,Parvularculaceae,Parvularcula,Parvularcula lutaonensis,100,100,100,100,100,100,55.00000000000001
ASV_5037,Bacteria,Pseudomonadota,Alphaproteobacteria,Rhodobacterales,Paracoccaceae,Marinibacterium,Marinibacterium profundimaris,100,100,100,100,61.76666666666668,22.583333333333332,22.583333333333332
ASV_5038,Bacteria,Bacteroidota,Flavobacteriia,Flavobacteriales,Flavobacteriaceae,Tenacibaculum,Pseudotenacibaculum haliotis,100,100,100,100,100,65.22456709956712,13.566666666666668
ASV_5039,Bacteria,Bacteroidota,Flavobacteriia,Flavobacteriales,Flavobacteriaceae,Gaetbulibacter,Gaetbulibacter jejuensis,100,100,100,100,100,24.283333333333317,24.283333333333317
ASV_5040,Bacteria,Planctomycetota,Planctomycetia,Pirellulales,Pirellulaceae,Stieleria,Roseiconus nitratireducens,99.99999999999999,99.99999999999999,99.99999999999999,99.99999999999999,99.99999999999999,58.75,29.666666666666657
ASV_5041,NA,NA,NA,NA,NA,NA,NA,NA,NA,NA,NA,NA,NA,NA
ASV_5042,Bacteria,Kiritimatiellota,Tichowtungiia,Tichowtungiales,Tichowtungiaceae,Tichowtungia,Tichowtungia aerotolerans,100,100,100,100,100,100,100
ASV_5043,Bacteria,Bacteroidota,Cytophagia,Cytophagales,Roseivirgaceae,Roseivirga,Roseivirga misakiensis,100,100,100,100,100,100,46.91666666666664
ASV_5044,Bacteria,Pseudomonadota,Gammaproteobacteria,Alteromonadales,Alteromonadaceae,Glaciecola,Glaciecola punicea,100,100,100,95.66666666666667,95.66666666666667,58.333333333333336,58.333333333333336
ASV_5045,Bacteria,Pseudomonadota,Alphaproteobacteria,Rhodobacterales,Paracoccaceae,Cohaesibacter,Cohaesibacter gelatinilyticus,100,100,100,71.1333333333333,66.8833333333333,24.866666666666664,24.866666666666664
ASV_5046,Bacteria,Pseudomonadota,Gammaproteobacteria,Oceanospirillales,Oceanospirillaceae,Oceanobacter,Oceanobacter mangrovi,100,100,100,100,100,95,92.66666666666666
ASV_5047,Bacteria,Bacteroidota,Cytophagia,Cytophagales,Reichenbachiellaceae,Ekhidna,Ekhidna lutea,100,100,100,100,100,100,100
ASV_5048,Bacteria,Bacteroidota,Cytophagia,Cytophagales,Reichenbachiellaceae,Ekhidna,Ekhidna lutea,100,100,100,100,100,100,100
ASV_5049,NA,NA,NA,NA,NA,NA,NA,NA,NA,NA,NA,NA,NA,NA
ASV_5050,Bacteria,Bdellovibrionota,Bacteriovoracia,Bacteriovoracales,Halobacteriovoraceae,Halobacteriovorax,Halobacteriovorax marinus,100,100,100,100,100,100,100
ASV_5051,Bacteria,Pseudomonadota,Alphaproteobacteria,Rhodobacterales,Roseobacteraceae,Ruegeria,Ruegeria profundi,100,100,100,98,92.63333333333333,89.33333333333331,83.06666666666666
ASV_5052,Bacteria,Bacteroidota,Flavobacteriia,Flavobacteriales,Flavobacteriaceae,Winogradskyella,Winogradskyella algicola,100.00000000000001,100.00000000000001,100.00000000000001,100.00000000000001,100.00000000000001,100.00000000000001,34.333333333333336
ASV_5053,Bacteria,Pseudomonadota,Alphaproteobacteria,Kordiimonadales,Kordiimonadaceae,Kordiimonas,Kordiimonas aestuarii,100,100,100,100,100,100,100
ASV_5054,Bacteria,Bacteroidota,Flavobacteriia,Flavobacteriales,Flavobacteriaceae,Tenacibaculum,Tenacibaculum geojense,100.00000000000001,100.00000000000001,100.00000000000001,100.00000000000001,100.00000000000001,78.83333333333333,64.16666666666667
ASV_5055,Bacteria,Bacteroidota,Saprospiria,Saprospirales,Lewinellaceae,Flavilitoribacter,Flavilitoribacter nigricans,100,100,100,100,99.46666666666668,67.63333333333331,67.63333333333331
ASV_5056,Bacteria,Pseudomonadota,Gammaproteobacteria,Cellvibrionales,Halieaceae,Seongchinamella,Seongchinamella sediminis,100,100,100,100,100,97,97
ASV_5057,Bacteria,Pseudomonadota,Gammaproteobacteria,Cellvibrionales,Halieaceae,Haliea,Congregibacter litoralis,100,100,100,100,100,36.9,35.11666666666665
ASV_5058,Bacteria,Pseudomonadota,Alphaproteobacteria,Rhodobacterales,Roseobacteraceae,Pseudoruegeria,Pseudoruegeria litorisediminis,100.00000000000001,100.00000000000001,100.00000000000001,100.00000000000001,98.10000000000001,84.78333333333335,54.550000000000004
ASV_5059,Bacteria,Pseudomonadota,Alphaproteobacteria,Hyphomonadales,Hyphomonadaceae,Hyphomonas,Hyphomonas adhaerens,100,100,100,100,100,100,49.25
ASV_5060,Bacteria,Bacteroidota,Cytophagia,Cytophagales,Reichenbachiellaceae,Ekhidna,Ekhidna lutea,100,100,100,100,100,100,100
ASV_5061,NA,NA,NA,NA,NA,NA,NA,NA,NA,NA,NA,NA,NA,NA
ASV_5062,NA,NA,NA,NA,NA,NA,NA,NA,NA,NA,NA,NA,NA,NA
ASV_5063,Bacteria,Planctomycetota,Planctomycetia,Pirellulales,Pirellulaceae,Bremerella,Bremerella volcania,100,100,100,100,100,90,47.5
ASV_5064,Bacteria,Pseudomonadota,Gammaproteobacteria,Vibrionales,Vibrionaceae,Vibrio,Vibrio xuii,100,100,100,100,100,96.66666666666667,54.333333333333336
ASV_5065,NA,NA,NA,NA,NA,NA,NA,NA,NA,NA,NA,NA,NA,NA
ASV_5066,Bacteria,Pseudomonadota,Gammaproteobacteria,Woeseiales,Woeseiaceae,Woeseia,Woeseia oceani,100,100,100,65.5,65.5,65.5,65.5
ASV_5067,Bacteria,Bacteroidota,Saprospiria,Saprospirales,Lewinellaceae,Lewinella,Lewinella cohaerens,100,100,100,100,100,100,100
ASV_5068,NA,NA,NA,NA,NA,NA,NA,NA,NA,NA,NA,NA,NA,NA
ASV_5069,Bacteria,Bacteroidota,Cytophagia,Cytophagales,Persicobacteraceae,Persicobacter,Persicobacter diffluens,100,100,100,100,100,100,100
ASV_5070,Bacteria,Pseudomonadota,Gammaproteobacteria,Cellvibrionales,Halieaceae,Luminiphilus,Luminiphilus syltensis,100,100,100,100,100,41.25,41.25
ASV_5071,Bacteria,Pseudomonadota,Alphaproteobacteria,Rhodobacterales,Phyllobacteriaceae,Aquamicrobium,Aquamicrobium soli,99.99999999999997,99.99999999999997,99.99999999999997,56.66666666666669,43.333333333333336,36.300000000000004,23.36666666666667
ASV_5072,Bacteria,Pseudomonadota,Gammaproteobacteria,Chromatiales,Oceanococcaceae,Abyssibacter,Abyssibacter profundi,100,100,100,100,100,100,100
ASV_5073,Bacteria,Pseudomonadota,Gammaproteobacteria,Alteromonadales,Alteromonadaceae,Marisediminitalea,Marisediminitalea aggregata,100,100,100,100,100,73.83333333333331,73.83333333333331
ASV_5074,NA,NA,NA,NA,NA,NA,NA,NA,NA,NA,NA,NA,NA,NA
ASV_5075,Bacteria,Acidobacteriota,Blastocatellia,Blastocatellales,Blastocatellaceae,Stenotrophobacter,Stenotrophobacter terrae,100,100,100,100,100,93,76.25
ASV_5076,NA,NA,NA,NA,NA,NA,NA,NA,NA,NA,NA,NA,NA,NA
ASV_5077,Bacteria,Bdellovibrionota,Bacteriovoracia,Bacteriovoracales,Halobacteriovoraceae,Halobacteriovorax,Halobacteriovorax marinus,100,100,100,100,100,100,58.25
ASV_5078,NA,NA,NA,NA,NA,NA,NA,NA,NA,NA,NA,NA,NA,NA
ASV_5079,Bacteria,Bdellovibrionota,Bacteriovoracia,Bacteriovoracales,Halobacteriovoraceae,Halobacteriovorax,Halobacteriovorax marinus,100,100,100,100,100,100,86
ASV_5080,NA,NA,NA,NA,NA,NA,NA,NA,NA,NA,NA,NA,NA,NA
ASV_5081,Bacteria,Pseudomonadota,Gammaproteobacteria,Alteromonadales,Pseudoalteromonadaceae,Pseudoalteromonas,Pseudoalteromonas gelatinilytica,100,100,100,100,100,100,29.44999999999999
ASV_5082,NA,NA,NA,NA,NA,NA,NA,NA,NA,NA,NA,NA,NA,NA
ASV_5083,NA,NA,NA,NA,NA,NA,NA,NA,NA,NA,NA,NA,NA,NA
ASV_5084,Bacteria,Pseudomonadota,Gammaproteobacteria,Alteromonadales,Pseudoalteromonadaceae,Pseudoalteromonas,Pseudoalteromonas piratica,100,100,100,100,100,97.66666666666667,48.833333333333336
ASV_5085,Bacteria,Pseudomonadota,Gammaproteobacteria,Alteromonadales,Alteromonadaceae,Alteromonas,Alteromonas abrolhosensis,99.99999999999999,99.99999999999999,99.99999999999999,99.99999999999999,99.99999999999999,90.27448877209743,19.43134579244957
ASV_5086,Bacteria,Pseudomonadota,Gammaproteobacteria,Oceanospirillales,Oceanospirillaceae,Bacterioplanoides,Bacterioplanoides pacificum,100,100,100,72.16666666666666,72.16666666666666,68.83333333333331,68.83333333333331
ASV_5087,Bacteria,Pseudomonadota,Gammaproteobacteria,Oceanospirillales,Oceanospirillaceae,Neptuniibacter,Neptuniibacter caesariensis,100,100,100,99,99,91.5,73
ASV_5088,Bacteria,Pseudomonadota,Gammaproteobacteria,Oceanospirillales,Oceanospirillaceae,Oceaniserpentilla,Oceaniserpentilla haliotis,100,100,100,100,100,65,65
ASV_5089,Bacteria,Pseudomonadota,Alphaproteobacteria,Sphingomonadales,Erythrobacteraceae,Paraurantiacibacter,Paraurantiacibacter namhicola,99.99999999999994,99.99999999999994,99.99999999999994,99.99999999999994,96.21198158566575,31.93644688644688,31.93644688644688
ASV_5090,Bacteria,Pseudomonadota,Gammaproteobacteria,Alteromonadales,Pseudoalteromonadaceae,Pseudoalteromonas,Pseudoalteromonas byunsanensis,100,100,100,100,100,100,76.43333333333334
ASV_5091,Bacteria,Pseudomonadota,Gammaproteobacteria,Oceanospirillales,Oceanospirillaceae,Oceanobacter,Oceanobacter mangrovi,100,100,100,87.25,87.25,79.0166666666667,47.783333333333346
ASV_5092,Bacteria,Pseudomonadota,Gammaproteobacteria,Alteromonadales,Alteromonadaceae,Alteromonas,Alteromonas abrolhosensis,99.99999999999997,99.99999999999997,99.99999999999997,99.99999999999997,99.99999999999997,99.99999999999997,38.42902381117484
ASV_5093,Bacteria,Pseudomonadota,Gammaproteobacteria,Alteromonadales,Pseudoalteromonadaceae,Pseudoalteromonas,Pseudoalteromonas caenipelagi,100,100,100,100,100,100,39.28888888888888
ASV_5094,Bacteria,Pseudomonadota,Gammaproteobacteria,Oceanospirillales,Oceanospirillaceae,Litoribrevibacter,Litoribrevibacter euphylliae,100.00000000000001,100.00000000000001,100.00000000000001,95.50000000000001,95.50000000000001,47.083333333333336,46.583333333333336
ASV_5095,NA,NA,NA,NA,NA,NA,NA,NA,NA,NA,NA,NA,NA,NA
ASV_5096,Bacteria,Pseudomonadota,Gammaproteobacteria,Thiotrichales,Thiolinaceae,Thiolinea,Thiolinea disciformis,100,100,100,100,56.16666666666665,56.16666666666665,56.16666666666665
ASV_5097,Bacteria,Pseudomonadota,Gammaproteobacteria,Alteromonadales,Alteromonadaceae,Alteromonas,Salinimonas lutimaris,100,100,100,100,100,54.85749576510447,28.67443064182195
ASV_5098,Bacteria,Bacteroidota,Flavobacteriia,Flavobacteriales,Flavobacteriaceae,Nonlabens,Nonlabens tegetincola,100,100,100,100,100,100,99
ASV_5099,Bacteria,Pseudomonadota,Gammaproteobacteria,Oceanospirillales,Oceanospirillaceae,Neptuniibacter,Neptuniibacter caesariensis,100,100,100,100,100,100,100
ASV_5100,Bacteria,Pseudomonadota,Gammaproteobacteria,Alteromonadales,Pseudoalteromonadaceae,Pseudoalteromonas,Pseudoalteromonas fuliginea,99.99999999999972,99.99999999999972,99.99999999999972,99.99999999999972,99.99999999999972,99.99999999999972,49.37527731038159
ASV_5101,Bacteria,Pseudomonadota,Gammaproteobacteria,Oceanospirillales,Oceanospirillaceae,Neptuniibacter,Neptuniibacter marinus,100,100,100,100,100,100,50.5
ASV_5102,NA,NA,NA,NA,NA,NA,NA,NA,NA,NA,NA,NA,NA,NA
ASV_5103,Bacteria,Pseudomonadota,Gammaproteobacteria,Alteromonadales,Colwelliaceae,Thalassotalea,Thalassotalea loyana,100,100,100,100,100,97.66666666666667,57.50000000000001
ASV_5104,NA,NA,NA,NA,NA,NA,NA,NA,NA,NA,NA,NA,NA,NA
ASV_5105,Bacteria,Bacteroidota,Flavobacteriia,Flavobacteriales,Flavobacteriaceae,Tenacibaculum,Tenacibaculum xiamenense,100,100,100,100,100,100,97.5
ASV_5106,Bacteria,Pseudomonadota,Alphaproteobacteria,Rhodobacterales,Paracoccaceae,Cribrihabitans,Cribrihabitans pelagius,100,100,100,100,59.53333333333335,56.01666666666665,56.01666666666665
ASV_5107,NA,NA,NA,NA,NA,NA,NA,NA,NA,NA,NA,NA,NA,NA
ASV_5108,Bacteria,Pseudomonadota,Gammaproteobacteria,Alteromonadales,Ferrimonadaceae,Ferrimonas,Ferrimonas sediminicola,100,100,100,100,98,98,88.83333333333333
ASV_5109,Bacteria,Pseudomonadota,Gammaproteobacteria,Vibrionales,Vibrionaceae,Vibrio,Vibrio nereis,100,100,100,100,100,100,42.833333333333336
ASV_5110,Bacteria,Pseudomonadota,Gammaproteobacteria,Vibrionales,Vibrionaceae,Vibrio,Vibrio vulnificus,100.00000000000003,100.00000000000003,100.00000000000003,100.00000000000003,100.00000000000003,100.00000000000003,93
ASV_5111,Bacteria,Acidobacteriota,Holophagae,Acanthopleuribacterales,Acanthopleuribacteraceae,Sulfidibacter,Sulfidibacter corallicola,100,100,100,100,100,50.5,50.5
ASV_5112,Bacteria,Pseudomonadota,Gammaproteobacteria,Alteromonadales,Alteromonadaceae,Alteromonas,Alteromonas indica,99.99999999999996,99.99999999999996,99.99999999999996,99.99999999999996,99.99999999999996,49.404140786749416,17.009523809523785
ASV_5113,NA,NA,NA,NA,NA,NA,NA,NA,NA,NA,NA,NA,NA,NA
ASV_5114,Bacteria,Myxococcota,Myxococcia,Myxococcales,NA,Enhygromyxa,Enhygromyxa salina,100,100,66.25000000000001,66.25000000000001,66.25000000000001,66.25000000000001,66.25000000000001
ASV_5115,Bacteria,Bacteroidota,Flavobacteriia,Flavobacteriales,Flavobacteriaceae,Tenacibaculum,Tenacibaculum skagerrakense,100,100,100,100,100,97.38095238095238,73.95952380952382
ASV_5116,Bacteria,Bacteroidota,Flavobacteriia,Flavobacteriales,Flavobacteriaceae,Seonamhaeicola,Seonamhaeicola maritimus,100.00000000000003,100.00000000000003,100.00000000000003,100.00000000000003,100.00000000000003,24.233333333333327,20.86666666666667
ASV_5117,Bacteria,Spirochaetota,Spirochaetia,Spirochaetales,Treponemataceae,Treponema,Treponema medium,100,100,100,100,100,100,100
ASV_5118,Bacteria,Pseudomonadota,Gammaproteobacteria,Alteromonadales,Alteromonadaceae,Alteromonas,Alteromonas abrolhosensis,100.00000000000001,100.00000000000001,100.00000000000001,100.00000000000001,100.00000000000001,86.38879699248118,17.58062894972843
ASV_5119,Bacteria,Pseudomonadota,Alphaproteobacteria,Rhodobacterales,Roseobacteraceae,Wenxinia,Wenxinia marina,100,100,100,100,71.35000000000001,25.08333333333332,24.75
ASV_5120,Bacteria,Pseudomonadota,Alphaproteobacteria,Rhodobacterales,Paracoccaceae,Pseudophaeobacter,Phaeobacter porticola,99.99999999999996,99.99999999999996,99.99999999999996,99.99999999999996,61.021428571428565,56.05,32.06666666666666
ASV_5121,NA,NA,NA,NA,NA,NA,NA,NA,NA,NA,NA,NA,NA,NA
ASV_5122,Bacteria,Pseudomonadota,Alphaproteobacteria,Rhodobacterales,Roseobacteraceae,Roseibacterium,Roseibacterium elongatum,100,100,100,100,95.3111111111111,89.32222222222221,89.32222222222221
ASV_5123,Bacteria,Pseudomonadota,Gammaproteobacteria,Oceanospirillales,Oceanospirillaceae,Amphritea,Amphritea japonica,100,100,100,100,100,99,85
ASV_5124,Bacteria,Bacteroidota,Flavobacteriia,Flavobacteriales,Flavobacteriaceae,Mangrovimonas,Mangrovimonas yunxiaonensis,100,100,100,100,100,55.83333333333333,52.33333333333333
ASV_5125,NA,NA,NA,NA,NA,NA,NA,NA,NA,NA,NA,NA,NA,NA
ASV_5126,Bacteria,Pseudomonadota,Gammaproteobacteria,Thiotrichales,Piscirickettsiaceae,Methylophaga,Methylophaga marina,100,100,100,100,100,100,97.33333333333331
ASV_5127,Bacteria,Pseudomonadota,Alphaproteobacteria,Hyphomicrobiales,Parvibaculaceae,Pyruvatibacter,Pyruvatibacter mobilis,100,100,100,100,100,100,100
ASV_5128,Bacteria,Pseudomonadota,Gammaproteobacteria,Cellvibrionales,Cellvibrionaceae,Pseudomaricurvus,Pseudomaricurvus alkylphenolicus,100,100,100,98.5,93.16666666666666,70.33333333333331,68.33333333333331
ASV_5129,Bacteria,Pseudomonadota,Gammaproteobacteria,Alteromonadales,Alteromonadaceae,Alteromonas,Alteromonas aestuariivivens,100.00000000000003,100.00000000000003,100.00000000000003,100.00000000000003,100.00000000000003,90.06940052700925,26.436198945981566
ASV_5130,Bacteria,Pseudomonadota,Gammaproteobacteria,Thiohalobacterales,Thiohalobacteraceae,Thiohalobacter,Thiohalobacter thiocyanaticus,100,100,100,100,100,100,100
ASV_5131,Bacteria,Pseudomonadota,Alphaproteobacteria,Rhodobacterales,Roseobacteraceae,Celeribacter,Celeribacter litoreus,100,100,100,100,89.55,30.41666666666666,17.68333333333332
ASV_5132,Bacteria,Pseudomonadota,Gammaproteobacteria,Pseudomonadales,Pseudomonadaceae,Pseudomonas,Pseudomonas aeruginosa,100,100,100,100,100,100,91.14999999999999
ASV_5133,Bacteria,Bacteroidota,Saprospiria,Saprospirales,Lewinellaceae,Lewinella,Lewinella cohaerens,100,100,100,100,100,86.6,86.6
ASV_5134,Bacteria,Bacteroidota,Saprospiria,Saprospirales,Lewinellaceae,Lewinella,Lewinella cohaerens,100,100,100,100,100,100,100
ASV_5135,Bacteria,Pseudomonadota,Alphaproteobacteria,Rhodobacterales,Roseobacteraceae,Thalassovita,Thalassovita mediterranea,100.00000000000001,100.00000000000001,100.00000000000001,100.00000000000001,79.33333333333334,77.50000000000003,77.50000000000003
ASV_5136,Bacteria,Bacteroidota,Flavobacteriia,Flavobacteriales,Flavobacteriaceae,Allomuricauda,Allomuricauda amphidinii,100,100,100,100,100,67.66666666666669,37.66666666666666
ASV_5137,NA,NA,NA,NA,NA,NA,NA,NA,NA,NA,NA,NA,NA,NA
ASV_5138,NA,NA,NA,NA,NA,NA,NA,NA,NA,NA,NA,NA,NA,NA
ASV_5139,Bacteria,Pseudomonadota,Alphaproteobacteria,Kordiimonadales,Kordiimonadaceae,Kordiimonas,Kordiimonas lipolytica,100,100,100,100,100,100,79.33333333333333
ASV_5140,Bacteria,Pseudomonadota,Alphaproteobacteria,Parvularculales,Parvularculaceae,Aquisalinus,Aquisalinus flavus,100,100,100,100,100,70.5,70.16666666666667
ASV_5141,Bacteria,Pseudomonadota,Gammaproteobacteria,Oceanospirillales,Kangiellaceae,Kangiella,Kangiella profundi,100.00000000000001,100.00000000000001,100.00000000000001,43.500000000000014,34.33333333333334,34.33333333333334,24.750000000000007
ASV_5142,NA,NA,NA,NA,NA,NA,NA,NA,NA,NA,NA,NA,NA,NA
ASV_5143,NA,NA,NA,NA,NA,NA,NA,NA,NA,NA,NA,NA,NA,NA
ASV_5144,Bacteria,Bacteroidota,Flavobacteriia,Flavobacteriales,Flavobacteriaceae,Seonamhaeicola,Formosa sediminum,99.99999999999999,99.99999999999999,99.99999999999999,99.99999999999999,99.99999999999999,25.5,21.866666666666667
ASV_5145,Bacteria,Bacteroidota,Flavobacteriia,Flavobacteriales,Flavobacteriaceae,Seonamhaeicola,Seonamhaeicola aphaedonensis,100,100,100,100,100,100,100
ASV_5146,Bacteria,Bacteroidota,Flavobacteriia,Flavobacteriales,Flavobacteriaceae,Seonamhaeicola,Seonamhaeicola aphaedonensis,100,100,100,100,100,94.5,81.33333333333331
ASV_5147,Bacteria,Verrucomicrobiota,Opitutae,Puniceicoccales,Coraliomargaritaceae,Coraliomargarita,Coraliomargarita sinensis,100,100,98,98,98,98,75.33333333333333
ASV_5148,Bacteria,Pseudomonadota,Alphaproteobacteria,Rhodobacterales,Roseobacteraceae,Shimia,Thalassovita mediterranea,100.00000000000001,100.00000000000001,100.00000000000001,100.00000000000001,60.71559829059831,26.8094017094017,21.896367521367516
ASV_5149,NA,NA,NA,NA,NA,NA,NA,NA,NA,NA,NA,NA,NA,NA
ASV_5150,Bacteria,Pseudomonadota,Gammaproteobacteria,Alteromonadales,Pseudoalteromonadaceae,Pseudoalteromonas,Pseudoalteromonas piratica,100.00000000000001,100.00000000000001,100.00000000000001,100.00000000000001,99.78966685488425,81.45452192734804,30.097706022355407
ASV_5151,Bacteria,Bacteroidota,Bacteroidia,Bacteroidales,Prevotellaceae,Segatella,Segatella copri,100.00000000000003,100.00000000000003,100.00000000000003,100.00000000000003,100.00000000000003,100.00000000000003,87.16666666666669
ASV_5152,Bacteria,Bacillota,Clostridia,Lachnospirales,Lachnospiraceae,Blautia,Blautia wexlerae,100,100,100,100,100,100,83.33333333333333
ASV_5153,Bacteria,Pseudomonadota,Alphaproteobacteria,Rhodobacterales,Roseobacteraceae,Aliiruegeria,Aliiruegeria lutimaris,100.00000000000004,100.00000000000004,100.00000000000004,100.00000000000004,83.90476190476194,29.702380952380953,23.39285714285715
ASV_5154,Bacteria,Pseudomonadota,Gammaproteobacteria,Alteromonadales,Alteromonadaceae,Marisediminitalea,Marisediminitalea aggregata,100,100,100,100,100,77.86666666666666,77.86666666666666
ASV_5155,Bacteria,Pseudomonadota,Alphaproteobacteria,Kordiimonadales,Kordiimonadaceae,Kordiimonas,Kordiimonas marina,100,100,100,100,100,100,66.41666666666669
ASV_5156,Bacteria,Pseudomonadota,Gammaproteobacteria,Oceanospirillales,Oceanospirillaceae,Oceanospirillum,Oceanospirillum beijerinckii,100,100,100,64.54166666666667,63.416666666666636,63.16666666666664,41.83333333333333
ASV_5157,Bacteria,Pseudomonadota,Alphaproteobacteria,Rhodobacterales,Roseobacteraceae,Roseovarius,Roseovarius pacificus,100,100,100,100,61.49999999999999,47,47
ASV_5158,Bacteria,Pseudomonadota,Gammaproteobacteria,Alteromonadales,Colwelliaceae,Thalassotalea,Thalassotalea coralli,100,100,100,100,88.28333333333332,85.11666666666667,28.700000000000003
ASV_5159,Bacteria,Bacteroidota,Flavobacteriia,Flavobacteriales,Flavobacteriaceae,Winogradskyella,Winogradskyella algicola,100,100,100,100,100,100,90.5
ASV_5160,Bacteria,Bacteroidota,Flavobacteriia,Flavobacteriales,Flavobacteriaceae,Winogradskyella,Winogradskyella aquimaris,100,100,100,100,100,100,84.83333333333333
ASV_5161,Bacteria,Pseudomonadota,Alphaproteobacteria,Rhodobacterales,Roseobacteraceae,Mesobacterium,Mesobacterium pallidum,100,100,100,100,76.06666666666666,68.28333333333332,68.28333333333332
ASV_5162,Bacteria,Bacteroidota,Flavobacteriia,Flavobacteriales,Flavobacteriaceae,Allomuricauda,Allomuricauda onchidii,100,100,100,100,100,100,82
ASV_5163,Bacteria,Bacteroidota,Flavobacteriia,Flavobacteriales,Flavobacteriaceae,Croceivirga,Croceivirga litoralis,100,100,100,100,100,61.16666666666666,55.333333333333336
ASV_5164,NA,NA,NA,NA,NA,NA,NA,NA,NA,NA,NA,NA,NA,NA
ASV_5165,Bacteria,Bacteroidota,Flavobacteriia,Flavobacteriales,Flavobacteriaceae,Seonamhaeicola,Seonamhaeicola aphaedonensis,100,100,100,100,100,71.66666666666667,58.833333333333336
ASV_5166,Bacteria,Pseudomonadota,Gammaproteobacteria,Alteromonadales,Alteromonadaceae,Bowmanella,Bowmanella yangjiangensis,100,100,100,100,79.19999999999999,61.44999999999998,30.916666666666654
ASV_5167,Bacteria,Bacteroidota,Flavobacteriia,Flavobacteriales,Flavobacteriaceae,Dokdonia,Dokdonia lutea,100,100,100,100,100,57.66666666666666,48
ASV_5168,Bacteria,Bacteroidota,Flavobacteriia,Flavobacteriales,Flavobacteriaceae,Ulvibacter,Ulvibacter litoralis,100,100,100,100,100,63.083333333333336,63.083333333333336
ASV_5169,Bacteria,Pseudomonadota,Gammaproteobacteria,Alteromonadales,Colwelliaceae,Thalassotalea,Thalassotalea loyana,100,100,100,100,95.66666666666667,79.91666666666669,19.000000000000004
ASV_5170,Bacteria,Pseudomonadota,Gammaproteobacteria,Cellvibrionales,Cellvibrionaceae,Pseudoteredinibacter,Pseudoteredinibacter isoporae,100,100,100,100,100,99,99
ASV_5171,Bacteria,Bacteroidota,Flavobacteriia,Flavobacteriales,Flavobacteriaceae,Tenacibaculum,Tenacibaculum holothuriorum,100,100,100,100,100,72.25,46.000000000000014
ASV_5172,Bacteria,Verrucomicrobiota,Opitutae,Puniceicoccales,Coraliomargaritaceae,Coraliomargarita,Coraliomargarita akajimensis,100,100,100,100,100,100,91
ASV_5173,Bacteria,Bacteroidota,Flavobacteriia,Flavobacteriales,Flavobacteriaceae,Seonamhaeicola,Seonamhaeicola aphaedonensis,100,100,100,100,100,100,99
ASV_5174,Bacteria,Pseudomonadota,Gammaproteobacteria,Alteromonadales,Colwelliaceae,Thalassotalea,Thalassomonas viridans,100,100,100,99.33333333333333,74.93333333333335,48.26666666666666,26.33333333333333
ASV_5175,Bacteria,Bacteroidota,Flavobacteriia,Flavobacteriales,Flavobacteriaceae,Seonamhaeicola,Seonamhaeicola aphaedonensis,100,100,100,100,100,63.500000000000014,48.83333333333334
ASV_5176,Bacteria,Pseudomonadota,Gammaproteobacteria,Vibrionales,Vibrionaceae,Photobacterium,Photobacterium alginatilyticum,100,100,100,100,100,100,99
ASV_5177,Bacteria,Bacteroidota,Flavobacteriia,Flavobacteriales,Cryomorphaceae,Acidiluteibacter,Acidiluteibacter ferrifornacis,100,100,100,100,100,100,100
ASV_5178,Bacteria,Bacteroidota,Flavobacteriia,Flavobacteriales,Flavobacteriaceae,Nonlabens,Nonlabens tegetincola,100,100,100,100,100,34.916666666666636,34.916666666666636
ASV_5179,NA,NA,NA,NA,NA,NA,NA,NA,NA,NA,NA,NA,NA,NA
ASV_5180,NA,NA,NA,NA,NA,NA,NA,NA,NA,NA,NA,NA,NA,NA
ASV_5181,Bacteria,Pseudomonadota,Gammaproteobacteria,Cellvibrionales,Cellvibrionaceae,Pseudoteredinibacter,Pseudoteredinibacter isoporae,100,100,100,100,100,100,100
ASV_5182,Bacteria,Pseudomonadota,Gammaproteobacteria,Alteromonadales,Colwelliaceae,Thalassotalea,Thalassotalea coralli,100.00000000000001,100.00000000000001,100.00000000000001,100.00000000000001,99.66666666666667,94.46666666666668,32.36666666666664
ASV_5183,NA,NA,NA,NA,NA,NA,NA,NA,NA,NA,NA,NA,NA,NA
ASV_5184,Bacteria,Pseudomonadota,Gammaproteobacteria,Alteromonadales,Colwelliaceae,Thalassotalea,Thalassotalea profundi,100,100,100,100,92.16666666666666,83.66666666666666,15.75
ASV_5185,Bacteria,Pseudomonadota,Gammaproteobacteria,Alteromonadales,Colwelliaceae,Thalassotalea,Thalassotalea loyana,100,100,100,100,98.89999999999999,89.14999999999999,27.249999999999993
ASV_5186,Bacteria,Pseudomonadota,Gammaproteobacteria,Cellvibrionales,Oleiphilaceae,Oleiphilus,Oleiphilus messinensis,100.00000000000001,100.00000000000001,100.00000000000001,37.16666666666666,22.833333333333325,22.833333333333325,22.833333333333325
ASV_5187,Bacteria,Verrucomicrobiota,Opitutae,Puniceicoccales,Coraliomargaritaceae,Coraliomargarita,Coraliomargarita sinensis,100,100,86.75,86.75,86.75,86.75,85.25
ASV_5188,NA,NA,NA,NA,NA,NA,NA,NA,NA,NA,NA,NA,NA,NA
ASV_5189,Bacteria,Pseudomonadota,Gammaproteobacteria,Alteromonadales,Shewanellaceae,Shewanella,Shewanella khirikhana,100,100,100,100,66.57142857142856,66.57142857142856,21.8595238095238
ASV_5190,Bacteria,Pseudomonadota,Alphaproteobacteria,Rhodobacterales,Roseobacteraceae,Maritimibacter,Maritimibacter alkaliphilus,100.00000000000001,100.00000000000001,100.00000000000001,100.00000000000001,63.19523809523811,57.50714285714287,37.492857142857154
ASV_5191,Bacteria,Bacteroidota,Saprospiria,Saprospirales,Saprospiraceae,Aureispira,Aureispira maritima,100,100,100,100,100,100,61.5
ASV_5192,Bacteria,Bacteroidota,Flavobacteriia,Flavobacteriales,Flavobacteriaceae,Aureitalea,Aureitalea marina,100,100,100,100,100,51.83333333333333,51.83333333333333
ASV_5193,Bacteria,Verrucomicrobiota,Opitutae,Puniceicoccales,Coraliomargaritaceae,Coraliomargarita,Coraliomargarita akajimensis,100,100,100,100,100,100,69.66666666666667
ASV_5194,Bacteria,Bacteroidota,Flavobacteriia,Flavobacteriales,Flavobacteriaceae,Seonamhaeicola,Seonamhaeicola aphaedonensis,100,100,100,100,100,100,96
ASV_5195,NA,NA,NA,NA,NA,NA,NA,NA,NA,NA,NA,NA,NA,NA
ASV_5196,NA,NA,NA,NA,NA,NA,NA,NA,NA,NA,NA,NA,NA,NA
ASV_5197,NA,NA,NA,NA,NA,NA,NA,NA,NA,NA,NA,NA,NA,NA
ASV_5198,Bacteria,Bacteroidota,Flavobacteriia,Flavobacteriales,Flavobacteriaceae,Aureitalea,Aureitalea marina,100,100,100,100,100,53.583333333333314,53.583333333333314
ASV_5199,Bacteria,Pseudomonadota,Gammaproteobacteria,Alteromonadales,Colwelliaceae,Thalassotalea,Thalassotalea mangrovi,100,100,100,97,72.66666666666667,68.83333333333333,20.33333333333333
ASV_5200,Bacteria,Pseudomonadota,Gammaproteobacteria,Oceanospirillales,Oceanospirillaceae,Thalassolituus,Thalassolituus oleivorans,100,100,100,100,100,79,79
ASV_5201,NA,NA,NA,NA,NA,NA,NA,NA,NA,NA,NA,NA,NA,NA
ASV_5202,NA,NA,NA,NA,NA,NA,NA,NA,NA,NA,NA,NA,NA,NA
ASV_5203,Bacteria,Pseudomonadota,Gammaproteobacteria,Oceanospirillales,Oleiphilaceae,Oleiphilus,Oleiphilus messinensis,100,100,100,95.5,75.83333333333331,75.83333333333331,75.83333333333331
ASV_5204,Bacteria,Pseudomonadota,Gammaproteobacteria,Alteromonadales,Colwelliaceae,Thalassotalea,Thalassotalea coralli,100,100,100,99,83.33333333333333,72.16666666666669,28.08333333333333
ASV_5205,NA,NA,NA,NA,NA,NA,NA,NA,NA,NA,NA,NA,NA,NA
ASV_5206,Bacteria,Myxococcota,Myxococcia,Myxococcales,NA,Enhygromyxa,Enhygromyxa salina,100,100,67.25000000000001,67.25000000000001,67.25000000000001,67.25000000000001,67.25000000000001
ASV_5207,Bacteria,Bacteroidota,Flavobacteriia,Flavobacteriales,Flavobacteriaceae,Polaribacter,Tenacibaculum xiamenense,100,100,100,100,100,45.13333333333333,41.7
ASV_5208,Bacteria,Bacteroidota,Cytophagia,Cytophagales,Fulvivirgaceae,Fulvivirga,Fulvivirga marina,100,100,100,100,52.55,52.55,39.025000000000006
ASV_5209,Bacteria,Bacteroidota,Flavobacteriia,Flavobacteriales,Cryomorphaceae,Acidiluteibacter,Acidiluteibacter ferrifornacis,100,100,100,100,100,100,100
ASV_5210,Bacteria,Pseudomonadota,Gammaproteobacteria,Alteromonadales,Colwelliaceae,Thalassotalea,Thalassotalea coralli,100,100,100,100,90.93333333333331,87.1833333333333,29.616666666666667
ASV_5211,Bacteria,Bacteroidota,Flavobacteriia,Flavobacteriales,Flavobacteriaceae,Aquimarina,Galbibacter orientalis,100,100,100,100,100,32.41666666666665,20.033333333333324
ASV_5212,NA,NA,NA,NA,NA,NA,NA,NA,NA,NA,NA,NA,NA,NA
ASV_5213,NA,NA,NA,NA,NA,NA,NA,NA,NA,NA,NA,NA,NA,NA
ASV_5214,NA,NA,NA,NA,NA,NA,NA,NA,NA,NA,NA,NA,NA,NA
ASV_5215,Bacteria,Bacteroidota,Flavobacteriia,Flavobacteriales,Cryomorphaceae,Acidiluteibacter,Acidiluteibacter ferrifornacis,100,100,100,100,100,100,100
ASV_5216,Bacteria,Bacteroidota,Flavobacteriia,Flavobacteriales,Flavobacteriaceae,Tenacibaculum,Tenacibaculum geojense,100,100,100,100,100,86.5,86.5
ASV_5217,Bacteria,Bacteroidota,Flavobacteriia,Flavobacteriales,Flavobacteriaceae,Dokdonia,Dokdonia lutea,100,100,100,100,100,100,98
ASV_5218,Bacteria,Bacteroidota,Saprospiria,Saprospirales,Haliscomenobacteraceae,Phaeodactylibacter,Phaeodactylibacter luteus,100,100,100,100,55.666666666666664,55.666666666666664,55.666666666666664
ASV_5219,Bacteria,Bacteroidota,Flavobacteriia,Flavobacteriales,Flavobacteriaceae,Dokdonia,Dokdonia lutea,100,100,100,100,100,100,100
ASV_5220,Bacteria,Bacteroidota,Flavobacteriia,Flavobacteriales,Flavobacteriaceae,Dokdonia,Dokdonia lutea,100,100,100,100,100,100,87
ASV_5221,Bacteria,Myxococcota,NA,Nannocystales,Nannocystaceae,Enhygromyxa,Enhygromyxa salina,100,100,57,57,57,43,43
ASV_5222,Bacteria,Bacteroidota,Flavobacteriia,Flavobacteriales,Flavobacteriaceae,Dokdonia,Dokdonia lutea,100,100,100,100,100,100,98.5
ASV_5223,Bacteria,Bacteroidota,Flavobacteriia,Flavobacteriales,Flavobacteriaceae,Dokdonia,Dokdonia lutea,100,100,100,100,100,100,98.5
ASV_5224,Bacteria,Verrucomicrobiota,Opitutae,Puniceicoccales,Coraliomargaritaceae,Coraliomargarita,Coraliomargarita akajimensis,100,100,99.25,99.25,99.25,99.25,56.49999999999999
ASV_5225,NA,NA,NA,NA,NA,NA,NA,NA,NA,NA,NA,NA,NA,NA
ASV_5226,Bacteria,Bacteroidota,Flavobacteriia,Flavobacteriales,Flavobacteriaceae,Dokdonia,Dokdonia lutea,100,100,100,100,100,100,90
ASV_5227,Bacteria,Pseudomonadota,Gammaproteobacteria,Alteromonadales,Alteromonadaceae,Alteromonas,Alteromonas confluentis,100,100,100,100,100,70.4095238095238,24.536904761904765
ASV_5228,Bacteria,Pseudomonadota,Gammaproteobacteria,Alteromonadales,Alteromonadaceae,Alteromonas,Alteromonas confluentis,100,100,100,100,100,80.85238095238093,53.92443064182196
ASV_5229,Bacteria,Pseudomonadota,Gammaproteobacteria,Alteromonadales,Alteromonadaceae,Alteromonas,Alteromonas portus,100.00000000000001,100.00000000000001,100.00000000000001,100.00000000000001,100.00000000000001,96.87773386034257,25.211272350837568
ASV_5230,Bacteria,Pseudomonadota,Gammaproteobacteria,Alteromonadales,Alteromonadaceae,Alteromonas,Alteromonas mediterranea,100,100,100,100,100,99.87806020066888,34.206453385583814
ASV_5231,NA,NA,NA,NA,NA,NA,NA,NA,NA,NA,NA,NA,NA,NA
ASV_5232,NA,NA,NA,NA,NA,NA,NA,NA,NA,NA,NA,NA,NA,NA
ASV_5233,Bacteria,Bacteroidota,Flavobacteriia,Flavobacteriales,Flavobacteriaceae,Tenacibaculum,Tenacibaculum halocynthiae,100,100,100,100,100,95.66666666666669,47.58333333333333
ASV_5234,Bacteria,Pseudomonadota,Alphaproteobacteria,Rhodobacterales,Roseobacteraceae,Tritonibacter,Tritonibacter multivorans,100,100,100,100,63.90606060606058,21.24545454545453,19.957575757575746
ASV_5235,NA,NA,NA,NA,NA,NA,NA,NA,NA,NA,NA,NA,NA,NA
ASV_5236,Bacteria,Bacteroidota,Flavobacteriia,Flavobacteriales,Vicingaceae,Vicingus,Vicingus serpentipes,100,100,100,100,100,100,100
ASV_5237,Bacteria,Bacteroidota,Flavobacteriia,Flavobacteriales,Flavobacteriaceae,Myroides,Myroides indicus,100.00000000000001,100.00000000000001,87.00000000000001,87.00000000000001,70.50000000000001,19.58333333333333,19.58333333333333
ASV_5238,Bacteria,Pseudomonadota,Alphaproteobacteria,Rhodobacterales,Roseobacteraceae,Ahrensia,Ahrensia marina,100,100,100,71.76666666666668,39.28333333333333,15.450000000000001,15.450000000000001
ASV_5239,NA,NA,NA,NA,NA,NA,NA,NA,NA,NA,NA,NA,NA,NA
ASV_5240,Bacteria,Pseudomonadota,Gammaproteobacteria,Oceanospirillales,Oceanospirillaceae,Oceanobacter,Oceanobacter mangrovi,100,100,100,100,100,78.85,47.283333333333346
ASV_5241,Bacteria,Pseudomonadota,Gammaproteobacteria,Oceanospirillales,Oceanospirillaceae,Thalassolituus,Thalassolituus maritimus,100,100,100,100,100,55.71666666666664,27.73333333333332
ASV_5242,Bacteria,Pseudomonadota,Alphaproteobacteria,Rhodobacterales,Roseobacteraceae,Tateyamaria,Tateyamaria omphalii,100,100,100,100,51.341666666666654,32.49166666666664,32.49166666666664
ASV_5243,NA,NA,NA,NA,NA,NA,NA,NA,NA,NA,NA,NA,NA,NA
ASV_5244,Bacteria,Pseudomonadota,Alphaproteobacteria,Rhodobacterales,Roseobacteraceae,Roseibacterium,Roseibacterium elongatum,100,100,100,100,97.39999999999999,96.7333333333333,96.7333333333333
ASV_5245,Bacteria,Pseudomonadota,Gammaproteobacteria,Alteromonadales,Colwelliaceae,Thalassotalea,Thalassotalea coralli,100,100,100,98,84.66666666666666,83.66666666666666,35.33333333333333
ASV_5246,Bacteria,Bacteroidota,Cytophagia,Cytophagales,Reichenbachiellaceae,Marinoscillum,Marinoscillum pacificum,100,100,100,100,70.16666666666667,70.16666666666667,63.83333333333333
ASV_5247,Bacteria,Pseudomonadota,Alphaproteobacteria,Rhodobacterales,Roseobacteraceae,Roseicyclus,Roseicyclus marinus,100,100,100,91.91666666666669,50.583333333333364,40.08333333333336,39.83333333333336
ASV_5248,Bacteria,Balneolota,Balneolia,Balneolales,Balneolaceae,Gracilimonas,Gracilimonas halophila,100,100,100,100,100,98,70.08333333333333
ASV_5249,Bacteria,Pseudomonadota,Gammaproteobacteria,Cellvibrionales,Porticoccaceae,Porticoccus,Porticoccus hydrocarbonoclasticus,100,100,100,79.66666666666667,65.75000000000001,65.75000000000001,60.08333333333334
ASV_5250,NA,NA,NA,NA,NA,NA,NA,NA,NA,NA,NA,NA,NA,NA
ASV_5251,Bacteria,Pseudomonadota,Gammaproteobacteria,Thiotrichales,Francisellaceae,Francisella,Francisella philomiragia,100.00000000000001,100.00000000000001,100.00000000000001,100.00000000000001,100.00000000000001,100.00000000000001,62.63333333333335
ASV_5252,Bacteria,Planctomycetota,Planctomycetia,Pirellulales,Pirellulaceae,Mariniblastus,Mariniblastus fucicola,100,100,100,100,100,100,100
ASV_5253,Bacteria,Pseudomonadota,Gammaproteobacteria,Alteromonadales,Pseudoalteromonadaceae,Psychrosphaera,Ferrimonas sediminum,100,100,100,81.90000000000003,35.11666666666672,33.53809523809527,23.50000000000002
ASV_5254,Bacteria,Pseudomonadota,Gammaproteobacteria,Vibrionales,Vibrionaceae,Vibrio,Vibrio aquimaris,100,100,100,100,100,100,39.933333333333344
ASV_5255,NA,NA,NA,NA,NA,NA,NA,NA,NA,NA,NA,NA,NA,NA
ASV_5256,Bacteria,Pseudomonadota,Gammaproteobacteria,Chromatiales,Sedimenticolaceae,Thiolapillus,Thiolapillus brandeum,100,100,100,74.41666666666669,40.53333333333333,40.53333333333333,40.53333333333333
ASV_5257,Bacteria,Pseudomonadota,Gammaproteobacteria,Alteromonadales,Alteromonadaceae,Thalassotalea,Marisediminitalea mangrovi,99.99999999999999,99.99999999999999,99.99999999999999,99.16666666666663,50.33333333333332,30.999999999999986,18.976190476190467
ASV_5258,Bacteria,Pseudomonadota,Alphaproteobacteria,Rhodobacterales,Paracoccaceae,Coraliihabitans,Coraliihabitans acroporae,100,100,100,100,100,92.5,92.5
ASV_5259,NA,NA,NA,NA,NA,NA,NA,NA,NA,NA,NA,NA,NA,NA
ASV_5260,Bacteria,Pseudomonadota,Gammaproteobacteria,Alteromonadales,Colwelliaceae,Thalassotalea,Thalassotalea ponticola,100,100,100,100,100,100,44.833333333333336
ASV_5261,Bacteria,Planctomycetota,Planctomycetia,Pirellulales,Pirellulaceae,Mariniblastus,Mariniblastus fucicola,100,100,100,100,100,78,78
ASV_5262,Bacteria,Pseudomonadota,Gammaproteobacteria,Cellvibrionales,Halieaceae,Pseudohaliea,Pseudohaliea rubra,100,100,100,100,100,96.5,96.5
ASV_5263,Bacteria,Bacteroidota,Flavobacteriia,Flavobacteriales,Flavobacteriaceae,Tenacibaculum,Tenacibaculum maritimum,100,100,100,100,100,69.3,32.66666666666665
ASV_5264,Bacteria,Bacteroidota,Flavobacteriia,Flavobacteriales,Flavobacteriaceae,Poritiphilus,Poritiphilus flavus,100,100,100,100,100,56.833333333333336,56.833333333333336
ASV_5265,Bacteria,Pseudomonadota,Gammaproteobacteria,Alteromonadales,Alteromonadaceae,Bowmanella,Bowmanella denitrificans,100,100,100,100,100,67,56.00000000000001
ASV_5266,Bacteria,Bacteroidota,Cytophagia,Cytophagales,Reichenbachiellaceae,Ekhidna,Ekhidna lutea,100,100,100,100,100,100,100
ASV_5267,Bacteria,Bacteroidota,Flavobacteriia,Flavobacteriales,Flavobacteriaceae,Mangrovimonas,Mangrovimonas yunxiaonensis,100,100,100,100,100,83.83333333333333,62.83333333333334
ASV_5268,Bacteria,Pseudomonadota,Gammaproteobacteria,Alteromonadales,Colwelliaceae,Thalassotalea,Thalassotalea coralli,100,100,100,100,54.16666666666666,54.16666666666666,36.083333333333336
ASV_5269,Bacteria,Pseudomonadota,Gammaproteobacteria,Oceanospirillales,Oceanospirillaceae,Neptuniibacter,Neptuniibacter halophilus,100,100,100,100,100,84.33333333333333,55.666666666666664
ASV_5270,NA,NA,NA,NA,NA,NA,NA,NA,NA,NA,NA,NA,NA,NA
ASV_5271,Bacteria,Pseudomonadota,Alphaproteobacteria,Parvularculales,Parvularculaceae,Aquisalinus,Aquisalinus flavus,100,100,100,100,100,90.5,90.5
ASV_5272,Bacteria,Pseudomonadota,Gammaproteobacteria,Cellvibrionales,Microbulbiferaceae,Microbulbifer,Microbulbifer aggregans,100,100,100,47.91666666666664,27.5,27.5,22
ASV_5273,Bacteria,Pseudomonadota,Gammaproteobacteria,Alteromonadales,Colwelliaceae,Thalassotalea,Thalassotalea coralli,100,100,100,100,97,96.5,50.41666666666664
ASV_5274,Bacteria,Bacteroidota,Flavobacteriia,Flavobacteriales,Flavobacteriaceae,Seonamhaeicola,Seonamhaeicola aphaedonensis,100,100,100,100,100,65.66666666666667,40.333333333333336
ASV_5275,Bacteria,Pseudomonadota,Gammaproteobacteria,Vibrionales,Vibrionaceae,Vibrio,Vibrio hangzhouensis,100,100,100,100,100,100,78.97619047619048
ASV_5276,Bacteria,Bacteroidota,Cytophagia,Cytophagales,Reichenbachiellaceae,Ekhidna,Ekhidna lutea,100,100,100,100,100,100,100
ASV_5277,Bacteria,Pseudomonadota,Gammaproteobacteria,Alteromonadales,Pseudoalteromonadaceae,Psychrosphaera,Psychrosphaera saromensis,100,100,100,100,100,92,44.83333333333333
ASV_5278,NA,NA,NA,NA,NA,NA,NA,NA,NA,NA,NA,NA,NA,NA
ASV_5279,Bacteria,Pseudomonadota,Gammaproteobacteria,Pseudomonadales,Pseudohongiellaceae,Pseudohongiella,Pseudohongiella spirulinae,100,100,100,100,100,100,51.83333333333333
ASV_5280,Bacteria,Pseudomonadota,Alphaproteobacteria,Rhodobacterales,Roseobacteraceae,Ruegeria,Ruegeria arenilitoris,100,100,100,100,98.83333333333331,97.83333333333331,41.86666666666665
ASV_5281,Bacteria,Pseudomonadota,Alphaproteobacteria,Sphingomonadales,Erythrobacteraceae,Qipengyuania,Erythrobacter rubeus,100.00000000000003,100.00000000000003,100.00000000000003,100.00000000000003,94.48304093567253,54.09736842105264,27.021862348178153
ASV_5282,NA,NA,NA,NA,NA,NA,NA,NA,NA,NA,NA,NA,NA,NA
ASV_5283,Bacteria,Pseudomonadota,Gammaproteobacteria,Oceanospirillales,Halomonadaceae,Halomonas,Halomonas piezotolerans,100,100,100,100,100,100,81.73333333333335
ASV_5284,Bacteria,Pseudomonadota,Gammaproteobacteria,Alteromonadales,Colwelliaceae,Thalassotalea,Thalassotalea coralli,100,100,100,100,100,100,100
ASV_5285,NA,NA,NA,NA,NA,NA,NA,NA,NA,NA,NA,NA,NA,NA
ASV_5286,Bacteria,Pseudomonadota,Alphaproteobacteria,Candidatus Pelagibacterales,Candidatus Pelagibacteraceae,Pelagibacter,Candidatus Pelagibacter ubique,100,100,100,100,100,100,100
ASV_5287,Bacteria,Pseudomonadota,Alphaproteobacteria,Rhodobacterales,Roseobacteraceae,Yoonia,Yoonia sediminilitoris,100,100,100,100,59.9,39.26666666666665,18.11666666666667
ASV_5288,Bacteria,Campylobacterota,Epsilonproteobacteria,Campylobacterales,Sulfurovaceae,Sulfurovum,Sulfurovum riftiae,100,100,100,100,100,100,64.33333333333331
ASV_5289,NA,NA,NA,NA,NA,NA,NA,NA,NA,NA,NA,NA,NA,NA
ASV_5290,Bacteria,Bacteroidota,Saprospiria,Saprospirales,Saprospiraceae,Aureispira,Aureispira maritima,100,100,100,100,100,100,100
ASV_5291,NA,NA,NA,NA,NA,NA,NA,NA,NA,NA,NA,NA,NA,NA
ASV_5292,NA,NA,NA,NA,NA,NA,NA,NA,NA,NA,NA,NA,NA,NA
ASV_5293,Bacteria,Thermodesulfobacteriota,Desulfobacteria,Desulfobacterales,Desulfosarcinaceae,Desulfosarcina,Desulfosarcina alkanivorans,100,100,100,100,48.33333333333334,43.75000000000001,35.91666666666665
ASV_5294,Bacteria,Pseudomonadota,Gammaproteobacteria,Thiotrichales,Piscirickettsiaceae,Hydrogenovibrio,Hydrogenovibrio kuenenii,100.00000000000001,100.00000000000001,100.00000000000001,100.00000000000001,100.00000000000001,100.00000000000001,47.66666666666666
ASV_5295,Bacteria,Campylobacterota,Epsilonproteobacteria,Campylobacterales,Sulfurimonadaceae,Sulfurimonas,Sulfurimonas paralvinellae,100.00000000000003,100.00000000000003,100.00000000000003,100.00000000000003,92.33333333333336,92.33333333333336,55.31666666666665
ASV_5296,Bacteria,Bacteroidota,Flavobacteriia,Flavobacteriales,Flavobacteriaceae,Ulvibacterium,Ulvibacterium marinum,100,100,100,100,100,48.833333333333336,48.833333333333336
ASV_5297,NA,NA,NA,NA,NA,NA,NA,NA,NA,NA,NA,NA,NA,NA
ASV_5298,NA,NA,NA,NA,NA,NA,NA,NA,NA,NA,NA,NA,NA,NA
ASV_5299,NA,NA,NA,NA,NA,NA,NA,NA,NA,NA,NA,NA,NA,NA
ASV_5300,Bacteria,Pseudomonadota,Gammaproteobacteria,Oceanospirillales,Oceanospirillaceae,Bacterioplanoides,Bacterioplanoides pacificum,100,100,100,90.5,88.33333333333333,44.66666666666667,44.66666666666667
ASV_5301,NA,NA,NA,NA,NA,NA,NA,NA,NA,NA,NA,NA,NA,NA
ASV_5302,Bacteria,Pseudomonadota,Gammaproteobacteria,Alteromonadales,Alteromonadaceae,Marisediminitalea,Marisediminitalea aggregata,100.00000000000001,100.00000000000001,100.00000000000001,100.00000000000001,100.00000000000001,88.08333333333319,88.08333333333319
ASV_5303,Bacteria,Pseudomonadota,Gammaproteobacteria,Vibrionales,Vibrionaceae,Vibrio,Vibrio fortis,100.00000000000001,100.00000000000001,100.00000000000001,100.00000000000001,100.00000000000001,100.00000000000001,69.25000000000001
ASV_5304,Bacteria,Pseudomonadota,Gammaproteobacteria,Oceanospirillales,Oceanospirillaceae,Spongiispira,Spongiispira norvegica,100,100,100,100,100,100,100
ASV_5305,Bacteria,Pseudomonadota,Gammaproteobacteria,Alteromonadales,Colwelliaceae,Thalassotalea,Thalassotalea agarivorans,100,100,100,100,100,99,70.33333333333333
ASV_5306,Bacteria,Pseudomonadota,Gammaproteobacteria,Cellvibrionales,Cellvibrionaceae,Pseudoteredinibacter,Pseudoteredinibacter isoporae,100,100,100,100,100,80.25,80.25
ASV_5307,NA,NA,NA,NA,NA,NA,NA,NA,NA,NA,NA,NA,NA,NA
ASV_5308,Bacteria,Bacteroidota,Saprospiria,Saprospirales,Saprospiraceae,Saprospira,Saprospira grandis,100,100,100,100,100,100,100
ASV_5309,Bacteria,Pseudomonadota,Gammaproteobacteria,Oceanospirillales,Oceanospirillaceae,Oleispira,Oleispira lenta,100,100,100,100,100,100,96
ASV_5310,Bacteria,Pseudomonadota,Gammaproteobacteria,Alteromonadales,Pseudoalteromonadaceae,Psychrosphaera,Psychrosphaera ytuae,100,100,100,100,100,97.00000000000006,45.500000000000036
ASV_5311,Bacteria,Pseudomonadota,Gammaproteobacteria,Oceanospirillales,Oceanospirillaceae,Pontibacterium,Pontibacterium granulatum,100,100,100,100,100,100,100
ASV_5312,Bacteria,Planctomycetota,Planctomycetia,Pirellulales,Pirellulaceae,Mariniblastus,Mariniblastus fucicola,100,100,100,100,100,100,100
ASV_5313,Bacteria,Pseudomonadota,Gammaproteobacteria,Alteromonadales,Pseudoalteromonadaceae,Pseudoalteromonas,Pseudoalteromonas xishaensis,100,100,100,100,99.53892935313867,86.74698334130572,21.049955561722328
ASV_5314,Bacteria,Pseudomonadota,Gammaproteobacteria,Alteromonadales,Alteromonadaceae,Alteromonas,Alteromonas abrolhosensis,100.00000000000007,100.00000000000007,100.00000000000007,100.00000000000007,100.00000000000007,100.00000000000007,38.953694396418854
ASV_5315,Bacteria,Pseudomonadota,Gammaproteobacteria,Alteromonadales,Pseudoalteromonadaceae,Psychrosphaera,Psychrosphaera ytuae,100,100,100,100,100,97.33333333333333,37.50000000000001
ASV_5316,Bacteria,Pseudomonadota,Gammaproteobacteria,Vibrionales,Vibrionaceae,Photobacterium,Paraphotobacterium marinum,100,100,100,100,100,43.41666666666667,39.61666666666666
ASV_5317,Bacteria,Pseudomonadota,Gammaproteobacteria,Alteromonadales,Alteromonadaceae,Salinimonas,Salinimonas chungwhensis,100,100,100,85.33333333333333,85.33333333333333,68.16666666666669,56.58333333333335
ASV_5318,Bacteria,Pseudomonadota,Gammaproteobacteria,Vibrionales,Vibrionaceae,Photobacterium,Photobacterium swingsii,100,100,100,100,100,96.5,33.583333333333336
ASV_5319,Bacteria,Pseudomonadota,Alphaproteobacteria,Rhodobacterales,Roseobacteraceae,Thalassovita,Thalassovita litoralis,100,100,100,100,90.36666666666666,25.483333333333317,14.450000000000003
ASV_5320,Bacteria,Pseudomonadota,Gammaproteobacteria,Alteromonadales,Alteromonadaceae,Alteromonas,Alteromonas abrolhosensis,99.99999999999999,99.99999999999999,99.99999999999999,99.99999999999999,99.99999999999999,98.99999999999999,39.907538784184354
ASV_5321,Bacteria,Pseudomonadota,Gammaproteobacteria,Oceanospirillales,Oceanospirillaceae,Bacterioplanoides,Bacterioplanoides pacificum,100,100,100,45.33333333333335,42.166666666666664,25.833333333333336,25.833333333333336
ASV_5322,Bacteria,Pseudomonadota,Gammaproteobacteria,Oceanospirillales,Oceanospirillaceae,Oceanospirillum,Oceanospirillum beijerinckii,100,100,100,71.55238095238091,71.55238095238091,71.55238095238091,28.14999999999999
ASV_5323,Bacteria,Pseudomonadota,Gammaproteobacteria,Alteromonadales,Pseudoalteromonadaceae,Psychrosphaera,Psychrosphaera aestuarii,100,100,100,100,100,85.58333333333333,26.75
ASV_5324,Bacteria,Pseudomonadota,Gammaproteobacteria,Oceanospirillales,Oceanospirillaceae,Neptuniibacter,Neptuniibacter caesariensis,100,100,100,100,100,100,98
ASV_5325,Bacteria,Pseudomonadota,Gammaproteobacteria,Alteromonadales,Alteromonadaceae,Salinimonas,Salinimonas chungwhensis,100,100,100,100,100,74.32407407407408,39.78703703703704
ASV_5326,Bacteria,Pseudomonadota,Gammaproteobacteria,Alteromonadales,Pseudoalteromonadaceae,Pseudoalteromonas,Pseudoalteromonas translucida,100,100,100,100,100,100,27.055128205128234
ASV_5327,Bacteria,Pseudomonadota,Gammaproteobacteria,Alteromonadales,Pseudoalteromonadaceae,Psychrosphaera,Psychrosphaera aquimarina,100,100,100,100,100,94.93333333333334,46.78333333333335
ASV_5328,Bacteria,Pseudomonadota,Gammaproteobacteria,Alteromonadales,Alteromonadaceae,Alteromonas,Aliiglaciecola aliphaticivorans,99.99999999999997,99.99999999999997,99.99999999999997,99.99999999999997,99.99999999999997,50.0243869174304,23.196666883840784
ASV_5329,Bacteria,Pseudomonadota,Gammaproteobacteria,Cellvibrionales,Cellvibrionaceae,Pseudoteredinibacter,Pseudoteredinibacter isoporae,100,100,100,100,100,100,100
ASV_5330,Bacteria,Campylobacterota,Epsilonproteobacteria,Campylobacterales,Sulfurovaceae,Sulfurovum,Sulfurovum indicum,100,100,100,100,100,100,56.2
ASV_5331,Bacteria,Pseudomonadota,Gammaproteobacteria,Alteromonadales,Alteromonadaceae,Alteromonas,Alteromonas abrolhosensis,100,100,100,100,100,99.82391941391941,41.000465284853476
ASV_5332,Bacteria,Pseudomonadota,Alphaproteobacteria,Rhodobacterales,Roseobacteraceae,Ruegeria,Ruegeria profundi,100,100,100,100,94.43333333333334,91.43333333333334,38.36666666666666
ASV_5333,NA,NA,NA,NA,NA,NA,NA,NA,NA,NA,NA,NA,NA,NA
ASV_5334,Bacteria,Acidobacteriota,Holophagae,Acanthopleuribacterales,Acanthopleuribacteraceae,Acanthopleuribacter,Acanthopleuribacter pedis,100,100,100,100,100,100,100
ASV_5335,Bacteria,Pseudomonadota,Gammaproteobacteria,Alteromonadales,Alteromonadaceae,Alteromonas,Alteromonas portus,99.99999999999996,99.99999999999996,99.99999999999996,99.99999999999996,99.99999999999996,91.66304347826082,52.093500267848064
ASV_5336,Bacteria,Pseudomonadota,Gammaproteobacteria,Vibrionales,Vibrionaceae,Vibrio,Vibrio fluvialis,100,100,100,100,100,99.5,43.516666666666644
ASV_5337,Bacteria,Pseudomonadota,Gammaproteobacteria,Pseudomonadales,Pseudomonadaceae,Pseudomonas,Pseudomonas aeruginosa,100,100,100,100,100,99.0384615384615,79.22481684981682
ASV_5338,NA,NA,NA,NA,NA,NA,NA,NA,NA,NA,NA,NA,NA,NA
ASV_5339,Bacteria,Pseudomonadota,Gammaproteobacteria,Oceanospirillales,Oceanospirillaceae,Neptunomonas,Neptunomonas antarctica,100,100,100,100,100,95.5,87.58333333333333
ASV_5340,Bacteria,Pseudomonadota,Alphaproteobacteria,Hyphomicrobiales,Nitrobacteraceae,Bradyrhizobium,Bradyrhizobium yuanmingense,99.99999999999994,99.99999999999994,99.99999999999994,99.99999999999994,99.99999999999994,99.99999999999994,11.426847465124336
ASV_5341,Bacteria,Bacteroidota,Flavobacteriia,Flavobacteriales,Crocinitomicaceae,Lishizhenia,Lishizhenia tianjinensis,100,100,100,100,100,85.5,66
ASV_5342,NA,NA,NA,NA,NA,NA,NA,NA,NA,NA,NA,NA,NA,NA
ASV_5343,Bacteria,Pseudomonadota,Alphaproteobacteria,Sphingomonadales,Erythrobacteraceae,Erythrobacter,Erythrobacter rubeus,100,100,100,100,97.10650022492128,61.66045883940621,61.62474455369192
ASV_5344,Bacteria,Pseudomonadota,Gammaproteobacteria,Alteromonadales,Alteromonadaceae,Alteromonas,Alteromonas abrolhosensis,100,100,100,100,100,97.89444444444443,37.75030057512222
ASV_5345,Bacteria,Pseudomonadota,Gammaproteobacteria,Cellvibrionales,Microbulbiferaceae,Microbulbifer,Microbulbifer variabilis,100,100,100,100,100,100,74.03333333333332
ASV_5346,Bacteria,Bacteroidota,Flavobacteriia,Flavobacteriales,Flavobacteriaceae,Polaribacter,Polaribacter lacunae,100,100,100,100,100,100,99
ASV_5347,Bacteria,Pseudomonadota,Gammaproteobacteria,Alteromonadales,Alteromonadaceae,Marisediminitalea,Marisediminitalea aggregata,100,100,100,100,100,86.71014492753629,86.71014492753629
ASV_5348,Bacteria,Pseudomonadota,Alphaproteobacteria,Rhodobacterales,Roseobacteraceae,Donghicola,Shimia marina,100.00000000000001,100.00000000000001,100.00000000000001,100.00000000000001,82.08333333333333,16.83333333333333,11
ASV_5349,NA,NA,NA,NA,NA,NA,NA,NA,NA,NA,NA,NA,NA,NA
ASV_5350,Bacteria,Pseudomonadota,Alphaproteobacteria,Rhodobacterales,Roseobacteraceae,Celeribacter,Celeribacter litoreus,100,100,100,100,97,61.850000000000016,49.78333333333335
ASV_5351,NA,NA,NA,NA,NA,NA,NA,NA,NA,NA,NA,NA,NA,NA
ASV_5352,Bacteria,Pseudomonadota,Betaproteobacteria,Burkholderiales,Burkholderiaceae,Limnobacter,Limnobacter thiooxidans,100,100,100,100,70.64166666666668,51.725000000000016,34.658333333333346
ASV_5353,Bacteria,Pseudomonadota,Gammaproteobacteria,Alteromonadales,Colwelliaceae,Thalassotalea,Thalassotalea coralli,100,100,100,100,96.33333333333331,85,28.500000000000004
ASV_5354,Bacteria,Pseudomonadota,Gammaproteobacteria,Alteromonadales,Colwelliaceae,Thalassotalea,Thalassotalea coralli,100.00000000000001,100.00000000000001,100.00000000000001,86.83333333333334,78.98333333333335,76.98333333333335,39.36666666666666
ASV_5355,NA,NA,NA,NA,NA,NA,NA,NA,NA,NA,NA,NA,NA,NA
ASV_5356,NA,NA,NA,NA,NA,NA,NA,NA,NA,NA,NA,NA,NA,NA
ASV_5357,Bacteria,Pseudomonadota,Alphaproteobacteria,Hyphomicrobiales,Aurantimonadaceae,Aureimonas,Aureimonas ureilytica,100,100,100,100,100,99.66666666666667,95.16666666666669
ASV_5358,Bacteria,Actinomycetota,Actinomycetes,Mycobacteriales,Lawsonellaceae,Lawsonella,Lawsonella clevelandensis,100,100,100,100,100,100,100
ASV_5359,Bacteria,Bacteroidota,Flavobacteriia,Flavobacteriales,Flavobacteriaceae,Tenacibaculum,Tenacibaculum xiamenense,99.99999999999997,99.99999999999997,99.99999999999997,99.99999999999997,99.99999999999997,52.2,24.216666666666665
ASV_5360,Bacteria,Bacteroidota,Flavobacteriia,Flavobacteriales,Flavobacteriaceae,Polaribacter,Polaribacter aestuariivivens,100,100,100,100,100,80.8333333333333,56.83333333333332
ASV_5361,Bacteria,Bacteroidota,Flavobacteriia,Flavobacteriales,Flavobacteriaceae,Polaribacter,Polaribacter pacificus,100,100,100,100,100,58.41666666666667,26.583333333333332
ASV_5362,Bacteria,Pseudomonadota,Alphaproteobacteria,Hyphomonadales,Hyphomonadaceae,Hyphomonas,Hyphomonas jannaschiana,100,100,100,100,100,100,45.33333333333333
ASV_5363,Bacteria,Pseudomonadota,Alphaproteobacteria,Rhodobacterales,Roseobacteraceae,Roseovarius,Roseovarius pacificus,100.00000000000001,100.00000000000001,100.00000000000001,100.00000000000001,89.23577533577533,59.28922466422465,53.62255799755801
ASV_5364,Bacteria,Pseudomonadota,Gammaproteobacteria,Cellvibrionales,Cellvibrionaceae,Pseudoteredinibacter,Pseudoteredinibacter isoporae,100,100,100,100,100,100,100
ASV_5365,NA,NA,NA,NA,NA,NA,NA,NA,NA,NA,NA,NA,NA,NA
ASV_5366,Bacteria,Bacteroidota,Flavobacteriia,Flavobacteriales,Flavobacteriaceae,Seonamhaeicola,Seonamhaeicola aphaedonensis,100,100,100,100,100,88.66666666666667,45.166666666666664
ASV_5367,Bacteria,Pseudomonadota,Alphaproteobacteria,Rhodobacterales,Paracoccaceae,Marivivens,Aestuarium zhoushanense,100,100,100,100,100,66.66666666666666,33.33333333333333
ASV_5368,Bacteria,Pseudomonadota,Alphaproteobacteria,Rhodospirillales,Kiloniellaceae,Kiloniella,Kiloniella litopenaei,100,100,100,100,100,100,80.66666666666666
ASV_5369,Bacteria,Verrucomicrobiota,Opitutae,Puniceicoccales,Coraliomargaritaceae,Coraliomargarita,Coraliomargarita akajimensis,100,100,100,100,100,100,75.33333333333333
ASV_5370,Bacteria,Pseudomonadota,Alphaproteobacteria,Hyphomicrobiales,Stappiaceae,Roseibium,Roseibium aquae,100,100,100,98.3333333333333,98.3333333333333,88.55476190476188,38.30119047619045
ASV_5371,NA,NA,NA,NA,NA,NA,NA,NA,NA,NA,NA,NA,NA,NA
ASV_5372,Bacteria,Pseudomonadota,Gammaproteobacteria,Vibrionales,Vibrionaceae,Vibrio,Vibrio diabolicus,100,100,100,100,100,100,84.28333333333332
ASV_5373,Bacteria,Bacteroidota,Flavobacteriia,Flavobacteriales,Flavobacteriaceae,Seonamhaeicola,Seonamhaeicola aphaedonensis,100,100,100,100,100,84.66666666666666,80.66666666666666
ASV_5374,Bacteria,Pseudomonadota,Gammaproteobacteria,Orbales,Orbaceae,Gilliamella,Gilliamella bombicola,100,100,100,100,100,100,64.83333333333331
ASV_5375,Bacteria,Pseudomonadota,Gammaproteobacteria,Vibrionales,Vibrionaceae,Vibrio,Vibrio mexicanus,100.00000000000003,100.00000000000003,100.00000000000003,100.00000000000003,100.00000000000003,100.00000000000003,34.833333333333336
ASV_5376,Bacteria,Pseudomonadota,Alphaproteobacteria,Rhodobacterales,Roseobacteraceae,Thalassovita,Thalassovita mediterranea,100,100,100,100,87.41443278943278,30.737276612276606,30.737276612276606
ASV_5377,Bacteria,Bacteroidota,Flavobacteriia,Flavobacteriales,Flavobacteriaceae,Dokdonia,Dokdonia lutea,100,100,100,100,100,91.83333333333333,91.83333333333333
ASV_5378,Bacteria,Bacteroidota,Flavobacteriia,Flavobacteriales,Flavobacteriaceae,Dokdonia,Dokdonia lutea,100,100,100,100,100,100,100
ASV_5379,Bacteria,Bacteroidota,Flavobacteriia,Flavobacteriales,Flavobacteriaceae,Winogradskyella,Winogradskyella tangerina,100,100,100,100,100,71.8333333333333,30.166666666666657
ASV_5380,Bacteria,Pseudomonadota,Gammaproteobacteria,Oceanospirillales,Alcanivoracaceae,Alcanivorax,Alcanivorax nanhaiticus,100,100,100,100,100,100,43.25
ASV_5381,NA,NA,NA,NA,NA,NA,NA,NA,NA,NA,NA,NA,NA,NA
ASV_5382,Bacteria,Fusobacteriota,Fusobacteriia,Fusobacteriales,Fusobacteriaceae,Fusobacterium,Fusobacterium nucleatum,100,100,100,100,100,100,35.57935286935288
ASV_5383,Bacteria,Bacteroidota,Flavobacteriia,Flavobacteriales,Flavobacteriaceae,Allomuricauda,Allomuricauda ochracea,100,100,100,100,100,100,75.5
ASV_5384,NA,NA,NA,NA,NA,NA,NA,NA,NA,NA,NA,NA,NA,NA
ASV_5385,NA,NA,NA,NA,NA,NA,NA,NA,NA,NA,NA,NA,NA,NA
ASV_5386,Bacteria,Bacteroidota,Flavobacteriia,Flavobacteriales,Flavobacteriaceae,Allomuricauda,Allomuricauda ochracea,100.00000000000001,100.00000000000001,100.00000000000001,100.00000000000001,100.00000000000001,100.00000000000001,61.33333333333334
ASV_5387,Bacteria,Pseudomonadota,Gammaproteobacteria,Thiotrichales,Piscirickettsiaceae,Methylophaga,Methylophaga marina,100,100,100,87.91666666666669,87.91666666666669,87.91666666666669,57.16666666666665
ASV_5388,NA,NA,NA,NA,NA,NA,NA,NA,NA,NA,NA,NA,NA,NA
ASV_5389,Bacteria,Pseudomonadota,Alphaproteobacteria,Hyphomicrobiales,Stappiaceae,Roseibium,Roseibium aestuarii,100,100,100,100,99,91.94999999999999,54.499999999999986
ASV_5390,Bacteria,Verrucomicrobiota,Opitutae,Puniceicoccales,Coraliomargaritaceae,Coraliomargarita,Coraliomargarita akajimensis,100,100,99.66666666666667,99.66666666666667,99.66666666666667,99.66666666666667,68.33333333333331
ASV_5391,Bacteria,Pseudomonadota,Alphaproteobacteria,Rickettsiales,NA,Lyticum,Lyticum flagellatum,100,100,100,100,100,100,100
ASV_5392,NA,NA,NA,NA,NA,NA,NA,NA,NA,NA,NA,NA,NA,NA
ASV_5393,Bacteria,Pseudomonadota,Alphaproteobacteria,Rhodobacterales,Roseobacteraceae,Thalassovita,Thalassovita mediterranea,100,100,100,100,70.96587301587303,62.694444444444464,60.861111111111136
ASV_5394,Bacteria,Pseudomonadota,Alphaproteobacteria,Rhodobacterales,Roseobacteraceae,Phaeobacter,Phaeobacter porticola,100,100,100,100,76.13650793650791,38.667460317460304,27.116666666666653
ASV_5395,Bacteria,Pseudomonadota,Gammaproteobacteria,Alteromonadales,Colwelliaceae,Thalassotalea,Thalassomonas viridans,100.00000000000001,100.00000000000001,100.00000000000001,99,92.25,61.916666666666636,22.83333333333332
ASV_5396,Bacteria,Pseudomonadota,Gammaproteobacteria,Alteromonadales,Colwelliaceae,Thalassotalea,Thalassotalea coralli,100,100,100,93.80952380952384,76.89285714285715,66.22619047619051,23.750000000000007
ASV_5397,Bacteria,Bacteroidota,Flavobacteriia,Flavobacteriales,Flavobacteriaceae,Mangrovimonas,Mangrovimonas yunxiaonensis,100,100,100,100,100,52.14285714285716,45.47619047619049
ASV_5398,NA,NA,NA,NA,NA,NA,NA,NA,NA,NA,NA,NA,NA,NA
ASV_5399,NA,NA,NA,NA,NA,NA,NA,NA,NA,NA,NA,NA,NA,NA
ASV_5400,Bacteria,Pseudomonadota,Gammaproteobacteria,Alteromonadales,Colwelliaceae,Thalassotalea,Thalassotalea loyana,100,100,100,54.58333333333333,46.13333333333333,46.13333333333333,23.91666666666667
ASV_5401,Bacteria,Pseudomonadota,Alphaproteobacteria,Rhodobacterales,Roseobacteraceae,Tropicibacter,Tropicibacter naphthalenivorans,100,100,100,100,68.2,37.25000000000001,37.25000000000001
ASV_5402,NA,NA,NA,NA,NA,NA,NA,NA,NA,NA,NA,NA,NA,NA
ASV_5403,Bacteria,Verrucomicrobiota,Opitutae,Puniceicoccales,Coraliomargaritaceae,Coraliomargarita,Coraliomargarita akajimensis,100,100,95,95,95,95,56
ASV_5404,Bacteria,Pseudomonadota,Alphaproteobacteria,Rhodobacterales,Paracoccaceae,Aliiroseovarius,Aliiroseovarius marinus,100,100,100,100,55.717857142857156,27.342857142857145,27.342857142857145
ASV_5405,Bacteria,Bacteroidota,Saprospiria,Saprospirales,Saprospiraceae,Aureispira,Aureispira maritima,100,100,100,100,100,100,100
ASV_5406,NA,NA,NA,NA,NA,NA,NA,NA,NA,NA,NA,NA,NA,NA
ASV_5407,Bacteria,Bacteroidota,Saprospiria,Saprospirales,Saprospiraceae,Aureispira,Aureispira maritima,100,100,100,100,100,100,100
ASV_5408,Bacteria,Pseudomonadota,Alphaproteobacteria,Rhodobacterales,Roseobacteraceae,Tropicibacter,Tropicibacter naphthalenivorans,99.99999999999994,99.99999999999994,99.99999999999994,99.99999999999994,98.7777777777777,84.69325396825396,84.69325396825396
ASV_5409,Bacteria,Bacteroidota,Flavobacteriia,Flavobacteriales,Flavobacteriaceae,Mangrovimonas,Mangrovimonas spongiae,100,100,100,100,100,47.333333333333336,43.833333333333336
ASV_5410,Bacteria,Bacteroidota,Flavobacteriia,Flavobacteriales,Flavobacteriaceae,Dokdonia,Dokdonia lutea,100,100,100,100,100,36.91666666666666,23.750000000000007
ASV_5411,Bacteria,Pseudomonadota,Alphaproteobacteria,Rhodobacterales,Roseobacteraceae,Thalassovita,Thalassovita mediterranea,100,100,100,100,81.25,62.54166666666664,62.29166666666665
ASV_5412,Bacteria,Pseudomonadota,Gammaproteobacteria,Alteromonadales,Colwelliaceae,Thalassotalea,Thalassotalea coralli,100,100,100,100,77.16666666666667,71.16666666666667,29.333333333333332
ASV_5413,Bacteria,Pseudomonadota,Gammaproteobacteria,Cellvibrionales,Cellvibrionaceae,Eionea,Eionea nigra,100,100,100,80.76666666666668,45.2,42,42
ASV_5414,NA,NA,NA,NA,NA,NA,NA,NA,NA,NA,NA,NA,NA,NA
ASV_5415,Bacteria,Pseudomonadota,Alphaproteobacteria,Rhodobacterales,Roseobacteraceae,Tropicibacter,Tropicibacter naphthalenivorans,100,100,100,100,74.13888888888887,31.35396825396825,31.35396825396825
ASV_5416,Bacteria,Bacteroidota,Flavobacteriia,Flavobacteriales,Flavobacteriaceae,Kordia,Kordia ulvae,100,100,100,100,100,95,40.41666666666664
ASV_5417,Bacteria,Pseudomonadota,Gammaproteobacteria,Alteromonadales,Colwelliaceae,Thalassotalea,Thalassotalea marina,100,100,100,100,100,100,61.83333333333334
ASV_5418,Bacteria,Bacteroidota,Flavobacteriia,Flavobacteriales,Crocinitomicaceae,Salinirepens,Salinirepens amamiensis,100,100,100,100,100,98.25,98.25
ASV_5419,Bacteria,Bacteroidota,Saprospiria,Saprospirales,Saprospiraceae,Aureispira,Aureispira maritima,100,100,100,100,100,100,100
ASV_5420,Bacteria,Pseudomonadota,Gammaproteobacteria,Thiotrichales,Francisellaceae,Allofrancisella,Allofrancisella frigidaquae,100,100,100,100,100,73.5,52.41666666666664
ASV_5421,Bacteria,Pseudomonadota,Gammaproteobacteria,Oceanospirillales,Alcanivoracaceae,Alcanivorax,Alcanivorax jadensis,100.00000000000001,100.00000000000001,100.00000000000001,100.00000000000001,100.00000000000001,89.4166666666667,41.91666666666665
ASV_5422,Bacteria,Pseudomonadota,Gammaproteobacteria,Alteromonadales,Alteromonadaceae,Marisediminitalea,Marisediminitalea aggregata,100.00000000000001,100.00000000000001,100.00000000000001,100.00000000000001,100.00000000000001,85.96014492753629,85.96014492753629
ASV_5423,Bacteria,Pseudomonadota,Alphaproteobacteria,Rhodobacterales,Roseobacteraceae,Lentibacter,Lentibacter algarum,100,100,100,100,61.23333333333335,49.7,49.7
ASV_5424,Bacteria,Bacteroidota,Saprospiria,Saprospirales,Saprospiraceae,Aureispira,Aureispira maritima,100,100,100,100,100,100,100
ASV_5425,NA,NA,NA,NA,NA,NA,NA,NA,NA,NA,NA,NA,NA,NA
ASV_5426,Bacteria,Bacteroidota,Chitinophagia,Chitinophagales,Chitinophagaceae,Flavipsychrobacter,Flavipsychrobacter stenotrophus,100,100,100,100,100,100,100
ASV_5427,Bacteria,Pseudomonadota,Gammaproteobacteria,Oceanospirillales,Alcanivoracaceae,Marinicella,Marinicella pacifica,100,100,100,100,100,100,48.833333333333336
ASV_5428,Bacteria,Bacteroidota,Saprospiria,Saprospirales,Saprospiraceae,Aureispira,Aureispira maritima,100,100,100,100,100,100,98
ASV_5429,NA,NA,NA,NA,NA,NA,NA,NA,NA,NA,NA,NA,NA,NA
ASV_5430,Bacteria,Pseudomonadota,Alphaproteobacteria,Rhodobacterales,Roseobacteraceae,Thalassovita,Thalassovita mediterranea,100,100,100,100,77.28333333333335,63.450000000000024,63.116666666666674
ASV_5431,Bacteria,Pseudomonadota,Gammaproteobacteria,Alteromonadales,Colwelliaceae,Thalassotalea,Thalassotalea loyana,100,100,100,100,90.4166666666667,90.4166666666667,34.91666666666665
ASV_5432,Bacteria,Pseudomonadota,Gammaproteobacteria,Cellvibrionales,Spongiibacteraceae,Spongiibacter,Spongiibacter marinus,100,100,100,100,100,100,100
ASV_5433,Bacteria,Bacteroidota,Flavobacteriia,Flavobacteriales,Flavobacteriaceae,Tenacibaculum,Tenacibaculum holothuriorum,100,100,100,100,100,76.33333333333331,58.750000000000014
ASV_5434,Bacteria,Verrucomicrobiota,Opitutae,Puniceicoccales,Coraliomargaritaceae,Coraliomargarita,Coraliomargarita akajimensis,100,100,100,100,100,100,72
ASV_5435,NA,NA,NA,NA,NA,NA,NA,NA,NA,NA,NA,NA,NA,NA
ASV_5436,Bacteria,Bacteroidota,Flavobacteriia,Flavobacteriales,Flavobacteriaceae,Polaribacter,Pseudotenacibaculum haliotis,99.99999999999999,99.99999999999999,99.99999999999999,99.99999999999999,99.99999999999999,55.13333333333333,35.70000000000001
ASV_5437,Bacteria,Pseudomonadota,Gammaproteobacteria,Alteromonadales,Colwelliaceae,Thalassotalea,Thalassotalea montiporae,100,100,100,100,100,100,92.5
ASV_5438,Bacteria,Bacteroidota,Flavobacteriia,Flavobacteriales,Flavobacteriaceae,Allomuricauda,Croceivirga lutea,100,100,100,100,100,45,32.83333333333333
ASV_5439,Bacteria,Pseudomonadota,Alphaproteobacteria,Rhodobacterales,Roseobacteraceae,Ruegeria,Ruegeria profundi,100,100,100,100,98.5,92,40.5
ASV_5440,NA,NA,NA,NA,NA,NA,NA,NA,NA,NA,NA,NA,NA,NA
ASV_5441,Bacteria,Bacteroidota,Flavobacteriia,Flavobacteriales,Flavobacteriaceae,Dokdonia,Dokdonia lutea,100,100,100,100,100,100,100
ASV_5442,NA,NA,NA,NA,NA,NA,NA,NA,NA,NA,NA,NA,NA,NA
ASV_5443,NA,NA,NA,NA,NA,NA,NA,NA,NA,NA,NA,NA,NA,NA
ASV_5444,Bacteria,Bacteroidota,Flavobacteriia,Flavobacteriales,Flavobacteriaceae,Jejudonia,Jejudonia soesokkakensis,100,100,100,100,100,34.5,34.5
ASV_5445,NA,NA,NA,NA,NA,NA,NA,NA,NA,NA,NA,NA,NA,NA
ASV_5446,Bacteria,Verrucomicrobiota,Opitutae,Puniceicoccales,Coraliomargaritaceae,Coraliomargarita,Coraliomargarita akajimensis,100,100,100,100,100,100,64.66666666666666
ASV_5447,NA,NA,NA,NA,NA,NA,NA,NA,NA,NA,NA,NA,NA,NA
ASV_5448,Bacteria,Pseudomonadota,Gammaproteobacteria,Alteromonadales,Alteromonadaceae,Alteromonas,Alteromonas confluentis,99.99999999999999,99.99999999999999,99.99999999999999,99.99999999999999,99.99999999999999,71.07499999999999,27.598333333333272
ASV_5449,Bacteria,Pseudomonadota,Gammaproteobacteria,Oceanospirillales,Oceanospirillaceae,Bacterioplanoides,Bacterioplanoides pacificum,100,100,100,88.16666666666667,73.66666666666667,38.83333333333335,38.83333333333335
ASV_5450,Bacteria,Bacteroidota,Cytophagia,Cytophagales,Roseivirgaceae,Roseivirga,Roseivirga misakiensis,100,100,100,100,100,100,96.5
ASV_5451,Bacteria,Bdellovibrionota,Bacteriovoracia,Bacteriovoracales,Halobacteriovoraceae,Halobacteriovorax,Halobacteriovorax marinus,100,100,100,100,100,100,54.750000000000014
ASV_5452,NA,NA,NA,NA,NA,NA,NA,NA,NA,NA,NA,NA,NA,NA
ASV_5453,Bacteria,Pseudomonadota,Gammaproteobacteria,Alteromonadales,Alteromonadaceae,Salinimonas,Alteromonas indica,100,100,100,100,100,56.25,33.75
ASV_5454,Bacteria,Pseudomonadota,Gammaproteobacteria,Alteromonadales,Alteromonadaceae,Alteromonas,Alteromonas oceani,100,100,100,100,100,97.8,29.243478260869576
ASV_5455,Bacteria,Bacteroidota,Flavobacteriia,Flavobacteriales,Flavobacteriaceae,Dokdonia,Dokdonia lutea,100,100,100,100,100,100,99
ASV_5456,NA,NA,NA,NA,NA,NA,NA,NA,NA,NA,NA,NA,NA,NA
ASV_5457,Bacteria,Bacteroidota,Flavobacteriia,Flavobacteriales,Marinifilaceae,Marinifilum,Marinifilum fragile,100,100,51.00000000000001,51.00000000000001,49,46.5,37.75
ASV_5458,NA,NA,NA,NA,NA,NA,NA,NA,NA,NA,NA,NA,NA,NA
ASV_5459,Bacteria,Actinomycetota,Actinomycetes,Micrococcales,Intrasporangiaceae,Terrabacter,Terrabacter tumescens,100.00000000000001,100.00000000000001,100.00000000000001,70.73055555555558,34.84087301587301,23.0047619047619,18.096825396825405
ASV_5460,Bacteria,Bacteroidota,Flavobacteriia,Flavobacteriales,Flavobacteriaceae,Dokdonia,Dokdonia lutea,100,100,100,100,100,100,100
ASV_5461,Bacteria,Pseudomonadota,Gammaproteobacteria,Pasteurellales,Pasteurellaceae,Canicola,Canicola haemoglobinophilus,100,100,100,100,100,100,100
ASV_5462,Bacteria,Pseudomonadota,Gammaproteobacteria,Alteromonadales,Alteromonadaceae,Paraglaciecola,Paraglaciecola aestuariivivens,100.00000000000001,100.00000000000001,100.00000000000001,100.00000000000001,100.00000000000001,76.83333333333333,76.33333333333333
ASV_5463,Bacteria,Pseudomonadota,Gammaproteobacteria,Alteromonadales,Alteromonadaceae,Salinimonas,Salinimonas lutimaris,100.00000000000001,100.00000000000001,100.00000000000001,100.00000000000001,100.00000000000001,49.83333333333334,39.33333333333334
ASV_5464,NA,NA,NA,NA,NA,NA,NA,NA,NA,NA,NA,NA,NA,NA
ASV_5465,Bacteria,Bacteroidota,Flavobacteriia,Flavobacteriales,Cryomorphaceae,Acidiluteibacter,Acidiluteibacter ferrifornacis,100,100,100,100,100,100,100
ASV_5466,Bacteria,Pseudomonadota,Gammaproteobacteria,Alteromonadales,Pseudoalteromonadaceae,Pseudoalteromonas,Pseudoalteromonas piratica,100,100,100,100,99.8221445221445,99.8221445221445,33.013375862202594
ASV_5467,Bacteria,Pseudomonadota,Gammaproteobacteria,Alteromonadales,Alteromonadaceae,Alteromonas,Alteromonas aestuariivivens,100.00000000000001,100.00000000000001,100.00000000000001,100.00000000000001,100.00000000000001,96.22738095238094,30.07647243561037
ASV_5468,Bacteria,Pseudomonadota,Gammaproteobacteria,Alteromonadales,Alteromonadaceae,Alteromonas,Alteromonas confluentis,100.00000000000003,100.00000000000003,100.00000000000003,100.00000000000003,100.00000000000003,84.96618566618572,48.170833264540306
ASV_5469,Bacteria,Pseudomonadota,Gammaproteobacteria,Alteromonadales,Alteromonadaceae,Alteromonas,Alteromonas confluentis,100.00000000000001,100.00000000000001,100.00000000000001,100.00000000000001,100.00000000000001,88.93667491928362,41.75898530615925
ASV_5470,Bacteria,Verrucomicrobiota,Verrucomicrobiae,Verrucomicrobiales,Rubritaleaceae,Rubritalea,Rubritalea tangerina,100,100,100,100,100,100,66.58333333333331
ASV_5471,NA,NA,NA,NA,NA,NA,NA,NA,NA,NA,NA,NA,NA,NA
ASV_5472,Bacteria,Pseudomonadota,Gammaproteobacteria,Vibrionales,Vibrionaceae,Photobacterium,Photobacterium ganghwense,100.00000000000003,100.00000000000003,100.00000000000003,100.00000000000003,100.00000000000003,54.616666666666674,28.566666666666674
ASV_5473,Bacteria,Planctomycetota,Planctomycetia,Pirellulales,Thermoguttaceae,Thermostilla,Thermostilla marina,100,100,100,100,100,100,100
ASV_5474,NA,NA,NA,NA,NA,NA,NA,NA,NA,NA,NA,NA,NA,NA
ASV_5475,Bacteria,Pseudomonadota,Gammaproteobacteria,Cellvibrionales,Halieaceae,Haliea,Haliea alexandrii,100,100,100,100,100,35.66666666666665,35.66666666666665
ASV_5476,NA,NA,NA,NA,NA,NA,NA,NA,NA,NA,NA,NA,NA,NA
ASV_5477,NA,NA,NA,NA,NA,NA,NA,NA,NA,NA,NA,NA,NA,NA
ASV_5478,NA,NA,NA,NA,NA,NA,NA,NA,NA,NA,NA,NA,NA,NA
ASV_5479,Bacteria,Pseudomonadota,Gammaproteobacteria,Alteromonadales,Pseudoalteromonadaceae,Psychrosphaera,Psychrosphaera ytuae,99.99999999999996,99.99999999999996,99.99999999999996,99.99999999999996,99.82844006088781,60.97443108757149,32.321078431372534
ASV_5480,Bacteria,Pseudomonadota,Gammaproteobacteria,Alteromonadales,Colwelliaceae,Thalassotalea,Thalassotalea coralli,100,100,100,98,97,90.66666666666667,24.75
ASV_5481,Bacteria,Campylobacterota,Epsilonproteobacteria,Campylobacterales,Sulfurovaceae,Sulfurovum,Sulfurovum riftiae,100,100,100,100,71.96666666666668,71.96666666666668,21.066666666666663
ASV_5482,Bacteria,Pseudomonadota,Gammaproteobacteria,Alteromonadales,Colwelliaceae,Thalassotalea,Thalassotalea coralli,100,100,100,98.2857142857143,96.2857142857143,89.2857142857143,34.33333333333334
ASV_5483,NA,NA,NA,NA,NA,NA,NA,NA,NA,NA,NA,NA,NA,NA
ASV_5484,Bacteria,Pseudomonadota,Gammaproteobacteria,Alteromonadales,Colwelliaceae,Thalassotalea,Thalassotalea coralli,100,100,100,98.5,84.89285714285714,79.85952380952381,31.533333333333335
ASV_5485,Bacteria,Pseudomonadota,Alphaproteobacteria,Rhodobacterales,Paracoccaceae,Pseudooceanicola,Pseudooceanicola pacificus,99.99999999999997,99.99999999999997,99.99999999999997,99.99999999999997,58.30606060606061,38.8060606060606,17.257575757575758
ASV_5486,Bacteria,Pseudomonadota,Gammaproteobacteria,Alteromonadales,Pseudoalteromonadaceae,Psychrosphaera,Psychrosphaera ytuae,100.00000000000001,100.00000000000001,100.00000000000001,89.25,41.44444444444444,40.49999999999999,21.583333333333318
ASV_5487,NA,NA,NA,NA,NA,NA,NA,NA,NA,NA,NA,NA,NA,NA
ASV_5488,NA,NA,NA,NA,NA,NA,NA,NA,NA,NA,NA,NA,NA,NA
ASV_5489,NA,NA,NA,NA,NA,NA,NA,NA,NA,NA,NA,NA,NA,NA
ASV_5490,Bacteria,Bacteroidota,Cytophagia,Cytophagales,Roseivirgaceae,Roseivirga,Roseivirga misakiensis,100,100,100,100,100,100,97
ASV_5491,Bacteria,Planctomycetota,Planctomycetia,Pirellulales,Pirellulaceae,Mariniblastus,Mariniblastus fucicola,100,100,100,100,100,100,100
ASV_5492,Bacteria,Pseudomonadota,Gammaproteobacteria,Cellvibrionales,Halieaceae,Marimicrobium,Marimicrobium arenosum,100,100,100,100,100,61.91666666666666,61.91666666666666
ASV_5493,NA,NA,NA,NA,NA,NA,NA,NA,NA,NA,NA,NA,NA,NA
ASV_5494,Bacteria,Bacillota,Bacilli,Lactobacillales,Streptococcaceae,Streptococcus,Streptococcus lactarius,100.00000000000001,100.00000000000001,100.00000000000001,100.00000000000001,100.00000000000001,100.00000000000001,70.98476613965741
ASV_5495,NA,NA,NA,NA,NA,NA,NA,NA,NA,NA,NA,NA,NA,NA
ASV_5496,Bacteria,Verrucomicrobiota,Opitutae,Puniceicoccales,Coraliomargaritaceae,Coraliomargarita,Coraliomargarita sinensis,100,100,99.5,99.5,99.5,99.5,89.83333333333333
ASV_5497,NA,NA,NA,NA,NA,NA,NA,NA,NA,NA,NA,NA,NA,NA
ASV_5498,NA,NA,NA,NA,NA,NA,NA,NA,NA,NA,NA,NA,NA,NA
ASV_5499,Bacteria,Bacteroidota,Flavobacteriia,Flavobacteriales,Flavobacteriaceae,Polaribacter,Polaribacter marinivivus,100,100,100,100,100,79,65.66666666666666
ASV_5500,Bacteria,Bacteroidota,Cytophagia,Cytophagales,Reichenbachiellaceae,Ekhidna,Ekhidna lutea,100,100,100,100,100,100,100
ASV_5501,Bacteria,Bdellovibrionota,Bacteriovoracia,Bacteriovoracales,Halobacteriovoraceae,Halobacteriovorax,Halobacteriovorax marinus,100,100,100,100,100,100,80.25
ASV_5502,NA,NA,NA,NA,NA,NA,NA,NA,NA,NA,NA,NA,NA,NA
ASV_5503,Bacteria,Verrucomicrobiota,Opitutae,Puniceicoccales,Coraliomargaritaceae,Coraliomargarita,Coraliomargarita akajimensis,100,100,100,100,100,100,99.66666666666667
ASV_5504,Bacteria,Pseudomonadota,Gammaproteobacteria,Oceanospirillales,Oceanospirillaceae,Oceanospirillum,Oceanospirillum beijerinckii,100.00000000000001,100.00000000000001,100.00000000000001,95.66666666666669,95.66666666666669,89.00000000000003,67.43333333333334
ASV_5505,Bacteria,Pseudomonadota,Gammaproteobacteria,Cellvibrionales,Halieaceae,Halioglobus,Halioglobus japonicus,100,100,100,100,100,68.00000000000001,52.000000000000014
ASV_5506,NA,NA,NA,NA,NA,NA,NA,NA,NA,NA,NA,NA,NA,NA
ASV_5507,Bacteria,Bacteroidota,Saprospiria,Saprospirales,Lewinellaceae,Flavilitoribacter,Flavilitoribacter nigricans,100,100,100,100,100,100,100
ASV_5508,NA,NA,NA,NA,NA,NA,NA,NA,NA,NA,NA,NA,NA,NA
ASV_5509,NA,NA,NA,NA,NA,NA,NA,NA,NA,NA,NA,NA,NA,NA
ASV_5510,NA,NA,NA,NA,NA,NA,NA,NA,NA,NA,NA,NA,NA,NA
ASV_5511,Bacteria,Pseudomonadota,Alphaproteobacteria,Rhodobacterales,Roseobacteraceae,Citreimonas,Citreimonas salinaria,100,100,100,100,62.63333333333336,46.783333333333346,46.783333333333346
ASV_5512,Bacteria,Pseudomonadota,Alphaproteobacteria,Hyphomonadales,Hyphomonadaceae,Hyphomonas,Hyphomonas adhaerens,100.00000000000001,100.00000000000001,100.00000000000001,100.00000000000001,100.00000000000001,99.50000000000001,54.67619047619049
ASV_5513,Bacteria,Pseudomonadota,Gammaproteobacteria,Pseudomonadales,Pseudohongiellaceae,Pseudohongiella,Pseudohongiella spirulinae,100,100,100,71.08333333333333,56.75000000000001,56.75000000000001,46.75000000000001
ASV_5514,NA,NA,NA,NA,NA,NA,NA,NA,NA,NA,NA,NA,NA,NA
ASV_5515,NA,NA,NA,NA,NA,NA,NA,NA,NA,NA,NA,NA,NA,NA
ASV_5516,Bacteria,Pseudomonadota,Gammaproteobacteria,Pseudomonadales,Pseudomonadaceae,Microbulbifer,Microbulbifer gwangyangensis,100,100,100,53.50000000000002,53.50000000000002,46.50000000000001,42.66666666666666
ASV_5517,Bacteria,Pseudomonadota,Gammaproteobacteria,Alteromonadales,Ferrimonadaceae,Ferrimonas,Ferrimonas kyonanensis,100,100,100,100,100,100,95.33333333333331
ASV_5518,Bacteria,Pseudomonadota,Gammaproteobacteria,Vibrionales,Vibrionaceae,Vibrio,Vibrio tubiashii,100,100,100,100,100,100,100
ASV_5519,Bacteria,Bacteroidota,Flavobacteriia,Flavobacteriales,Crocinitomicaceae,Salinirepens,Salinirepens amamiensis,100,100,100,100,100,96.66666666666666,96.66666666666666
ASV_5520,Bacteria,Bacteroidota,Flavobacteriia,Flavobacteriales,Flavobacteriaceae,Psychroserpens,Psychroserpens mesophilus,100.00000000000001,100.00000000000001,100.00000000000001,100.00000000000001,100.00000000000001,79.83333333333333,79.83333333333333
ASV_5521,Bacteria,Bacteroidota,Saprospiria,Saprospirales,Saprospiraceae,Aureispira,Aureispira maritima,100,100,100,100,100,100,100
ASV_5522,Bacteria,Pseudomonadota,Alphaproteobacteria,Rhodospirillales,Fodinicurvataceae,Pelagibius,Pelagibius litoralis,100,100,100,100,97,97,72.5
ASV_5523,NA,NA,NA,NA,NA,NA,NA,NA,NA,NA,NA,NA,NA,NA
ASV_5524,NA,NA,NA,NA,NA,NA,NA,NA,NA,NA,NA,NA,NA,NA
ASV_5525,Bacteria,Bacteroidota,Saprospiria,Saprospirales,Haliscomenobacteraceae,Flavilitoribacter,Flavilitoribacter nigricans,100,100,100,100,55,45,45
ASV_5526,NA,NA,NA,NA,NA,NA,NA,NA,NA,NA,NA,NA,NA,NA
ASV_5527,Bacteria,Pseudomonadota,Gammaproteobacteria,Alteromonadales,Colwelliaceae,Thalassotalea,Thalassotalea algicola,100,100,100,100,100,100,66.08333333333333
ASV_5528,NA,NA,NA,NA,NA,NA,NA,NA,NA,NA,NA,NA,NA,NA
ASV_5529,Bacteria,Bacteroidota,Flavobacteriia,Flavobacteriales,Flavobacteriaceae,Pseudotenacibaculum,Pseudotenacibaculum haliotis,100.00000000000001,100.00000000000001,100.00000000000001,100.00000000000001,100.00000000000001,60.86666666666664,60.86666666666664
ASV_5530,Bacteria,Pseudomonadota,Gammaproteobacteria,Alteromonadales,Pseudoalteromonadaceae,Pseudoalteromonas,Pseudoalteromonas gelatinilytica,100,100,100,100,100,100,29.116666666666667
ASV_5531,NA,NA,NA,NA,NA,NA,NA,NA,NA,NA,NA,NA,NA,NA
ASV_5532,Bacteria,Bdellovibrionota,Bacteriovoracia,Bacteriovoracales,Halobacteriovoraceae,Halobacteriovorax,Halobacteriovorax marinus,100,100,100,100,100,100,100
ASV_5533,Bacteria,Actinomycetota,Actinomycetes,Micrococcales,Micrococcaceae,Kocuria,Kocuria salina,100,100,100,100,100,100,74.41666666666669
ASV_5534,Bacteria,Bacteroidota,Saprospiria,Saprospirales,Haliscomenobacteraceae,Portibacter,Portibacter lacus,100,100,100,100,100,85.5,85.5
ASV_5535,Bacteria,Campylobacterota,Epsilonproteobacteria,Campylobacterales,Sulfurovaceae,Sulfurovum,Sulfurovum denitrificans,100,100,100,100,100,100,86.16666666666666
ASV_5536,NA,NA,NA,NA,NA,NA,NA,NA,NA,NA,NA,NA,NA,NA
ASV_5537,Bacteria,Bacillota,Bacilli,Bacillales,Gemellaceae,Gemella,Gemella taiwanensis,100,100,100,100,100,99.75,45.333333333333336
ASV_5538,Bacteria,Pseudomonadota,Gammaproteobacteria,Alteromonadales,Pseudoalteromonadaceae,Pseudoalteromonas,Pseudoalteromonas gelatinilytica,100.00000000000001,100.00000000000001,100.00000000000001,100.00000000000001,98.50000000000001,98.50000000000001,29.43333333333332
ASV_5539,Bacteria,Bdellovibrionota,Bacteriovoracia,Bacteriovoracales,Halobacteriovoraceae,Halobacteriovorax,Halobacteriovorax marinus,100,100,100,100,100,100,95.75
ASV_5540,Bacteria,Pseudomonadota,Alphaproteobacteria,Rickettsiales,Rickettsiaceae,Rickettsia,Rickettsia sibirica,100,100,100,100,100,79.75,26.307142857142846
ASV_5541,Bacteria,Bacteroidota,Flavobacteriia,Flavobacteriales,Flavobacteriaceae,Kordia,Kordia ulvae,100,100,100,100,100,36.26666666666666,20.316666666666674
ASV_5542,Bacteria,Bacteroidota,Flavobacteriia,Flavobacteriales,Flavobacteriaceae,Polaribacter,Polaribacter porphyrae,100,100,100,100,100,60.95,19.366666666666667
ASV_5543,Bacteria,Pseudomonadota,Gammaproteobacteria,Oceanospirillales,Oceanospirillaceae,Bacterioplanoides,Bacterioplanoides pacificum,100,100,100,68.98333333333332,68.48333333333332,45,45
ASV_5544,Bacteria,Pseudomonadota,Gammaproteobacteria,Alteromonadales,Pseudoalteromonadaceae,Pseudoalteromonas,Pseudoalteromonas ulvae,100.00000000000006,100.00000000000006,100.00000000000006,100.00000000000006,100.00000000000006,100.00000000000006,24.416666666666682
ASV_5545,Bacteria,Pseudomonadota,Gammaproteobacteria,Oceanospirillales,Oceanospirillaceae,Spartinivicinus,Spartinivicinus ruber,100.00000000000003,100.00000000000003,100.00000000000003,78.95000000000002,40.98333333333335,37.966666666666654,37.966666666666654
ASV_5546,Bacteria,Pseudomonadota,Gammaproteobacteria,Alteromonadales,Pseudoalteromonadaceae,Pseudoalteromonas,Pseudoalteromonas gelatinilytica,100,100,100,84.71428571428572,80.71428571428572,80.71428571428572,23.959523809523795
ASV_5547,Bacteria,Pseudomonadota,Gammaproteobacteria,Alteromonadales,Alteromonadaceae,Alteromonas,Alteromonas confluentis,99.99999999999999,99.99999999999999,99.99999999999999,99.99999999999999,99.99999999999999,88.3454411530498,35.70455884695012
ASV_5548,NA,NA,NA,NA,NA,NA,NA,NA,NA,NA,NA,NA,NA,NA
ASV_5549,Bacteria,Pseudomonadota,Gammaproteobacteria,Oceanospirillales,Oceanospirillaceae,Oleispira,Oleispira lenta,100,100,100,54.41666666666665,54.41666666666665,48.333333333333336,47.333333333333336
ASV_5550,NA,NA,NA,NA,NA,NA,NA,NA,NA,NA,NA,NA,NA,NA
ASV_5551,Bacteria,Bacteroidota,Saprospiria,Saprospirales,Saprospiraceae,Aureispira,Aureispira maritima,100,100,100,100,100,100,100
ASV_5552,Bacteria,Pseudomonadota,Gammaproteobacteria,Oceanospirillales,Alcanivoracaceae,Marinicella,Marinicella rhabdoformis,100,100,100,100,100,100,100
ASV_5553,NA,NA,NA,NA,NA,NA,NA,NA,NA,NA,NA,NA,NA,NA
ASV_5554,NA,NA,NA,NA,NA,NA,NA,NA,NA,NA,NA,NA,NA,NA
ASV_5555,Bacteria,Bacteroidota,Flavobacteriia,Flavobacteriales,Flavobacteriaceae,Algibacter,Cellulophaga tyrosinoxydans,100,100,100,100,100,32.72777777777776,32.166666666666636
ASV_5556,Bacteria,Pseudomonadota,Gammaproteobacteria,Vibrionales,Vibrionaceae,Vibrio,Vibrio tubiashii,100,100,100,100,100,100,85.08333333333333
ASV_5557,Bacteria,Pseudomonadota,Gammaproteobacteria,Vibrionales,Vibrionaceae,Photobacterium,Photobacterium damselae,100.00000000000006,100.00000000000006,100.00000000000006,100.00000000000006,100.00000000000006,62.50000000000003,59.500000000000014
ASV_5558,NA,NA,NA,NA,NA,NA,NA,NA,NA,NA,NA,NA,NA,NA
ASV_5559,Bacteria,Pseudomonadota,Gammaproteobacteria,Cellvibrionales,Cellvibrionaceae,Pseudoteredinibacter,Pseudoteredinibacter isoporae,100,100,100,100,100,98,98
ASV_5560,Bacteria,Pseudomonadota,Gammaproteobacteria,Oceanospirillales,Oceanospirillaceae,Marinomonas,Marinomonas vaga,100,100,100,100,100,100,99
ASV_5561,Bacteria,Pseudomonadota,Gammaproteobacteria,Vibrionales,Vibrionaceae,Vibrio,Vibrio hangzhouensis,100,100,100,100,100,73.64999999999999,47.70833333333334
ASV_5562,Bacteria,Pseudomonadota,Alphaproteobacteria,Rickettsiales,Rickettsiaceae,Rickettsia,Rickettsia honei,100,100,100,92.8,92.8,80.88333333333331,29.583333333333314
ASV_5563,Bacteria,Pseudomonadota,Gammaproteobacteria,Vibrionales,Vibrionaceae,Vibrio,Vibrio xuii,100,100,100,100,100,100,98.33333333333333
ASV_5564,Bacteria,Pseudomonadota,Gammaproteobacteria,Alteromonadales,Alteromonadaceae,Marisediminitalea,Marisediminitalea aggregata,100,100,100,100,100,82.83333333333333,82.83333333333333
ASV_5565,Bacteria,Pseudomonadota,Gammaproteobacteria,Vibrionales,Vibrionaceae,Vibrio,Vibrio caribbeanicus,99.99999999999999,99.99999999999999,99.99999999999999,99.99999999999999,99.99999999999999,99.99999999999999,50.24545454545451
ASV_5566,Bacteria,Pseudomonadota,Gammaproteobacteria,Alteromonadales,Pseudoalteromonadaceae,Psychrosphaera,Psychrosphaera saromensis,100,100,100,100,100,52.75,50.75
ASV_5567,Bacteria,Pseudomonadota,Gammaproteobacteria,Alteromonadales,Pseudoalteromonadaceae,Pseudoalteromonas,Pseudoalteromonas byunsanensis,100.00000000000003,100.00000000000003,100.00000000000003,100.00000000000003,100.00000000000003,100.00000000000003,57.050000000000004
ASV_5568,Bacteria,Bacteroidota,Flavobacteriia,Flavobacteriales,Vicingaceae,Vicingus,Vicingus serpentipes,100,100,100,100,100,100,100
ASV_5569,Bacteria,Pseudomonadota,Gammaproteobacteria,Oceanospirillales,Hahellaceae,Hahella,Hahella ganghwensis,100,100,100,100,100,100,100
ASV_5570,Bacteria,Pseudomonadota,Gammaproteobacteria,Cellvibrionales,Spongiibacteraceae,Spongiibacter,Spongiibacter tropicus,100,100,100,100,100,100,58.06666666666664
ASV_5571,Bacteria,Pseudomonadota,Gammaproteobacteria,Alteromonadales,Alteromonadaceae,Alteromonas,Alteromonas abrolhosensis,100,100,100,100,100,100,39.422527682454984
ASV_5572,NA,NA,NA,NA,NA,NA,NA,NA,NA,NA,NA,NA,NA,NA
ASV_5573,Bacteria,Pseudomonadota,Gammaproteobacteria,Cellvibrionales,Microbulbiferaceae,Microbulbifer,Microbulbifer variabilis,100,100,100,66.58333333333331,66.58333333333331,66.58333333333331,37.583333333333336
ASV_5574,Bacteria,Pseudomonadota,Alphaproteobacteria,Parvularculales,Parvularculaceae,Marinicaulis,Aquisalinus flavus,100,100,100,100,100,52.666666666666664,31.41666666666667
ASV_5575,Bacteria,Pseudomonadota,Alphaproteobacteria,Sphingomonadales,Erythrobacteraceae,Erythrobacter,Erythrobacter rubeus,100,100,100,100,93.64437980320334,64.65885585003228,61.18336565395387
ASV_5576,Bacteria,Pseudomonadota,Alphaproteobacteria,Kordiimonadales,Kordiimonadaceae,Kordiimonas,Kordiimonas laminariae,100,100,100,100,100,100,86.5
ASV_5577,Bacteria,Pseudomonadota,Gammaproteobacteria,Oceanospirillales,Oceanospirillaceae,Thalassolituus,Thalassolituus alkanivorans,100,100,100,97.5,97.5,66.18333333333334,53.61666666666666
ASV_5578,NA,NA,NA,NA,NA,NA,NA,NA,NA,NA,NA,NA,NA,NA
ASV_5579,Bacteria,Pseudomonadota,Alphaproteobacteria,Rhodobacterales,Roseobacteraceae,Thalassovita,Thalassovita mediterranea,100.00000000000001,100.00000000000001,100.00000000000001,100.00000000000001,75.5,73.66666666666667,73.66666666666667
ASV_5580,Bacteria,Pseudomonadota,Gammaproteobacteria,Alteromonadales,Alteromonadaceae,Alteromonas,Alteromonas abrolhosensis,100.00000000000006,100.00000000000006,100.00000000000006,100.00000000000006,100.00000000000006,98.95833333333337,40.98614757462515
ASV_5581,Bacteria,Pseudomonadota,Gammaproteobacteria,Thiotrichales,Fastidiosibacteraceae,Cysteiniphilum,Cysteiniphilum litorale,100,100,100,100,100,73,70
ASV_5582,Bacteria,Pseudomonadota,Gammaproteobacteria,Pseudomonadales,Pseudomonadaceae,Pseudomonas,Pseudomonas bohemica,100,100,100,100,100,100,37.759956709956725
ASV_5583,NA,NA,NA,NA,NA,NA,NA,NA,NA,NA,NA,NA,NA,NA
ASV_5584,Bacteria,Pseudomonadota,Alphaproteobacteria,Rhodobacterales,Roseobacteraceae,Aliiruegeria,Aliiruegeria lutimaris,100.00000000000001,100.00000000000001,100.00000000000001,100.00000000000001,94.63928571428572,54.258333333333354,52.02500000000001
ASV_5585,Bacteria,Bacteroidota,Flavobacteriia,Flavobacteriales,Flavobacteriaceae,Olleya,Olleya algicola,100.00000000000003,100.00000000000003,100.00000000000003,100.00000000000003,100.00000000000003,93.38333333333335,70.45000000000002
ASV_5586,NA,NA,NA,NA,NA,NA,NA,NA,NA,NA,NA,NA,NA,NA
ASV_5587,Bacteria,Pseudomonadota,Gammaproteobacteria,Thiotrichales,Fastidiosibacteraceae,Cysteiniphilum,Cysteiniphilum litorale,100,100,100,100,100,75.5,72
ASV_5588,NA,NA,NA,NA,NA,NA,NA,NA,NA,NA,NA,NA,NA,NA
ASV_5589,Bacteria,Pseudomonadota,Gammaproteobacteria,Oceanospirillales,Oceanospirillaceae,Oceanobacter,Oceanobacter kriegii,100,100,100,97.5,75.33333333333331,57.03333333333333,43.46666666666664
ASV_5590,Bacteria,Pseudomonadota,Alphaproteobacteria,Rhodobacterales,Roseobacteraceae,Sinisalibacter,Sinisalibacter lacisalsi,100,100,100,100,92.5,65.00000000000001,65.00000000000001
ASV_5591,Bacteria,Pseudomonadota,Alphaproteobacteria,Sphingomonadales,Erythrobacteraceae,Erythrobacter,Erythrobacter rubeus,100,100,100,100,97.76534560659275,52.855209073916186,52.855209073916186
ASV_5592,Bacteria,Pseudomonadota,Gammaproteobacteria,Thiotrichales,Fastidiosibacteraceae,Cysteiniphilum,Cysteiniphilum litorale,100,100,100,100,100,70.5,68
ASV_5593,Bacteria,Pseudomonadota,Alphaproteobacteria,Sphingomonadales,Erythrobacteraceae,Altererythrobacter,Altererythrobacter ishigakiensis,100,100,100,100,99.66666666666667,68.2,67.7
ASV_5594,NA,NA,NA,NA,NA,NA,NA,NA,NA,NA,NA,NA,NA,NA
ASV_5595,Bacteria,Pseudomonadota,Gammaproteobacteria,Thiotrichales,Piscirickettsiaceae,Methylophaga,Methylophaga marina,100.00000000000001,100.00000000000001,100.00000000000001,75.24761904761908,75.24761904761908,61.7190476190476,59.85238095238095
ASV_5596,Bacteria,Pseudomonadota,Betaproteobacteria,Burkholderiales,Comamonadaceae,Acidovorax,Acidovorax defluvii,100,100,100,100,100,100,97
ASV_5597,Bacteria,Bacteroidota,Flavobacteriia,Flavobacteriales,Flavobacteriaceae,Seonamhaeicola,Seonamhaeicola aphaedonensis,100,100,100,100,100,87.00000000000001,79.16666666666669
ASV_5598,NA,NA,NA,NA,NA,NA,NA,NA,NA,NA,NA,NA,NA,NA
ASV_5599,Bacteria,Pseudomonadota,Gammaproteobacteria,Vibrionales,Vibrionaceae,Vibrio,Vibrio fluvialis,100,100,100,100,100,100,33.44642857142858
ASV_5600,Bacteria,Pseudomonadota,Gammaproteobacteria,Thiotrichales,Fastidiosibacteraceae,Cysteiniphilum,Cysteiniphilum litorale,100,100,100,100,100,98.16666666666667,97.33333333333333
ASV_5601,Bacteria,Pseudomonadota,Alphaproteobacteria,Rhodobacterales,Roseobacteraceae,Sulfitobacter,Sulfitobacter porphyrae,100,100,100,100,99,98.5,82.91666666666669
ASV_5602,Bacteria,Bacteroidota,Flavobacteriia,Flavobacteriales,Flavobacteriaceae,Polaribacter,Polaribacter huanghezhanensis,100,100,100,100,100,53.33333333333333,44
ASV_5603,Bacteria,Bacteroidota,Flavobacteriia,Flavobacteriales,Flavobacteriaceae,Seonamhaeicola,Seonamhaeicola maritimus,100,100,100,100,100,60.500000000000014,35.00000000000001
ASV_5604,NA,NA,NA,NA,NA,NA,NA,NA,NA,NA,NA,NA,NA,NA
ASV_5605,Bacteria,Bacteroidota,Flavobacteriia,Flavobacteriales,Flavobacteriaceae,Algibacter,Bizionia echini,100.00000000000001,100.00000000000001,100.00000000000001,100.00000000000001,100.00000000000001,20.900000000000006,15.950000000000003
ASV_5606,Bacteria,Bacteroidota,Flavobacteriia,Flavobacteriales,Flavobacteriaceae,Polaribacter,Pseudotenacibaculum haliotis,100,100,100,100,100,49.23809523809527,30.916666666666675
ASV_5607,Bacteria,Pseudomonadota,Alphaproteobacteria,Rhodobacterales,Paracoccaceae,Paracoccus,Paracoccus aminophilus,100,100,100,100,100,100,54.26990772385506
ASV_5608,Bacteria,Pseudomonadota,Gammaproteobacteria,Thiotrichales,Fastidiosibacteraceae,Cysteiniphilum,Cysteiniphilum litorale,100,100,100,100,100,72.66666666666666,68.83333333333331
ASV_5609,Bacteria,Pseudomonadota,Gammaproteobacteria,Cellvibrionales,Cellvibrionaceae,Microbulbifer,Pseudomaricurvus alkylphenolicus,100,100,100,84.00000000000001,56.166666666666664,26.83333333333333,23.333333333333336
ASV_5610,Bacteria,Pseudomonadota,Alphaproteobacteria,Rhodobacterales,Roseobacteraceae,Aliiruegeria,Aliiruegeria lutimaris,100,100,100,100,83.72575757575756,50.7409090909091,50.20757575757577
ASV_5611,NA,NA,NA,NA,NA,NA,NA,NA,NA,NA,NA,NA,NA,NA
ASV_5612,Bacteria,Pseudomonadota,Alphaproteobacteria,Rhodobacterales,Paracoccaceae,Chachezhania,Chachezhania sediminis,100.00000000000001,100.00000000000001,100.00000000000001,100.00000000000001,52.68333333333335,35.11666666666666,29.53333333333333
ASV_5613,Bacteria,Pseudomonadota,Alphaproteobacteria,Rhodospirillales,Terasakiellaceae,Terasakiella,Terasakiella brassicae,100,100,100,100,100,100,55.750000000000014
ASV_5614,NA,NA,NA,NA,NA,NA,NA,NA,NA,NA,NA,NA,NA,NA
ASV_5615,Bacteria,Pseudomonadota,Betaproteobacteria,Nitrosomonadales,Sterolibacteriaceae,Rugosibacter,Rugosibacter aromaticivorans,100,100,100,100,100,99,99
ASV_5616,Bacteria,Bacteroidota,Flavobacteriia,Flavobacteriales,Flavobacteriaceae,Seonamhaeicola,Seonamhaeicola aphaedonensis,100,100,100,100,100,100,98
ASV_5617,Bacteria,Bacillota,Bacilli,Lactobacillales,Lactobacillaceae,Lactobacillus,Lactobacillus melliventris,100,100,100,100,100,100,100
ASV_5618,Bacteria,Pseudomonadota,Gammaproteobacteria,Oceanospirillales,Oceanospirillaceae,Eionea,Eionea nigra,100.00000000000003,100.00000000000003,100.00000000000003,50.266666666666644,29.033333333333314,28.199999999999992,28.199999999999992
ASV_5619,Bacteria,Bacteroidota,Flavobacteriia,Flavobacteriales,Flavobacteriaceae,Allomuricauda,Allomuricauda alvinocaridis,100.00000000000001,100.00000000000001,100.00000000000001,100.00000000000001,100.00000000000001,100.00000000000001,68.86666666666666
ASV_5620,NA,NA,NA,NA,NA,NA,NA,NA,NA,NA,NA,NA,NA,NA
ASV_5621,Bacteria,Bacteroidota,Saprospiria,Saprospirales,Lewinellaceae,Lewinella,Lewinella cohaerens,100,100,100,100,100,100,100
ASV_5622,Bacteria,Bacteroidota,Flavobacteriia,Flavobacteriales,Flavobacteriaceae,Seonamhaeicola,Seonamhaeicola aphaedonensis,100,100,100,100,100,92.5,59.25
ASV_5623,Bacteria,Bacteroidota,Flavobacteriia,Flavobacteriales,Weeksellaceae,Chryseobacterium,Amniculibacterium aquaticum,100,100,100,100,57.76666666666665,43.70000000000001,32.11666666666664
ASV_5624,NA,NA,NA,NA,NA,NA,NA,NA,NA,NA,NA,NA,NA,NA
ASV_5625,Bacteria,Pseudomonadota,Alphaproteobacteria,Sphingomonadales,Sphingomonadaceae,Parasphingorhabdus,Parasphingorhabdus flavimaris,100,100,100,100,100,87.03333333333332,67.19999999999999
ASV_5626,NA,NA,NA,NA,NA,NA,NA,NA,NA,NA,NA,NA,NA,NA
ASV_5627,Bacteria,Pseudomonadota,Gammaproteobacteria,Alteromonadales,Colwelliaceae,Thalassotalea,Thalassotalea coralli,100,100,100,98.16666666666664,96.16666666666664,83.41666666666666,29.999999999999986
ASV_5628,Bacteria,Pseudomonadota,Alphaproteobacteria,Hyphomicrobiales,Cohaesibacteraceae,Cohaesibacter,Cohaesibacter gelatinilyticus,100,100,100,100,100,100,91.5
ASV_5629,Bacteria,Pseudomonadota,Gammaproteobacteria,Alteromonadales,Colwelliaceae,Thalassotalea,Thalassotalea coralli,100,100,100,100,84.5,82.16666666666667,31.666666666666664
ASV_5630,NA,NA,NA,NA,NA,NA,NA,NA,NA,NA,NA,NA,NA,NA
ASV_5631,Bacteria,Chlamydiota,Chlamydiia,Parachlamydiales,Waddliaceae,Waddlia,Waddlia malaysiensis,100,100,100,100,100,100,75
ASV_5632,Bacteria,Bacteroidota,Flavobacteriia,Flavobacteriales,Flavobacteriaceae,Dokdonia,Dokdonia lutea,100,100,100,100,100,100,95.5
ASV_5633,Bacteria,Bacteroidota,Flavobacteriia,Flavobacteriales,Weeksellaceae,Bergeyella,Bergeyella cardium,100,100,100,100,55.41666666666664,36.41666666666664,33.41666666666664
ASV_5634,NA,NA,NA,NA,NA,NA,NA,NA,NA,NA,NA,NA,NA,NA
ASV_5635,NA,NA,NA,NA,NA,NA,NA,NA,NA,NA,NA,NA,NA,NA
ASV_5636,Bacteria,Pseudomonadota,Alphaproteobacteria,Rhodobacterales,Roseobacteraceae,Ruegeria,Ruegeria profundi,100.00000000000001,100.00000000000001,100.00000000000001,100.00000000000001,66.6318181818182,41.46515151515153,25.090909090909093
ASV_5637,Bacteria,Bacteroidota,Cytophagia,Cytophagales,Roseivirgaceae,Roseivirga,Roseivirga misakiensis,100,100,100,100,100,100,57
ASV_5638,Bacteria,Bacteroidota,Flavobacteriia,Flavobacteriales,Flavobacteriaceae,Allomuricauda,Allomuricauda nanhaiensis,100,100,100,100,100,93.5,82.25
ASV_5639,Bacteria,Pseudomonadota,Gammaproteobacteria,Alteromonadales,Colwelliaceae,Thalassotalea,Thalassotalea coralli,100,100,100,100,100,92.16666666666666,65
ASV_5640,Bacteria,Bacteroidota,Flavobacteriia,Flavobacteriales,Flavobacteriaceae,Seonamhaeicola,Seonamhaeicola aphaedonensis,100,100,100,100,100,100,98
ASV_5641,Bacteria,Bacteroidota,Flavobacteriia,Flavobacteriales,Flavobacteriaceae,Allomuricauda,Allomuricauda ochracea,100.00000000000001,100.00000000000001,100.00000000000001,100.00000000000001,100.00000000000001,100.00000000000001,59.66666666666666
ASV_5642,Bacteria,Bacteroidota,Flavobacteriia,Flavobacteriales,Flavobacteriaceae,Allomuricauda,Allomuricauda amphidinii,100,100,100,100,100,63.5,45.5
ASV_5643,Bacteria,Pseudomonadota,Alphaproteobacteria,Rhodobacterales,Roseobacteraceae,Roseibacterium,Roseibacterium elongatum,100,100,100,100,94.36666666666666,94.16666666666666,94.16666666666666
ASV_5644,Bacteria,Bacteroidota,Flavobacteriia,Flavobacteriales,Flavobacteriaceae,Seonamhaeicola,Seonamhaeicola aphaedonensis,100,100,100,100,100,80.33333333333333,71.66666666666669
ASV_5645,Bacteria,Pseudomonadota,Alphaproteobacteria,Rhodobacterales,Paracoccaceae,Marimonas,Marimonas lutisalis,100,100,100,100,77.86666666666666,38.45,38.45
ASV_5646,Bacteria,Bacteroidota,Flavobacteriia,Flavobacteriales,Flavobacteriaceae,Tenacibaculum,Tenacibaculum holothuriorum,100.00000000000001,100.00000000000001,100.00000000000001,100.00000000000001,100.00000000000001,81.33333333333331,44.166666666666664
ASV_5647,Bacteria,Myxococcota,Myxococcia,Myxococcales,NA,Enhygromyxa,Enhygromyxa salina,100,100,86.16666666666666,86.16666666666666,86.16666666666666,86.16666666666666,86.16666666666666
ASV_5648,Bacteria,Bacteroidota,Flavobacteriia,Flavobacteriales,Flavobacteriaceae,Dokdonia,Dokdonia lutea,100,100,100,100,100,100,100
ASV_5649,Bacteria,Pseudomonadota,Alphaproteobacteria,Rhodobacterales,Roseobacteraceae,Maritimibacter,Amylibacter lutimaris,100,100,100,100,51.36666666666665,34.9,27.833333333333318
ASV_5650,Bacteria,Pseudomonadota,Alphaproteobacteria,Rhodobacterales,Roseobacteraceae,Phaeobacter,Phaeobacter italicus,100,100,100,100,89.13333333333331,36.2,36.2
ASV_5651,NA,NA,NA,NA,NA,NA,NA,NA,NA,NA,NA,NA,NA,NA
ASV_5652,Bacteria,Pseudomonadota,Alphaproteobacteria,Rhodobacterales,Roseobacteraceae,Thalassovita,Thalassovita mediterranea,100,100,100,100,76.75,65.41666666666669,62.583333333333336
ASV_5653,Bacteria,Pseudomonadota,Alphaproteobacteria,Rhodobacterales,Roseobacteraceae,Thalassovita,Thalassovita mediterranea,100,100,100,100,100,100,100
ASV_5654,NA,NA,NA,NA,NA,NA,NA,NA,NA,NA,NA,NA,NA,NA
ASV_5655,NA,NA,NA,NA,NA,NA,NA,NA,NA,NA,NA,NA,NA,NA
ASV_5656,Bacteria,Bacteroidota,Saprospiria,Saprospirales,Saprospiraceae,Aureispira,Aureispira maritima,100,100,100,100,100,100,100
ASV_5657,NA,NA,NA,NA,NA,NA,NA,NA,NA,NA,NA,NA,NA,NA
ASV_5658,Bacteria,Pseudomonadota,Gammaproteobacteria,Thiotrichales,Francisellaceae,Francisella,Francisella philomiragia,100.00000000000001,100.00000000000001,100.00000000000001,100.00000000000001,100.00000000000001,95.06666666666669,49.07857142857145
ASV_5659,NA,NA,NA,NA,NA,NA,NA,NA,NA,NA,NA,NA,NA,NA
ASV_5660,NA,NA,NA,NA,NA,NA,NA,NA,NA,NA,NA,NA,NA,NA
ASV_5661,NA,NA,NA,NA,NA,NA,NA,NA,NA,NA,NA,NA,NA,NA
ASV_5662,Bacteria,Pseudomonadota,Gammaproteobacteria,Alteromonadales,Colwelliaceae,Thalassotalea,Thalassotalea coralli,100,100,100,100,97,88.41666666666669,26.08333333333332
ASV_5663,Bacteria,Bacteroidota,Flavobacteriia,Flavobacteriales,Flavobacteriaceae,Winogradskyella,Winogradskyella damuponensis,99.99999999999999,99.99999999999999,99.99999999999999,99.99999999999999,99.99999999999999,66.33333333333329,37.327380952380935
ASV_5664,Bacteria,Pseudomonadota,Gammaproteobacteria,Alteromonadales,Colwelliaceae,Thalassotalea,Thalassomonas viridans,100.00000000000001,100.00000000000001,100.00000000000001,99.00000000000001,80.20000000000002,38.166666666666664,21.03333333333333
ASV_5665,Bacteria,Pseudomonadota,Gammaproteobacteria,Alteromonadales,Colwelliaceae,Thalassotalea,Thalassotalea coralli,100,100,100,99.5,97.58333333333333,94.58333333333333,33.41666666666665
ASV_5666,Bacteria,Bacteroidota,Flavobacteriia,Flavobacteriales,Flavobacteriaceae,Seonamhaeicola,Seonamhaeicola aphaedonensis,100,100,100,100,100,98,97.33333333333333
ASV_5667,Bacteria,Pseudomonadota,Gammaproteobacteria,Oceanospirillales,Oceanospirillaceae,Thalassolituus,Spartinivicinus ruber,100,100,100,79.16666666666667,53.16666666666665,35.41666666666664,26
ASV_5668,Bacteria,Pseudomonadota,Gammaproteobacteria,Thiotrichales,Francisellaceae,Francisella,Francisella uliginis,100,100,100,100,100,100,99
ASV_5669,Bacteria,Pseudomonadota,Alphaproteobacteria,Hyphomicrobiales,Stappiaceae,Roseibium,Roseibium polysiphoniae,100,100,100,100,98,98,97
ASV_5670,Bacteria,Bacteroidota,Flavobacteriia,Flavobacteriales,Flavobacteriaceae,Dokdonia,Dokdonia lutea,100,100,100,100,100,100,100
ASV_5671,Bacteria,Bacteroidota,Flavobacteriia,Flavobacteriales,Flavobacteriaceae,Seonamhaeicola,Seonamhaeicola aphaedonensis,100,100,100,100,100,100,99
ASV_5672,Bacteria,Bacteroidota,Flavobacteriia,Flavobacteriales,Flavobacteriaceae,Allomuricauda,Allomuricauda flava,100,100,100,100,100,63.00000000000001,38.25000000000001
ASV_5673,Bacteria,Pseudomonadota,Gammaproteobacteria,Thiotrichales,Francisellaceae,Allofrancisella,Allofrancisella frigidaquae,100,100,100,100,100,55.31428571428569,34.23571428571427
ASV_5674,Bacteria,Bacteroidota,Saprospiria,Saprospirales,Saprospiraceae,Aureispira,Aureispira maritima,100,100,100,100,100,100,100
ASV_5675,Bacteria,Pseudomonadota,Gammaproteobacteria,Cellvibrionales,Cellvibrionaceae,Pseudoteredinibacter,Pseudoteredinibacter isoporae,100,100,100,100,100,100,100
ASV_5676,Bacteria,Bacteroidota,Flavobacteriia,Flavobacteriales,Flavobacteriaceae,Allomuricauda,Allomuricauda onchidii,100,100,100,100,100,38.25,28.249999999999993
ASV_5677,Bacteria,Bacteroidota,Saprospiria,Saprospirales,Saprospiraceae,Aureispira,Aureispira maritima,100,100,100,100,100,100,98
ASV_5678,Bacteria,Pseudomonadota,Gammaproteobacteria,Alteromonadales,Colwelliaceae,Thalassotalea,Thalassotalea marina,100,100,100,100,100,100,40.166666666666664
ASV_5679,Bacteria,Pseudomonadota,Gammaproteobacteria,Alteromonadales,Colwelliaceae,Thalassotalea,Thalassomonas viridans,100,100,100,98.99999999999999,95.36666666666663,63.86666666666663,29.99999999999999
ASV_5680,NA,NA,NA,NA,NA,NA,NA,NA,NA,NA,NA,NA,NA,NA
ASV_5681,Bacteria,Pseudomonadota,Gammaproteobacteria,Alteromonadales,Colwelliaceae,Thalassotalea,Thalassotalea loyana,100.00000000000001,100.00000000000001,100.00000000000001,100.00000000000001,94.75000000000001,83.08333333333333,28.166666666666668
ASV_5682,Bacteria,Pseudomonadota,Gammaproteobacteria,Vibrionales,Vibrionaceae,Vibrio,Vibrio litoralis,100,100,100,100,100,100,23.999999999999986
ASV_5683,Bacteria,Pseudomonadota,Gammaproteobacteria,Oceanospirillales,Oceanospirillaceae,Bacterioplanoides,Bacterioplanoides pacificum,100,100,100,50.16666666666666,43.333333333333336,28.333333333333325,28.333333333333325
ASV_5684,Bacteria,Pseudomonadota,Gammaproteobacteria,Oceanospirillales,Oceanospirillaceae,Neptunomonas,Neptunomonas antarctica,100,100,100,100,99,61.08333333333334,50.75000000000001
ASV_5685,Bacteria,Planctomycetota,Planctomycetia,Planctomycetales,Planctomycetaceae,Thalassoglobus,Thalassoglobus neptunius,100,100,100,100,100,100,86.5
ASV_5686,Bacteria,Bacteroidota,Saprospiria,Saprospirales,Lewinellaceae,Lewinella,Lewinella cohaerens,100,100,100,100,100,100,100
ASV_5687,Bacteria,Pseudomonadota,Gammaproteobacteria,Thiotrichales,Francisellaceae,Allofrancisella,Allofrancisella frigidaquae,100.00000000000001,100.00000000000001,100.00000000000001,100.00000000000001,100.00000000000001,59.81904761904758,29.62619047619047
ASV_5688,Bacteria,Bacteroidota,Flavobacteriia,Flavobacteriales,Flavobacteriaceae,Allomuricauda,Allomuricauda amphidinii,100,100,100,100,100,100,56.333333333333336
ASV_5689,Bacteria,Pseudomonadota,Gammaproteobacteria,Alteromonadales,Colwelliaceae,Thalassotalea,Thalassotalea ponticola,100.00000000000001,100.00000000000001,100.00000000000001,100.00000000000001,100.00000000000001,100.00000000000001,43.50000000000001
ASV_5690,Bacteria,Bacteroidota,Flavobacteriia,Flavobacteriales,Flavobacteriaceae,Corallibacter,Corallibacter vietnamensis,100,100,100,100,100,24.000000000000004,24.000000000000004
ASV_5691,Bacteria,Bacteroidota,Cytophagia,Cytophagales,Fulvivirgaceae,Fulvivirga,Fulvivirga marina,99.99999999999999,99.99999999999999,99.99999999999999,99.99999999999999,70.69999999999999,70.69999999999999,40.2
ASV_5692,Bacteria,Bacteroidota,Flavobacteriia,Flavobacteriales,Flavobacteriaceae,Polaribacter,Polaribacter marinaquae,100,100,100,100,100,53.61666666666666,27.549999999999994
ASV_5693,Bacteria,Pseudomonadota,Gammaproteobacteria,Alteromonadales,Colwelliaceae,Thalassomonas,Thalassomonas viridans,100,100,100,100,64.4166666666667,58.416666666666664,58.416666666666664
ASV_5694,Bacteria,Planctomycetota,Planctomycetia,Pirellulales,Lacipirellulaceae,Adhaeretor,Adhaeretor mobilis,100,100,100,100,51,51,51
ASV_5695,Bacteria,Pseudomonadota,Gammaproteobacteria,Alteromonadales,Alteromonadaceae,Salinimonas,Salinimonas chungwhensis,100,100,100,100,100,53,53
ASV_5696,Bacteria,Pseudomonadota,Alphaproteobacteria,Rhodobacterales,Roseobacteraceae,Thalassovita,Thalassovita mediterranea,100,100,100,100,88.5,88.5,88.5
ASV_5697,Bacteria,Bacteroidota,Flavobacteriia,Flavobacteriales,Flavobacteriaceae,Algibacter,Algibacter marinivivus,100,100,100,100,100,30.350000000000012,18.916666666666675
ASV_5698,Bacteria,Bacteroidota,Flavobacteriia,Flavobacteriales,Flavobacteriaceae,Mesonia,Mesonia hippocampi,99.99999999999999,99.99999999999999,99.99999999999999,99.99999999999999,99.99999999999999,37.08333333333333,37.08333333333333
ASV_5699,Bacteria,Pseudomonadota,Gammaproteobacteria,Oceanospirillales,Alcanivoracaceae,Marinicella,Marinicella sediminis,100,100,100,100,100,100,87
ASV_5700,Bacteria,Bacteroidota,Flavobacteriia,Flavobacteriales,Flavobacteriaceae,Allomuricauda,Allomuricauda ochracea,100,100,100,100,100,100,46
ASV_5701,Bacteria,Bacteroidota,Flavobacteriia,Flavobacteriales,Flavobacteriaceae,Allomuricauda,Allomuricauda ochracea,100,100,100,100,100,100,67.5
ASV_5702,Bacteria,Bacteroidota,Cytophagia,Cytophagales,Fulvivirgaceae,Fulvivirga,Fulvivirga lutea,100.00000000000001,100.00000000000001,100.00000000000001,100.00000000000001,100.00000000000001,100.00000000000001,56.58333333333334
ASV_5703,Bacteria,Bacteroidota,Flavobacteriia,Flavobacteriales,Flavobacteriaceae,Algibacter,Algibacter aquimarinus,100,100,100,100,100,75.01666666666668,53.36666666666666
ASV_5704,Bacteria,Verrucomicrobiota,Opitutae,Puniceicoccales,Coraliomargaritaceae,Coraliomargarita,Coraliomargarita akajimensis,100,100,100,100,100,100,69
ASV_5705,Bacteria,Pseudomonadota,Gammaproteobacteria,Oceanospirillales,Alcanivoracaceae,Marinicella,Marinicella sediminis,100,100,100,100,100,100,83.33333333333333
ASV_5706,Bacteria,Pseudomonadota,Alphaproteobacteria,Sneathiellales,Sneathiellaceae,Sneathiella,Sneathiella litorea,100,100,100,100,100,100,91.5
ASV_5707,NA,NA,NA,NA,NA,NA,NA,NA,NA,NA,NA,NA,NA,NA
ASV_5708,Bacteria,Actinomycetota,Actinomycetes,Mycobacteriales,Mycobacteriaceae,Mycolicibacterium,Mycolicibacterium monacense,100.00000000000001,100.00000000000001,100.00000000000001,100.00000000000001,100.00000000000001,89.935667600373435,42.860690943043856
ASV_5709,Bacteria,Planctomycetota,Planctomycetia,Pirellulales,Lacipirellulaceae,Bythopirellula,Bythopirellula polymerisocia,100,100,100,100,100,78.66666666666666,63.83333333333333
ASV_5710,Bacteria,Bacteroidota,Flavobacteriia,Flavobacteriales,Flavobacteriaceae,Aquimarina,Aquimarina macrocephali,100,100,100,100,100,100,52
ASV_5711,Bacteria,Bacteroidota,Flavobacteriia,Flavobacteriales,Flavobacteriaceae,Dokdonia,Dokdonia lutea,100,100,100,100,100,100,60
ASV_5712,Bacteria,Pseudomonadota,Gammaproteobacteria,Oceanospirillales,Alcanivoracaceae,Marinicella,Marinicella pacifica,100,100,100,100,100,100,51.83333333333333
ASV_5713,Bacteria,Pseudomonadota,Gammaproteobacteria,Alteromonadales,Alteromonadaceae,Alteromonas,Alteromonas confluentis,100,100,100,100,100,85.20000000000002,62.597619047619006
ASV_5714,Bacteria,Pseudomonadota,Gammaproteobacteria,Alteromonadales,Pseudoalteromonadaceae,Pseudoalteromonas,Pseudoalteromonas piratica,100,100,100,100,95.41666666666669,92.41666666666669,42.25
ASV_5715,Bacteria,Pseudomonadota,Gammaproteobacteria,Alteromonadales,Alteromonadaceae,Alteromonas,Alteromonas aestuariivivens,100.00000000000003,100.00000000000003,100.00000000000003,100.00000000000003,100.00000000000003,80.56714285714287,27.21785714285715
ASV_5716,Bacteria,Pseudomonadota,Gammaproteobacteria,Alteromonadales,Alteromonadaceae,Alteromonas,Aestuariibacter halophilus,100,100,100,99,99,58.45,38.800000000000004
