"","ASV_1","ASV_2","ASV_3","ASV_4","ASV_5","ASV_6","ASV_7","ASV_8","ASV_9","ASV_10","ASV_11","ASV_12","ASV_13","ASV_14","ASV_15","ASV_16","ASV_17","ASV_18","ASV_19","ASV_20","ASV_21","ASV_22","ASV_23","ASV_24","ASV_25","ASV_26","ASV_27","ASV_29","ASV_30","ASV_31","ASV_32","ASV_33","ASV_34","ASV_35","ASV_36","ASV_37","ASV_38","ASV_39","ASV_40","ASV_41","ASV_42","ASV_44","ASV_45","ASV_46","ASV_48","ASV_49","ASV_50","ASV_51","ASV_53","ASV_54","ASV_55","ASV_56","ASV_60","ASV_61","ASV_63","ASV_64","ASV_65","ASV_66","ASV_67","ASV_68","ASV_69","ASV_70","ASV_71","ASV_72","ASV_73","ASV_74","ASV_75","ASV_76","ASV_77","ASV_78","ASV_79","ASV_80","ASV_81","ASV_83","ASV_84","ASV_85","ASV_88","ASV_89","ASV_90","ASV_91","ASV_92","ASV_93","ASV_94","ASV_95","ASV_96","ASV_97","ASV_99","ASV_100","ASV_102","ASV_104","ASV_105","ASV_108","ASV_111","ASV_112","ASV_116","ASV_117","ASV_118","ASV_119","ASV_121","ASV_122","ASV_124","ASV_127","ASV_129","ASV_134","ASV_135","ASV_137","ASV_138","ASV_144","ASV_145","ASV_146","ASV_148","ASV_150","ASV_151","ASV_152","ASV_153","ASV_154","ASV_155","ASV_156","ASV_158","ASV_163","ASV_166","ASV_168","ASV_172","ASV_175","ASV_177","ASV_178","ASV_179","ASV_182","ASV_183","ASV_184","ASV_185","ASV_186","ASV_187","ASV_189","ASV_190","ASV_192","ASV_193","ASV_196","ASV_198","ASV_201","ASV_203","ASV_207","ASV_210","ASV_213","ASV_214","ASV_215","ASV_216","ASV_217","ASV_222","ASV_232","ASV_233","ASV_234","ASV_238","ASV_242","ASV_243","ASV_244","ASV_245","ASV_247","ASV_250","ASV_252","ASV_254","ASV_255","ASV_256","ASV_257","ASV_261","ASV_262","ASV_264","ASV_265","ASV_269","ASV_281","ASV_282","ASV_283","ASV_285","ASV_287","ASV_288","ASV_290","ASV_297","ASV_300","ASV_301","ASV_303","ASV_307","ASV_313","ASV_319","ASV_322","ASV_324","ASV_329","ASV_331","ASV_333","ASV_335","ASV_345","ASV_347","ASV_353","ASV_360","ASV_367","ASV_368","ASV_372","ASV_375","ASV_385","ASV_390","ASV_397","ASV_406","ASV_411","ASV_418","ASV_435","ASV_436","ASV_437","ASV_438","ASV_441","ASV_442","ASV_446","ASV_450","ASV_466","ASV_468","ASV_469","ASV_471","ASV_472","ASV_493","ASV_495","ASV_497","ASV_510","ASV_516","ASV_520","ASV_532","ASV_546","ASV_547","ASV_573","ASV_579","ASV_619","ASV_632","ASV_635","ASV_638","ASV_642","ASV_655","ASV_669","ASV_673","ASV_682","ASV_694","ASV_763","ASV_768","ASV_769","ASV_791","ASV_809","ASV_827","ASV_875","ASV_882","ASV_886","ASV_927","ASV_933","ASV_939","ASV_956","ASV_1040","ASV_1063","ASV_1097","ASV_1158"
"T0_REP1_R_K1",4,538,0,0,0,0,4,1644,0,0,0,20,0,0,245,0,0,0,0,0,0,1,276,3,5,0,1,172,0,18,0,0,0,24,466,0,0,0,0,44,0,0,0,0,3,0,0,0,0,68,8,0,73,0,2,0,0,0,25,0,0,151,29,110,4,5,0,0,0,0,0,6,0,0,0,0,0,5,0,0,0,0,9,0,0,0,0,0,19,0,4,0,0,0,0,0,197,56,0,0,3,0,0,0,0,0,33,0,20,0,0,0,0,0,0,0,0,5,0,0,0,0,0,7,53,28,4,0,14,0,0,3,17,52,0,0,30,95,0,0,4,0,0,0,15,2,0,74,0,11,4,10,0,0,0,0,0,0,0,15,1,0,0,0,0,0,3,0,0,18,4,0,0,14,0,0,26,0,0,1,0,0,0,0,0,0,0,1,0,0,0,2,0,4,0,0,0,0,1,0,0,3,0,0,0,0,0,0,0,0,0,0,0,0,6,0,0,0,0,0,0,0,5,0,0,0,13,0,0,4,0,0,0,0,0,0,0,0,0,0,0,0,0,0,0,0,0,0,0,0,0,0,0,0
"T0_REP1_R_M5",670,1242,0,0,0,0,0,1273,0,0,0,1,0,2,1705,0,0,0,6,20,0,0,246,44,2,0,0,2787,3,16,0,1,43,27,1449,13,4,0,0,555,0,0,0,9,24,0,0,0,2,461,0,1,4,0,1,0,0,0,25,1,0,15,347,164,2,5,0,0,0,0,0,73,0,0,0,19,0,3,21,0,5,6,2,0,0,0,0,0,28,0,0,2,0,0,66,0,50,217,2,2,13,0,0,0,0,20,31,0,30,0,0,5,0,0,0,0,0,0,5,0,0,0,14,7,43,0,0,0,0,0,0,158,0,84,0,8,4,4,0,0,1,0,0,0,0,2,0,52,0,70,1,0,0,4,0,5,0,0,0,25,4,0,0,0,0,0,5,0,0,16,3,0,1,1,0,0,33,0,15,13,0,5,0,0,0,1,0,0,0,1,0,16,0,0,0,0,0,0,4,0,22,5,0,3,0,0,0,0,0,0,0,0,10,0,14,0,0,3,3,6,17,0,7,0,0,0,1,2,0,0,0,0,0,0,0,1,0,0,0,0,0,0,0,0,1,0,0,0,0,0,0,1,0,0
"T0_REP1_R_U37",856,1,0,0,0,0,4,708,0,1,0,38,0,0,80,0,0,0,1,5,0,0,130,2,0,0,0,125,0,14,0,0,4,24,267,3,0,0,0,22,0,0,0,0,13,0,0,0,0,30,0,1,170,0,0,0,0,0,212,0,0,62,41,28,0,1,0,0,0,0,0,5,0,0,0,0,0,0,3,0,0,1,2,0,0,0,0,0,36,0,0,0,0,0,13,0,54,99,0,1,0,0,0,0,0,13,20,0,1,0,0,0,0,0,0,0,0,6,0,0,0,0,1,2,20,59,0,0,83,0,0,16,6,54,0,0,41,30,0,0,24,0,0,0,68,0,0,20,0,2,0,78,0,0,0,0,0,0,0,1,0,0,0,1,0,0,2,0,0,2,0,0,0,21,0,2,81,0,0,0,0,1,0,0,0,0,0,0,0,0,2,9,0,0,0,0,0,0,0,0,0,0,0,0,0,1,0,0,0,0,0,0,0,0,3,0,0,0,0,0,3,0,0,0,0,0,0,0,0,2,0,0,0,0,0,0,0,0,0,0,0,0,0,0,0,0,0,0,0,0,0,2,0,0
"T0_REP1_R_U41",17478,0,0,0,1,0,0,623,0,0,0,8,6,12,1850,0,0,0,1,0,0,0,97,0,0,0,0,1816,0,20,0,0,0,20,234,13,4,0,0,39,0,0,0,0,15,0,0,0,6,32,0,0,0,0,0,0,0,0,50,0,0,58,61,188,0,0,0,0,0,0,0,50,0,0,0,3,0,0,0,0,17,9,0,0,0,0,0,0,0,0,0,13,0,0,42,0,37,6,0,23,0,0,0,0,0,6,4,0,0,0,0,0,0,0,0,0,0,17,0,0,0,12,0,2,51,18,0,0,18,0,0,38,0,148,0,0,9,7,0,0,14,0,0,0,0,0,0,11,0,0,0,13,0,15,0,0,0,0,0,8,0,1,0,0,0,0,0,0,0,3,0,0,0,8,0,0,2,0,0,0,0,0,0,0,0,2,0,0,0,3,0,5,0,0,0,0,0,0,0,0,0,0,0,0,0,0,0,0,6,0,0,0,0,0,4,0,0,0,0,0,8,0,0,0,0,0,0,0,0,0,0,0,0,0,0,0,0,0,0,0,0,0,0,0,1,0,0,0,0,0,0,8,0,0
"T0_REP1_R_U67",1667,742,1,0,0,0,0,2766,0,3,0,11,1,0,64,0,0,0,6,0,0,1,475,12,7,0,1,247,12,25,0,1,0,91,903,4,1,0,0,122,2,1,8,2,25,0,0,0,0,68,0,3,81,0,0,0,0,0,88,1,0,308,111,12,14,2,2,0,0,0,0,6,0,0,0,0,0,6,3,0,3,0,1,0,0,0,0,0,7,0,0,0,0,1,29,0,196,92,4,1,2,0,0,0,0,11,82,0,0,0,0,0,0,0,0,3,0,40,2,0,0,3,2,1,154,64,0,0,72,0,0,38,3,54,0,0,14,86,0,0,7,0,0,0,108,0,0,10,5,27,2,156,0,2,0,0,0,0,0,61,7,0,0,0,1,0,9,0,0,5,0,0,0,89,0,0,8,0,7,2,0,0,0,0,29,0,0,0,2,0,4,6,0,0,1,0,0,0,2,0,4,1,0,0,0,0,0,2,0,0,0,0,4,0,6,0,0,1,1,0,0,0,0,0,0,0,1,0,0,2,0,1,0,0,0,1,0,0,0,0,0,0,1,0,1,0,0,0,0,1,0,4,1,0
"T0_REP1_R_U71",3485,0,1,0,0,0,2,1926,0,0,0,3,0,0,1789,0,0,0,12,6,0,0,565,14,7,0,0,1791,1,9,0,0,1,3,972,7,1,0,0,136,0,0,0,6,10,0,0,0,2,144,0,0,16,0,2,0,0,0,98,0,0,34,247,168,0,0,0,0,0,0,0,49,0,0,0,2,0,0,11,0,13,0,0,0,0,0,0,0,3,0,0,9,0,0,26,0,34,27,0,16,0,0,0,0,0,15,71,0,0,0,0,0,0,0,0,22,3,2,0,0,0,5,0,0,169,0,0,0,3,0,0,105,1,93,0,9,78,0,0,0,5,0,0,0,9,1,0,15,0,9,18,10,0,14,0,3,1,0,0,22,0,1,0,0,0,0,0,0,0,11,10,0,0,15,0,13,5,0,6,0,0,4,0,0,0,0,0,0,0,1,0,60,0,0,0,0,0,0,0,0,9,0,0,0,0,0,0,0,0,0,1,0,0,0,9,0,0,0,0,0,2,0,5,0,0,0,0,0,0,0,0,0,0,0,0,0,0,0,0,0,0,0,0,0,2,0,0,0,0,0,0,3,1,0
"T0_REP1_R_U72",1405,556,0,0,0,0,29,1082,0,0,0,12,0,0,721,0,0,0,0,1,0,0,149,1,0,0,0,10,0,26,0,0,0,24,216,0,0,0,0,70,0,0,0,1,1,0,0,0,12,48,0,0,112,0,24,0,0,0,139,0,1,43,227,16,4,2,0,0,0,0,0,24,0,0,0,1,0,0,0,0,1,0,0,0,0,0,0,0,7,0,0,0,0,0,4,0,19,60,0,2,1,0,0,0,0,4,33,0,0,7,0,0,0,0,0,104,0,21,0,0,0,0,3,0,32,4,0,0,14,0,0,5,14,31,0,0,51,27,0,0,3,0,0,0,22,0,0,10,3,6,0,37,2,3,0,0,0,0,0,16,1,0,0,0,0,0,0,1,0,0,3,0,0,30,0,0,19,2,0,0,0,14,1,0,0,0,0,0,0,0,1,26,0,0,2,0,0,0,0,0,2,0,0,0,10,0,0,0,2,0,0,0,0,0,0,0,0,0,0,0,0,0,0,0,1,0,0,0,0,4,0,1,1,0,0,0,0,0,6,0,0,0,1,0,0,0,0,0,0,0,0,1,0,0
"T0_REP1_S_M1",12,0,131,0,0,0,0,19,0,0,0,0,0,0,30,0,0,0,0,0,0,0,235,0,1565,0,0,6,0,0,0,0,0,0,21,0,0,0,0,1,1,0,0,0,0,0,0,0,0,1,0,0,1410,0,0,0,1,0,82,0,0,24,0,1,0,0,0,0,0,0,0,4,0,0,0,0,47,0,0,0,0,0,0,0,0,0,0,0,0,0,0,0,0,0,3,0,0,0,0,0,0,0,0,25,0,0,2,0,0,0,0,0,0,0,0,0,0,223,0,1,52,0,0,0,3,11,0,0,135,0,0,0,0,9,0,0,139,5,0,0,1,0,0,0,45,0,8,2,0,1,0,38,0,0,4,0,0,0,0,1,0,0,0,0,0,0,0,0,0,0,0,0,0,32,0,0,0,0,0,0,0,0,1,0,0,0,0,0,0,0,0,0,0,0,0,1,0,0,0,0,0,0,0,0,0,0,0,0,0,0,0,0,0,0,0,0,0,0,0,0,0,0,0,0,0,0,0,0,0,0,0,0,0,0,0,0,0,0,0,0,0,0,0,0,0,0,0,0,0,0,0,0,0,0
"T0_REP1_S_M10",238,177,0,0,0,0,2,271,0,0,0,4,0,0,61,0,0,0,0,0,0,0,79,0,0,0,0,18,0,5,0,0,0,17,357,2,0,0,0,27,0,0,0,0,13,0,0,0,0,3,0,0,75,0,0,0,0,0,162,0,0,154,8,1,4,5,0,0,0,0,0,5,0,0,0,0,0,2,0,0,0,0,0,0,0,0,0,0,0,0,0,0,0,0,0,0,5,52,0,0,0,0,0,0,0,1,26,0,0,0,0,1,0,0,0,0,0,19,0,0,0,2,1,0,11,48,0,0,68,0,0,11,0,36,0,0,47,72,0,0,7,0,0,0,254,0,0,11,0,4,0,76,0,0,0,0,0,0,0,4,3,0,0,0,0,0,1,0,0,2,0,0,0,12,0,0,5,0,0,0,0,0,0,0,0,0,0,0,0,0,1,0,2,0,2,0,0,0,1,0,2,0,0,0,0,0,0,0,0,0,0,0,0,0,2,1,0,0,0,0,0,0,0,0,0,0,0,0,0,0,0,0,0,2,0,0,0,0,0,0,0,0,0,0,0,0,0,0,0,0,0,0,0,0
"T0_REP1_S_U20",1,0,0,0,0,0,1,4398,0,0,0,8,0,0,1169,0,0,0,2,1,1,1,2367,7,3,0,0,4573,16,52,0,0,6,96,1043,27,22,3,0,600,0,0,129,3,45,0,0,0,0,265,0,2,0,0,10,0,0,0,7,0,0,24,114,296,0,17,1,0,0,0,0,22,0,0,0,10,0,0,38,10,0,0,0,0,0,0,0,0,0,0,0,0,0,0,96,0,623,48,0,0,1,0,0,0,0,25,49,0,0,0,0,2,0,0,2,0,0,0,8,0,0,0,15,0,322,0,0,0,0,0,0,36,0,157,0,0,34,6,0,0,0,0,0,0,0,24,0,69,0,25,0,0,0,10,0,0,0,0,0,76,0,1,0,0,0,0,0,0,0,15,0,17,0,0,1,0,45,0,0,23,0,0,0,17,0,0,0,0,0,0,6,10,0,0,0,0,8,0,0,0,5,0,0,0,0,0,0,0,0,0,0,0,0,0,30,0,16,0,17,0,8,0,9,0,0,0,0,0,0,0,0,0,0,0,0,0,0,0,0,0,0,0,0,0,0,0,0,0,0,0,0,0,2,0
"T0_REP1_S_U31",580,200,3,0,0,0,1,385,0,0,0,10,0,1,51,0,0,0,0,0,0,0,105,2,2,0,0,32,0,17,0,0,0,15,530,0,0,0,0,28,0,0,0,0,1,0,0,0,2,25,0,0,165,0,1,0,0,0,301,0,0,355,29,4,1,1,0,0,0,0,0,0,0,0,0,1,0,0,1,3,4,0,0,0,0,0,0,0,1,0,0,0,0,0,4,0,15,43,0,1,1,0,0,0,0,4,20,0,3,0,0,0,0,0,0,0,0,40,0,0,0,0,0,1,11,73,0,0,99,0,0,4,1,41,0,0,101,85,0,0,5,0,0,0,145,0,0,12,0,3,1,28,0,9,0,0,0,0,0,6,0,0,0,0,0,0,0,0,0,2,0,0,0,18,0,0,18,0,0,3,0,0,0,0,0,0,0,0,0,2,0,3,0,0,0,0,0,0,0,0,1,0,0,0,0,1,0,0,0,0,0,0,0,1,1,0,0,0,0,0,0,0,0,0,0,0,3,0,0,2,0,0,0,0,0,0,0,0,0,0,0,0,0,0,0,0,0,0,0,0,0,0,1,0
"T0_REP1_S_U46",906,0,0,0,0,0,0,1146,0,0,0,0,0,1,8479,0,0,0,8,3,0,0,117,6,83,0,0,286,3,47,0,0,1,35,400,4,1,0,0,125,0,0,15,0,11,0,0,0,1,78,0,2,20,0,0,0,0,0,42,0,0,145,45,74,1,4,4,0,1,0,0,186,0,0,0,0,0,2,2,6,1,0,0,0,0,0,0,0,7,0,0,2,0,0,16,0,45,20,0,2,0,0,0,0,0,4,15,0,0,0,0,0,0,0,0,2,5,3,0,0,0,0,4,0,55,42,0,0,15,0,0,43,2,29,0,0,10,20,0,0,1,0,0,0,21,1,0,20,4,8,0,4,0,0,0,0,0,0,0,16,0,0,0,0,0,0,3,0,0,2,0,1,0,6,0,0,1,0,0,0,0,0,0,0,0,0,0,0,0,0,0,0,0,0,1,0,0,0,0,0,1,0,0,0,0,0,0,0,0,0,0,0,0,0,9,0,0,0,0,0,1,0,3,0,0,2,0,0,0,0,0,0,0,0,0,0,0,0,0,0,0,0,0,0,2,0,0,0,0,0,0,1,0,0
"T0_REP1_S_U47",2034,2,0,0,0,0,0,2410,0,0,0,6,0,0,204,4,0,0,8,8,0,0,1002,17,9,0,0,226,9,30,0,0,0,30,1301,6,0,0,0,45,0,0,0,3,4,0,0,0,0,55,0,1,1,0,0,0,0,0,96,0,0,61,96,32,4,0,0,0,0,0,0,6,0,0,0,0,0,7,6,0,1,1,0,0,0,0,0,0,5,1,0,16,0,0,49,0,183,66,0,6,1,0,0,0,0,28,62,0,0,0,0,0,1,0,0,3,6,0,0,0,0,0,0,0,157,9,0,0,23,0,0,460,0,58,0,1,16,16,0,0,4,0,0,0,0,10,0,20,0,5,2,33,2,23,0,0,0,0,0,102,1,0,0,0,0,0,0,0,0,10,1,0,0,9,0,1,3,0,0,2,0,8,0,0,2,0,0,0,0,0,1,14,0,5,4,0,0,0,0,0,4,0,3,0,1,3,0,0,0,0,0,0,0,0,12,0,0,0,1,0,6,0,1,0,0,3,0,1,0,0,0,0,0,0,0,0,0,0,0,0,0,0,0,0,1,0,0,0,0,1,2,1,1,0
"T0_REP1_S_U58",4343,925,0,0,0,0,0,646,0,0,0,2,2,0,3558,0,0,1,2,4,0,0,73,3,0,0,0,629,3,0,0,0,2,0,427,6,0,0,0,156,0,0,0,0,9,0,0,1,5,59,0,1,2,0,0,0,0,0,15,0,1,4,45,419,4,0,0,0,0,0,0,134,1,0,0,0,0,3,4,0,13,0,1,3,0,0,0,0,0,0,0,3,0,0,6,0,6,3,0,4,3,0,0,0,0,4,14,0,0,0,0,0,0,0,0,7,1,2,0,0,0,6,0,3,40,1,0,0,2,0,0,18,4,42,0,0,14,1,0,0,0,0,0,0,0,4,0,5,0,17,2,0,0,6,0,2,0,0,0,8,0,0,0,0,0,1,0,0,0,2,0,0,0,2,0,0,5,0,0,0,0,7,0,0,0,8,0,0,0,1,0,11,0,1,0,0,0,0,2,0,2,1,1,0,0,1,0,0,0,0,0,0,0,3,0,3,1,0,1,0,0,1,13,0,0,0,0,0,0,0,0,0,2,0,1,0,0,0,0,0,0,0,0,0,0,0,0,0,0,0,0,0,1,0
"T0_REP1_S_U59",335,45,1,0,0,0,0,191,0,0,0,2,0,0,1096,0,0,0,1,0,0,0,264,0,0,0,0,163,0,4,0,0,0,0,141,4,0,0,0,35,0,0,0,0,4,0,0,0,2,14,0,0,64,0,0,1,0,0,140,0,0,18,23,116,0,0,0,0,0,0,0,56,0,0,0,0,0,0,1,0,9,0,0,0,0,0,0,0,0,0,0,0,0,0,7,0,0,15,0,0,0,0,0,0,0,0,5,0,0,0,0,0,0,0,0,1,0,11,0,0,0,0,0,0,19,9,0,0,8,0,0,8,1,20,0,0,96,5,0,0,3,0,0,0,10,4,0,4,0,1,0,27,0,3,0,0,0,0,0,4,0,0,0,0,0,0,0,0,0,1,0,0,0,6,0,0,2,0,0,2,0,4,0,0,0,0,0,0,0,0,0,6,0,0,0,0,0,0,0,0,2,0,0,0,0,0,0,0,0,0,0,0,0,0,2,0,0,0,0,0,0,0,7,0,0,0,0,0,0,0,0,0,0,0,0,0,0,0,0,0,0,0,0,0,1,0,0,0,0,0,0,0,0,0
"T0_REP1_S_U65",513,0,1,0,0,0,0,269,0,0,0,1,0,0,1237,1,0,0,0,1,0,0,27,1,0,0,0,157,0,1,0,0,0,1,101,0,0,0,0,26,0,0,0,0,3,0,0,0,0,29,0,0,2,0,0,0,0,0,2,0,0,3,20,67,0,1,0,0,0,0,0,37,0,0,0,0,0,1,1,0,0,0,0,0,0,0,0,0,0,0,0,0,0,0,1,0,4,5,0,1,0,0,0,0,0,2,3,0,0,0,0,0,0,0,0,1,0,0,0,0,0,0,2,0,18,2,0,0,0,0,0,12,0,16,0,0,9,1,0,0,2,0,0,0,1,0,0,5,0,5,0,1,0,24,0,0,0,0,0,5,0,0,2,0,0,0,0,0,0,0,1,0,0,0,0,0,0,0,0,0,0,0,0,0,0,0,0,0,0,0,0,5,0,0,0,0,0,0,0,0,1,0,0,0,0,0,0,0,0,0,0,0,0,0,0,0,0,0,0,0,0,0,3,0,0,0,0,0,0,1,0,0,0,0,0,0,0,0,0,0,0,0,0,0,0,0,0,0,0,0,1,0,0,0
"T3_D_D1_B8",4802,0,692,8127,722,0,51,322,3,237,1,327,100,437,1,18,300,137,289,2,0,79,11,13,3816,2,230,1,584,37,0,72,5,59,1,101,13,64,62,0,11,0,101,34,0,26,61,0,0,0,29,8,7,22,56,0,94,1,10,8,4,44,0,56,87,30,0,17,0,17,14,0,0,2,0,8,46,11,3,0,2,64,45,0,19,20,0,0,42,28,0,4,61,35,44,102,7,9,0,10,27,0,5,74,0,12,13,0,5,0,0,0,5,0,4,0,26,1,0,8,0,8,0,16,1,0,11,1,4,0,34,0,1,0,0,0,0,10,1,11,5,0,0,0,0,0,1,2,0,1,0,0,0,0,3,20,0,1,6,0,9,10,0,0,0,17,0,3,0,0,0,15,1,0,0,0,0,1,0,9,0,0,0,3,0,0,4,5,0,6,0,7,0,0,0,1,0,0,0,0,0,0,0,0,6,0,0,14,3,0,0,0,0,0,0,1,0,1,0,0,0,0,2,0,0,0,0,1,0,6,0,0,0,1,0,0,0,1,0,0,0,0,0,1,3,0,0,0,1,1,2,0,1,0
"T3_D_D1_K2",211,2917,70,12807,282,0,51,347,0,215,0,102,1,28,0,60,1185,36,0,0,0,185,0,38,0,0,17,0,1091,20,1,84,33,35,0,120,65,0,65,0,3,1,0,0,0,1,116,72,0,0,13,43,0,0,76,0,0,0,3,25,0,66,18,0,6,9,0,2,0,18,0,0,0,2,0,0,0,86,78,0,0,36,64,0,161,130,0,0,79,20,0,2,108,32,0,295,0,14,46,0,0,0,0,0,0,68,0,0,0,0,0,0,60,0,0,0,0,1,0,0,0,0,0,9,1,0,26,0,0,0,145,0,0,0,0,98,0,0,0,0,0,0,0,0,0,0,0,0,0,0,0,0,0,0,0,19,0,2,0,0,5,6,0,0,0,3,0,0,0,1,0,0,0,10,0,3,0,1,0,0,0,0,0,0,0,0,0,6,0,0,0,0,0,0,0,0,0,0,5,0,0,0,0,0,0,0,19,4,30,0,0,0,0,0,0,0,0,0,0,0,0,0,0,0,0,0,0,0,1,0,0,0,0,0,0,0,0,0,0,0,1,0,0,0,0,0,0,0,0,0,3,0,0,0
"T3_D_D1_M2",1282,364,18,4038,83,3,28,188,0,52,0,78,21,41,0,11,337,12,21,2,0,50,53,2,0,4,0,3,313,4,0,34,19,14,0,40,7,5,68,0,0,0,0,14,0,14,8,11,0,3,0,13,1,2,26,0,0,0,0,11,0,0,0,1,5,10,0,2,8,0,0,0,0,2,0,9,0,11,1,0,1,16,35,0,38,6,0,0,0,12,0,19,45,11,0,29,0,3,0,3,0,0,0,0,0,5,0,0,0,0,0,0,16,0,5,0,3,4,0,0,0,3,0,5,0,0,7,0,1,0,20,0,0,0,0,0,1,0,0,7,6,0,0,0,0,0,0,0,0,0,0,3,0,0,0,0,0,1,0,0,1,6,5,0,0,11,4,0,0,0,0,4,0,1,0,0,0,0,0,0,0,6,0,0,0,3,0,0,0,6,0,0,0,0,0,0,0,0,0,0,0,0,0,0,0,0,0,3,0,1,0,0,0,0,0,4,0,0,0,0,0,0,0,0,0,0,0,0,1,0,0,0,0,0,0,0,0,0,0,0,0,0,0,0,0,0,5,0,0,1,0,0,0,0
"T3_D_D1_M3",18631,3795,114,7312,85,0,84,148,0,20,0,21,437,44,0,29,313,0,3,0,0,113,0,44,0,0,0,0,380,43,0,36,23,48,0,0,39,4,12,18,1,0,0,10,0,0,33,100,0,0,0,0,0,26,36,0,0,0,0,0,0,52,41,0,35,45,0,1,0,0,1,0,0,3,0,12,0,62,0,15,0,3,122,0,23,0,0,0,27,48,0,5,94,55,0,155,1,0,0,34,29,0,0,0,1,0,0,0,0,0,0,0,39,0,6,0,0,0,0,0,0,7,0,2,0,0,16,0,0,1,39,0,0,0,0,0,0,0,0,0,0,0,1,0,0,0,0,0,0,0,9,0,0,0,0,0,0,4,0,0,1,1,0,0,2,22,0,0,0,0,0,0,0,0,1,0,0,0,0,0,0,0,0,0,0,0,0,3,0,11,0,0,0,0,0,0,0,0,8,0,0,0,0,0,0,0,0,6,5,0,0,0,0,0,0,2,0,0,0,0,0,0,0,0,0,27,0,0,0,0,0,0,0,0,12,0,0,0,0,0,0,0,0,0,0,0,0,0,0,1,0,1,0,0
"T3_D_D1_M5",1546,194,14,1228,9,0,8,45,0,16,0,2,25,3,0,2,94,3,6,0,0,23,6,5,0,0,0,0,87,6,0,17,3,4,0,7,9,1,16,0,0,0,0,1,0,6,7,9,0,0,0,10,0,2,4,0,0,0,0,6,1,0,0,0,4,2,0,1,0,0,0,0,0,0,0,2,0,5,0,0,0,0,14,0,12,8,0,0,0,3,0,2,14,2,0,27,0,0,0,1,0,0,0,0,0,2,0,0,0,0,0,0,0,0,0,0,0,0,0,0,0,2,0,1,0,0,3,0,0,0,6,0,0,0,0,0,0,0,0,0,0,0,0,0,0,0,0,0,0,0,0,0,0,0,0,0,0,0,0,0,0,0,0,0,0,0,1,0,0,0,0,0,0,0,0,0,0,0,0,1,0,0,0,0,0,2,0,2,0,0,0,0,0,0,0,0,0,0,1,0,0,0,0,0,0,0,0,1,0,0,0,0,0,0,0,0,0,0,0,0,0,0,0,0,0,0,0,0,0,0,0,0,0,0,0,0,0,0,0,0,0,0,0,0,0,0,0,0,0,0,0,0,0,0
"T3_D_D1_U17",6116,979,228,18128,177,14,141,1094,0,88,0,44,152,98,0,60,1432,73,101,1,0,295,0,50,32,0,25,0,1393,30,2,165,33,147,0,80,35,31,173,0,8,0,0,9,0,18,150,24,0,0,0,38,0,22,130,0,0,4,8,7,15,4,0,0,10,16,0,4,0,0,1,0,0,3,0,18,0,175,0,0,0,110,264,0,231,42,0,0,27,173,0,136,305,41,24,207,23,0,0,11,9,0,1,0,0,24,0,0,30,0,0,0,26,0,0,0,0,0,0,3,0,10,0,22,8,0,86,2,0,3,84,0,0,0,0,0,0,0,0,0,0,0,0,0,0,0,0,0,0,0,5,0,0,0,0,0,0,15,8,0,19,33,0,0,5,62,0,1,0,4,0,0,0,0,0,0,0,1,0,0,0,25,0,27,0,0,0,12,0,23,0,7,0,19,0,0,0,0,4,0,0,0,0,0,0,0,0,17,26,12,0,0,0,0,0,8,0,0,0,0,0,0,0,0,0,0,0,0,4,0,0,0,0,0,0,0,2,0,1,0,0,0,0,0,1,1,0,0,0,1,7,1,0,6
"T3_D_D1_U19",30546,4971,68,13506,1317,5,96,372,0,144,0,48,699,729,0,37,804,239,236,0,0,291,30,31,0,1,94,19,275,88,1,90,58,175,35,137,48,52,28,0,2,20,20,0,0,0,125,108,0,0,30,12,0,17,117,23,0,0,0,61,14,31,9,0,57,111,0,0,59,0,0,0,0,9,1,17,1,65,5,0,21,40,117,13,19,58,0,0,45,28,0,31,43,28,0,149,2,6,49,50,21,0,0,0,2,27,15,0,0,0,0,0,9,0,0,0,1,0,13,0,0,59,0,29,1,4,29,0,8,0,80,0,0,25,0,38,0,0,0,0,0,0,0,13,0,0,0,0,11,0,0,1,0,0,0,4,0,9,11,0,24,7,15,0,2,37,3,1,0,1,0,20,0,0,0,0,0,0,0,17,10,0,0,0,0,7,0,8,0,26,0,16,0,12,21,0,0,0,14,0,0,8,0,0,0,0,0,2,23,0,0,11,0,0,0,2,26,0,0,0,0,1,0,0,0,0,0,0,2,5,0,0,0,1,0,1,1,0,4,0,0,1,9,2,3,0,0,0,0,6,2,1,0,3
"T3_D_D1_U33",24095,2,97,3231,660,0,45,89,12,73,0,142,597,4508,0,5,281,206,634,0,0,126,0,34,0,0,157,0,322,433,0,37,0,416,20,258,67,265,15,0,0,0,0,4,0,21,326,0,0,0,16,1,0,16,127,0,0,0,28,0,0,17,0,11,202,246,0,2,27,28,1,0,0,13,0,9,0,121,16,0,0,12,41,0,0,33,0,0,78,16,0,0,28,54,42,53,1,0,0,44,60,0,1,0,0,67,0,0,0,0,0,0,0,0,16,0,151,0,0,0,0,29,0,61,1,0,24,0,0,2,66,0,0,9,0,0,0,0,0,58,0,0,0,0,0,17,0,0,0,0,1,0,0,0,0,21,0,15,17,0,70,2,2,0,1,0,17,1,0,1,0,41,0,0,6,12,20,0,0,72,3,0,0,0,0,0,0,19,0,12,12,20,0,0,0,0,0,0,0,0,0,0,0,0,0,0,0,6,0,0,0,0,0,0,25,0,0,0,0,0,0,0,0,0,0,0,0,0,0,4,0,0,0,2,0,0,1,0,3,0,0,2,9,0,5,0,0,0,0,8,1,0,0,3
"T3_D_D1_U39",11743,2339,385,14275,257,13,69,723,1,293,1,73,236,15,0,43,1277,58,3,0,0,138,0,32,0,0,0,0,1538,0,1,196,49,58,0,80,56,24,299,0,11,0,0,35,0,17,0,59,18,0,0,66,0,21,0,0,0,0,0,0,0,32,0,0,0,0,0,9,0,0,1,28,0,1,0,0,0,49,0,0,0,29,85,17,69,94,0,0,77,62,0,73,254,0,0,142,22,0,0,19,21,0,0,0,0,0,0,0,0,0,0,0,0,0,0,0,0,0,0,4,0,27,0,8,0,0,0,0,0,0,71,0,0,0,0,0,0,0,0,0,0,1,0,0,0,0,0,0,0,0,0,0,0,0,0,0,0,3,0,0,5,15,0,0,0,17,0,0,0,1,0,0,0,0,0,0,0,0,0,1,0,0,0,0,0,0,0,1,0,17,0,0,0,0,0,0,0,0,4,0,0,0,0,0,0,0,0,8,0,16,0,0,0,0,0,7,0,0,0,0,0,0,0,0,0,0,0,0,3,0,0,0,0,0,0,0,0,0,0,0,0,0,0,0,0,1,0,0,0,0,5,0,0,0
"T3_D_D1_U4",8208,0,130,11662,184,0,153,2170,0,0,0,81,200,1,0,52,681,1,0,0,0,164,5,145,0,0,90,0,448,0,0,75,219,46,0,138,62,89,119,0,5,0,0,42,0,0,14,1,0,0,0,63,0,0,52,0,0,0,0,93,0,0,0,23,52,106,0,1,22,0,0,0,0,6,1,0,0,33,0,0,0,0,93,0,67,53,0,0,0,204,0,27,214,214,0,62,21,0,0,9,0,0,0,0,0,0,0,0,0,0,0,0,68,0,0,0,0,0,0,3,0,7,0,8,4,0,0,0,0,2,28,0,0,0,0,0,0,0,0,34,0,0,0,0,0,0,0,4,0,0,0,0,0,0,0,0,0,6,0,0,3,51,0,0,0,77,0,0,0,7,0,52,0,0,0,0,0,0,0,0,0,0,0,0,0,0,0,0,0,5,0,0,0,0,0,0,0,0,0,0,0,0,0,0,0,0,0,5,44,0,0,0,0,0,0,1,0,0,0,0,0,0,0,0,0,0,0,0,4,0,0,0,0,0,0,0,1,0,2,0,0,0,0,0,0,0,0,0,0,0,3,1,0,1
"T3_D_D1_U41",8632,0,344,3079,264,0,0,394,0,532,0,244,180,0,0,0,351,221,49,0,0,51,63,116,0,0,129,0,120,0,0,13,51,51,0,0,90,20,4,0,2,0,0,91,0,45,94,0,0,0,0,23,0,47,31,0,0,74,0,43,0,45,0,0,52,0,0,9,37,38,1,0,0,0,0,11,0,22,0,0,0,0,0,0,32,0,0,0,17,0,0,0,41,0,0,29,0,0,0,11,0,0,1,0,0,0,0,0,0,0,0,0,68,0,0,0,1,0,131,4,0,12,0,0,0,8,0,0,0,0,0,0,0,0,0,27,0,0,0,0,0,0,0,0,0,0,0,0,0,0,0,0,0,0,0,0,0,0,0,0,2,12,0,0,0,18,71,0,0,0,0,0,0,0,0,0,0,0,0,0,0,0,0,0,0,0,0,0,0,8,0,0,0,0,0,0,0,0,0,0,0,0,0,0,0,0,76,0,0,0,0,0,0,0,0,0,0,0,0,0,0,0,0,0,0,0,0,0,0,0,0,0,0,0,0,1,0,0,0,0,0,0,1,0,0,0,0,0,0,1,0,1,0,2
"T3_D_D1_U43",27503,21027,136,7722,148,10,42,384,21,340,0,186,666,256,0,58,449,53,287,0,1,117,3,74,0,0,52,1,430,91,23,97,27,412,25,154,97,21,122,0,2,0,3,18,2,39,80,464,3,0,10,9,0,38,43,12,0,12,3,11,2,295,19,12,176,223,0,4,17,0,2,2,0,9,0,10,0,34,0,10,0,56,81,0,29,17,0,0,80,21,1,22,68,5,0,101,7,16,0,23,15,0,1,0,0,36,1,0,20,0,0,0,10,4,13,0,21,0,0,3,0,27,0,173,2,85,29,0,22,1,45,0,4,0,0,0,0,57,0,15,0,0,0,0,0,0,0,0,0,0,15,0,0,0,0,25,0,14,4,0,63,12,2,0,0,35,1,0,0,3,0,4,1,1,3,0,0,0,0,4,2,5,0,0,0,7,0,4,0,26,0,0,0,6,0,0,1,0,25,0,0,0,0,0,0,0,0,11,0,1,28,0,0,0,0,1,0,0,0,0,0,0,0,0,0,2,0,0,0,11,0,2,0,0,0,0,0,0,0,0,0,1,8,1,0,0,0,0,0,0,1,2,0,3
"T3_D_D1_U44",19801,11784,110,2471,48,0,32,134,0,51,0,54,474,45,0,8,156,0,60,0,0,10,0,17,15,0,16,0,131,3,4,25,0,79,0,23,90,8,35,0,1,0,250,7,0,5,12,293,0,0,3,8,4,0,29,0,0,0,0,22,0,0,0,19,11,27,0,2,0,7,1,0,0,0,0,8,0,0,0,0,0,26,35,0,22,4,0,0,21,0,0,9,30,46,0,21,0,0,0,32,0,0,0,0,0,0,3,0,500,0,1,0,0,0,0,0,0,0,0,0,0,24,0,0,1,2,3,0,0,0,18,0,0,0,0,0,0,0,0,23,0,0,0,0,0,0,0,0,0,0,0,0,0,0,0,0,0,0,0,0,4,5,0,0,0,36,0,0,0,0,0,0,4,0,0,0,0,0,0,16,0,0,0,0,0,0,0,0,0,3,0,15,0,0,0,0,0,0,15,0,0,0,0,0,0,0,12,0,8,0,0,0,0,0,0,0,0,0,0,0,0,0,0,0,0,0,0,0,0,1,0,0,0,0,0,0,0,0,0,0,0,0,0,0,0,0,0,0,0,2,0,1,0,1
"T3_D_D1_U46",459,0,13454,114,40,0,0,11,0,20,0,20,10,31,0,1,18,3,18,0,0,0,0,5,201,3,18,0,24,6,0,6,1,6,0,4,2,3,5,0,8,0,14,1,0,2,15,0,0,0,3,5,179,1,0,0,300,2,6,2,0,19,1,8,9,1,2,351,1,4,17,0,0,0,0,1,119,2,2,0,0,0,4,2,0,0,0,0,0,0,0,0,8,1,6,3,0,0,0,0,0,0,1,61,0,1,4,0,0,0,3,0,0,0,2,0,3,38,0,6,209,0,0,2,0,40,2,137,7,0,1,0,2,0,1,0,0,35,3,2,0,5,0,0,0,0,2,0,0,0,0,0,0,1,5,0,0,0,1,0,0,0,0,1,0,0,0,0,0,0,0,0,1,1,0,0,0,0,0,0,0,0,0,0,0,0,0,0,0,0,0,0,0,0,0,5,0,0,0,0,0,0,0,0,0,0,0,0,0,0,0,0,0,0,0,0,0,0,0,0,0,0,0,0,0,0,0,0,0,0,0,0,0,0,0,0,0,0,0,0,0,0,0,0,0,0,0,0,0,0,0,0,0,0
"T3_D_D1_U5",548,1810,13,1433,13,5,8,76,2,8,0,47,20,5,0,3,75,2,9,0,0,7,8,0,0,0,0,0,34,4,1,4,2,2,0,7,4,0,10,0,0,0,1,4,0,2,1,52,0,0,0,1,0,4,3,0,0,2,0,0,0,2,0,1,1,4,0,1,2,0,0,0,1,0,0,2,0,9,0,0,0,3,7,0,2,2,0,0,6,9,0,3,9,9,0,5,2,0,0,3,0,0,0,0,0,3,0,0,0,0,0,0,0,0,0,0,0,0,0,0,0,2,3,0,0,0,3,0,0,0,4,0,0,0,0,0,0,0,0,0,0,1,0,0,0,0,0,0,0,0,0,0,0,0,0,0,0,0,0,0,0,2,0,0,0,5,0,0,0,0,0,2,0,0,0,0,0,0,0,0,0,1,0,0,0,0,0,0,0,0,0,0,0,0,0,0,1,0,3,0,0,0,0,0,0,0,0,2,0,0,0,0,0,0,0,0,0,0,0,0,0,0,0,0,0,0,0,0,1,0,0,0,1,0,0,0,0,0,0,0,0,1,0,0,0,0,0,0,0,0,0,0,0,1
"T3_D_D1_U55",1816,5913,68,8556,351,2,100,454,10,303,0,195,49,488,1,30,763,116,215,2,0,164,0,14,0,0,33,0,665,73,1,150,42,76,1,151,53,30,139,0,4,0,4,29,4,51,42,136,0,0,0,4,0,58,27,0,0,32,6,23,8,4,0,48,19,47,0,2,0,0,1,0,0,6,1,28,0,33,0,4,0,77,92,0,69,18,0,0,11,34,0,45,171,24,0,54,15,26,0,3,7,0,2,0,1,19,0,0,8,0,0,0,35,0,17,0,21,0,0,2,0,0,0,20,1,0,23,0,0,0,26,0,3,0,0,0,0,0,0,13,0,0,2,0,0,0,0,0,0,0,4,0,0,0,0,0,0,4,14,1,12,8,14,0,0,35,0,0,0,2,0,9,0,0,3,0,0,0,0,11,0,21,0,0,0,9,0,2,0,10,0,0,0,8,0,0,0,0,2,0,0,0,0,0,3,0,0,15,17,10,0,0,0,0,0,3,0,0,0,0,0,0,0,0,0,11,0,0,2,0,0,0,0,1,0,0,0,0,1,0,0,0,0,1,1,0,0,0,0,1,1,0,0,1
"T3_D_D1_U65",20780,0,14,3833,338,0,0,97,0,69,0,156,514,431,0,0,647,30,108,0,0,0,0,0,111,0,0,0,244,0,0,34,0,76,90,0,182,0,142,0,0,0,0,0,0,42,24,0,0,0,53,0,0,0,0,0,0,0,0,21,79,0,0,34,105,112,0,0,0,32,0,0,0,1,0,30,0,26,0,0,0,0,89,0,22,0,0,0,0,70,0,4,65,50,0,0,0,0,1661,32,0,2,0,0,0,0,0,0,67,0,0,0,0,0,0,0,0,0,0,0,0,22,0,44,0,0,0,0,0,0,59,0,36,0,0,0,0,0,0,0,0,0,0,0,0,0,0,0,0,0,0,0,0,0,0,0,0,2,0,0,1,5,0,0,0,0,0,0,0,0,0,0,1,0,0,0,0,0,0,5,0,0,0,0,0,0,0,2,0,12,0,0,0,0,0,0,0,0,0,0,0,0,0,0,0,0,0,1,0,0,0,0,0,0,0,0,0,0,0,0,0,0,0,0,0,0,0,0,0,0,0,0,0,0,0,0,0,0,0,0,0,0,0,0,0,0,0,0,0,2,0,2,0,0
"T3_D_D1_U72",232,12670,39,2080,0,0,25,139,0,0,1,912,4,264,0,0,242,0,218,0,0,50,35,0,0,0,0,0,68,60,2,14,0,532,73,0,170,1,45,0,0,0,0,1,0,0,0,240,0,0,0,23,0,0,0,0,0,0,0,0,0,191,0,0,114,344,0,1,0,0,1,0,0,3,0,0,0,112,0,0,0,0,0,0,23,0,0,0,171,32,0,1,62,0,0,0,2,34,0,0,0,0,0,0,0,43,0,0,0,0,0,0,81,0,0,0,22,0,0,0,0,0,0,36,0,22,0,0,0,0,0,0,0,26,0,0,42,0,0,0,0,0,0,0,0,0,0,0,0,0,0,0,0,0,0,0,0,5,0,0,47,6,0,0,0,0,0,0,0,0,0,0,0,0,0,0,42,0,0,0,0,37,0,0,0,1,0,16,0,0,0,26,0,0,0,0,0,0,27,0,0,0,0,0,0,0,0,0,0,0,0,0,0,0,28,0,0,0,0,0,0,0,0,0,0,0,0,0,0,4,0,0,0,0,0,0,0,0,0,0,0,0,0,0,0,0,0,0,0,0,0,0,0,0
"T3_D_D1_U93",5271,0,6,2617,7,0,23,124,0,14,0,3,114,0,0,3,238,2,0,0,0,120,0,10,6,0,0,0,89,10,0,13,5,6,0,19,12,20,5,0,0,0,0,0,0,0,5,0,4,0,0,1,7,6,24,0,1,0,0,0,0,0,0,0,0,0,0,0,0,0,0,0,0,2,0,9,0,18,0,0,0,3,55,0,18,18,0,0,0,18,0,9,29,1,0,23,0,0,0,11,0,0,0,0,0,8,0,0,8,0,0,0,6,0,2,0,0,0,0,0,0,9,0,0,0,0,1,0,0,1,10,0,0,0,0,3,0,0,0,0,0,0,0,0,0,0,0,0,0,0,2,0,0,0,0,2,0,6,0,0,2,2,0,0,0,16,4,0,0,0,0,6,0,0,0,0,0,0,0,1,0,0,0,0,0,3,0,0,0,8,0,0,0,0,0,0,0,0,0,0,0,0,0,0,0,0,0,1,3,0,0,0,4,0,0,0,0,0,0,0,0,0,0,0,0,0,0,0,0,0,0,0,0,0,0,0,0,0,0,0,0,0,0,0,1,0,0,0,0,0,0,0,0,2
"T3_D_D1_U98",11903,2,48,7246,1230,0,73,148,0,180,0,40,268,2073,0,42,472,137,422,0,0,201,2,26,6,0,96,0,576,288,0,72,59,227,3,135,14,131,37,0,0,1,3,17,0,4,132,0,0,0,2,34,7,6,45,0,0,19,1,9,17,19,0,42,85,117,0,2,43,9,0,0,0,5,1,5,0,74,0,0,0,35,148,0,41,31,0,1,47,35,0,0,108,64,25,98,2,8,0,21,0,0,1,0,2,33,14,0,9,0,0,0,16,0,3,14,29,0,7,0,0,15,0,18,0,0,10,0,2,1,34,0,0,0,0,18,0,0,0,11,0,0,0,4,0,4,0,0,0,0,5,0,0,0,0,27,0,15,4,0,44,3,3,0,1,15,3,0,0,3,0,19,0,0,1,0,6,1,0,35,0,0,0,0,0,6,7,6,0,13,0,23,0,0,0,0,0,0,0,16,0,0,0,0,16,1,0,26,4,0,0,0,0,0,0,0,5,8,0,0,0,0,0,0,0,0,0,0,1,4,0,0,1,0,0,2,0,1,2,0,0,1,1,0,0,0,0,0,0,1,1,0,1,0
"T3_D_D2_B10",2861,0,0,113,0,0,0,5,0,0,0,33,55,7,0,0,19,14,0,0,0,0,12,0,0,0,26,0,0,0,0,13,5,13,10,0,19,0,45,0,0,0,0,1,0,0,0,0,0,0,1,12,0,0,0,0,0,0,5,0,2,0,0,0,28,0,0,0,13,0,0,0,0,0,0,0,0,0,0,0,0,0,0,0,0,0,0,0,0,0,0,0,0,0,0,0,0,0,0,4,0,0,0,0,0,22,0,0,9,0,0,0,0,0,0,0,0,0,0,0,0,4,0,5,0,0,2,0,0,0,0,0,0,0,0,0,0,0,0,0,0,0,0,0,0,0,0,0,0,0,3,0,0,0,0,0,0,0,0,0,0,0,0,0,0,0,0,0,0,0,0,0,0,0,0,0,0,0,0,0,5,0,0,0,0,0,0,0,0,0,0,0,0,0,0,0,0,0,0,0,0,0,0,0,0,0,0,0,0,0,0,0,0,0,0,0,0,0,0,0,0,0,0,0,0,0,0,0,0,0,0,0,0,0,0,0,0,0,0,0,0,0,1,0,0,0,0,0,0,0,0,0,0,0
"T3_D_D2_M1",6222,3567,3,1598,1,14,6,863,1,77,0,1065,136,817,0,344,114,1623,126,0,36,70,0,206,427,0,1657,17,45,119,1,228,204,137,13,8,53,75,124,0,0,0,0,0,55,0,97,82,0,0,49,201,0,0,0,0,0,12,3,83,0,0,0,13,134,62,0,0,151,4,0,0,19,5,0,0,0,1,0,0,0,0,0,3,48,0,0,0,98,2,0,6,10,0,70,72,26,0,11,4,0,0,0,0,0,31,64,0,76,0,0,0,46,0,0,0,16,0,11,0,0,5,0,38,0,0,16,0,0,0,0,0,0,0,0,40,0,0,0,48,18,0,3,0,0,0,0,10,0,13,10,0,0,0,0,9,0,0,0,1,19,18,0,0,0,0,45,0,0,0,16,0,0,0,0,0,19,0,0,15,1,0,0,0,39,0,16,0,0,4,9,0,10,0,0,0,0,0,4,1,0,0,9,0,0,20,0,1,0,0,17,0,16,0,0,0,44,0,0,15,0,0,0,0,0,0,0,0,0,0,0,0,10,0,0,4,1,0,0,0,0,1,3,0,1,1,0,0,0,0,0,0,5,1
"T3_D_D2_M10",14525,0,47,2619,0,0,1,693,0,93,0,835,351,1729,0,350,102,516,347,0,0,32,0,98,74,0,1608,0,14,176,0,181,607,284,57,49,178,14,215,0,1,0,18,13,0,0,206,0,0,0,38,123,0,0,0,0,0,10,0,0,21,0,0,0,32,224,0,0,0,0,0,0,0,2,0,110,0,0,14,51,0,45,3,0,18,47,0,0,49,0,0,0,28,8,26,52,0,0,0,12,0,0,0,0,0,23,17,0,0,0,0,0,45,0,0,0,69,0,0,1,0,9,0,0,1,0,0,0,0,0,0,0,0,22,0,34,0,0,0,85,0,0,1,11,0,0,0,0,0,28,0,0,0,0,0,0,0,0,0,1,20,16,0,0,0,10,0,0,0,1,4,0,0,0,0,0,0,0,0,62,0,0,0,0,0,0,0,0,0,4,0,32,40,0,0,0,1,0,0,0,0,0,0,0,0,0,26,0,0,0,0,16,0,0,0,5,0,0,0,0,0,0,0,0,0,0,0,0,0,0,0,0,0,0,0,0,0,0,0,0,0,0,0,0,4,0,0,0,0,0,0,0,1,0
"T3_D_D2_M7",1874,0,0,231,0,1,0,108,0,11,0,6,47,40,0,50,15,38,21,0,0,6,0,12,4,0,49,0,6,8,0,90,172,14,0,0,24,0,65,0,0,0,0,0,0,0,2,0,0,0,0,26,0,0,0,0,0,2,0,1,1,0,0,0,16,8,0,0,5,4,0,0,0,0,0,5,0,2,0,9,0,4,7,0,2,9,0,0,11,0,0,7,3,0,0,6,2,0,6,1,5,0,0,0,0,5,1,0,11,0,0,7,7,3,0,0,0,0,0,0,0,1,0,7,0,0,0,0,0,0,0,0,0,2,0,0,0,0,0,8,0,0,0,0,0,0,0,0,0,0,2,1,0,0,0,7,0,0,0,0,0,3,0,0,0,0,4,0,0,0,0,0,0,1,0,0,0,0,0,0,0,0,0,1,0,0,0,0,0,0,0,0,0,0,0,0,4,0,0,0,0,0,0,0,0,0,0,0,0,0,0,0,0,0,0,0,0,0,0,0,0,0,0,0,0,0,0,0,0,0,0,0,0,0,0,0,0,0,0,0,0,0,1,0,0,0,0,0,0,0,0,0,0,0
"T3_D_D2_U11",3164,435,3,698,0,2,1,26,2,7,0,30,78,5,0,52,15,15,7,0,0,5,1,8,0,1,55,0,2,2,0,21,299,0,1,0,1,0,26,0,1,0,12,2,0,1,1,10,0,3,1,22,0,0,0,1,0,0,0,0,4,0,0,3,4,4,0,0,2,2,0,0,0,0,0,2,0,0,0,16,0,3,0,0,18,2,0,0,1,0,0,1,4,0,0,2,0,0,0,6,0,0,0,0,0,1,1,0,3,0,0,0,9,0,0,0,1,0,0,0,0,0,0,1,0,0,3,0,0,0,0,0,0,1,0,0,0,0,0,0,1,0,0,0,0,0,0,0,0,2,0,0,0,0,0,0,0,0,0,0,1,0,0,0,0,0,0,0,0,0,0,0,0,0,0,0,0,0,0,3,0,1,0,16,0,0,0,0,0,3,0,0,0,0,0,0,2,0,0,0,0,0,0,0,0,0,0,0,0,0,0,0,0,1,0,0,0,0,0,0,0,0,0,0,0,1,0,0,0,0,0,0,0,0,0,0,0,0,0,0,0,0,0,0,1,0,0,0,0,0,0,0,1,0
"T3_D_D2_U14",11,1054,103,3493,35,20,48,543,0,129,0,967,1,489,0,554,194,726,268,0,0,17,0,0,0,0,1402,0,104,62,0,615,1820,150,0,62,32,0,300,0,1,0,0,48,13,1,55,28,0,0,6,349,0,0,0,0,0,2,8,4,23,0,5,27,31,54,0,2,27,0,0,0,0,0,0,11,0,35,10,72,0,0,31,0,139,42,0,0,9,0,0,0,85,0,38,60,0,0,21,0,0,0,0,0,0,26,17,0,0,0,0,0,37,0,0,0,67,0,0,0,0,0,0,0,2,0,55,0,0,0,38,0,0,0,0,23,0,0,0,0,0,0,0,0,0,0,0,0,0,15,0,0,0,11,0,0,0,1,20,0,11,13,0,0,0,0,0,0,0,2,0,0,0,0,0,0,0,0,0,2,0,0,0,0,0,0,0,0,0,0,0,19,16,0,0,0,12,0,1,0,0,0,0,0,0,0,0,2,0,8,0,0,0,0,0,1,0,0,0,0,0,0,0,0,0,0,0,0,1,0,0,0,0,0,0,0,0,0,0,1,0,0,0,1,0,0,0,1,0,0,0,0,1,0
"T3_D_D2_U15",16971,6785,13,846,0,7,2,175,2,6,1,126,412,14,0,43,32,72,19,0,0,20,0,31,7,1,41,0,7,15,2,62,182,67,0,0,13,0,69,0,2,0,0,6,0,0,22,143,1,0,0,43,0,5,6,0,0,0,0,0,9,0,0,0,52,18,0,0,6,2,0,0,0,0,0,15,0,4,0,4,0,0,8,0,7,0,0,0,5,0,0,14,8,0,0,4,0,0,0,14,0,0,0,0,0,0,0,0,51,0,0,0,0,0,0,0,0,0,0,0,0,9,0,0,0,0,12,0,0,0,0,0,0,0,0,3,4,0,0,0,0,0,0,0,0,0,0,0,0,0,19,0,0,0,0,0,0,0,0,0,1,3,0,0,0,0,0,0,0,0,1,0,0,0,0,0,0,0,0,0,0,0,0,0,0,0,0,0,0,6,0,0,0,0,0,0,0,0,9,0,0,0,0,0,0,0,0,0,0,0,0,0,0,0,0,1,0,0,0,0,0,0,0,0,0,0,0,0,0,0,0,0,0,0,0,0,0,0,0,0,0,0,0,0,0,0,0,0,0,0,0,0,0,1
"T3_D_D2_U20",429,0,333,1181,0,191,3,349,0,1,4,413,4,72,0,194,0,0,0,0,0,0,0,0,0,0,0,0,1,254,0,0,234,0,0,0,1443,1,116,0,0,0,3562,0,123,0,168,0,0,0,1,0,0,0,0,0,0,1,0,0,0,0,0,0,553,0,0,11,0,364,0,0,0,0,0,0,0,0,0,0,0,0,0,0,0,0,0,0,0,0,0,0,0,0,0,0,0,195,0,0,0,0,0,0,0,0,0,0,0,0,0,0,0,0,0,0,0,0,0,0,0,0,0,0,0,0,0,0,0,0,0,0,0,0,0,0,0,0,0,0,0,0,0,0,0,0,0,0,0,0,0,0,0,0,0,0,0,0,0,0,0,5,0,0,0,0,0,0,0,0,0,0,0,0,0,0,0,0,0,0,0,0,0,0,0,0,0,0,0,0,0,0,0,0,0,0,0,0,0,0,0,0,0,0,0,0,0,0,0,0,0,0,0,0,0,0,0,0,0,0,0,0,0,0,0,0,0,0,0,0,0,0,0,0,0,0,0,0,0,0,0,0,0,0,0,0,0,0,0,0,0,0,0,0
"T3_D_D2_U31",13204,2371,10,870,31,15,1,75,5,26,0,2,337,295,0,264,87,120,40,0,0,84,3,30,0,0,357,0,24,83,0,235,341,85,0,21,38,0,114,0,1,0,0,0,0,8,52,59,0,0,0,45,0,0,11,24,0,1,0,24,1,0,0,0,6,21,0,0,10,6,0,0,0,1,0,7,0,18,0,7,0,0,16,0,44,0,0,0,0,0,0,0,34,0,0,20,0,0,0,23,0,0,0,0,0,6,0,0,0,0,0,0,20,0,0,0,13,0,10,0,0,12,0,0,0,0,0,0,0,0,0,0,0,0,0,0,0,0,0,0,0,0,0,0,0,0,0,0,0,7,0,0,0,0,0,10,0,0,0,0,12,2,0,0,0,4,0,0,0,1,0,7,0,0,0,0,0,0,0,0,0,0,0,15,0,0,0,1,0,5,0,0,0,0,0,0,0,0,2,0,0,0,0,0,0,5,0,0,0,0,0,0,0,8,0,2,0,0,0,0,0,0,0,0,0,0,0,13,0,1,0,0,0,0,0,0,0,0,1,0,0,0,0,0,3,0,0,0,0,1,1,0,0,0
"T3_D_D2_U37",7236,0,9,7440,30,24,16,325,15,97,0,26,159,0,0,565,403,77,8,0,0,105,15,50,0,0,351,0,136,0,0,593,1536,21,0,0,60,3,434,0,0,0,0,0,0,0,32,0,0,0,0,286,0,0,0,0,0,0,0,26,100,4,0,0,28,0,0,0,9,0,0,0,0,0,0,32,0,4,0,21,0,11,53,0,204,35,0,0,0,7,0,17,49,0,0,62,0,0,21,10,0,0,0,0,0,22,40,0,284,0,0,0,76,0,0,0,21,0,0,0,0,8,0,0,1,0,61,0,0,1,48,0,0,0,0,2,0,0,0,1,0,0,0,0,0,0,0,1,13,0,77,0,15,0,0,3,0,0,2,0,0,5,0,0,0,11,0,0,0,0,0,0,0,0,0,0,0,0,0,0,0,0,0,33,0,0,0,0,0,11,0,0,0,0,0,0,31,0,0,0,0,0,0,17,0,0,0,0,0,0,0,0,0,0,0,9,0,8,0,0,0,0,0,0,0,0,0,0,0,2,0,1,1,0,0,0,0,0,0,0,0,0,0,0,1,0,0,0,1,2,0,0,2,2
"T3_D_D2_U58",17654,6896,14,2772,0,20,0,139,3,34,0,45,436,11,4,271,156,141,19,0,0,47,42,35,0,0,325,0,63,7,3,341,584,11,0,21,84,14,141,0,0,0,14,0,0,0,50,158,0,0,0,147,12,0,0,6,0,0,0,29,46,0,0,11,4,0,0,1,5,0,0,0,0,0,0,5,0,0,0,26,0,0,18,0,93,70,0,0,0,0,0,0,10,3,0,48,0,0,48,33,0,0,0,0,0,6,20,0,72,0,0,0,6,0,0,0,0,0,8,0,0,24,0,0,0,0,3,0,0,0,6,0,0,0,0,0,8,4,0,0,7,0,0,0,0,0,0,0,0,0,0,0,0,0,0,3,0,0,9,0,0,4,1,0,0,13,0,0,0,0,0,7,2,4,0,0,0,0,0,0,0,0,0,18,0,0,0,0,0,12,0,0,0,0,0,0,14,0,8,0,0,0,0,0,0,22,0,0,0,0,0,0,0,7,0,4,10,0,0,0,0,0,0,0,0,0,0,0,0,0,0,0,0,0,0,0,0,0,0,0,0,0,0,0,4,0,0,0,0,0,1,0,0,0
"T3_D_D2_U62",7049,1889,7,1549,420,15,1,57,20,25,0,871,186,125,0,102,26,234,14,0,0,3,3,96,0,0,379,0,3,10,0,146,693,20,2,21,7,5,57,0,0,0,9,20,0,5,42,37,0,0,4,71,0,1,2,0,0,0,0,27,124,1,0,1,22,4,0,0,180,0,0,0,0,0,0,3,0,3,0,18,29,9,2,19,33,9,0,0,2,0,0,0,6,13,3,4,0,0,7,12,7,0,1,0,0,5,59,0,0,0,0,5,7,0,1,0,9,1,0,0,0,12,2,0,1,1,6,0,1,0,5,0,0,0,0,17,0,1,0,0,0,0,1,0,0,144,0,0,5,92,9,3,0,0,0,9,0,0,2,0,1,1,2,0,0,0,11,0,2,0,7,0,0,1,0,0,0,0,12,4,0,4,0,0,38,0,10,0,0,3,0,0,0,39,0,0,3,0,1,0,5,13,0,5,0,17,0,0,0,0,5,0,4,13,1,6,0,5,0,0,0,0,0,0,0,7,1,12,0,1,0,1,0,1,5,1,0,0,0,0,0,0,0,0,3,1,0,0,0,3,1,2,8,1
"T3_D_D2_U69",15605,8669,0,1752,0,28,0,313,0,38,2,0,391,41,0,18,33,84,117,0,0,0,27,53,0,0,159,0,0,22,0,93,124,7,0,0,121,0,163,0,0,0,19,10,0,54,0,204,0,0,38,73,23,0,0,0,0,0,0,25,0,0,0,0,115,239,0,0,0,18,0,0,0,0,0,159,0,0,0,61,0,0,0,0,85,0,0,0,0,0,0,1,21,0,0,0,0,0,0,33,0,0,0,0,0,0,0,0,0,0,0,0,80,0,0,0,0,0,0,0,0,14,0,40,0,0,0,0,0,0,0,0,0,0,0,0,0,0,0,81,0,0,0,0,0,0,0,0,0,0,0,0,0,0,0,0,0,0,0,0,0,9,0,0,0,0,0,0,42,0,0,0,0,0,0,0,0,0,0,0,0,0,0,0,0,0,0,0,0,3,0,0,26,0,0,0,0,51,9,0,0,0,0,0,0,0,0,0,0,0,0,0,0,48,0,0,0,0,0,0,0,0,0,0,0,0,0,0,0,0,0,0,0,0,0,0,0,0,0,0,0,0,1,0,0,0,0,0,0,0,0,0,0,2
"T3_D_D2_U71",1198,2,0,179,0,1,0,18,0,4,0,0,36,0,0,14,26,12,0,0,0,5,0,1,0,0,7,0,2,1,0,15,50,5,0,0,0,0,8,0,0,0,0,0,0,0,2,0,0,0,0,9,0,0,0,0,0,0,0,2,0,0,0,0,2,0,0,0,0,0,0,0,0,0,0,1,0,1,0,0,0,0,0,1,4,2,0,0,0,1,0,0,1,0,0,4,0,0,0,0,0,0,0,0,0,0,0,0,1,0,0,0,3,0,0,0,0,0,0,0,0,2,0,2,0,0,0,0,0,0,4,0,0,0,0,1,0,0,0,0,0,0,0,0,0,0,0,0,0,0,1,0,0,0,0,0,0,0,0,0,0,0,0,0,0,0,1,0,0,0,3,0,0,0,0,0,0,0,0,0,0,0,0,0,0,0,0,0,0,0,0,0,0,0,0,0,0,0,0,0,0,0,0,0,0,0,0,1,0,0,0,0,0,0,0,0,0,0,0,0,0,0,0,0,0,0,0,0,0,0,0,0,0,0,0,0,0,0,0,0,0,0,0,0,0,0,0,0,0,0,0,0,0,0
"T3_D_D2_U75",6181,4469,46,7194,124,48,0,555,47,108,0,176,168,0,0,355,256,300,44,0,0,29,8,57,0,16,363,0,46,0,2,519,2356,0,0,59,117,0,312,0,1,0,0,121,25,6,0,108,0,0,14,285,0,0,0,0,0,0,0,3,39,0,0,0,33,1,0,4,14,29,0,0,0,0,0,97,0,0,0,73,0,0,0,0,103,76,0,0,0,0,0,0,31,0,0,54,0,0,0,11,0,0,0,0,0,0,0,0,55,0,0,0,40,0,0,0,12,0,0,0,0,3,0,0,0,0,12,0,0,0,0,0,0,0,0,0,0,8,0,0,0,1,0,0,0,0,0,0,0,0,4,0,0,0,0,0,0,0,0,0,0,10,0,0,0,11,0,0,0,1,0,0,0,0,0,0,0,0,0,0,0,0,0,0,0,0,0,0,0,4,0,0,0,0,0,0,38,0,9,0,0,0,0,0,0,0,0,0,0,0,0,0,0,0,0,0,0,0,0,0,0,0,0,0,0,0,0,0,0,0,0,0,0,0,0,0,0,0,0,0,0,0,0,0,0,0,0,0,0,0,0,2,0,1
"T3_D_D2_U91",29693,0,0,1058,0,41,1,7,0,19,0,0,669,395,0,14,55,28,41,0,0,66,0,49,1,0,277,0,61,53,0,263,78,117,53,51,23,65,75,1,0,0,6,0,0,31,0,0,0,0,0,32,2,0,0,0,1,0,8,0,41,26,14,0,132,18,0,0,0,0,0,0,0,1,0,0,0,35,0,0,0,0,27,0,60,30,0,0,22,13,0,3,2,0,0,0,0,7,0,58,0,0,0,0,0,49,20,0,0,0,0,0,61,0,0,0,0,0,0,0,0,50,0,0,0,0,0,0,0,0,0,0,0,15,0,0,0,0,0,10,0,0,0,0,0,0,0,0,0,16,0,0,0,0,0,0,0,2,0,0,20,0,0,0,0,0,0,0,0,0,0,0,0,0,0,0,0,0,0,21,0,0,0,0,0,0,0,4,0,6,0,0,0,0,0,0,0,0,0,0,0,0,0,0,0,0,0,2,0,0,0,0,0,0,0,0,0,0,0,0,0,0,0,0,0,9,12,0,0,0,0,0,0,1,0,0,0,0,0,0,0,0,6,0,4,0,0,0,0,0,0,1,1,0
"T3_D_D4_K1",145,1716,256,3475,336,569,134,195,564,10134,0,30,3,49,0,1534,1814,89,323,0,0,340,29,202,26,0,23,0,339,0,1,590,25,5,0,160,101,90,150,0,1,0,17,506,23,1081,57,27,54,0,0,177,0,1365,84,621,0,0,0,46,0,0,0,0,0,0,0,6,44,0,33,50,0,0,0,9,0,95,0,242,0,82,263,40,65,454,0,0,0,0,0,0,52,0,0,91,0,0,0,1,101,0,1,0,1,18,0,1,0,0,0,0,0,38,199,0,89,0,0,0,0,0,0,3,0,0,29,0,0,2,14,0,0,0,0,0,0,0,0,0,0,1,1,0,0,0,0,38,0,0,27,0,0,0,0,7,0,10,0,0,1,5,19,0,1,0,39,0,0,0,0,29,0,0,0,0,0,1,0,1,0,0,0,0,0,119,0,4,0,1,38,0,0,0,0,0,2,0,4,0,0,0,0,0,0,0,0,3,1,0,0,0,0,0,0,2,0,0,0,0,0,0,0,0,0,0,0,0,0,0,0,0,0,4,0,1,1,0,1,0,0,0,0,0,0,0,0,1,0,0,2,0,0,0
"T3_D_D4_KW15",12226,131,221,332,1,0,3,187,181,2387,0,0,296,231,0,0,1181,0,505,0,0,215,17,0,2,0,0,0,268,864,0,0,0,0,0,195,922,0,0,0,0,0,0,0,0,401,0,2,0,0,112,0,0,397,146,0,0,0,0,0,0,0,0,0,0,0,0,4,0,134,4,0,0,1,0,0,0,0,0,0,0,0,0,0,0,0,1,0,0,0,0,0,0,0,0,0,0,0,0,17,403,0,0,0,0,0,0,0,0,0,0,0,0,146,0,0,0,0,0,0,0,15,0,0,0,0,0,0,0,0,0,0,0,0,0,0,0,0,0,0,0,0,0,0,0,0,0,0,0,0,0,0,0,0,0,0,0,0,0,0,0,1,0,0,0,0,0,0,0,0,0,0,0,0,0,0,0,0,0,0,0,0,0,0,0,0,0,0,0,8,0,0,0,0,0,0,0,0,0,0,0,0,0,0,0,0,0,7,0,0,0,0,0,0,0,0,0,0,0,0,0,0,0,0,0,0,0,0,0,0,0,0,0,0,0,0,0,0,0,0,0,0,0,0,0,0,0,0,0,0,0,0,0,1
"T3_D_D4_U100",7156,483,167,3228,537,244,25,219,507,4039,1,11,170,12,0,547,966,59,250,0,12,421,4,64,1,11,28,8,400,11,151,347,9,20,0,61,7,57,438,0,6,0,28,156,0,703,19,12,2,0,2,78,0,449,18,255,0,0,4,41,24,4,0,22,9,19,0,1,14,0,38,11,0,3,0,12,0,59,0,92,0,21,161,0,25,177,0,0,7,12,15,5,48,11,0,24,9,1,0,6,22,0,1,0,1,2,9,0,0,0,1,0,3,50,120,0,14,0,0,0,0,4,0,12,0,5,35,0,0,1,26,0,15,0,0,8,0,1,0,9,0,1,0,0,0,9,0,5,0,0,0,0,0,6,0,20,0,25,13,1,3,7,10,0,0,17,4,2,0,0,15,28,0,0,0,2,3,0,0,0,11,1,0,5,0,50,2,3,0,25,0,0,17,2,0,0,11,3,0,0,0,0,0,2,0,0,0,1,10,0,1,0,5,0,0,22,2,5,0,0,0,0,3,0,0,2,0,3,0,0,0,0,0,1,0,0,0,0,0,0,0,0,0,1,0,0,0,0,1,2,5,1,1,1
"T3_D_D4_U3",14088,0,206,2046,684,411,74,357,497,6354,0,0,363,30,0,691,1415,140,464,0,6,1904,45,85,20,0,23,0,653,93,0,466,43,34,0,253,219,162,584,0,1,0,0,289,0,1078,20,0,0,0,0,47,0,501,150,558,0,0,0,73,0,0,0,7,0,6,0,1,25,0,28,14,0,8,0,22,0,31,0,93,0,24,163,0,66,215,0,0,0,0,0,22,59,0,50,26,0,0,0,14,41,20,1,0,2,0,54,0,0,0,0,4,51,144,95,0,23,0,12,0,0,5,0,29,0,0,125,0,16,1,105,0,18,0,0,0,0,0,0,0,0,3,0,0,0,26,0,1,0,0,0,0,0,0,0,17,0,20,0,0,1,8,32,0,0,11,0,0,0,4,0,33,0,0,1,0,0,1,0,0,0,30,0,0,0,12,0,3,0,26,0,0,0,0,0,0,0,0,0,0,0,0,0,0,0,0,0,5,2,0,0,2,0,0,0,34,0,0,0,0,0,9,0,0,0,11,0,10,0,0,0,0,0,3,0,0,0,0,0,0,0,0,1,0,1,0,0,0,1,2,7,6,0,3
"T3_D_D4_U35",17453,8924,295,3126,460,314,135,130,393,6809,0,0,368,63,0,730,1049,24,406,0,0,584,36,69,0,16,53,0,190,37,2,316,0,0,13,202,162,66,387,0,2,0,0,128,0,896,11,220,38,0,0,20,0,1010,76,576,0,52,0,46,0,0,0,30,30,0,0,2,12,10,38,0,0,6,0,0,0,111,0,100,0,1,158,14,48,157,0,0,49,0,0,0,92,67,0,99,0,0,0,11,89,0,0,0,3,0,0,0,0,0,0,0,35,92,239,0,74,0,24,1,0,6,0,6,7,0,90,0,0,3,20,0,0,0,0,0,0,0,0,0,0,1,0,0,0,0,0,0,32,0,0,0,0,0,0,29,0,27,71,0,0,4,0,0,1,6,0,0,0,1,0,0,0,0,1,0,0,0,0,1,0,0,0,35,0,40,0,9,0,13,0,0,0,0,0,0,22,0,10,0,0,0,0,0,0,0,0,6,70,0,0,0,0,0,0,24,0,0,0,0,0,0,0,0,0,0,41,0,3,0,0,0,0,1,0,0,2,0,0,0,0,0,1,3,0,0,0,0,0,0,1,2,0,2
"T3_D_D4_U59",243,101,137,149,7793,6,30,4,7314,1173,0,5,10,54,1,105,70,49,428,0,0,20,0,26,1,3,30,2,24,56,0,86,0,16,0,70,0,12,18,0,1,2,4,45,2,117,7,3,3,0,13,1,0,73,19,327,0,4,1,1,14,3,2,15,4,6,0,4,74,1,28,6,3,2,0,0,0,7,1,8,2,42,7,14,1,7,0,0,5,0,56,1,3,11,8,1,0,0,3,1,11,0,11,0,0,1,9,0,0,0,0,2,0,23,17,1,116,0,3,1,0,0,4,6,0,0,0,0,0,0,3,0,2,1,0,1,0,0,0,3,2,1,2,0,0,7,0,0,0,0,24,0,0,1,0,4,4,3,0,0,7,1,4,0,0,0,2,0,0,0,1,9,0,0,4,2,0,0,0,4,7,0,0,6,0,3,0,0,0,1,1,3,0,1,0,0,1,1,1,1,0,1,0,2,0,0,0,2,1,0,2,0,0,0,1,0,1,0,0,0,5,0,2,0,0,0,1,0,2,0,5,1,0,5,0,2,0,0,1,0,0,0,0,1,0,0,0,0,0,0,0,1,0,0
"T3_D_D4_U63",3136,1,12,2743,128,64,9,46,139,1449,0,0,72,3,0,223,664,9,33,0,0,421,1,19,0,0,10,0,136,1,0,144,0,7,0,11,1,52,133,0,0,1,1,13,1,199,7,0,6,0,0,16,0,166,11,109,0,0,0,6,12,0,1,3,0,8,0,0,0,0,6,1,0,8,0,0,0,13,0,2,0,2,63,3,5,58,0,0,1,3,0,3,6,1,0,14,5,0,0,1,6,0,0,0,3,1,3,0,0,0,0,11,0,10,12,0,6,0,0,0,0,1,0,36,1,0,8,0,0,0,13,0,2,1,0,0,0,0,0,0,0,0,1,0,0,0,0,0,0,0,0,0,0,0,0,3,0,63,0,0,2,0,0,0,1,3,0,0,0,0,1,1,0,0,0,0,0,1,0,1,3,1,0,1,0,7,0,3,0,27,2,0,0,0,0,0,13,0,0,0,0,0,0,0,3,0,0,0,1,0,0,0,0,0,0,42,0,0,1,0,0,0,0,0,0,0,0,1,1,4,0,0,0,0,0,0,0,0,0,0,0,0,0,2,2,0,1,0,0,5,3,0,0,4
"T3_D_D4_U67",1793,97,10,186,146,6,1,27,31,178,0,1,28,6,0,114,101,12,20,0,1,232,0,44,0,0,3,0,32,0,0,67,0,0,0,9,7,34,52,0,0,0,5,21,0,35,4,4,2,0,0,17,0,8,11,37,0,0,0,5,11,0,0,0,13,0,0,0,5,0,0,0,6,0,0,7,0,16,0,0,0,0,55,1,1,40,0,0,0,0,10,0,10,0,0,27,0,0,12,0,0,0,0,0,0,7,3,0,0,0,0,0,11,7,3,0,0,0,0,0,0,2,0,0,0,0,2,0,0,0,37,0,0,0,0,0,0,0,0,0,0,0,0,0,0,0,0,0,0,0,0,0,0,0,0,0,0,1,0,0,0,0,0,0,0,0,0,0,0,1,0,0,0,0,0,0,1,0,0,6,0,0,0,2,0,21,0,1,0,0,2,0,0,0,0,0,3,2,1,0,0,0,0,0,0,0,0,0,8,0,0,0,0,0,0,2,0,0,0,0,0,0,0,0,0,0,4,0,0,1,0,0,0,0,0,0,0,0,0,0,0,0,0,0,0,0,0,0,0,0,0,0,0,0
"T3_D_D4_U9",25435,4912,150,1209,348,244,65,131,567,4060,0,0,559,29,0,516,686,50,430,0,0,601,47,0,0,0,86,0,208,91,2,137,0,117,0,134,80,4,314,0,0,0,231,343,0,629,59,102,77,0,29,0,0,388,88,174,0,0,11,60,0,0,0,0,122,0,0,5,0,0,19,0,0,1,0,0,0,79,0,82,0,81,140,0,0,97,0,0,0,0,0,0,41,0,0,0,0,0,0,42,0,0,0,0,0,0,0,1,0,0,0,44,0,2,112,0,107,0,0,0,0,48,0,3,0,0,29,0,0,0,0,0,0,0,1,0,0,0,0,0,0,0,0,0,0,0,0,0,0,0,0,0,0,0,0,65,0,4,0,0,12,6,0,0,0,0,0,0,0,0,0,0,0,0,0,0,0,0,0,0,0,0,0,0,0,23,0,0,0,10,0,0,0,0,0,0,13,0,9,0,0,0,0,0,0,0,0,2,0,34,0,0,0,0,0,4,0,0,0,0,0,0,0,0,0,0,0,0,0,2,0,0,0,0,0,0,1,0,0,0,0,0,5,0,0,0,0,0,0,0,0,0,0,3
"T3_D_D4_U91",34124,0,156,718,2629,43,9,11,867,1465,0,61,827,3597,1,394,196,118,1312,0,0,43,9,49,72,23,98,0,163,564,0,117,0,62,79,97,44,87,99,0,0,0,0,84,0,169,230,0,0,0,7,41,15,93,48,129,0,28,0,0,0,0,12,507,71,417,0,5,0,30,14,0,0,33,0,0,0,36,0,0,7,49,45,9,0,20,0,0,577,0,57,0,8,0,211,10,0,35,0,26,14,0,0,0,0,8,4,0,46,0,1,0,0,69,6,0,155,3,0,0,0,20,0,136,0,0,0,0,0,0,0,0,0,0,0,0,0,0,0,151,0,1,0,0,0,1,0,0,0,2,9,0,0,81,0,16,0,5,0,0,6,1,0,0,2,0,5,0,0,0,0,40,1,0,1,0,122,0,0,42,44,0,0,98,0,27,0,5,0,11,0,48,0,0,0,1,14,0,0,0,0,0,0,0,13,0,0,9,1,0,0,0,0,0,0,1,0,0,0,0,12,0,12,0,0,0,0,0,0,15,0,0,0,1,0,0,0,0,0,0,0,0,5,0,8,0,0,0,0,9,0,1,1,3
"T3_H_H1_B10",54314,0,1,12,1786,0,2,114,33,0,0,245,1218,226,0,36,0,331,37,0,0,0,12,60,0,0,0,0,13,0,0,72,31,164,61,38,70,194,90,0,0,0,0,5,0,0,90,0,0,0,0,109,12,0,0,0,0,0,0,22,0,74,0,13,75,95,0,0,12,0,0,0,0,2,0,0,0,25,17,9,0,0,0,14,113,0,0,0,59,0,0,17,0,80,0,0,0,0,0,73,0,0,0,0,0,6,0,0,78,0,0,0,0,0,0,0,0,0,0,0,0,43,0,20,0,0,19,0,98,0,0,42,0,15,0,10,6,0,0,6,0,0,0,0,1,0,0,0,0,0,5,0,0,0,0,0,0,1,0,0,9,4,9,0,0,0,0,0,0,0,0,0,0,0,0,0,4,0,0,4,0,0,0,40,0,8,0,2,0,2,0,0,0,0,0,0,0,0,0,0,0,0,0,0,0,0,0,0,0,0,0,0,0,0,0,1,0,23,0,2,0,0,0,0,0,0,0,0,0,0,0,0,0,0,0,0,0,0,0,0,0,0,1,0,5,0,0,0,0,0,1,0,0,1
"T3_H_H1_M7",27323,1,21,45,1964,155,0,362,198,7,0,623,620,78,0,55,0,685,236,0,0,0,92,37,0,0,57,0,0,32,0,59,45,8,0,115,34,401,190,0,0,0,23,248,0,0,168,0,0,0,26,237,16,0,0,0,0,0,0,71,40,26,0,20,36,61,0,2,235,9,0,0,0,0,0,0,0,34,0,70,0,16,5,35,34,48,0,0,17,39,0,43,0,180,25,0,0,7,0,41,119,0,1,0,0,15,32,0,59,0,0,12,40,0,0,0,28,0,0,0,0,24,54,0,1,0,26,0,0,0,0,14,0,0,0,18,0,0,0,21,0,0,0,0,0,19,0,0,0,71,6,6,0,0,0,0,0,0,0,0,0,7,0,0,0,0,0,0,0,1,14,53,0,0,0,0,0,0,0,0,0,13,0,0,0,0,0,0,0,5,0,10,0,30,0,0,0,0,0,0,0,0,0,0,0,0,0,0,0,0,0,0,0,18,0,2,0,0,0,0,0,0,0,0,0,0,13,0,0,0,0,0,0,4,0,0,0,0,0,0,0,0,3,0,0,0,0,0,0,1,0,1,1,4
"T3_H_H1_U100",26129,0,0,0,899,0,0,0,0,0,0,2614,584,315,0,1,0,72,15,0,0,0,43,21,0,0,0,0,0,6,0,44,0,210,0,0,49,53,0,0,0,0,79,0,0,0,65,0,0,0,0,0,0,0,0,0,0,0,0,0,0,102,0,0,105,73,0,0,0,0,0,0,0,0,0,0,0,0,0,0,0,0,0,0,0,0,0,0,121,0,0,0,0,0,0,0,0,0,0,46,0,0,0,0,0,17,30,0,18,0,0,0,0,0,0,0,0,0,0,0,0,26,0,0,0,0,0,0,0,0,0,0,0,41,0,0,0,0,0,93,0,0,0,0,0,0,0,0,0,0,0,0,0,0,0,0,0,0,0,0,11,0,0,0,0,0,0,0,0,0,0,0,0,0,0,0,0,0,0,22,0,0,0,0,0,0,0,0,0,3,0,0,0,0,0,0,0,0,0,0,0,0,0,0,0,0,0,0,0,0,0,0,0,0,0,0,0,0,0,0,0,0,0,0,0,0,0,0,0,8,0,0,0,0,0,0,0,0,0,0,0,0,3,0,0,0,0,0,0,0,0,0,0,0
"T3_H_H1_U15",13323,13452,0,0,188,0,0,17,43,0,0,8,299,35,0,0,0,117,55,0,0,0,5,0,0,0,0,0,0,0,2,0,0,11,0,0,34,0,0,0,0,0,0,21,0,0,29,258,0,0,0,0,0,0,0,0,0,0,0,6,0,0,0,0,15,0,0,0,0,3,0,0,0,0,0,0,0,0,0,7,0,0,0,0,19,32,0,0,20,16,0,1,0,0,0,0,0,0,0,22,0,0,0,0,0,0,0,0,67,0,0,0,0,0,0,0,0,0,0,0,0,22,0,0,0,0,0,0,0,0,0,0,0,0,0,0,0,0,0,0,0,0,0,0,0,0,0,0,0,0,7,0,0,0,0,0,0,0,0,0,0,0,0,0,0,0,0,0,0,0,0,0,0,0,0,0,0,0,0,0,0,0,0,0,0,0,0,0,0,0,0,0,0,0,0,0,0,0,20,0,0,0,0,0,0,0,0,0,0,0,0,0,0,0,0,0,0,0,0,0,0,0,0,0,0,0,0,0,0,0,0,0,0,0,0,0,0,0,0,0,0,0,2,0,0,0,0,0,0,1,0,2,0,0
"T3_H_H1_U20",79,5,0,49,1521,11,0,481,214,2,0,238,3,188,0,25,0,151,100,0,0,0,0,25,0,0,0,0,35,0,0,43,1,98,8,0,44,144,140,0,0,0,139,83,147,0,115,0,0,0,7,65,0,0,0,0,0,0,0,55,8,99,12,4,76,48,0,0,12,0,0,0,0,0,0,0,0,5,0,19,1,11,32,0,43,102,0,0,9,0,0,37,0,0,31,0,33,0,0,0,43,0,0,0,0,10,10,0,12,0,0,0,10,0,0,0,17,6,0,0,0,0,13,18,0,0,58,0,0,0,0,42,0,18,0,15,3,9,0,5,0,0,0,0,0,12,0,2,0,0,27,0,0,0,0,0,0,2,0,0,15,10,0,0,0,0,0,0,0,0,16,8,0,9,0,0,0,0,0,18,0,19,0,11,0,11,0,1,0,0,0,6,0,0,0,0,0,0,0,0,0,0,0,0,0,0,0,0,0,0,0,0,0,14,11,1,0,0,0,0,0,0,0,0,0,0,0,4,0,1,0,6,0,0,0,1,0,0,0,0,0,0,0,0,0,0,0,0,0,0,0,0,0,0
"T3_H_H1_U3",7623,0,0,0,88,0,0,17,0,0,2,274,186,18,0,10,0,0,3,0,0,0,8,0,0,0,0,0,0,0,0,0,0,93,35,0,50,13,0,0,0,0,0,0,0,0,0,0,0,0,11,0,2,0,0,0,0,0,0,10,0,6,0,0,1,40,0,0,0,0,0,0,0,0,0,0,0,0,0,0,0,0,0,0,4,0,0,0,5,0,0,0,0,37,0,0,5,0,0,6,11,0,0,0,0,7,0,0,17,0,0,0,0,0,0,0,0,0,0,0,0,8,0,25,0,0,0,0,0,0,0,0,0,0,0,0,0,0,0,0,0,0,0,0,0,0,0,0,0,0,0,0,0,0,0,0,0,0,0,0,3,0,0,0,0,0,0,0,0,0,2,0,0,0,0,0,0,0,0,0,0,0,0,0,0,0,0,0,0,0,0,4,0,0,0,0,0,0,0,0,0,0,0,0,0,0,0,0,0,0,0,0,0,0,0,0,0,0,0,0,0,0,0,0,0,0,0,0,0,0,0,0,0,0,0,0,0,0,0,0,0,0,0,0,0,0,0,0,0,0,0,0,0,0
"T3_H_H1_U31",22161,16709,0,0,775,0,0,41,0,27,0,73,497,55,0,2,0,165,0,0,0,1,0,30,0,0,0,0,1,0,3,48,0,150,32,133,62,184,145,0,0,0,0,0,21,0,0,365,0,0,62,60,0,0,0,0,0,0,0,128,0,0,0,0,93,99,0,0,0,0,0,0,0,0,1,0,0,0,0,0,0,44,0,0,0,0,0,0,0,0,0,0,0,0,0,0,0,17,81,47,25,0,0,0,0,61,22,0,124,0,0,0,0,0,0,0,0,0,74,0,0,28,0,0,0,0,0,0,0,0,0,0,0,48,0,0,0,67,0,0,0,0,0,0,0,0,0,0,0,0,0,0,0,0,0,0,0,0,0,0,3,0,0,0,0,0,0,0,0,0,0,0,0,0,0,0,0,0,0,0,0,0,0,0,0,0,0,0,0,0,0,17,0,0,0,0,0,13,27,0,0,0,0,0,0,0,0,0,0,0,0,0,0,0,0,1,0,0,0,0,0,0,0,0,0,0,0,0,0,0,0,0,0,0,0,0,0,0,0,0,0,0,1,0,3,0,0,0,0,0,0,0,0,0
"T3_H_H1_U35",10906,2807,2,2,234,3,0,54,33,0,0,66,255,115,0,12,0,14,11,0,0,0,1,0,0,0,0,0,0,12,1,12,0,64,0,1,34,27,31,0,0,0,0,14,0,0,47,55,0,0,0,6,0,0,0,0,0,0,0,7,23,0,0,0,3,22,0,0,0,0,0,0,0,0,0,0,0,3,0,9,0,13,8,0,0,2,0,0,23,17,0,2,0,21,9,0,0,0,0,10,9,0,0,0,0,0,5,0,8,0,0,0,5,0,0,0,2,0,0,0,0,7,0,25,0,0,14,0,0,0,0,0,0,0,0,1,0,0,0,10,0,0,0,0,0,0,0,0,0,0,0,0,0,0,0,0,0,0,0,0,2,2,0,0,0,0,0,0,0,0,0,0,0,2,0,0,0,0,0,1,0,0,0,0,0,0,0,0,0,0,0,3,0,0,0,0,0,0,0,0,0,0,0,0,0,0,0,0,0,0,0,0,0,0,0,0,0,0,0,0,0,0,0,0,0,0,0,0,0,0,0,0,0,0,0,0,0,0,0,0,0,0,0,0,0,0,0,0,0,0,0,1,0,1
"T3_H_H1_U4",23419,0,1,0,668,0,0,0,1,0,1,1560,496,372,0,1,0,0,257,0,0,0,160,0,3,0,1,0,0,3,0,0,0,505,0,0,0,61,0,0,0,0,2,0,0,0,160,0,0,0,50,490,91,0,0,0,1,0,0,38,1,4,0,0,194,500,0,0,0,0,0,0,0,0,0,0,0,0,0,0,0,0,0,0,0,0,0,0,0,0,2,0,0,0,0,0,0,0,0,38,0,0,0,0,0,0,0,0,0,0,0,0,0,0,0,0,0,0,0,0,0,24,0,0,0,187,0,0,0,0,0,0,0,0,0,0,0,0,0,0,0,0,0,0,0,0,0,0,0,0,0,0,0,0,0,0,0,0,0,0,29,0,0,0,0,0,0,0,0,0,0,0,0,0,0,0,0,0,0,1,0,0,0,0,0,0,0,0,0,4,0,0,0,0,0,0,0,0,0,0,0,0,0,0,0,0,0,0,0,0,0,0,0,0,0,0,0,0,0,0,0,0,0,0,0,0,0,0,0,1,0,0,0,0,0,0,0,0,0,0,0,0,2,0,0,0,0,0,0,0,0,0,0,0
"T3_H_H1_U41",24006,7489,0,1,269,0,0,37,17,0,0,203,547,242,0,0,0,72,0,0,0,0,28,58,0,0,0,0,0,0,5,15,0,79,0,0,174,126,0,0,0,0,0,0,0,0,24,167,0,0,0,63,0,0,0,0,0,0,27,12,0,55,0,0,63,131,0,0,0,0,0,0,0,0,0,0,0,0,0,0,0,0,0,0,0,0,0,0,58,0,0,0,0,0,0,0,0,0,0,58,0,0,0,0,0,0,0,1,0,0,0,0,0,0,0,0,0,0,0,0,0,35,0,0,0,0,0,0,0,0,0,0,0,0,0,25,8,0,0,33,0,0,0,0,0,0,0,0,0,0,0,0,0,0,0,0,0,0,0,0,2,0,0,0,0,0,0,0,0,0,0,0,0,0,0,0,0,0,0,0,0,0,0,0,0,0,0,1,0,0,0,0,0,0,0,0,0,0,25,0,0,63,0,0,0,0,0,0,0,0,0,0,0,0,33,0,0,3,0,0,0,0,0,0,0,0,0,0,0,1,0,0,0,0,0,0,0,0,0,0,0,0,1,0,0,0,0,0,0,0,0,0,0,0
"T3_H_H1_U44",3743,1087,0,4,31,5,0,2,3,0,0,3,83,20,0,1,0,5,0,0,0,0,0,4,0,0,0,0,0,1,1,1,0,18,1,3,2,5,0,0,0,0,43,1,0,0,18,19,0,0,0,1,0,0,0,0,0,0,0,7,0,0,0,0,13,5,0,0,0,0,0,0,0,0,0,0,0,2,0,0,0,0,1,0,0,0,0,0,10,0,0,0,0,0,0,0,0,0,0,11,2,0,0,0,0,1,0,0,6,0,0,0,0,0,0,0,0,0,0,0,0,5,0,0,0,0,0,0,0,0,0,0,0,0,0,0,0,0,0,2,0,0,0,0,0,0,0,0,0,0,3,0,0,0,0,0,0,0,0,0,0,0,0,0,0,0,0,0,0,0,0,0,0,0,0,0,0,0,0,3,0,0,0,0,0,0,0,0,0,0,0,0,0,0,0,0,0,0,3,0,0,0,1,0,0,0,0,0,0,0,0,0,0,0,0,0,0,0,0,0,0,0,0,0,0,0,0,0,0,0,0,0,0,0,0,0,0,0,0,0,0,0,0,0,0,0,0,0,0,0,0,0,0,0
"T3_H_H1_U46",42584,0,0,0,1576,86,1,406,0,1,0,3570,1007,105,0,115,0,399,147,1,0,4,0,111,0,0,0,0,0,90,0,4,68,950,0,0,115,290,0,0,0,0,549,0,0,0,114,0,0,0,0,119,0,0,0,0,0,0,0,72,0,281,0,122,239,3,0,0,0,0,0,0,0,0,0,0,0,105,0,130,0,0,111,1,0,0,0,0,176,0,0,0,0,140,0,0,0,123,0,105,0,0,0,0,0,145,40,0,0,0,0,0,114,0,1,0,0,0,0,0,0,53,0,4,6,2,0,0,0,0,0,124,0,0,0,137,0,0,0,0,0,0,1,0,0,0,0,0,0,0,0,2,0,0,0,123,0,4,0,0,45,9,0,0,0,0,0,0,0,0,251,0,0,82,0,0,0,0,0,7,0,73,0,0,0,0,0,1,0,0,0,0,0,0,0,0,0,0,0,0,0,0,0,0,0,0,0,0,0,0,0,0,0,0,0,0,0,0,0,0,0,0,0,0,0,0,1,0,0,5,0,0,0,0,0,2,0,0,0,0,0,0,6,0,9,0,3,0,0,0,0,0,0,0
"T3_H_H1_U55",31060,8400,0,0,161,0,0,33,131,0,0,368,729,215,0,0,0,256,0,0,0,1,0,67,0,0,0,0,0,0,1,0,29,138,0,0,73,145,3,0,0,0,0,98,0,0,39,190,0,0,0,156,0,0,0,0,0,0,12,13,0,0,0,0,16,91,0,0,0,0,0,0,0,0,0,0,0,0,0,0,0,76,0,0,0,36,0,0,0,0,0,30,0,0,0,0,0,0,0,75,0,0,0,0,0,0,0,0,0,0,0,0,0,0,0,0,0,0,0,0,0,36,0,0,0,0,0,0,0,0,0,28,0,0,0,34,0,0,0,0,0,0,0,0,0,0,0,0,99,0,0,0,0,0,0,0,0,0,0,0,6,1,0,0,0,0,0,0,0,0,0,0,0,0,0,0,0,0,0,0,0,0,0,0,0,0,0,0,0,1,0,0,0,0,0,0,0,0,9,0,0,0,0,0,0,0,0,0,0,0,0,0,0,0,0,0,0,0,0,0,0,0,0,0,0,0,0,0,0,0,0,0,0,0,0,0,0,0,0,0,0,0,0,0,0,0,0,0,0,0,0,2,0,0
"T3_H_H1_U58",5462,2933,0,0,1298,104,0,601,257,0,1,93,109,92,0,35,0,1069,88,3,0,0,82,17,0,0,13,0,41,0,0,158,18,35,0,257,61,359,218,0,0,0,14,252,0,0,70,55,0,0,33,222,0,0,0,1,0,0,0,30,24,0,0,0,9,19,0,0,9,12,0,0,0,0,0,0,0,0,0,65,0,92,27,0,30,22,0,0,0,16,0,30,0,240,0,31,6,3,0,11,75,0,0,0,0,25,0,0,0,0,0,0,38,0,0,16,16,0,0,0,0,10,0,1,1,0,60,0,0,0,0,45,0,0,0,0,0,0,0,8,0,0,1,0,0,0,0,0,0,53,0,0,0,0,0,41,0,1,0,0,1,11,22,0,0,0,0,0,0,11,7,15,0,0,0,0,0,0,0,3,0,32,0,0,0,0,0,0,0,0,0,14,0,93,0,0,0,0,6,0,6,0,0,0,0,0,0,0,0,0,7,0,0,0,0,0,0,0,0,0,0,0,0,0,0,0,0,0,0,0,0,0,0,4,0,0,0,0,0,0,0,0,0,0,2,2,2,0,0,0,0,1,0,1
"T3_H_H1_U63",28849,687,0,0,319,1,0,67,0,0,0,1671,713,124,0,0,0,49,0,0,0,0,11,0,0,0,0,0,0,0,13207,39,0,23,0,57,198,0,10,0,0,0,0,0,0,0,35,20,0,0,0,19,0,0,0,0,0,0,0,0,0,0,0,0,0,0,0,0,0,0,0,0,0,0,0,0,0,0,0,25,0,0,0,0,0,0,0,0,0,0,0,0,0,0,0,0,0,0,0,29,0,0,0,0,0,0,0,0,10,0,0,0,0,1,0,0,0,0,87,0,0,16,0,0,19,28,0,0,0,0,0,0,0,0,0,0,0,0,0,0,0,0,0,0,0,0,0,0,0,0,25,0,0,0,0,0,0,0,0,0,2,2,0,0,0,0,0,0,0,0,28,0,0,18,0,0,0,0,0,0,0,0,0,0,0,0,0,0,0,4,0,0,0,0,0,0,0,0,0,0,0,0,0,0,0,0,0,0,0,0,0,0,0,0,0,0,0,0,0,0,0,0,0,0,0,0,0,0,0,0,0,0,0,0,0,0,0,0,0,0,0,0,0,0,0,0,0,0,0,0,0,3,0,0
"T3_H_H1_U69",18135,5710,0,22,1676,10,6,540,113,22,0,112,380,185,0,0,0,212,106,0,0,0,16,32,0,0,0,0,55,9,0,139,13,517,11,58,27,206,159,0,0,0,0,110,0,0,112,133,1,0,21,174,8,0,0,0,0,0,11,105,16,96,0,12,72,181,0,0,12,0,0,0,0,0,0,0,0,36,0,40,0,0,58,8,21,22,0,0,25,0,0,50,0,101,0,16,0,11,31,39,10,0,0,0,0,27,50,0,42,0,0,0,20,0,0,0,0,0,0,0,0,23,0,22,0,12,29,0,23,0,0,0,0,0,0,23,0,39,0,0,0,0,0,0,0,0,0,0,0,4,9,13,0,0,0,0,0,1,0,0,37,16,50,0,0,0,16,0,0,0,16,14,0,0,0,0,0,0,0,5,0,17,0,1,0,0,0,1,0,2,0,0,0,0,0,0,0,0,12,0,0,0,0,0,0,0,0,0,0,0,0,0,0,0,2,4,0,26,0,0,0,0,0,0,0,0,0,0,0,7,0,0,0,0,0,0,0,0,0,0,0,0,3,0,0,0,0,0,0,0,0,2,1,0
"T3_H_H1_U9",16142,5470,138,0,1157,0,1,1029,107,142,0,561,346,154,0,50,0,185,89,0,0,0,113,55,0,0,0,0,0,93,1,102,0,1089,0,0,84,365,81,65,0,0,338,198,80,0,169,112,0,0,0,100,0,0,0,0,0,0,1,26,0,73,0,27,63,1,0,7,0,0,2,0,0,1,0,0,0,111,0,0,41,0,1,0,0,98,0,0,50,43,0,4,0,0,0,0,3,39,0,16,0,0,0,0,0,101,0,0,86,0,0,0,0,0,0,0,0,0,0,0,0,15,0,78,0,0,66,0,0,0,0,0,0,0,0,27,0,0,0,0,0,0,0,0,0,0,0,1,0,0,219,48,0,0,0,0,0,1,0,0,33,29,42,0,0,0,0,0,0,1,0,0,0,0,0,0,0,0,0,0,0,0,0,0,0,67,0,4,0,0,0,0,0,0,0,0,0,0,8,0,0,0,0,0,0,0,0,0,0,0,0,0,0,0,0,0,0,0,0,0,0,0,0,0,0,0,0,0,0,0,0,2,0,0,0,1,0,0,0,0,0,0,0,0,6,0,2,0,0,0,0,3,0,5
"T3_H_H1_U98",20125,1,24,0,449,10,0,211,35,0,1,153,484,10,6,9,0,113,41,0,0,0,18,0,0,0,0,0,1,0,0,41,0,44,0,3,80,150,22,0,0,0,0,43,13,0,43,0,0,0,19,74,9,0,0,0,0,0,0,5,0,0,5,55,14,22,0,0,51,8,0,0,0,0,0,0,0,0,0,15,0,62,0,0,1,0,0,0,0,0,0,14,0,70,0,0,24,0,0,15,20,0,0,0,0,26,0,0,0,0,0,0,3,0,0,0,0,0,0,0,0,6,0,42,3,0,0,0,0,0,0,4,0,0,0,0,0,0,0,0,0,0,0,0,0,0,0,0,0,0,0,0,0,0,0,0,0,0,0,0,1,5,0,0,0,0,0,0,0,0,11,0,0,0,0,0,0,0,0,0,0,19,0,10,0,0,0,0,0,1,5,0,0,0,0,0,0,0,0,0,0,0,0,0,0,0,0,0,0,0,0,0,0,0,0,0,18,0,19,0,0,0,0,0,0,0,0,0,0,0,0,0,0,0,0,0,0,0,0,0,0,0,1,0,2,0,0,0,0,0,0,0,0,0
"T3_H_H4_B8",24926,4,129,119,4693,10,0,33,183,85,0,61,549,103,0,222,0,678,129,0,0,0,6,92,0,0,1,0,96,95,0,93,36,52,7,238,11,305,42,0,0,0,41,43,0,1,80,0,0,0,0,24,0,0,0,223,0,0,0,20,0,0,0,0,50,74,0,3,134,13,2,0,0,4,0,41,0,14,0,33,0,93,0,6,25,16,0,0,26,0,157,0,0,0,0,0,0,0,12,50,25,0,3,0,0,4,38,0,0,0,0,0,42,0,0,0,33,0,26,1,0,25,0,26,0,0,0,0,0,0,0,0,0,0,0,3,0,0,0,0,0,0,0,0,0,15,0,0,0,13,6,0,0,9,0,0,0,0,0,0,5,1,8,0,0,0,13,0,0,0,0,10,0,14,0,0,7,0,0,11,0,16,0,10,6,0,0,3,0,1,0,0,0,37,0,0,0,0,0,0,0,28,0,0,0,0,0,3,0,0,0,0,7,0,0,1,0,13,0,0,0,0,0,0,0,0,0,0,0,2,0,8,0,6,17,0,0,0,0,0,0,0,2,0,1,0,1,0,0,1,0,1,3,0
"T3_H_H4_KW15",1066,1,8,1276,94,73,0,14,1,21,0,2,20,0,0,201,34,10,0,0,0,0,1,9,0,0,2,0,29,5,0,73,90,4,0,4,1,3,79,0,0,0,0,10,0,0,30,0,3,0,3,5,0,0,0,30,0,0,0,10,0,0,0,0,4,0,0,1,3,0,0,0,0,0,0,245,0,1,1,9,0,17,12,0,104,39,0,0,0,3,0,0,0,9,0,0,0,0,0,2,0,0,0,0,0,2,2,0,3,0,0,3,8,0,0,0,0,0,4,0,0,0,0,0,0,0,16,0,0,0,0,0,0,0,0,3,0,0,0,3,0,0,0,0,0,0,0,0,0,0,0,0,0,0,0,0,0,0,0,0,0,0,0,0,0,2,4,0,0,0,0,0,0,0,0,0,0,0,0,0,0,0,0,0,0,0,0,0,0,1,0,0,0,0,0,0,8,0,0,0,0,0,0,0,1,0,0,0,0,0,0,0,0,0,0,0,1,4,0,0,0,0,0,0,0,0,0,3,0,0,0,0,0,0,0,0,0,0,0,0,0,0,0,0,0,0,0,0,0,0,0,0,0,0
"T3_H_H4_M10",9590,783,312,183,604,5,10,3,15,295,0,31,223,68,0,359,4,265,133,0,0,3,9,103,0,5,341,0,34,29,1,139,0,30,0,79,5,99,52,1,0,0,1,30,69,22,127,24,0,0,21,42,0,15,21,16,14,0,0,17,32,0,3,0,41,0,0,6,75,21,14,0,27,0,0,6,0,12,9,8,6,11,13,10,2,0,4,0,30,0,1,0,0,14,0,0,0,0,12,26,3,0,2,0,0,3,64,0,0,0,0,9,41,0,24,0,9,0,6,0,0,10,8,0,0,0,0,0,0,0,0,0,1,2,0,22,0,0,0,12,0,0,3,0,0,14,0,0,7,7,0,0,0,0,0,0,0,1,0,0,6,0,9,0,0,0,18,1,0,0,2,0,0,0,0,0,7,0,0,2,0,0,0,0,0,0,0,3,0,3,0,3,0,0,0,0,6,0,1,0,5,7,12,0,0,14,2,1,0,8,0,0,7,8,2,6,10,0,0,0,0,1,0,0,0,0,0,6,0,0,0,1,0,0,0,4,0,0,0,0,0,0,1,0,3,3,0,1,0,0,4,0,3,2
"T3_H_H4_U11",22436,1997,82,205,3457,39,0,17,48,94,0,76,332,29,0,293,3,554,36,0,0,0,7,61,0,7,5,0,13,17,1,214,29,28,2,96,33,102,74,0,0,0,31,43,0,0,21,32,0,0,8,136,0,0,0,151,22,0,0,13,33,6,0,5,53,8,0,0,427,5,1,0,22,0,0,47,0,5,0,8,0,60,9,34,8,12,0,0,0,0,60,3,0,4,0,0,0,5,0,29,6,0,2,0,0,11,88,0,2,0,0,4,9,0,0,0,2,0,12,0,0,21,0,8,0,2,0,0,0,0,0,0,0,0,0,13,0,0,0,0,0,0,0,0,0,21,0,0,0,30,0,0,0,0,0,12,0,0,0,0,0,0,1,0,0,0,12,0,0,1,2,1,0,0,0,0,0,0,0,0,0,9,0,0,0,1,1,0,0,0,0,1,0,9,0,0,2,0,3,0,2,0,5,0,0,35,0,0,0,0,0,0,9,10,0,0,0,17,4,0,0,2,0,0,0,11,4,10,0,2,0,0,0,0,8,0,0,0,0,0,0,0,2,0,3,0,1,0,1,1,0,1,2,1
"T3_H_H4_U17",24219,11060,0,362,2931,0,0,66,0,47,1,71,556,85,0,108,0,618,248,0,0,0,0,198,0,0,113,0,28,1,1,235,60,11,0,61,118,386,0,0,0,0,0,48,0,0,0,239,0,0,0,218,0,0,0,102,0,0,0,149,0,0,0,0,94,69,0,0,133,0,0,0,0,5,0,46,0,41,0,51,0,0,0,1,68,0,0,0,0,0,105,0,0,0,0,0,48,0,0,48,0,0,0,0,0,0,0,0,0,0,0,0,38,0,0,0,0,0,0,0,0,54,0,1,0,0,0,0,0,0,0,0,0,37,0,27,0,0,0,21,1,0,0,0,0,0,0,0,0,0,0,0,0,0,0,0,0,3,0,0,0,0,0,0,0,0,72,0,0,0,0,0,0,0,0,0,0,0,0,3,0,0,0,0,0,0,0,1,0,0,0,0,0,0,0,0,0,0,19,0,0,0,0,0,0,0,0,0,0,0,41,0,0,0,0,0,0,0,0,0,0,0,0,0,0,0,0,0,0,1,0,0,0,0,0,0,0,0,1,0,0,0,3,0,0,0,4,0,0,1,1,3,0,0
"T3_H_H4_U19",13064,1351,15,804,755,57,0,38,30,71,0,12,311,32,0,68,5,77,29,0,0,0,0,0,0,0,3,0,39,8,1,71,39,28,0,119,8,51,44,0,1,0,0,19,0,0,0,25,0,0,2,14,0,0,0,32,4,0,0,0,0,0,0,0,20,6,0,0,19,0,1,0,28,0,0,80,0,0,0,0,1,74,34,0,29,27,0,0,2,0,25,0,0,0,0,0,0,0,0,10,9,0,0,0,0,0,7,0,0,0,0,2,0,0,0,0,3,0,0,0,0,16,0,0,0,0,4,0,0,0,0,0,0,0,0,0,0,0,0,10,0,0,0,0,0,0,0,0,0,2,0,0,0,0,0,0,0,0,0,0,1,2,0,0,0,0,7,0,0,1,0,8,0,0,0,0,0,0,0,1,0,0,0,0,5,0,0,0,0,4,0,0,0,0,0,0,0,8,2,0,0,0,15,0,0,2,0,0,0,0,0,0,0,0,0,0,0,0,0,0,0,0,0,0,0,0,0,0,0,0,0,4,0,2,0,0,0,0,0,0,0,0,0,0,0,0,0,0,0,2,0,0,0,1
"T3_H_H4_U37",9191,0,109,200,1146,8,0,88,15,56,6,11,209,17,0,267,6,2241,37,0,0,0,2,316,0,0,15,0,91,36,0,228,30,0,0,236,10,999,49,0,0,0,0,20,0,0,28,0,0,0,9,80,12,0,0,29,0,0,0,44,32,0,0,0,9,10,0,1,173,9,7,0,17,2,1,30,0,7,0,15,0,37,0,24,26,17,0,0,0,0,0,0,0,21,0,17,0,0,111,18,21,0,4,0,0,114,53,0,0,0,0,3,40,0,18,0,0,0,19,0,0,17,0,5,2,0,0,0,0,0,0,0,0,0,0,24,2,0,0,0,0,0,0,0,0,177,0,0,9,32,0,0,0,0,0,0,0,4,0,0,0,2,21,0,0,0,71,0,0,0,0,0,0,0,0,0,0,0,0,12,0,0,0,0,25,0,0,3,0,2,0,0,0,51,0,0,0,0,0,0,0,0,0,14,16,0,0,2,0,0,0,0,0,21,0,0,3,0,0,0,0,0,0,0,0,0,0,5,0,3,0,0,1,2,0,1,0,0,0,0,0,0,0,0,3,2,13,0,0,2,0,0,0,1
"T3_H_H4_U43",13379,7790,77,3765,2587,126,11,96,51,74,0,5,325,57,0,507,57,210,90,2,0,0,14,91,0,0,23,0,111,3,0,297,155,89,0,16,27,82,170,0,0,0,0,135,0,0,68,183,0,6,0,41,0,0,22,79,1,0,0,25,16,0,0,0,32,25,0,3,32,0,0,0,0,0,0,578,0,19,0,84,0,56,30,0,206,100,0,0,0,0,0,12,0,35,0,32,0,0,11,17,14,0,0,0,0,52,26,0,0,0,0,2,16,0,0,0,0,0,0,0,0,10,0,32,1,0,56,0,0,0,0,0,0,0,0,5,0,3,0,10,0,0,0,0,0,13,0,0,0,0,20,0,0,0,0,0,0,0,0,2,5,2,0,0,0,0,0,0,0,0,0,0,0,6,0,0,0,0,0,1,0,0,0,0,0,0,0,2,0,12,0,0,0,6,0,0,17,0,14,9,0,0,0,0,0,8,0,0,0,8,0,0,0,0,0,3,0,0,7,0,0,0,0,0,0,0,0,0,0,0,0,0,0,0,0,2,0,0,0,0,0,0,1,1,1,0,0,0,0,3,2,0,0,5
"T3_H_H4_U47",4718,1,2472,1496,1868,2208,43,32,302,12,0,4,93,13,0,265,18,62,144,2,0,13,0,32,1683,219,9,0,24,91,0,87,17,6,0,140,1,2,14,19,7,1,231,72,3,0,1,0,0,2,5,14,0,0,30,34,549,0,0,29,101,0,3,0,4,1,3,59,51,0,23,0,47,1,0,35,165,4,0,19,0,44,2,45,11,15,0,1,2,0,277,3,0,15,0,0,0,0,0,15,4,0,27,167,0,1,1,0,0,0,0,18,6,6,0,3,7,0,4,4,0,8,0,3,1,0,0,61,0,1,0,0,0,0,0,11,0,0,0,0,0,24,1,0,0,0,0,0,2,1,1,0,1,0,0,3,0,0,0,0,0,0,2,0,0,0,0,0,3,0,6,10,21,0,0,1,0,0,0,0,7,0,0,6,4,0,5,0,7,0,4,0,0,3,0,0,4,3,0,16,0,3,4,5,0,10,0,1,0,3,3,0,6,5,0,0,7,0,0,0,1,0,0,0,0,5,0,1,2,0,0,0,1,0,0,2,0,0,0,0,0,0,0,1,0,0,0,1,1,1,1,1,1,0
"T3_H_H4_U5",16056,6963,234,535,1887,117,1,52,39,63,0,0,353,12,0,98,5,138,88,0,0,0,38,28,0,31,0,0,93,16,1,224,35,39,0,157,39,38,153,0,1,0,45,18,0,0,91,146,0,0,0,0,0,0,0,140,0,0,0,0,20,0,0,0,37,38,0,2,48,0,0,0,0,0,0,146,0,0,0,0,0,101,0,0,12,32,0,0,0,0,54,0,0,0,0,0,0,0,0,26,0,0,1,0,0,48,0,0,0,0,0,0,29,0,0,0,33,0,0,0,0,19,0,8,0,0,0,0,0,0,0,0,0,0,0,0,0,0,0,0,0,2,0,0,0,0,0,0,14,0,0,0,0,0,0,0,0,0,0,0,7,2,1,0,0,0,0,0,0,1,0,0,0,0,0,0,0,0,0,0,0,0,0,0,17,0,0,0,0,1,0,0,0,0,18,0,0,0,17,0,0,0,0,0,0,0,0,0,0,0,0,0,0,0,0,0,0,49,0,0,0,0,0,0,0,0,0,0,0,0,0,0,0,0,0,0,0,0,0,0,0,0,0,0,0,0,0,0,0,1,0,0,0,0
"T3_H_H4_U65",17293,0,157,2309,1304,221,1,0,120,140,0,80,448,66,0,259,29,171,39,0,0,0,0,42,0,0,0,0,290,86,0,152,337,30,0,348,113,35,172,0,0,0,0,85,0,0,80,0,0,0,0,337,0,0,0,75,0,0,20,11,0,0,44,0,88,30,0,7,90,0,3,0,0,0,0,985,0,0,0,152,0,79,54,0,153,44,0,0,0,0,0,0,0,0,0,0,0,0,0,40,79,0,0,0,0,0,0,0,0,0,0,0,0,0,0,0,0,0,0,0,0,24,0,0,0,0,58,0,0,0,0,0,0,40,0,0,0,0,0,0,0,3,0,0,0,0,0,0,0,0,0,0,0,0,0,0,1,1,0,0,2,0,0,0,0,0,68,0,0,0,0,16,0,0,0,0,0,0,0,0,0,0,0,0,0,53,0,0,0,9,0,0,0,0,0,0,0,0,0,0,0,0,0,0,0,0,0,2,0,0,0,0,0,0,0,2,0,0,0,0,0,0,0,0,0,0,0,7,0,0,0,0,0,1,0,0,0,0,0,0,0,0,0,0,0,0,0,0,0,0,0,1,0,1
"T3_H_H4_U67",24435,294,94,291,93,8,12,10,5,86,0,7,562,11,0,105,4,28,0,0,0,8,12,27,1,0,47,0,22,9,0,44,15,8,0,36,21,20,33,2,0,0,52,8,6,5,2,7,0,0,0,7,0,8,2,11,3,0,0,13,4,0,0,0,2,0,0,4,30,7,2,8,0,0,0,53,0,10,5,0,0,2,8,5,12,1,0,0,0,0,2,0,0,0,0,0,0,0,0,32,0,0,0,0,0,0,3,0,0,8,0,1,8,0,0,0,1,0,2,0,0,30,0,8,0,0,3,0,0,0,0,0,0,0,0,0,0,0,0,0,0,1,1,0,0,0,0,0,0,0,0,0,0,0,0,5,0,0,0,0,1,0,1,0,0,0,3,0,0,0,0,2,0,0,0,0,0,0,0,0,0,0,0,0,0,4,5,0,0,4,0,0,6,0,0,0,0,0,1,0,0,0,3,0,0,0,0,0,0,3,0,0,0,0,0,0,0,0,0,0,0,0,0,0,0,0,0,0,0,0,0,0,0,0,0,0,0,0,0,0,0,0,0,0,0,0,0,0,0,2,0,0,0,1
"T3_H_H4_U91",12805,0,54,1175,927,40,0,12,40,65,0,6,327,39,0,149,30,63,74,0,0,0,1,51,0,0,1,0,9,8,0,67,90,99,6,49,41,55,116,0,0,0,235,81,0,0,16,0,0,0,0,0,0,0,0,82,0,0,0,3,0,0,4,12,26,23,0,2,1,0,0,0,0,0,0,216,0,3,0,8,0,78,30,0,42,25,0,0,14,0,0,6,0,12,0,7,0,0,0,13,0,0,0,0,0,43,0,0,0,0,0,0,20,0,0,0,35,0,0,0,0,10,0,18,0,0,12,0,0,0,0,0,0,0,0,0,0,0,0,0,0,0,0,0,0,0,0,0,0,0,0,0,0,32,0,0,0,0,0,0,0,0,0,0,0,0,0,0,0,0,11,17,0,0,0,0,0,0,0,11,0,0,0,0,0,0,0,0,0,2,0,0,0,0,0,0,15,3,0,0,0,0,0,0,0,0,0,0,0,6,6,0,0,7,26,0,15,0,0,0,0,0,0,0,0,0,0,0,0,0,0,0,0,0,0,0,0,0,0,0,0,0,0,0,0,0,0,0,0,0,0,0,0,0
"T3_H_H4_U93",4887,0,11,32,144,0,1,0,2,3,0,5,130,9,0,17,0,13,8,0,0,0,0,12,0,1,6,0,0,10,0,2,0,2,0,8,4,0,6,0,0,0,0,2,0,0,23,0,0,0,0,0,0,0,0,9,0,0,0,0,0,0,0,0,0,0,0,0,4,0,0,0,0,0,0,0,0,0,0,0,0,0,0,0,0,0,0,0,0,0,0,0,0,0,0,0,0,0,0,7,0,0,0,0,0,0,0,0,0,0,0,0,0,0,0,0,0,0,1,0,0,7,0,0,0,0,0,0,0,0,0,0,0,0,0,0,0,0,0,0,2,0,0,0,0,0,0,0,0,0,0,0,0,0,0,0,0,0,0,0,0,0,0,0,0,0,0,0,0,0,0,2,0,0,0,0,0,0,0,0,0,0,0,0,0,0,0,0,0,0,0,0,0,0,0,0,0,0,0,0,0,0,0,0,0,0,0,0,0,0,0,0,0,0,0,0,0,0,0,0,0,0,0,0,0,0,0,0,0,1,0,0,0,0,0,0,0,0,0,0,0,0,0,0,0,0,0,0,0,0,0,0,0,0
"T3_H_H5_K1",24412,3,0,0,449,0,0,0,0,0,0,902,620,84,0,79,0,0,110,0,0,0,0,37,0,0,0,0,0,0,0,0,0,65,0,0,269,33,41,0,0,0,0,0,0,0,0,0,0,0,72,0,0,0,0,0,0,0,0,0,0,0,0,0,0,0,0,0,0,0,0,0,0,0,0,18,0,0,0,0,0,0,0,0,0,0,0,0,0,0,0,0,0,0,0,0,0,0,0,28,0,0,0,0,0,95,0,0,0,0,0,21,0,0,0,0,0,0,0,0,0,60,0,0,0,0,0,0,0,0,0,0,0,0,0,39,0,0,0,0,0,0,0,0,0,0,0,0,0,0,0,0,0,0,0,0,0,0,0,0,2,0,0,0,0,0,0,0,0,0,0,0,0,0,0,0,0,0,0,0,0,0,0,0,0,0,0,0,0,2,0,0,0,0,0,0,0,0,0,0,0,0,0,0,0,0,0,0,0,0,0,0,0,0,0,0,0,0,0,0,0,0,0,0,0,0,0,0,0,0,0,0,0,0,0,0,0,0,0,0,0,0,0,0,3,0,0,0,0,0,0,1,0,0
"T3_H_H5_M1",4858,4833,0,55,797,0,0,154,1,58,1,236,108,121,0,50,0,394,0,0,0,0,0,32,0,0,44,0,27,0,2,61,0,0,0,136,123,127,62,0,0,0,0,0,0,1,4,118,0,0,26,42,0,0,0,0,0,0,0,0,0,0,0,0,22,0,0,0,19,0,0,2,0,0,0,30,0,0,0,0,0,17,8,45,0,0,0,0,0,0,1,0,0,0,0,0,0,0,0,9,0,0,0,0,0,0,39,0,0,0,0,16,0,0,0,0,0,0,0,0,0,7,0,0,1,0,0,0,0,0,0,0,0,0,0,0,0,0,0,0,0,0,0,0,0,0,0,1,0,0,0,0,0,0,0,0,0,1,0,0,0,6,0,0,0,0,0,0,0,0,0,0,0,0,0,0,0,0,0,1,0,0,0,0,0,0,0,0,0,0,0,0,0,27,0,0,0,0,8,0,0,0,0,0,0,32,21,0,0,0,0,0,0,0,0,0,0,0,0,0,0,0,0,0,0,0,0,0,0,0,0,0,0,0,0,0,0,0,0,0,0,0,1,0,0,0,0,0,0,0,0,0,0,0
"T3_H_H5_M2",15739,7236,0,261,477,0,19,187,0,14,0,29,344,227,0,117,0,52,18,0,0,0,16,16,0,0,0,0,0,26,1,32,0,69,0,9,118,63,0,0,0,0,0,0,0,0,82,169,0,0,0,0,0,0,0,0,0,0,0,0,0,0,0,0,33,0,0,0,0,0,0,0,0,1,0,22,0,0,0,0,0,0,8,0,0,0,0,0,0,0,0,0,0,0,0,0,0,0,0,19,0,0,0,0,0,16,0,0,0,0,0,0,0,0,0,0,0,0,0,0,0,16,0,0,0,0,10,0,0,0,0,0,0,0,0,0,0,0,0,6,0,0,0,0,0,0,0,0,0,0,0,0,0,0,0,0,0,0,0,0,2,5,0,0,0,0,0,0,0,0,0,0,0,0,0,0,0,0,0,1,0,31,0,0,0,0,0,0,0,0,0,0,0,0,0,0,0,0,6,0,0,0,0,0,0,0,0,0,0,0,0,0,0,0,0,0,0,0,0,0,0,0,0,0,0,0,0,0,0,0,0,0,0,0,0,0,0,0,0,0,0,0,0,0,0,0,0,0,0,0,0,2,0,1
"T3_H_H5_M3",13628,2253,81,560,687,0,0,886,16,19,0,34,307,97,0,503,0,88,13,0,0,0,18,15,0,0,0,0,55,18,0,72,0,19,3,23,47,35,25,0,4,0,10,44,0,0,68,52,0,0,10,31,0,0,0,6,0,0,0,16,10,0,0,0,29,0,0,2,2,10,0,0,0,0,0,69,0,6,0,44,0,2,7,0,40,50,0,0,2,13,0,15,0,0,0,2,49,7,0,7,16,0,0,0,0,14,8,0,0,0,0,0,6,0,0,0,0,0,0,0,0,8,0,15,9,0,27,0,0,0,0,0,0,0,0,3,0,0,0,3,0,0,0,0,0,0,0,0,0,0,0,0,0,0,1,5,0,0,0,0,0,15,0,0,0,0,0,0,0,0,0,0,0,0,0,0,1,0,0,0,0,0,0,0,0,0,0,0,0,2,0,0,0,0,0,0,8,0,3,0,0,0,0,0,0,0,0,2,0,0,0,0,0,0,0,0,0,0,0,0,0,0,0,0,0,3,0,0,0,0,0,0,0,0,6,0,0,0,0,0,0,0,1,0,0,1,0,0,0,0,0,0,0,0
"T3_H_H5_M5",7262,1457,203,627,721,0,0,759,9,0,0,102,167,46,0,188,12,169,107,2,0,0,13,9,0,1,0,0,3,30,0,19,126,103,15,30,13,154,14,0,5,0,7,0,0,0,30,28,0,0,86,46,0,0,7,0,0,0,0,15,19,0,38,8,63,0,0,9,14,32,0,0,0,0,0,96,0,8,11,19,0,25,13,0,31,109,0,0,43,2,0,64,0,19,0,0,31,17,0,14,51,0,0,0,0,59,0,0,0,0,0,0,0,0,0,0,0,0,0,5,0,6,0,0,11,0,2,0,0,0,0,0,0,0,0,0,0,0,0,5,0,0,0,0,0,11,0,0,0,23,0,0,0,0,0,0,0,1,0,0,7,18,0,0,0,0,0,0,0,4,0,0,0,0,0,0,6,0,0,4,0,0,0,0,0,0,0,1,0,0,0,0,0,0,0,0,6,0,2,0,0,0,0,0,0,0,0,0,0,0,0,0,0,0,0,0,0,0,0,0,0,0,0,0,0,0,0,0,0,1,0,0,0,0,0,0,0,0,1,0,0,0,1,0,1,0,0,0,0,0,0,0,0,0
"T3_H_H5_U33",55199,13,99,1172,2916,27,1,2527,33,98,0,185,1119,122,0,600,0,522,119,0,0,0,0,122,0,1,0,0,32,0,0,194,83,14,0,31,32,444,19,0,11,0,0,74,0,0,71,0,0,0,0,97,0,0,0,0,0,0,1,0,26,0,0,0,173,0,0,4,0,22,3,0,0,0,0,104,0,0,0,8,0,0,50,45,77,11,0,0,46,0,0,53,0,0,0,0,37,34,46,111,48,0,0,0,0,0,0,0,0,0,0,0,0,0,0,0,6,0,0,5,0,123,0,0,38,0,45,0,0,0,0,0,0,0,0,0,0,0,0,30,0,0,0,0,0,0,0,79,0,0,0,0,0,0,0,33,0,0,0,0,0,64,0,0,0,0,26,0,0,2,0,0,0,0,0,0,13,0,0,9,0,0,0,0,0,0,0,0,0,2,0,0,0,0,0,0,30,0,0,0,0,0,0,0,0,0,0,0,0,0,0,0,0,0,35,0,22,0,0,0,0,0,0,0,0,0,0,36,0,5,0,0,0,0,0,0,0,0,0,0,0,0,11,0,0,0,0,0,0,1,0,1,0,3
"T3_H_H5_U39",28361,7419,169,761,1653,0,0,257,0,147,0,2596,651,260,0,123,0,229,116,0,0,0,0,0,0,0,0,0,0,64,1,122,0,164,0,0,391,19,62,0,1,0,0,0,0,0,53,163,0,0,0,0,0,0,0,0,0,0,0,0,0,0,0,0,0,0,0,2,0,79,1,0,0,0,0,0,0,0,0,0,0,0,0,0,0,0,0,0,0,0,0,0,0,210,0,0,0,0,0,65,0,0,0,0,0,57,0,0,99,0,0,0,0,0,0,0,0,0,0,0,0,36,0,0,0,0,0,0,0,0,0,0,0,0,0,0,0,0,0,45,0,0,0,0,0,0,0,53,0,0,45,0,0,0,0,0,0,0,0,0,2,10,0,0,0,0,0,0,0,1,0,0,0,0,0,0,0,0,0,0,0,0,0,0,0,0,0,0,0,3,142,0,0,0,0,0,0,0,14,0,0,0,0,0,0,0,0,0,0,0,0,0,0,0,0,0,0,0,0,0,0,0,0,0,0,0,0,0,0,0,0,0,0,0,0,0,0,0,0,0,0,0,0,0,9,0,0,0,0,0,0,3,0,0
"T3_H_H5_U71",1718,394,896,927,1205,39,90,110,656,19,0,2,49,4,0,308,14,21,26,0,953,250,0,851,0,222,38,0,6,18,1,39,0,0,0,5,2,21,7,0,11,3,1,19,0,0,11,9,10,0,1,10,0,2,27,0,0,4,0,220,149,2,3,2,2,4,0,27,8,0,10,2,76,6,10,8,2,30,35,30,93,1,0,13,2,6,11,0,0,6,3,11,7,21,0,0,2,0,0,6,20,76,4,0,6,4,7,2,0,0,0,5,9,27,0,3,1,0,10,13,0,2,3,1,1,0,4,0,1,2,4,0,2,0,0,7,0,0,0,0,0,0,5,70,2,31,0,1,0,3,4,2,0,0,0,0,5,10,8,7,0,5,9,0,0,4,7,1,7,0,2,8,1,2,1,18,0,1,17,1,14,1,2,3,11,0,6,2,0,2,0,0,11,7,7,0,32,11,1,4,2,18,0,13,1,7,1,0,0,9,1,2,3,5,0,1,0,3,0,0,7,2,0,0,0,0,3,5,1,0,3,3,12,1,2,15,2,0,0,0,0,0,1,1,1,11,4,3,0,3,0,0,0,0
"T3_H_H5_U72",283,25678,99,0,3379,0,2,74,0,65,0,3963,6,4892,0,264,0,300,206,0,0,0,0,0,0,0,0,0,158,216,5,148,0,451,0,126,899,215,0,0,0,0,1,0,0,0,465,602,0,0,0,123,0,0,0,0,0,0,0,0,0,3,0,0,164,280,0,4,0,0,0,0,0,6,0,0,0,0,0,0,0,0,0,0,0,0,0,0,223,0,0,0,0,0,0,0,0,0,0,2,0,0,0,0,0,0,0,0,0,0,0,0,0,0,0,0,0,0,0,0,0,0,0,128,0,149,0,1,0,0,0,0,0,0,0,0,0,0,0,246,0,0,0,0,0,0,0,0,0,0,0,0,0,0,0,0,0,1,0,0,56,4,0,0,0,0,0,0,0,0,0,0,0,0,0,0,87,0,0,31,0,0,0,0,0,0,0,0,0,0,0,0,0,0,0,0,0,0,53,0,0,0,0,0,0,0,0,3,0,0,0,0,0,0,0,0,0,0,0,0,0,0,0,0,0,0,0,0,0,3,0,0,0,0,0,0,0,0,0,0,0,1,0,0,0,0,0,0,0,1,0,0,0,0
"T3_H_H5_U75",47416,3618,67,252,4897,0,0,674,0,112,0,0,1024,0,0,605,0,0,0,0,0,0,104,0,0,0,0,0,0,0,1,0,148,202,0,0,562,135,33,0,1,0,0,86,0,0,109,72,0,0,0,0,4,0,0,0,0,0,78,0,0,0,0,0,0,0,0,1,0,0,0,0,0,0,0,0,0,0,0,0,0,0,0,0,78,45,0,0,135,0,0,0,0,0,0,0,152,0,0,70,0,0,0,0,0,0,0,0,0,0,0,0,105,0,0,0,0,0,0,0,0,60,0,0,0,0,78,0,0,0,0,0,0,0,0,0,0,0,0,28,0,0,0,0,0,0,0,0,0,0,0,0,0,0,2,0,0,0,0,0,5,14,0,0,0,0,0,0,0,0,0,0,0,0,0,0,0,0,0,0,0,0,0,0,0,0,0,0,0,6,0,0,0,0,0,0,0,0,5,0,0,0,0,0,0,0,0,0,0,0,0,0,0,0,0,0,0,0,0,0,0,0,0,0,0,0,0,0,0,0,0,0,0,0,0,0,0,0,0,0,0,0,0,0,0,0,0,0,0,0,0,1,0,1
"T7_D_D1_B8",103,0,1262,88,1297,1,248,4,44,60,0,0,1,5,0,1,19,17,55,0,0,14,0,4,1,81,2,0,18,46,0,5,0,4,0,130,0,2,0,0,1,1,0,14,0,2,0,0,7,0,272,0,5,2,54,12,24,30,6,0,3,4,0,3,3,2,4,22,2,212,50,3,0,8,4,0,2,3,3,7,25,43,0,0,0,0,40,0,0,0,4,0,0,0,0,0,0,0,0,0,8,0,109,1,4,0,3,0,0,1,15,0,0,0,0,0,1,2,0,3,23,0,0,0,0,1,0,9,1,4,0,0,3,0,6,0,0,0,0,0,1,52,0,5,0,2,13,0,0,0,1,0,0,9,5,0,0,3,0,3,1,0,0,0,3,0,0,17,0,0,0,3,1,0,20,1,0,16,0,0,0,1,0,0,1,0,0,1,0,0,0,0,2,0,0,4,0,0,0,0,0,0,0,0,0,0,2,11,0,0,0,5,0,0,0,0,0,0,0,0,0,0,0,0,0,0,0,0,3,0,0,0,0,9,0,2,0,0,5,0,0,1,0,1,0,0,0,0,0,0,1,0,0,0
"T7_D_D1_K2",1,1,1412,147,268,15,680,7,22,8,20,0,0,5,0,0,0,0,0,0,10,38,0,7,2,168,0,0,0,221,0,1,0,1,0,1,0,4,0,2,3,57,0,0,1,0,0,0,13,2,8,0,6,0,4,0,0,122,0,5,10,0,3,0,0,0,16,26,5,4,14,24,3,77,44,0,6,4,19,0,2,0,1,3,0,0,44,64,0,0,0,0,0,0,0,0,0,0,0,0,2,0,2,1,26,0,2,30,0,1,18,2,0,4,0,0,1,4,0,7,9,0,0,1,0,0,0,0,0,14,0,0,0,0,10,0,0,0,12,0,0,1,4,11,0,0,1,0,0,1,1,0,1,0,0,1,0,9,1,0,0,2,0,0,20,0,0,11,0,0,0,0,1,3,3,8,0,4,0,3,0,0,3,0,0,0,0,2,0,0,1,0,0,0,0,2,0,0,0,0,1,0,0,0,0,0,3,1,0,0,0,4,0,0,0,0,0,0,0,0,0,0,0,8,0,0,0,0,1,1,0,0,0,0,0,1,0,1,1,0,0,1,0,0,0,0,0,1,1,0,0,0,0,0
"T7_D_D1_M1",72,26,471,1810,4939,11,23,17,19,387,0,110,0,23,1,10,25,323,112,0,0,13,0,18,33,1,152,12,56,14,1,16,1,10,0,57,1,17,8,0,2,0,3,36,3,42,17,0,6,0,284,14,1,28,18,5,28,12,3,7,11,4,2,46,6,13,2,0,326,206,51,9,4,0,1,0,7,4,1,18,0,14,3,43,8,2,4,0,2,0,5,4,3,32,2,2,0,0,13,0,13,0,4,0,1,4,14,3,0,0,4,2,1,0,19,0,2,1,3,1,1,0,3,4,0,0,0,3,1,0,2,0,1,0,1,8,0,0,0,0,5,0,1,0,0,3,0,0,2,9,21,0,0,3,0,3,3,2,0,1,1,0,7,0,0,1,3,2,0,0,1,1,0,0,1,0,0,0,0,1,0,1,0,7,0,1,5,0,1,0,0,0,0,7,0,2,0,0,0,1,0,0,0,1,1,9,0,3,0,0,1,0,0,4,0,1,0,3,0,0,0,0,3,0,0,0,1,0,0,1,0,2,0,5,2,0,0,0,2,0,0,0,0,0,0,2,0,2,1,0,3,0,1,0
"T7_D_D1_M2",26,2,1250,272,683,99,894,7,50,28,40,1,1,10,1,13,10,7,4,0,28,114,0,31,5,99,0,1,4,298,0,7,0,2,0,1,0,7,1,4,1,45,0,0,1,0,7,0,14,0,6,0,0,1,51,0,1,179,0,31,25,0,1,4,0,2,89,32,14,2,11,52,7,118,39,0,1,22,18,11,1,0,0,57,1,0,82,17,0,0,0,0,7,0,0,0,0,1,0,0,1,0,1,1,54,1,3,11,0,0,15,6,0,5,2,0,0,1,5,7,2,0,3,5,0,0,0,0,0,33,4,1,1,0,12,4,0,0,33,0,0,2,17,32,0,0,2,0,3,1,0,11,5,1,0,7,9,20,5,0,0,0,4,2,25,1,0,35,1,0,1,0,2,15,24,4,0,29,0,5,1,0,7,1,0,0,4,6,0,0,0,1,0,0,0,1,0,1,0,4,0,1,0,0,3,0,2,0,1,1,1,6,1,1,0,0,1,1,1,0,0,0,0,15,0,1,0,1,1,2,1,1,0,0,0,0,11,3,2,3,2,2,0,1,0,0,0,1,2,0,0,0,0,0
"T7_D_D1_M3",16,16,19,52,80,7,2674,6,14,1,2368,0,0,0,0,3,0,0,0,3,52,34,0,17,0,3,2,0,0,56,0,2,0,0,0,0,0,0,0,0,0,89,0,0,0,0,1,0,1,0,0,0,0,0,5,0,0,65,0,9,7,0,0,0,0,1,0,0,2,0,0,1,1,92,122,0,0,7,23,0,0,0,1,6,0,0,1,75,0,0,0,1,0,0,0,1,0,0,0,0,0,0,0,0,59,0,0,0,0,0,0,8,0,0,0,1,0,1,1,0,0,0,1,0,0,0,0,0,0,72,2,0,0,0,0,1,0,0,0,0,0,0,19,15,0,0,0,0,2,0,6,0,4,0,0,0,3,2,1,0,1,0,1,1,29,3,0,17,0,0,1,0,0,0,6,1,1,6,1,0,1,0,1,2,0,0,2,5,0,0,1,1,3,0,1,0,0,0,0,4,0,0,0,1,2,0,4,1,0,0,1,3,0,0,0,0,0,0,0,2,0,0,0,8,0,0,0,0,1,0,0,1,0,0,2,0,3,6,0,0,4,2,0,9,0,0,0,6,0,0,0,0,0,0
"T7_D_D1_M5",15,2,79,59,197,4,2966,6,15,12,6425,0,0,2,0,1,4,1,0,1,190,92,0,22,3,5,2,0,0,132,0,1,0,0,0,0,0,4,0,0,0,306,0,0,0,1,0,0,8,0,0,0,1,1,6,0,0,121,0,14,9,0,0,0,0,1,4,2,2,0,1,22,1,153,260,0,0,16,42,0,0,0,2,6,0,0,9,252,0,2,0,3,1,0,0,1,0,0,0,0,1,4,0,1,67,1,0,1,0,1,0,3,1,3,0,4,0,1,2,0,1,0,2,0,0,0,3,1,0,79,1,0,0,0,0,1,0,0,1,0,0,0,31,29,0,0,1,0,2,0,4,0,6,0,0,0,6,17,16,0,0,0,1,0,34,7,3,11,0,0,0,0,1,0,8,5,0,11,0,0,0,1,0,3,0,0,0,12,0,0,0,0,4,0,0,0,0,0,0,0,0,1,0,0,10,0,7,1,0,0,0,6,0,0,0,0,0,0,4,15,0,0,0,34,0,2,0,1,3,0,0,0,1,0,0,0,3,6,2,0,6,2,0,2,0,0,0,3,0,0,0,0,0,0
"T7_D_D1_U17",110,6,2778,697,2425,123,1401,3,73,69,30,0,3,8,0,28,122,20,9,0,18,321,1,26,3,139,2,0,9,289,0,23,0,3,0,35,0,21,0,0,8,26,0,3,0,1,0,0,11,0,180,2,0,2,85,14,23,119,21,63,47,3,0,2,0,2,32,63,58,114,40,8,30,224,20,6,5,57,10,96,0,12,1,134,0,2,57,19,0,0,1,0,14,1,0,3,0,0,4,0,13,2,12,1,148,0,21,4,0,2,10,4,2,13,0,0,2,0,9,7,0,0,0,3,1,0,4,18,0,27,4,0,4,0,2,2,0,0,17,0,1,15,22,15,0,0,11,0,9,1,15,0,15,0,8,7,8,28,4,0,0,0,11,1,28,1,1,55,0,0,0,0,4,1,53,7,0,27,0,4,1,0,6,10,2,0,1,13,0,0,3,0,2,0,0,0,0,2,0,0,0,1,1,0,3,0,8,9,5,0,0,4,0,0,1,0,1,2,1,0,0,0,0,17,0,2,1,1,28,3,1,3,3,2,0,1,3,4,21,3,0,5,0,9,0,0,0,3,3,0,0,0,1,1
"T7_D_D1_U19",16,2,2197,178,578,78,658,10,51,65,48,0,0,3,3,4,7,5,1,1,36,73,0,18,5,103,0,0,1,184,0,1,0,0,0,3,0,6,0,4,3,34,0,0,2,1,0,0,32,2,3,0,0,0,127,1,5,155,1,25,15,1,1,0,0,0,106,38,8,1,39,108,8,83,13,0,2,5,27,11,7,1,0,20,0,2,36,15,0,0,0,0,1,0,0,0,0,0,0,0,7,2,1,1,35,1,5,55,0,0,34,2,0,4,1,1,0,0,0,9,3,0,3,2,0,0,0,1,4,21,1,0,3,0,13,0,0,0,33,0,1,1,6,16,0,0,0,0,7,0,2,5,1,1,1,3,0,12,8,0,0,0,4,1,17,0,0,46,2,0,0,0,5,19,61,7,1,58,1,1,1,0,3,1,0,0,1,9,0,0,3,0,0,0,0,7,0,0,0,1,0,4,1,0,5,0,6,2,2,0,0,7,1,0,1,0,0,0,1,4,2,0,0,5,0,0,0,0,6,1,3,1,0,0,0,1,2,2,0,3,1,1,0,0,0,0,1,2,0,0,0,0,0,0
"T7_D_D1_U33",486,0,5998,1170,3714,32,524,30,327,361,0,20,6,66,0,121,146,182,423,0,0,485,0,122,100,250,169,0,144,85,0,74,0,12,4,508,4,39,21,0,14,12,2,224,0,40,61,0,11,3,533,36,0,16,451,95,127,178,1,41,23,3,0,0,7,22,107,133,298,375,95,7,10,44,5,0,34,58,13,79,24,149,6,119,4,0,93,0,16,0,6,4,33,24,0,4,0,0,7,0,50,8,194,11,36,18,45,5,0,0,3,10,8,5,0,1,24,0,3,11,0,0,8,12,0,0,3,19,0,9,16,0,3,8,4,58,0,0,30,3,0,96,15,23,16,23,4,0,44,40,6,0,0,62,4,13,0,16,1,0,4,0,29,0,5,0,0,35,1,2,5,29,20,0,42,1,2,34,0,1,1,2,2,0,3,0,3,3,2,2,3,3,1,0,50,0,0,0,0,3,0,5,0,0,8,4,0,16,7,0,3,6,4,0,0,0,7,1,4,0,0,14,1,2,0,6,0,0,4,3,4,0,0,15,0,9,9,1,10,2,0,1,0,1,0,1,2,2,3,0,2,0,2,1
"T7_D_D1_U37",23,0,54,82,153,15,2763,6,172,12,5080,0,0,0,3,4,2,0,0,0,66,63,3,146,1,7,0,1,1,90,0,5,0,0,0,0,0,3,1,1,0,278,1,6,0,0,2,0,12,1,0,0,1,0,17,0,0,124,1,4,11,0,1,0,0,2,5,0,2,1,0,14,9,132,299,0,0,6,24,4,4,0,0,12,0,0,17,164,0,2,0,1,1,0,0,0,0,0,0,0,0,12,0,0,62,0,1,0,0,0,0,28,0,3,0,0,0,0,4,0,0,0,5,0,0,0,1,0,0,0,2,0,0,0,0,3,1,0,0,0,1,0,85,17,0,0,0,0,5,0,3,3,5,0,0,0,7,8,6,0,1,0,2,0,31,2,1,28,5,0,0,0,7,1,10,1,0,24,3,0,1,0,0,6,0,0,0,6,0,0,2,0,2,0,0,0,0,1,0,0,0,0,1,1,1,2,2,0,2,4,0,3,0,0,0,0,0,2,0,3,0,0,1,7,0,0,0,0,4,0,0,0,0,0,0,2,7,7,2,0,6,12,2,2,0,2,2,2,0,0,0,0,0,0
"T7_D_D1_U39",272,67,4577,1100,1685,107,325,15,26,126,4,2,8,6,2,29,96,20,29,3,1,111,1,33,199,164,10,0,6,86,0,25,2,4,1,47,0,1,0,0,11,1,1,16,0,2,4,1,58,0,23,4,0,0,58,57,5,96,14,30,41,2,0,1,0,4,214,99,11,26,76,19,43,27,13,30,89,68,0,52,1,23,2,27,0,6,187,2,0,6,2,9,12,7,7,26,0,3,2,0,10,5,66,41,18,3,16,33,0,4,19,4,1,6,0,3,0,0,3,10,0,0,1,0,0,0,7,8,0,8,10,0,7,0,12,2,0,0,97,0,0,29,5,13,0,21,4,0,4,0,3,3,8,1,15,2,1,36,9,0,4,0,1,0,15,24,3,14,0,0,1,1,6,2,12,2,0,15,0,1,0,0,1,2,0,0,6,17,0,1,0,0,2,12,0,0,2,0,0,0,0,1,0,0,1,0,3,0,12,1,3,14,0,0,0,1,1,0,1,0,0,2,0,1,0,1,1,4,7,1,0,0,0,4,1,1,3,0,3,3,0,0,2,8,0,0,0,2,10,0,0,0,0,0
"T7_D_D1_U4",5,0,890,11,106,1,1315,8,6,13,1394,0,0,3,3,2,0,0,0,0,44,43,0,5,1,61,0,0,1,112,0,0,0,0,0,0,0,2,0,0,7,167,0,1,0,1,0,0,114,0,0,1,25,0,5,0,0,60,4,0,0,1,0,8,0,0,0,27,0,0,3,169,0,86,120,0,13,12,31,1,0,0,0,2,0,0,27,119,0,7,0,1,3,0,0,0,0,0,0,0,1,0,0,0,38,0,0,66,0,4,32,1,0,1,0,0,0,4,2,6,33,0,2,0,0,1,0,3,3,38,1,0,12,0,32,0,0,0,0,0,1,0,0,10,0,0,4,0,0,0,1,1,0,4,3,1,0,6,3,1,0,1,0,1,25,4,0,12,0,0,0,0,9,1,10,1,1,9,0,0,0,0,0,0,0,0,0,7,0,0,0,0,0,0,0,2,0,0,0,1,0,0,0,0,0,0,1,1,0,0,0,4,0,0,3,0,0,0,0,2,0,0,10,9,1,0,0,0,0,0,0,0,0,0,1,0,0,0,0,1,1,0,0,0,0,0,0,0,0,0,0,0,0,0
"T7_D_D1_U41",36,0,33,78,174,13,6662,5,21,4,5635,0,0,3,0,5,1,1,0,0,71,73,0,115,1,6,0,0,1,63,0,1,1,0,0,1,0,1,0,1,0,1008,0,4,0,0,4,0,5,0,0,0,0,0,7,0,0,50,0,5,6,0,0,0,0,1,12,2,1,0,0,10,4,83,701,0,0,9,13,1,1,0,1,7,0,2,15,599,0,1,0,1,0,0,0,2,0,0,0,0,0,13,0,0,39,0,0,0,0,0,0,18,0,5,0,1,0,2,15,0,0,0,0,0,0,0,1,0,0,164,2,0,1,0,0,0,0,0,0,0,1,0,58,9,0,0,0,0,0,0,0,0,3,0,0,0,15,10,5,0,4,0,2,0,36,3,0,15,2,0,0,0,8,0,8,0,0,17,1,1,1,2,5,2,0,0,1,2,0,0,6,0,0,2,0,0,0,2,0,0,0,0,2,0,6,0,2,1,0,0,1,1,1,0,0,0,0,0,0,3,1,0,0,7,0,0,1,0,2,0,0,2,0,0,3,0,16,13,2,0,7,6,0,2,0,0,0,0,0,0,0,0,0,0
"T7_D_D1_U43",25,6,88,180,529,13,2024,19,106,10,3634,0,0,0,0,5,1,2,1,0,61,75,0,128,0,12,4,0,3,49,0,3,0,0,0,0,0,6,0,2,0,509,1,3,0,0,11,0,8,0,0,1,2,1,8,0,0,114,0,28,25,0,0,0,0,0,14,4,8,0,1,18,31,79,264,0,0,9,37,13,0,0,0,21,0,0,14,250,0,1,0,0,0,0,0,0,1,0,0,0,3,7,0,0,65,3,3,1,0,1,0,12,4,6,0,2,0,0,6,0,0,0,23,1,0,0,3,0,0,51,0,0,0,0,0,6,0,0,0,0,0,0,67,17,0,1,0,0,3,0,7,0,1,0,0,0,17,3,10,0,0,0,0,0,34,4,0,9,13,0,0,0,9,0,5,9,0,9,2,0,4,0,0,10,2,0,4,2,0,0,3,2,1,0,0,0,0,1,0,0,0,1,1,0,5,0,1,6,1,1,4,1,2,0,0,0,0,1,0,14,1,0,0,6,0,0,0,1,2,0,1,0,2,0,2,2,22,7,0,0,6,12,0,9,1,2,0,4,0,2,3,0,0,0
"T7_D_D1_U44",60,19,286,53,216,10,4998,28,33,18,6080,0,5,2,0,2,4,4,0,0,304,175,0,76,10,28,0,1,6,128,0,2,0,2,0,0,1,2,0,0,1,613,14,6,0,0,3,0,13,0,0,0,5,0,25,0,0,351,0,11,8,1,0,1,0,0,12,5,4,0,4,91,6,164,325,0,0,54,84,2,0,0,3,11,0,1,126,268,0,5,0,3,3,0,0,1,2,0,0,0,0,9,0,0,98,0,1,3,0,1,1,9,1,4,0,2,0,3,3,4,0,0,7,3,0,1,3,3,0,125,5,0,0,0,5,0,0,3,0,0,4,0,30,50,0,0,0,0,0,0,1,0,13,0,0,0,5,17,15,2,0,0,1,1,47,9,2,20,1,0,0,0,43,0,8,5,2,14,0,1,1,0,18,1,0,0,1,16,0,0,0,0,2,0,0,0,0,2,0,2,0,0,1,0,16,0,7,3,1,0,0,10,0,0,2,0,0,1,0,12,1,0,0,9,0,0,0,0,2,0,0,0,0,0,2,0,2,14,2,1,5,2,0,3,0,0,0,0,0,2,1,0,0,0
"T7_D_D1_U46",29,0,2909,115,1053,2,92,7,44,198,0,0,0,0,0,4,15,28,76,1,0,16,0,1,1,128,4,0,6,19,0,1,0,1,0,119,0,2,0,0,8,2,1,34,0,15,1,0,6,0,817,0,0,8,62,9,356,21,0,5,1,1,0,5,0,1,3,71,4,679,203,2,0,6,0,0,3,11,2,1,1,27,0,4,0,0,9,0,0,0,14,0,0,0,0,0,0,0,0,0,10,0,124,1,5,0,8,9,0,1,25,0,2,1,1,0,2,0,0,14,11,0,0,0,0,0,0,116,0,5,0,0,16,0,14,0,0,0,6,0,0,103,0,7,0,0,4,0,0,1,0,0,0,0,0,3,0,3,0,0,0,0,0,0,5,0,0,9,0,1,0,3,48,0,11,0,0,9,0,0,0,1,0,0,0,0,0,1,0,0,0,0,2,1,0,15,0,0,0,0,0,0,1,0,0,0,4,4,2,0,0,2,0,0,1,0,1,0,0,0,0,2,0,0,0,0,0,0,0,0,2,0,0,12,0,0,0,0,1,0,0,0,0,0,0,0,1,0,0,0,0,0,0,0
"T7_D_D1_U5",1,0,37,14,27,0,632,0,5,1,2325,0,0,0,1,1,0,1,0,0,7,23,0,2,0,3,0,0,1,24,0,0,0,0,0,1,0,1,0,0,0,26,0,1,0,0,0,0,10,0,0,0,4,0,1,0,0,42,2,2,0,0,0,0,0,0,0,2,2,0,0,33,2,52,31,0,0,3,6,0,0,0,0,2,0,0,24,25,0,0,0,0,0,0,0,0,0,0,0,0,0,0,0,0,19,0,0,1,0,0,1,0,0,0,0,0,0,1,0,1,1,0,0,1,0,0,0,0,0,17,0,0,0,0,1,0,0,1,0,0,1,0,3,6,0,0,0,0,3,0,3,0,3,3,0,2,5,0,3,0,0,0,0,1,8,0,0,8,0,0,0,0,2,0,1,0,1,0,0,1,0,0,2,0,0,0,1,3,0,0,1,0,2,0,1,0,0,0,0,0,0,0,0,0,0,0,2,0,0,0,0,4,1,0,0,0,0,0,0,0,0,0,0,4,0,0,0,0,1,0,0,1,0,0,0,0,1,1,0,1,3,3,0,0,0,0,0,1,2,0,0,0,1,0
"T7_D_D1_U55",7,1,1005,166,297,52,230,9,19,25,47,1,2,3,0,3,5,1,0,0,21,187,0,9,4,137,3,0,1,83,0,2,0,0,0,3,0,5,0,2,2,40,1,3,3,2,0,0,19,0,6,1,1,1,9,0,4,153,1,19,14,2,7,2,0,5,10,21,10,3,4,36,12,91,11,0,2,9,14,6,0,0,0,18,0,2,162,14,0,4,0,0,2,0,0,0,0,0,1,0,3,1,3,0,52,0,0,30,0,0,19,3,0,4,0,0,0,1,1,7,0,0,2,0,0,0,0,1,0,5,1,0,0,0,10,1,0,3,6,0,0,0,3,26,0,0,0,0,2,0,0,50,6,0,0,1,4,19,2,0,0,0,2,0,10,1,0,5,0,0,0,0,0,51,2,3,0,2,0,1,0,0,5,0,0,0,1,3,0,0,0,0,1,0,1,6,0,1,0,0,0,0,0,0,1,0,7,1,0,0,0,9,0,0,0,0,0,0,0,0,2,2,1,4,0,1,0,2,1,0,1,1,0,0,0,1,1,3,2,0,0,1,0,0,0,1,0,1,1,0,1,0,0,0
"T7_D_D1_U58",145,8,7172,67,291,0,15,16,6,89,0,580,0,7,1,4,1,23,74,6,0,1,2,2,10,4,17,5,11,2,0,3,2,2,5,11,0,3,0,0,16,0,1,11,0,7,6,0,5,1,3,2,491,6,7,2,883,10,66,2,2,215,0,84,3,1,0,2,11,5,93,6,2,0,0,0,4,1,3,2,1,6,2,0,0,0,17,0,3,2,0,1,1,7,80,0,0,1,1,1,5,0,11,3,0,4,1,10,0,0,49,0,0,0,57,0,7,112,1,17,357,0,0,0,0,38,0,252,74,0,0,0,7,0,5,1,5,6,0,0,7,6,0,2,0,1,59,0,5,1,3,0,0,16,34,3,2,0,0,0,2,0,2,0,0,0,0,0,0,0,0,1,47,3,0,0,0,0,0,0,0,4,0,2,1,0,0,0,0,0,0,0,1,2,0,63,0,0,0,0,0,0,0,0,0,0,2,0,0,0,0,3,0,0,9,0,0,0,0,0,0,1,8,0,0,0,0,0,0,0,0,0,0,0,0,0,0,0,0,0,0,0,2,0,0,1,0,0,0,0,0,0,0,0
"T7_D_D1_U65",12,0,1413,17,82,0,1175,1,10,4,1688,0,0,0,0,4,0,2,0,0,7,35,0,5,0,36,0,0,0,45,0,1,0,0,0,0,0,3,0,0,1,155,1,0,0,2,3,0,3,0,0,0,4,0,4,0,0,29,0,0,6,0,0,0,0,0,8,35,0,0,11,10,0,103,127,0,2,8,6,2,0,0,0,1,0,0,1,75,0,0,0,0,2,0,0,0,0,0,0,0,0,1,0,1,25,0,1,18,0,0,9,0,0,1,0,0,0,0,0,2,8,0,0,0,0,0,0,31,1,32,2,0,0,0,5,1,0,0,7,0,0,0,8,6,0,0,1,0,2,0,0,0,0,1,0,0,1,5,1,0,0,0,0,0,18,1,0,21,1,0,1,0,37,0,9,1,0,18,0,0,0,0,0,0,0,0,0,5,0,0,0,0,0,0,0,0,0,1,0,0,0,0,0,0,1,0,1,0,0,0,0,0,1,0,0,0,0,0,0,3,0,0,0,9,0,0,0,0,0,2,0,0,0,0,1,0,2,1,0,0,1,0,0,0,0,0,0,3,1,0,0,0,0,0
"T7_D_D1_U72",0,9,21,56,105,7,2550,9,13,5,3810,0,0,1,1,1,0,0,0,0,41,71,0,50,1,1,0,0,2,44,0,2,0,0,0,0,0,3,0,0,0,199,0,3,0,0,0,0,1,0,0,0,0,0,12,0,0,58,0,5,14,0,0,0,0,0,1,0,0,0,0,15,2,74,130,0,0,10,20,0,0,0,0,4,0,0,10,91,0,0,0,0,0,0,0,1,0,0,0,0,4,0,0,0,29,0,0,0,0,0,0,13,0,8,0,0,0,0,5,0,0,0,9,0,0,0,2,0,0,31,5,0,0,0,0,2,0,0,0,0,0,0,27,22,0,0,0,0,0,0,1,0,11,0,0,0,10,11,6,0,2,0,1,0,24,4,0,4,4,0,0,0,0,0,4,2,0,6,1,1,2,0,1,4,0,0,0,8,2,0,2,0,4,0,1,0,0,0,0,1,0,2,1,0,7,1,2,2,0,5,0,2,1,0,0,0,0,0,3,10,0,0,0,11,0,0,3,0,2,0,0,0,0,0,0,0,5,5,0,0,2,12,0,3,0,0,0,0,0,0,0,0,0,0
"T7_D_D1_U93",67,0,383,8,46,3,498,2,5,6,925,0,0,0,0,0,1,0,0,0,32,17,0,1,2,7,0,0,0,33,0,0,0,0,0,0,0,0,0,1,0,35,0,0,0,0,0,0,14,0,0,0,66,0,9,0,0,70,1,1,1,0,0,2,0,0,13,10,0,0,1,47,5,2,13,0,2,3,14,0,0,0,0,1,0,0,25,15,0,3,0,1,1,0,0,1,0,0,0,0,0,0,0,1,4,0,0,3,0,0,1,0,1,0,0,0,0,13,0,0,5,0,0,0,0,0,0,1,1,9,0,0,0,0,1,0,0,0,0,0,1,0,1,19,0,0,2,0,2,0,1,3,3,4,0,0,0,2,1,0,0,0,1,0,4,0,0,5,0,0,0,0,18,1,0,4,0,2,0,0,0,1,0,0,0,0,1,1,1,0,0,0,0,0,3,0,0,0,0,0,0,0,0,0,2,0,5,0,0,0,0,2,0,0,1,0,0,0,0,0,0,0,2,2,0,0,0,0,0,0,0,0,0,0,0,0,0,0,0,0,1,0,0,0,0,0,0,1,0,0,0,0,0,0
"T7_D_D1_U98",6,0,3061,225,1084,17,532,4,12,36,4,0,0,3,1,8,27,8,0,0,3,142,0,6,1,201,1,0,2,95,0,6,0,1,0,13,0,9,0,0,5,14,0,3,1,2,8,0,2,0,23,3,0,3,43,2,2,41,1,17,16,0,0,3,0,6,19,52,20,21,76,7,9,117,13,0,8,14,0,14,0,7,0,36,0,0,57,8,0,0,1,0,2,0,0,0,0,0,1,0,1,2,25,4,43,0,5,20,0,0,13,0,0,3,0,0,0,0,4,10,0,0,1,5,0,0,0,7,0,12,1,0,2,0,2,3,0,0,11,0,0,22,5,7,0,1,4,0,6,0,6,1,4,0,1,1,1,24,1,0,0,0,0,1,24,2,0,21,2,0,0,0,4,0,26,1,0,34,0,0,0,0,0,2,0,0,0,7,0,0,0,0,1,0,1,0,0,0,0,0,0,0,0,0,2,0,1,2,2,0,0,3,0,0,0,0,0,2,0,0,0,0,1,5,0,0,0,0,14,1,2,0,0,1,0,1,8,0,2,3,0,2,0,1,0,0,1,3,0,0,0,0,0,0
"T7_D_D2_B10",917,1,815,781,538,251,852,321,378,28,24,0,25,4,0,97,15,32,7,1,379,888,5,474,20,177,239,0,4,141,0,57,0,5,0,0,6,19,1,4,20,211,6,0,0,0,26,0,27,0,12,16,4,9,34,0,0,158,0,91,246,7,17,0,0,6,0,16,30,2,5,20,143,71,34,21,3,72,98,117,22,0,8,105,4,2,23,16,0,105,0,77,4,0,0,8,14,0,0,1,9,113,0,1,52,0,1,1,0,0,1,19,15,28,0,0,0,0,28,10,0,3,6,0,0,0,6,2,0,22,69,7,0,0,1,21,0,0,0,0,0,0,33,58,0,5,0,0,41,4,12,0,60,0,0,16,23,17,20,10,2,6,22,0,8,42,0,3,106,0,2,0,13,4,1,17,0,2,0,3,0,0,291,0,18,0,18,16,21,1,0,9,23,0,36,0,0,5,0,9,0,23,0,6,12,8,3,1,4,18,12,0,9,5,0,0,6,20,14,11,3,5,0,0,10,7,8,0,0,0,1,0,20,0,0,0,1,3,3,1,7,2,0,1,0,1,3,2,0,0,0,0,0,0
"T7_D_D2_K1",394,0,159,283,142,41,247,150,282,17,1,0,0,0,10,41,7,7,11,0,155,201,2,161,0,41,89,2,2,39,0,12,0,0,0,0,2,1,1,1,13,24,0,8,0,0,13,0,11,0,0,3,0,0,4,7,0,75,2,30,51,1,0,3,0,1,0,0,5,1,2,2,20,26,19,3,0,21,44,27,107,0,2,16,0,2,30,2,0,23,0,31,2,0,0,1,3,0,0,0,1,76,2,0,23,2,2,0,0,0,1,0,5,9,0,1,3,0,0,1,0,0,6,0,1,0,6,0,0,0,11,0,2,0,0,5,0,0,0,0,0,0,17,46,0,19,0,0,5,1,0,1,32,48,0,16,3,8,2,3,0,0,3,0,3,13,2,0,2,0,1,0,0,0,0,8,0,0,7,0,2,0,13,1,10,0,1,4,3,0,0,1,4,2,3,0,8,0,0,2,0,3,0,4,1,0,2,0,1,1,1,8,1,3,0,0,0,0,7,0,3,0,0,1,1,0,0,1,0,0,0,0,2,1,0,0,1,1,1,0,1,1,0,1,1,3,0,0,1,1,0,0,0,1
"T7_D_D2_M1",138,20,8221,516,37,27,137,19,529,53,0,4,5,13,0,93,35,96,28,0,0,44,0,14,68,763,307,0,8,36,0,23,0,9,0,82,2,6,4,0,12,2,3,7,31,1,17,2,7,0,128,10,0,5,23,331,78,15,21,5,33,0,0,5,2,5,1,198,110,93,122,7,8,9,4,0,69,3,5,38,84,25,1,8,1,2,16,0,1,0,0,0,5,0,1,1,0,0,3,0,4,0,97,38,10,1,15,19,0,1,23,0,3,9,0,0,0,0,1,23,0,0,6,0,0,0,3,45,0,4,2,0,3,0,4,4,0,0,4,0,1,56,7,2,1,4,12,0,3,1,4,0,0,0,9,13,2,3,0,0,4,0,0,0,2,0,0,6,1,0,3,0,0,0,2,1,0,3,2,0,0,0,2,0,7,0,0,2,15,2,0,0,1,1,0,5,2,0,0,4,0,1,0,0,0,0,5,3,0,0,3,6,2,5,1,1,5,1,0,0,0,6,0,0,1,0,0,0,3,0,12,1,0,4,11,2,2,0,1,4,0,4,0,5,0,1,0,5,4,0,0,0,2,0
"T7_D_D2_M10",130,0,6684,77,8,26,245,71,77,55,3,0,3,2,0,22,39,25,36,8,1,32,0,9,1899,780,66,0,11,41,0,1,0,0,0,45,0,0,1,0,63,0,6,1,0,0,4,0,50,0,70,0,0,3,26,81,453,18,77,3,4,0,0,6,0,0,0,146,8,49,49,12,1,14,2,1,751,18,6,5,727,18,0,1,3,0,11,0,0,3,6,3,0,0,0,2,1,0,3,1,3,0,42,477,1,4,3,44,0,1,48,0,1,0,3,1,1,0,0,87,1,0,0,2,0,0,0,161,0,6,0,0,22,2,22,2,0,0,0,0,8,37,2,7,0,1,80,1,0,1,0,0,0,0,53,2,0,4,0,0,1,2,0,3,2,0,0,5,0,3,0,3,11,0,7,0,0,3,0,0,0,1,0,0,0,0,0,2,1,0,0,0,0,0,1,1,1,0,0,0,0,0,0,0,0,0,1,3,1,0,0,1,1,0,0,0,0,0,0,0,0,5,0,0,0,0,0,0,3,0,2,0,1,1,0,0,0,0,0,1,0,0,0,3,1,0,1,2,0,0,0,0,1,0
"T7_D_D2_M5",589,181,218,443,182,40,345,275,186,11,0,2,0,5,0,27,4,13,4,4,239,249,1,310,0,43,46,0,4,56,0,21,0,1,0,0,4,9,0,1,17,61,2,0,0,1,15,0,9,0,2,0,1,4,10,0,0,37,0,46,44,0,0,0,3,0,0,0,6,0,0,3,112,36,31,5,0,33,85,17,5,0,5,31,0,1,12,3,0,66,0,76,2,0,0,0,12,0,0,1,5,34,0,0,26,1,0,1,0,2,0,0,5,22,0,1,0,4,2,5,0,1,19,4,1,0,3,0,0,0,15,0,0,0,0,7,0,0,0,0,0,0,25,18,2,1,0,0,10,4,7,0,7,0,0,1,6,19,12,6,0,0,0,0,5,14,6,1,35,0,4,0,7,3,3,18,6,2,12,3,0,3,10,0,14,0,6,12,6,1,0,3,0,0,5,0,1,2,1,3,0,1,0,0,1,6,0,1,0,8,1,2,14,4,0,0,0,1,1,1,0,0,0,1,0,0,2,0,0,0,0,1,2,2,0,3,6,1,1,1,1,0,0,1,0,4,8,0,2,0,0,0,0,0
"T7_D_D2_M7",1,0,181,38,130,9,6571,5,17,9,6530,0,0,1,2,5,0,0,0,0,38,70,0,15,0,10,0,0,0,167,0,0,0,0,0,0,0,3,0,0,0,138,0,6,0,0,2,1,38,0,0,0,17,1,5,0,0,115,6,2,6,0,0,3,0,0,1,4,0,0,2,92,6,240,261,0,0,4,31,1,2,0,0,9,0,0,34,211,0,0,0,1,0,0,0,0,0,0,0,0,0,0,0,0,107,0,1,1,0,0,3,7,1,9,0,0,0,4,0,2,0,0,1,0,0,0,0,0,0,165,0,0,2,0,0,0,0,0,0,0,7,0,23,18,0,0,0,0,2,0,0,0,22,8,1,0,6,7,15,0,0,0,1,1,46,0,0,26,4,0,0,0,6,1,17,0,0,26,0,3,2,0,12,2,0,0,0,6,0,0,0,0,2,0,2,1,0,0,0,0,0,1,0,1,2,0,3,4,0,0,0,8,0,0,1,0,0,0,1,5,0,0,0,16,0,0,2,2,9,0,0,0,0,0,0,0,5,6,2,0,8,10,0,1,0,0,0,1,2,0,1,0,0,0
"T7_D_D2_U11",517,23,17670,477,52,437,72,23,214,45,38,6,4,2,1,94,21,20,5,0,25,77,0,31,440,604,164,0,4,21,0,17,0,4,0,20,0,2,4,0,21,5,14,4,3,4,1,1,155,0,43,1,0,4,13,6,88,54,30,33,102,28,0,28,0,0,7,425,63,40,100,142,24,4,3,2,390,10,5,82,630,5,2,57,0,0,68,1,0,3,3,2,2,0,0,1,0,0,0,1,0,3,8,236,6,1,23,151,0,2,165,8,0,5,18,0,0,0,1,25,10,0,17,1,1,37,2,66,10,2,5,0,87,0,72,10,0,0,6,0,0,13,4,15,3,0,21,0,5,0,4,0,10,3,10,7,5,3,4,0,0,1,4,0,0,1,7,0,10,0,0,0,5,0,1,6,0,0,19,0,0,1,5,1,1,0,5,2,11,0,0,0,0,2,7,22,0,1,0,3,0,1,17,0,0,5,8,0,0,0,0,3,2,10,1,0,0,0,3,4,0,2,4,0,0,0,0,2,1,0,8,1,0,0,2,0,1,0,0,18,0,1,1,0,2,0,0,4,1,0,0,1,2,0
"T7_D_D2_U14",3,1,1810,177,32,31,110,4,293,21,3,0,0,0,1,49,2,11,0,0,3,13,0,19,19,151,97,1,3,15,0,14,0,5,0,3,0,0,3,0,1,0,4,0,22,0,2,0,10,0,11,2,0,3,3,5,4,4,0,25,61,0,0,2,0,1,0,51,44,8,49,10,51,8,5,0,17,1,1,13,31,1,0,23,0,0,6,0,0,0,0,0,0,0,0,0,0,0,0,0,2,0,11,6,4,0,8,8,0,1,14,14,2,1,0,0,0,1,2,3,0,0,6,0,0,0,0,5,0,4,1,0,6,0,13,2,0,0,0,0,0,7,8,4,0,2,0,0,2,2,2,0,2,1,0,1,1,2,0,0,4,0,3,0,2,0,1,2,12,0,3,0,0,0,1,0,0,2,20,0,0,0,6,2,4,0,3,0,3,0,0,0,0,0,1,0,0,0,0,4,1,8,0,0,2,0,2,0,0,0,0,0,5,1,1,1,1,2,7,0,0,0,0,0,0,0,0,2,5,0,8,0,0,0,3,0,1,0,0,5,0,1,0,1,0,0,0,2,2,0,0,0,0,0
"T7_D_D2_U15",516,13,4717,221,47,5,925,490,13,26,47,0,5,1,1,4,13,9,0,0,1793,339,1,11,13,374,0,0,0,140,0,0,0,1,0,0,1,5,0,0,159,76,0,0,3,2,0,1,157,0,5,2,47,1,11,0,111,16,1,65,39,32,0,0,0,0,6,88,0,4,25,107,2,111,18,0,6,50,155,0,0,0,0,3,0,3,1,17,0,96,0,102,0,0,0,1,24,0,0,1,2,2,0,6,63,0,0,49,0,5,64,1,1,3,0,1,0,27,0,135,20,0,0,0,0,6,10,24,0,16,3,0,38,0,34,0,0,0,4,0,16,0,6,13,1,0,1,1,0,0,0,1,18,0,7,1,2,23,15,11,0,3,0,0,16,17,0,1,0,0,0,0,0,0,1,17,0,8,1,0,0,7,3,0,0,0,0,25,0,0,0,1,0,0,0,0,0,0,0,0,0,0,0,0,0,0,0,1,0,2,0,3,0,0,0,0,0,0,5,0,0,0,0,4,0,0,0,0,1,0,1,0,0,0,0,0,0,0,0,6,1,0,0,2,0,0,0,0,6,0,0,0,2,1
"T7_D_D2_U20",20,0,725,2065,340,264,922,380,626,111,18,0,0,1,0,192,51,13,16,0,1560,1075,5,1041,0,170,480,0,13,119,0,71,0,0,0,0,7,10,15,8,23,159,21,15,1,2,34,0,52,0,0,7,6,0,67,0,0,154,2,186,79,0,4,0,0,2,0,31,18,0,4,9,41,107,71,4,0,68,171,50,68,0,8,76,1,2,24,8,0,102,0,67,29,0,0,1,17,0,0,0,4,325,0,0,76,4,1,2,0,0,2,32,5,39,0,0,3,0,23,14,1,0,30,1,1,0,11,2,2,25,54,5,10,0,1,5,0,2,0,0,0,0,75,73,3,0,0,1,34,0,3,0,276,0,0,16,0,28,21,16,0,9,38,4,3,29,0,8,4,0,6,0,4,0,4,29,3,8,17,1,0,4,39,9,2,0,6,18,0,0,0,0,27,0,0,0,0,8,0,0,3,2,2,4,9,0,11,3,0,10,0,5,6,0,0,1,0,17,5,16,4,9,0,5,0,6,0,0,2,0,1,7,8,0,4,11,5,4,1,2,2,3,0,3,0,2,3,1,1,0,1,0,0,0
"T7_D_D2_U31",73,15,3775,462,9,379,1185,8,338,28,55,2,2,5,0,23,73,12,1,0,2,140,0,10,74,308,53,1,9,144,0,9,0,3,0,7,1,7,3,0,3,4,0,3,6,1,1,0,18,0,84,1,0,0,20,12,38,50,14,26,56,0,0,0,0,1,0,97,46,69,53,21,5,133,4,0,57,6,9,29,98,2,3,25,2,0,105,2,0,0,10,0,7,0,0,0,0,0,2,0,0,0,9,27,63,1,19,6,0,1,6,4,3,4,0,0,0,0,1,6,0,0,8,0,0,0,6,18,0,27,1,0,6,0,12,0,0,0,0,0,0,7,5,15,0,0,11,0,3,2,0,0,12,0,17,6,0,5,4,0,1,0,0,0,8,3,0,17,0,0,0,0,0,0,11,1,0,11,0,0,1,0,9,1,0,0,0,1,0,0,0,0,0,0,2,3,0,0,0,4,0,0,0,0,1,0,7,11,1,0,0,6,0,2,1,0,0,0,0,0,0,0,0,3,0,0,0,0,27,0,3,2,0,0,1,0,0,4,1,7,0,3,0,3,0,0,0,3,2,0,0,0,4,0
"T7_D_D2_U37",533,1,488,554,543,124,789,51,453,29,1,0,16,0,0,38,23,9,0,1,580,472,0,300,2,115,48,0,1,190,0,15,0,0,0,0,1,8,1,2,8,445,0,6,0,0,14,0,27,0,0,0,7,1,22,0,1,66,0,84,150,0,2,0,0,2,0,9,10,3,6,11,26,81,67,1,1,31,69,22,4,0,3,43,0,5,1,30,1,13,0,9,6,0,0,0,0,0,0,2,0,302,0,0,49,0,6,3,0,0,1,24,3,37,0,2,0,0,3,3,1,0,31,2,0,2,2,0,0,16,26,0,16,0,0,6,0,0,0,0,0,0,27,28,0,0,0,0,15,5,3,1,38,0,0,6,1,18,15,4,0,2,1,0,7,19,1,4,17,0,3,0,0,0,5,32,1,1,4,0,0,0,40,2,7,0,5,5,2,0,1,0,13,0,10,0,0,2,0,2,3,3,0,1,0,0,5,0,1,14,0,1,4,1,0,0,2,0,3,5,3,0,0,1,2,1,0,1,1,0,1,0,4,0,0,2,6,8,0,1,8,4,0,7,0,3,2,4,0,2,0,0,1,0
"T7_D_D2_U58",153,17,2840,407,146,153,561,8,163,31,9,0,5,0,0,11,13,5,1,0,36,121,1,32,50,482,43,1,2,83,0,6,0,1,0,4,0,4,0,26,2,61,2,1,4,4,3,0,29,9,110,1,0,1,7,0,3,66,1,28,91,1,21,0,0,0,0,79,14,86,38,10,42,44,35,2,23,2,11,9,61,1,1,69,1,0,84,21,0,2,0,0,3,0,0,0,0,1,0,0,1,0,3,11,34,0,3,9,0,1,15,4,0,30,0,0,0,0,0,3,1,0,10,0,0,0,0,0,0,15,5,0,17,0,10,3,0,0,0,0,0,1,16,17,0,2,0,0,4,1,15,1,15,1,0,4,4,5,0,0,0,0,7,0,4,0,0,0,7,0,1,0,0,1,3,5,0,2,0,0,2,0,8,5,5,0,3,2,2,2,0,0,1,0,4,0,0,0,0,9,1,6,0,1,4,1,4,0,0,0,0,7,3,0,0,0,4,1,0,1,0,6,0,2,0,1,2,0,3,0,3,0,0,0,1,1,1,3,0,30,0,0,0,1,0,2,0,0,3,0,0,0,0,0
"T7_D_D2_U62",12,1,903,149,85,7,1853,9,131,11,1,0,0,3,1,0,5,1,4,0,474,255,2,22,1,78,3,0,0,165,0,4,0,0,0,0,0,14,0,3,6,40,0,0,2,0,5,0,24,0,0,0,15,2,45,0,0,16,0,9,18,6,0,1,0,0,1,15,3,1,5,18,17,281,56,0,0,11,90,0,2,0,0,13,0,0,17,29,0,3,0,9,2,0,0,0,1,2,0,0,2,10,0,0,158,0,1,13,0,2,6,1,1,4,0,1,1,2,0,3,6,0,2,2,0,7,0,2,0,46,3,0,8,0,9,1,0,1,2,0,0,0,14,9,4,1,0,0,2,0,1,0,17,0,0,3,2,6,0,0,0,0,1,0,18,3,0,39,11,0,0,0,0,1,35,15,1,36,1,3,0,0,28,0,0,0,2,0,0,0,1,0,1,0,1,1,0,0,0,1,0,1,3,0,1,1,1,2,1,0,0,4,0,1,0,0,0,1,2,0,2,1,0,8,0,0,0,1,7,1,1,0,0,0,0,0,1,2,0,7,2,2,0,2,0,0,2,2,0,0,0,0,0,0
"T7_D_D2_U69",449,38,4158,112,49,4,1210,289,11,37,10,0,17,0,2,1,12,2,0,0,459,243,2,20,38,517,2,0,2,166,0,2,0,1,0,3,0,9,0,3,141,94,0,0,3,0,0,2,239,0,0,2,164,3,10,0,81,29,13,32,16,9,0,0,1,0,1,119,1,1,18,126,9,97,29,3,21,62,120,1,0,0,0,3,0,0,4,17,0,70,0,85,4,0,0,4,19,0,0,0,1,2,2,3,54,0,2,57,0,5,44,2,0,5,0,3,0,57,3,97,75,2,0,1,0,10,4,17,6,24,2,0,43,0,58,0,0,1,0,0,17,0,2,24,0,0,3,1,2,0,4,2,12,0,6,6,1,29,11,14,0,11,0,1,21,12,0,6,0,0,0,0,13,9,7,10,0,4,0,0,0,6,5,0,0,0,0,16,0,0,0,0,2,0,0,2,2,0,0,0,0,0,0,1,0,0,1,0,0,0,0,0,0,0,0,0,3,0,0,4,0,0,0,11,0,4,0,0,1,0,0,0,0,0,2,1,1,3,1,1,0,1,0,0,0,0,0,0,7,2,0,0,1,0
"T7_D_D2_U71",740,0,102,68,154,5,82,50,45,5,4,0,15,0,0,12,0,4,0,0,117,22,0,29,0,22,18,0,1,10,0,0,0,1,0,0,0,1,1,0,2,49,0,0,0,0,10,0,9,0,2,1,1,0,0,0,0,13,0,10,15,0,0,0,0,0,0,4,0,6,0,6,103,0,1,0,0,7,34,12,1,0,0,9,0,0,4,1,0,14,0,5,0,0,0,0,2,0,0,1,1,21,0,0,2,0,3,3,0,0,0,1,3,1,0,0,0,0,0,1,0,0,6,3,0,0,0,0,0,1,4,0,2,0,2,4,0,0,0,0,0,0,1,13,0,0,0,0,2,0,2,0,10,0,0,2,4,0,5,2,0,1,1,0,0,1,4,0,2,0,5,0,0,1,0,5,0,0,12,0,0,1,7,1,2,0,3,0,0,0,0,0,0,0,2,0,1,0,0,4,0,3,2,0,1,3,3,0,0,0,2,1,7,0,0,0,0,0,0,2,4,0,0,0,1,1,0,0,0,0,0,0,0,0,2,0,0,0,0,2,0,0,0,0,0,0,0,0,0,1,0,0,0,0
"T7_D_D2_U75",105,8,4566,87,117,7,1679,74,25,26,116,0,2,1,20,1,1,1,0,0,570,78,0,17,1,349,2,0,0,266,0,3,0,0,0,0,0,3,0,0,38,60,0,2,2,3,0,0,311,0,9,0,123,0,13,0,23,28,14,28,24,28,0,108,0,0,0,103,7,2,20,233,5,77,40,1,1,13,79,2,1,0,0,16,0,0,4,23,0,21,0,10,0,0,0,0,1,0,0,0,0,1,0,0,38,0,6,158,0,5,83,1,2,2,0,0,0,27,1,34,106,0,7,1,0,23,0,18,9,52,3,0,57,0,76,0,0,0,0,0,9,0,16,13,3,0,12,0,0,0,0,1,20,0,20,1,3,7,5,0,1,2,0,0,22,2,1,5,0,0,0,0,5,0,7,15,0,4,1,1,0,1,3,4,0,0,1,9,0,1,0,1,0,0,0,47,0,1,0,0,0,0,0,0,0,0,2,2,0,0,0,0,0,0,0,0,0,0,1,4,0,0,43,6,1,0,0,0,0,0,2,1,0,0,0,0,3,5,0,3,3,0,0,0,0,0,0,0,0,0,0,0,1,0
"T7_D_D2_U91",16,0,2816,25,35,0,869,52,6,26,76,0,0,4,12,1,1,4,0,0,81,90,0,2,23,255,1,0,0,148,0,0,0,1,0,0,0,2,0,0,40,31,1,0,0,3,1,0,478,0,0,0,59,1,5,0,0,3,5,3,7,1,0,3,0,0,0,54,0,1,22,311,1,77,23,0,20,5,76,1,0,0,0,0,0,0,0,22,0,15,0,10,0,0,0,1,3,0,0,0,0,0,0,4,47,0,0,191,0,4,139,0,0,3,0,0,0,13,0,64,78,0,0,2,0,3,3,5,1,20,0,2,96,0,93,0,0,0,0,0,2,0,3,6,1,0,9,2,0,0,0,0,10,0,3,5,0,10,0,0,0,2,0,0,13,0,0,6,0,0,3,0,0,0,3,12,0,6,0,0,0,1,4,0,0,0,0,9,0,0,0,0,1,0,1,7,0,0,0,0,0,0,0,0,1,0,0,0,0,0,0,0,0,0,0,0,0,0,0,2,0,0,5,10,0,0,0,0,1,0,0,0,0,0,0,2,0,2,0,1,1,0,0,0,0,0,0,0,4,0,0,0,0,0
"T7_D_D3_U41",201,1,706,608,688,30,40,43,422,22,1,1,0,0,0,208,14,9,20,0,839,170,1,467,0,124,17,2,2,6,0,31,0,0,0,4,0,1,0,2,6,8,1,19,0,0,16,0,11,0,0,4,1,2,12,0,0,5,0,176,129,1,0,0,0,5,0,0,7,0,6,1,51,9,9,0,1,16,11,18,45,3,5,8,0,0,18,0,0,4,0,5,3,20,0,0,1,0,0,0,6,45,5,1,4,5,4,0,0,0,0,2,2,21,1,0,0,1,11,11,0,0,3,0,0,0,1,0,0,0,9,0,3,0,1,5,1,2,0,0,2,1,17,48,0,54,0,0,6,7,5,1,1,0,0,4,0,10,6,3,0,0,4,0,0,2,4,0,3,0,0,3,0,3,0,6,0,0,15,0,9,1,2,5,2,0,6,10,5,1,2,0,10,3,3,0,14,5,0,8,0,11,1,4,0,0,1,0,0,4,1,1,3,2,0,0,0,2,1,0,3,5,0,1,3,0,2,0,0,0,1,1,5,0,1,5,0,1,0,0,1,0,0,1,0,4,2,2,1,0,4,0,3,0
"T7_D_D3_U67",169,7,256,157,379,10,229,21,74,12,9,0,0,0,0,26,3,3,0,0,1310,149,5,65,0,46,2,0,2,46,0,6,0,23,0,3,0,2,0,5,0,75,5,2,226,0,0,0,12,0,0,2,0,3,24,0,0,1,0,73,18,0,0,0,0,0,0,0,1,2,3,3,4,32,12,0,0,31,55,6,0,2,0,8,0,0,6,7,0,12,0,4,4,0,0,0,0,0,0,2,10,11,0,0,11,0,6,0,0,1,0,1,1,18,0,2,0,0,0,3,0,0,0,2,0,0,0,0,0,0,2,0,5,0,0,0,0,0,0,0,0,0,11,34,0,0,0,0,0,1,3,0,6,0,0,9,4,9,0,3,4,0,1,0,6,1,0,1,3,0,1,1,0,0,0,19,0,1,0,0,22,3,1,2,1,0,0,10,0,0,1,0,0,0,0,0,1,2,0,0,2,0,0,0,0,0,0,0,0,2,0,3,0,0,0,0,2,2,0,0,0,0,0,1,0,1,1,1,1,0,0,0,1,0,0,0,0,2,0,0,0,1,0,0,0,2,0,0,0,0,0,0,1,0
"T7_D_D4_K1",5,27,726,139,508,18,131,377,515,31,13,1,0,0,0,44,9,16,2,0,1115,123,25,189,1,150,0,0,1,27,0,6,0,0,0,1,0,2,0,2,61,66,0,12,0,0,6,2,123,0,6,1,4,10,4,0,0,166,0,28,33,1,2,3,0,2,2,28,5,3,8,11,78,8,13,0,0,24,153,29,3,1,2,41,0,1,132,4,0,19,1,21,3,0,0,0,8,0,0,0,22,219,0,0,5,2,6,3,0,0,9,0,0,0,0,0,0,4,1,38,1,0,106,0,2,0,0,0,0,2,8,0,6,0,9,16,0,0,0,0,0,0,15,11,0,0,0,0,8,4,6,0,5,0,0,11,2,10,30,40,0,9,4,0,5,0,5,0,32,0,4,0,3,0,0,26,0,0,4,0,6,1,2,2,2,0,19,7,5,0,1,0,0,0,3,0,1,2,0,2,0,5,1,2,4,5,4,0,0,1,0,5,9,2,1,0,2,0,29,0,4,0,1,0,0,2,0,0,0,0,3,0,1,0,3,1,1,0,1,0,0,3,0,0,0,0,0,2,0,0,0,0,1,0
"T7_D_D4_KW15",18,0,533,7,35,0,71,1,8,3,5,0,0,0,0,0,0,0,0,0,176,17,0,13,0,40,0,0,0,12,0,0,0,0,0,0,0,0,0,2,1,8,0,0,1,0,1,0,52,0,10,0,85,1,2,0,0,10,0,1,0,2,0,1,0,0,1,1,0,2,2,16,0,8,4,0,8,3,0,1,0,0,0,0,0,0,25,2,0,0,0,0,0,0,0,0,0,0,0,0,0,1,2,0,2,0,0,16,0,0,19,0,0,0,0,0,0,90,0,3,47,0,1,0,0,3,0,1,0,0,0,0,11,0,19,0,0,0,2,0,0,0,3,0,1,0,0,0,0,0,0,0,1,0,1,1,0,0,0,1,0,0,0,0,0,0,0,1,0,0,0,0,3,0,4,0,0,0,0,0,1,0,0,0,0,0,0,0,0,0,0,0,0,0,1,0,0,0,0,0,0,0,0,0,0,0,0,0,0,0,0,0,0,0,0,0,0,0,0,0,0,0,0,1,0,0,0,0,0,0,0,0,0,0,0,0,0,0,0,0,0,1,1,0,0,1,0,0,0,0,0,0,0,0
"T7_D_D4_M1",0,6,952,4,118,0,0,17,40,1,0,2311,0,45,5,41,0,2,148,2,0,0,2,6,60,1,22,54,34,10,0,6,15,35,12,29,0,15,1,0,6,0,4,14,0,0,34,0,2,1,1576,1,641,0,1,170,2,0,76,0,2,84,0,767,58,18,0,0,2,1182,0,0,0,1,0,1,29,7,11,10,29,11,7,0,2,2,0,0,5,0,48,2,0,0,384,0,0,1,0,0,4,0,6,7,0,15,47,4,0,1,34,0,0,0,14,0,25,230,0,1,126,0,15,18,2,32,0,0,134,0,0,1,2,5,1,1,15,108,0,7,15,4,0,0,0,3,28,3,1,0,0,26,3,10,26,13,1,2,0,0,13,0,0,0,0,0,0,0,11,0,0,0,0,18,0,2,14,0,0,2,0,0,0,4,0,0,1,3,0,0,1,1,0,1,5,60,3,0,0,0,0,0,0,0,0,0,0,0,0,0,0,0,0,1,2,0,2,0,0,0,0,2,43,0,0,0,0,0,0,4,0,0,0,1,0,0,0,0,0,1,0,0,0,0,0,0,0,0,3,0,0,0,1,0
"T7_D_D4_U100",13,1,891,17,73,0,205,18,53,6,33,0,1,0,2,1,3,0,0,0,610,35,0,64,0,66,0,1,2,37,0,0,0,0,0,0,1,0,0,0,11,84,0,0,1,1,0,0,306,0,10,0,24,0,5,0,0,85,0,0,4,0,0,1,0,3,10,20,0,8,5,47,0,24,46,0,3,9,17,0,1,0,0,2,0,0,77,16,0,2,1,0,0,0,0,0,0,0,0,0,1,7,0,0,8,0,1,61,1,9,37,3,0,0,0,0,0,24,1,12,29,0,7,0,0,0,0,9,0,2,0,0,27,0,65,0,0,0,1,0,0,2,22,5,2,0,2,0,1,0,1,0,4,3,1,2,0,6,2,0,0,0,0,1,1,0,0,6,0,0,0,0,9,0,4,7,1,6,0,0,0,0,0,0,1,0,0,1,0,0,2,0,0,0,5,3,0,0,0,0,0,0,0,0,0,0,1,1,1,0,0,4,0,0,0,0,0,1,1,0,0,0,1,4,0,0,0,0,0,0,1,0,1,0,0,4,0,0,0,0,0,0,0,0,0,0,0,0,0,0,1,0,0,0
"T7_D_D4_U20",0,0,131,182,296,56,121,16,878,12,13,0,0,0,0,28,4,0,1,0,353,73,0,374,0,20,0,0,3,47,0,9,0,0,0,0,0,0,1,0,2,97,4,4,3,4,5,0,33,0,3,0,4,1,12,0,0,90,0,23,18,1,0,0,0,1,0,0,6,1,1,4,10,22,38,0,0,7,27,16,1,0,1,15,0,0,28,12,0,1,2,1,0,0,0,0,0,0,0,0,0,227,0,0,9,0,2,3,0,0,1,16,0,3,0,0,0,6,5,4,1,0,90,0,0,0,1,0,0,0,2,2,2,0,0,5,0,0,1,0,0,0,40,1,0,0,0,0,3,0,3,0,5,0,0,0,1,3,1,4,1,0,1,0,2,0,1,4,2,0,1,0,1,0,2,15,0,1,0,0,4,0,1,1,1,0,3,3,1,0,4,0,3,0,4,0,2,1,0,0,0,2,0,0,2,0,2,0,0,3,0,1,0,0,0,0,0,0,14,0,0,0,0,1,1,1,4,0,1,0,2,0,0,0,2,3,3,2,0,0,0,1,0,0,0,4,2,1,0,0,0,0,0,0
"T7_D_D4_U3",520,0,37597,631,1415,96,368,115,1644,547,14,4,13,0,13,205,55,85,32,27,115,415,23,160,225,2982,5,0,19,58,0,38,0,3,0,114,0,0,3,134,30,137,6,41,0,57,0,0,905,249,16,14,164,136,250,0,9,709,2,42,165,921,64,179,0,0,426,985,39,28,89,1082,57,2,2,0,185,87,72,101,4,58,5,46,0,7,585,0,0,0,6,4,10,0,0,0,1,3,0,0,26,46,23,22,1,3,18,169,10,26,105,10,1,16,0,5,0,212,9,30,35,3,88,0,0,112,0,13,13,16,3,5,317,1,69,38,0,50,72,0,0,21,2,84,8,4,1,0,10,2,1,4,1,7,1,25,2,1,27,3,0,6,10,11,0,2,4,1,3,0,11,4,104,0,1,36,1,3,0,0,20,0,3,14,14,0,7,0,8,0,19,0,1,0,1,16,0,1,0,3,5,17,5,5,0,2,22,0,0,0,0,66,9,15,0,0,7,0,9,2,5,5,5,0,10,4,0,3,0,0,32,0,1,1,3,1,0,0,0,1,0,0,0,0,0,0,0,0,1,0,0,0,0,0
"T7_D_D4_U35",22,3,3315,44,97,11,584,21,63,16,10,0,0,2,3,8,1,3,2,0,136,34,0,21,33,214,8,0,0,153,0,5,0,0,0,1,0,1,0,0,27,80,1,1,3,2,0,0,58,2,15,1,6,1,46,1,5,28,6,6,15,5,0,2,0,0,4,94,2,16,16,20,1,36,41,1,27,11,44,7,13,0,1,4,0,0,21,23,0,4,0,0,0,0,0,0,0,0,0,0,0,0,1,9,15,0,7,29,0,0,34,2,0,5,2,0,0,5,3,21,3,0,7,2,2,5,0,5,0,17,0,0,7,0,13,1,0,0,1,0,2,0,9,2,0,0,3,0,2,0,2,0,6,4,0,1,0,5,2,3,0,0,1,0,10,0,1,16,0,0,0,0,6,0,14,6,0,19,0,0,3,0,0,0,1,0,0,5,0,0,0,0,0,0,1,1,0,0,0,0,0,0,4,1,5,0,2,0,0,0,0,5,0,0,0,0,0,0,1,1,1,0,5,2,0,0,0,0,0,1,2,0,1,0,0,0,1,0,0,2,0,1,0,0,0,0,0,0,0,0,2,0,0,0
"T7_D_D4_U44",99,19,244,13,43,0,1,3,23,92,0,2,0,4,0,30,13,34,47,0,0,3,2,18,57,0,0,0,3,4,0,4,0,2,0,2,0,1,5,1,0,0,13,4,0,14,2,0,0,0,0,0,1,7,3,2,11,3,0,3,1,0,0,6,0,0,1,0,7,0,0,1,0,0,0,0,0,2,0,1,0,0,1,1,0,2,0,0,0,0,1,0,0,2,0,0,0,0,0,0,1,4,0,2,0,0,0,0,0,0,0,4,0,3,9,0,3,0,3,0,0,1,2,0,0,0,0,0,0,0,0,0,1,0,0,0,1,0,0,1,1,0,0,0,0,0,1,0,0,0,0,0,0,16,0,0,0,0,0,0,0,0,0,0,0,0,0,0,0,0,0,0,1,0,0,1,0,0,0,0,0,0,0,2,0,2,0,0,0,0,0,0,0,0,0,0,3,0,0,0,0,0,0,0,0,0,0,0,0,0,0,0,0,0,0,0,0,1,0,0,0,0,0,0,0,0,0,0,0,0,0,0,0,0,0,0,0,0,0,0,0,0,0,0,0,0,0,0,0,0,0,0,0,0
"T7_D_D4_U58",445,19,4400,136,4875,11,13,10,2233,865,3,8,0,12,1,194,63,61,373,0,1,13,3,11,28,11,30,1,13,12,0,21,1,6,4,78,0,6,4,0,10,0,6,91,3,70,3,0,9,0,5,3,7,66,20,291,4,6,29,5,29,28,0,119,2,4,3,2,61,1,371,9,4,1,1,0,28,4,3,25,3,14,4,12,0,6,1,0,3,2,48,0,0,2,19,0,0,0,4,0,12,0,53,9,1,6,7,10,1,0,33,1,0,28,39,0,58,4,1,0,4,0,1,4,0,6,0,24,2,0,1,0,1,1,4,0,2,1,5,1,2,18,0,0,0,7,12,0,0,0,9,1,30,131,10,1,0,0,0,0,0,0,1,1,0,0,0,2,0,0,0,4,62,0,0,0,0,0,0,0,2,0,0,3,1,3,0,0,3,1,1,0,0,1,0,36,8,0,0,2,0,0,0,0,0,0,2,2,0,0,0,0,0,0,0,0,2,0,1,0,0,0,12,0,0,0,0,0,1,0,9,0,0,3,0,0,0,0,0,1,0,0,2,0,0,0,0,0,0,1,0,0,3,0
"T7_D_D4_U59",37,4,363,24,1172,39,4,0,1019,98,0,0,2,2,1,19,17,6,10,0,0,30,0,7,0,20,0,0,2,2,0,1,0,0,0,14,0,1,0,0,0,0,0,17,0,8,1,0,32,0,1,0,3,9,38,0,32,21,2,0,4,1,0,14,0,0,18,13,1,0,42,31,1,4,0,0,1,0,2,0,0,9,0,1,0,0,16,0,0,0,1,0,0,0,0,0,0,0,0,0,2,0,7,1,2,0,3,22,0,1,15,0,1,13,2,0,0,4,1,0,8,0,0,2,0,2,0,12,1,0,0,0,15,0,18,0,0,0,9,0,1,6,1,3,0,0,2,0,1,0,7,0,0,4,0,0,0,1,0,0,0,0,0,0,0,0,0,2,0,0,0,3,10,0,3,2,0,0,0,0,0,0,0,0,0,0,0,0,0,0,1,0,0,0,0,10,1,0,0,0,0,0,0,0,0,0,0,0,1,0,0,3,0,0,0,0,0,0,0,0,0,0,5,0,0,0,0,0,0,0,1,0,0,1,0,0,0,0,0,1,0,0,0,0,0,0,0,0,0,0,0,0,0,0
"T7_D_D4_U63",11,0,1175,36,102,0,68,15,187,8,8,0,0,0,0,2,1,0,0,0,974,48,1,24,0,90,0,0,0,15,0,0,0,0,0,1,0,1,0,0,17,33,0,0,0,0,0,0,144,0,9,0,47,3,7,0,0,65,0,1,5,1,0,0,0,0,16,34,0,5,9,23,1,18,8,0,4,9,22,2,0,0,0,1,0,0,43,8,0,2,0,0,0,0,0,0,0,0,0,0,0,6,2,0,6,0,1,53,0,1,29,2,0,0,0,1,0,50,0,21,42,0,5,0,0,2,0,5,0,1,0,0,15,0,38,0,0,0,7,0,1,1,2,2,0,0,0,0,1,0,0,0,0,0,1,3,0,6,3,3,0,0,0,0,4,2,0,1,0,0,0,2,5,0,4,6,0,1,0,0,0,0,0,1,0,0,0,4,0,0,1,0,0,0,0,3,0,0,0,0,0,0,0,0,0,0,0,0,0,0,0,0,0,0,1,0,0,0,2,0,0,0,2,0,0,0,0,0,0,0,1,0,0,0,0,2,0,0,0,1,0,1,0,0,0,0,1,0,2,0,0,0,0,0
"T7_D_D4_U67",76,2,141,162,251,15,212,14,211,17,14,0,5,0,1,26,8,12,0,0,419,182,0,159,0,18,0,0,4,59,0,7,0,5,0,2,0,7,3,1,1,376,4,2,18,0,4,0,21,0,24,1,2,7,15,0,0,50,0,19,26,0,0,1,0,1,2,2,4,13,1,9,10,34,37,0,0,28,25,4,0,0,0,16,0,0,39,25,0,0,1,0,1,0,0,0,0,0,0,0,3,29,1,0,13,0,1,0,0,0,0,4,1,4,0,1,0,1,7,1,0,0,56,0,1,0,0,0,0,4,2,0,3,0,0,3,0,0,0,0,0,0,10,7,0,0,0,0,3,0,3,0,4,2,0,2,1,12,8,6,0,0,1,0,4,0,0,1,1,0,0,1,1,0,1,9,0,2,1,1,1,1,3,2,2,3,3,6,1,0,0,0,6,0,25,0,2,1,0,0,0,2,0,2,10,0,2,1,1,1,0,4,0,0,0,0,0,0,2,1,0,1,0,1,0,1,0,0,0,0,0,1,1,0,1,0,0,0,0,0,2,1,0,1,0,0,1,1,0,0,0,0,0,0
"T7_D_D4_U71",125,0,576,145,436,15,274,166,678,36,72,0,0,0,0,47,18,5,14,45,1292,120,9,241,0,123,0,0,4,70,0,12,0,2,0,4,1,0,0,1,25,416,0,5,22,1,1,0,133,0,21,1,11,8,18,0,2,184,12,26,36,0,0,2,0,0,18,0,9,9,6,20,24,18,43,0,0,36,155,6,7,4,3,35,0,0,61,40,0,8,1,12,0,0,7,0,0,0,0,0,10,62,0,0,4,0,3,4,0,12,7,24,0,6,0,0,1,12,28,17,2,0,160,0,3,0,0,1,0,0,3,0,12,0,6,2,2,0,3,0,0,0,24,13,0,0,3,5,9,0,1,0,5,3,0,8,14,6,15,14,2,0,5,3,6,0,0,2,3,0,0,0,6,0,0,21,1,1,3,2,8,1,5,5,0,0,2,6,4,0,18,0,2,0,26,0,0,4,0,2,0,2,1,2,1,2,6,0,0,1,0,8,2,0,0,0,0,0,3,2,9,0,0,3,3,1,0,0,0,0,3,0,4,0,1,2,0,1,1,2,1,0,0,3,0,0,0,0,1,1,0,0,0,0
"T7_D_D4_U72",68,16,420,168,242,6,355,192,801,18,57,0,0,1,1,35,16,3,3,0,1672,66,10,367,0,56,0,1,2,136,0,8,0,1,0,0,0,1,0,4,22,248,0,5,4,1,1,0,65,0,26,1,1,2,18,0,0,114,0,9,30,0,0,0,0,0,1,0,2,20,1,18,8,29,40,0,0,35,126,20,1,0,0,4,0,0,36,37,0,5,2,6,1,0,0,0,4,0,1,0,7,442,0,0,6,1,5,1,0,0,4,17,0,3,0,1,0,7,5,14,1,0,61,0,0,0,1,0,0,0,2,3,2,0,2,3,0,0,0,0,0,0,53,4,0,1,0,0,1,0,1,0,5,1,0,6,6,17,20,17,0,1,0,0,11,1,0,6,4,0,0,0,4,1,4,24,0,2,0,0,2,0,3,5,0,1,1,11,1,0,8,1,0,0,6,1,0,0,0,2,0,1,1,1,1,0,0,1,0,4,2,12,0,0,0,0,0,0,7,1,3,0,0,1,0,0,0,1,1,0,0,0,5,0,0,9,0,0,1,2,0,0,0,0,0,1,7,1,0,0,1,0,0,0
"T7_D_D4_U9",21,1,7063,66,161,3,948,29,130,13,21,0,1,2,0,3,3,0,1,0,775,56,0,115,2,471,0,0,1,268,0,1,0,0,0,1,0,3,0,1,28,93,1,1,1,0,0,0,437,0,13,0,18,5,39,0,0,61,0,8,4,0,0,0,0,0,19,188,0,7,36,87,3,70,79,0,2,28,41,1,5,1,0,0,0,0,46,44,0,1,0,0,1,0,0,0,1,0,0,0,4,10,1,1,33,2,0,289,0,2,159,4,0,0,0,0,1,16,3,77,47,0,19,0,0,0,0,31,0,28,0,0,49,1,169,0,0,0,20,0,0,0,51,2,0,0,1,0,0,0,0,0,2,0,1,4,2,19,7,2,0,0,0,1,25,0,0,28,0,0,0,0,20,0,30,19,0,40,0,2,3,0,0,0,0,0,0,11,0,0,0,0,1,0,5,7,0,0,0,0,0,0,0,0,4,0,0,3,1,0,0,2,0,0,0,0,0,0,0,1,1,0,3,9,0,2,0,0,0,0,2,0,1,0,0,8,0,0,3,1,0,1,0,0,0,0,0,0,0,0,1,0,0,0
"T7_D_D4_U91",70,0,577,225,1510,286,228,3,1007,89,2,0,2,7,0,111,127,32,9,0,0,341,0,60,8,55,1,0,9,31,0,34,0,1,0,16,0,6,1,0,0,8,2,21,6,1,0,0,6,0,0,1,0,4,144,3,27,381,3,30,35,0,0,5,2,8,19,8,58,0,24,11,21,37,3,0,0,18,1,5,6,3,3,110,0,2,210,0,2,0,2,0,3,0,0,0,0,0,0,0,6,3,3,0,22,1,10,4,0,0,3,5,0,26,1,0,1,0,9,2,0,0,3,6,0,0,0,0,0,7,1,0,3,0,1,0,0,0,3,0,0,0,4,29,2,0,0,0,9,0,11,0,0,29,1,2,9,17,7,0,0,0,17,0,8,0,0,16,0,0,1,1,0,0,16,1,0,15,0,2,7,0,0,1,3,0,2,5,1,0,7,0,1,0,0,0,0,0,0,5,0,1,2,4,1,0,25,1,5,0,1,18,0,0,0,0,2,1,0,0,0,0,0,0,0,2,0,0,14,4,6,0,0,0,1,2,1,0,0,0,0,1,0,2,0,0,0,5,0,0,0,0,0,0
"T7_D_D5_M1",4,55,12134,24,26,4,500,129,86,2240,3,15,0,67,5,260,7,137,643,2,5,28,1,38,28,119,1250,12,196,236,0,60,0,38,10,654,0,41,7,0,67,0,2,318,53,217,30,0,25,0,67,25,14,181,379,40,700,33,22,0,0,32,0,77,7,8,4,5,41,58,579,55,7,11,0,0,22,22,76,62,4,220,23,3,4,5,15,0,4,46,46,23,1,12,12,0,2,0,10,0,50,0,285,8,0,14,20,18,0,5,19,0,8,0,262,3,61,6,2,45,8,0,0,10,4,54,0,112,2,0,0,0,8,8,3,1,0,3,10,1,8,130,0,11,0,25,12,0,5,10,11,0,5,27,9,22,0,3,0,0,9,0,1,0,3,0,4,21,0,4,0,51,8,0,21,15,0,13,0,2,0,2,0,3,4,3,0,4,0,0,4,2,0,7,1,16,22,0,0,0,0,0,3,0,1,0,12,22,0,0,0,8,0,0,13,0,0,0,0,0,2,7,2,1,0,6,0,0,0,1,0,0,0,19,0,3,0,0,6,0,0,2,0,2,0,0,0,4,1,0,0,0,2,0
"T7_D_D5_U33",8,0,2612,19,36,2,32,20,19,764,3,24,0,1,1,233,1,88,169,0,0,5,1,10,0,68,1217,2,15,50,0,11,0,5,0,250,0,9,7,0,21,0,1,99,84,64,14,0,1,0,33,4,2,56,39,18,4,5,1,3,2,1,0,5,0,6,0,3,92,28,376,4,0,3,0,0,3,9,10,12,1,71,4,13,1,0,3,0,0,5,21,6,1,16,0,0,2,0,2,0,17,0,226,1,0,0,9,4,1,0,6,0,2,0,43,0,27,2,0,29,3,0,4,0,0,0,0,1,1,0,0,0,0,1,0,0,2,0,2,0,2,106,0,0,0,8,2,0,3,2,0,0,29,1,1,5,0,0,0,0,6,0,1,0,1,0,0,0,0,2,0,7,1,0,3,9,0,0,0,3,0,0,0,5,1,2,1,4,0,0,6,0,0,1,1,3,9,0,0,0,0,1,0,1,0,0,0,6,2,0,0,1,0,1,5,0,1,0,2,0,0,1,0,0,0,2,0,1,0,0,0,0,0,23,1,0,0,0,4,4,0,0,0,0,0,0,0,3,2,0,0,0,5,0
"T7_D_D5_U39",86,19,9979,16,10,3,35,159,7,534,0,10,0,28,0,91,11,45,701,16,0,1,0,8,7,86,226,0,7,73,0,12,0,260,0,175,2,19,3,1,105,0,0,83,5048,59,18,0,9,0,8,10,7,91,21,5,133,20,76,13,3,3,0,9,9,0,5,1,2,11,244,12,0,1,0,0,11,4,30,2,5,84,4,0,5,4,119,0,6,44,3,51,0,9,28,0,4,0,0,0,24,0,99,2,0,5,38,5,0,1,8,0,3,0,41,2,19,1,0,46,2,0,0,0,3,0,0,33,0,0,0,0,5,0,1,2,7,1,6,0,3,37,0,19,0,4,38,1,5,8,2,0,0,9,23,6,4,0,0,0,21,0,0,0,0,0,0,0,0,6,0,7,0,0,0,11,4,0,0,0,0,2,0,0,1,3,0,0,0,0,3,1,0,2,0,3,13,0,0,0,0,0,0,0,0,0,1,1,0,0,0,12,1,0,7,0,2,0,0,0,0,0,0,0,0,3,0,1,0,0,0,0,0,2,0,0,0,0,1,3,0,0,0,0,0,0,1,0,2,0,0,0,2,0
"T7_D_D5_U43",43,23,4755,4,6,3,19,34,14,569,7,4,0,4,0,54,1,27,118,2,0,1,0,3,1,33,114,4,17,11,0,7,0,5,0,194,3,6,5,0,25,0,0,61,2,50,2,0,18,0,5,4,14,45,58,4,396,2,16,12,2,1,0,25,1,0,0,0,5,4,222,37,0,2,0,0,2,1,3,5,1,46,5,2,0,2,1,0,2,18,1,13,0,5,1,0,1,1,0,0,9,0,82,1,0,0,0,10,0,0,12,0,1,1,38,0,12,4,0,15,4,0,0,0,1,1,0,58,3,0,0,1,1,1,4,0,3,3,0,0,23,42,0,0,0,4,9,0,0,0,0,0,0,0,5,4,0,0,0,0,1,0,0,0,0,0,3,0,0,5,0,9,41,0,0,6,0,0,0,0,0,0,0,1,0,1,0,0,0,0,2,0,0,3,1,6,5,0,0,0,0,0,0,0,0,1,1,1,0,0,0,0,0,0,1,0,0,0,0,0,0,1,4,0,0,0,0,0,0,0,0,0,0,6,0,1,0,0,1,1,0,0,0,0,0,0,0,0,1,0,0,0,0,0
"T7_D_D5_U98",274,2,7410,11,9,6,50,68,2,907,3,5,0,4,2,87,1,59,203,0,0,7,1,17,21,59,415,0,22,36,0,12,0,5,2,225,1,7,5,0,35,0,1,86,55,96,10,0,11,0,10,1,14,97,88,13,195,12,24,1,6,139,0,53,3,1,1,1,34,14,353,47,0,1,0,0,214,7,19,11,4,49,8,2,0,2,10,0,1,29,5,10,0,0,1,0,3,0,3,1,26,0,98,0,0,0,10,14,0,1,19,0,1,0,92,0,21,5,1,29,11,0,0,1,1,0,0,45,19,0,0,0,10,2,4,1,1,340,3,0,30,47,0,2,1,8,11,0,1,2,4,1,0,1,17,12,0,0,0,1,2,0,0,0,1,0,0,1,0,3,0,15,13,1,4,5,0,1,0,0,0,0,0,3,5,2,1,0,0,0,1,0,4,5,0,16,9,1,0,0,0,0,0,0,0,0,3,0,5,0,0,0,0,0,8,0,0,0,0,0,0,2,2,0,0,0,5,0,0,0,0,4,0,2,0,0,0,0,2,0,0,0,1,0,1,0,0,0,4,0,1,0,3,0
"T7_H_H1_B10",2068,0,37,89,83,315,9,48,87,2,2,0,36,1,0,19,1,1,4,0,0,5,190,36,0,0,0,0,0,20,0,14,0,3,0,2,4,0,2,3,1,0,0,1,46,0,9,0,0,2,0,2,0,0,0,0,0,0,0,14,15,0,0,0,0,0,0,0,3,0,0,0,15,0,0,0,0,5,7,4,0,1,5,10,0,2,0,0,0,18,0,24,1,0,0,0,3,7,3,0,2,0,0,0,0,0,0,0,5,0,0,9,0,3,0,0,0,0,4,0,0,0,0,0,0,0,0,0,0,2,0,2,0,0,0,9,0,0,0,0,0,0,0,0,1,0,0,1,10,0,2,0,0,0,0,0,9,0,2,3,0,0,1,0,0,0,0,0,7,0,1,0,1,0,0,0,0,0,6,0,0,0,0,0,0,0,4,0,12,0,0,0,0,0,0,0,0,3,0,3,0,3,0,0,2,0,0,0,0,2,3,0,0,1,0,0,0,4,8,2,0,0,0,0,0,0,1,1,0,0,0,1,0,0,0,0,0,0,0,0,0,0,1,0,0,0,0,0,0,0,0,0,0,0
"T7_H_H1_M7",95,0,33,139,103,693,2,20,109,7,0,0,0,0,0,30,1,1,2,0,0,12,18,97,0,0,0,0,2,2,0,16,0,1,0,2,0,1,1,3,2,0,1,587,5,0,3,0,0,0,0,0,0,0,0,0,0,0,0,3,19,5,0,0,0,0,0,0,5,0,0,0,21,0,0,0,0,0,0,6,0,3,0,13,0,0,0,0,0,7,0,6,0,0,0,0,1,0,3,0,0,0,1,0,2,0,0,0,0,20,2,14,1,5,0,0,0,0,13,0,0,0,4,0,2,1,0,0,2,0,0,0,3,0,0,7,0,0,0,0,0,0,0,0,0,2,0,0,16,2,0,1,0,0,0,0,3,0,2,0,0,0,2,28,0,0,6,0,2,0,2,0,0,0,0,0,0,0,19,0,0,0,0,0,5,0,5,0,1,0,2,0,10,1,0,0,0,4,0,4,1,0,1,4,1,3,0,0,0,3,6,0,1,0,0,1,2,4,0,0,0,0,0,0,0,1,3,1,1,0,1,0,1,0,1,0,0,0,0,0,0,0,0,0,0,2,2,1,0,1,0,0,0,0
"T7_H_H1_U100",261,0,107,342,1216,1946,9,17,666,0,0,0,2,0,0,201,6,38,49,5,0,31,126,99,0,5,0,0,0,18,0,80,0,0,0,3,0,1,14,4,0,0,21,7,0,0,10,0,0,0,0,0,0,0,0,0,0,0,0,80,156,8,0,0,0,1,0,2,4,0,0,0,225,0,1,0,0,12,4,11,7,0,1,57,0,0,0,0,0,12,0,5,0,6,0,0,0,5,0,0,0,0,0,0,0,0,3,0,0,4,0,90,5,11,0,0,3,0,55,0,0,0,10,0,0,0,0,0,4,0,0,0,0,0,0,49,0,1,0,0,0,0,1,0,0,2,0,0,18,0,5,0,0,0,0,0,54,0,8,0,0,0,0,0,0,0,7,0,4,0,39,0,0,0,0,0,0,0,12,0,4,0,0,0,5,9,19,1,62,1,11,0,3,0,0,0,0,13,0,32,1,12,0,17,0,10,0,0,0,8,31,0,0,0,0,1,4,0,0,0,0,0,0,0,5,0,0,5,0,0,0,1,0,0,0,0,0,1,0,0,0,0,0,0,0,0,3,0,0,0,0,0,0,0
"T7_H_H1_U14",32,436,265,4267,490,4138,1,135,174,17,13,0,2,0,0,16,13,0,0,0,0,33,404,128,0,0,0,0,22,40,0,39,0,0,0,17,98,0,0,32,0,0,15,0,71,0,15,11,0,0,20,0,0,0,0,0,0,0,0,83,33,0,0,0,0,0,0,3,0,0,0,0,40,0,0,0,0,0,8,27,0,0,0,138,0,0,0,0,2,62,0,30,0,0,0,0,2,0,0,0,0,0,0,0,0,0,2,0,0,0,0,20,10,22,0,0,0,0,54,0,0,0,0,0,0,0,0,0,0,0,0,0,0,0,0,0,0,0,2,0,19,0,0,0,0,29,0,0,0,0,0,0,0,0,0,0,146,0,0,0,0,7,0,0,0,0,0,0,18,0,0,0,0,0,0,0,0,0,0,0,0,0,0,5,0,7,0,0,0,0,0,0,0,0,0,0,0,17,0,0,0,0,1,0,0,0,0,0,0,0,0,0,0,0,0,0,0,0,0,1,0,0,0,0,0,0,0,0,0,0,0,28,0,0,0,0,0,0,1,0,0,0,0,0,0,0,0,0,0,0,0,0,0,0
"T7_H_H1_U15",5973,1349,66,506,625,737,39,62,354,3,0,0,140,1,0,48,3,15,31,0,0,6,515,218,3,0,0,1,0,40,0,42,0,9,6,6,6,0,5,5,0,0,5,6,5,0,25,32,0,3,0,3,0,0,3,0,0,0,4,52,61,3,1,0,0,1,0,1,17,0,0,0,163,0,3,2,0,8,9,3,22,0,0,36,0,7,0,0,0,25,0,15,0,0,0,0,0,22,5,9,0,0,0,0,0,0,0,0,0,3,0,97,11,28,0,1,0,0,15,0,0,5,1,0,0,0,2,0,0,4,3,5,0,4,0,15,0,0,0,0,0,0,2,0,6,1,0,0,14,2,10,0,0,0,0,0,42,0,6,0,0,0,9,1,1,0,22,0,3,0,3,0,0,0,0,1,0,0,6,0,0,8,0,2,2,0,12,2,5,6,7,0,2,0,2,0,0,19,0,11,17,16,42,6,0,9,0,0,0,1,21,0,10,15,0,0,1,0,8,34,3,2,0,0,2,0,2,4,0,0,0,0,6,0,0,0,0,1,1,0,1,0,0,0,0,2,2,1,0,4,0,3,0,1
"T7_H_H1_U20",50,0,106,430,406,1114,26,627,714,29,0,0,0,1,0,95,24,22,26,1,0,31,1112,264,0,0,0,0,0,24,0,106,0,0,0,164,70,17,12,7,4,0,435,16,46,0,45,0,0,0,0,26,0,0,0,0,0,0,9,53,108,46,0,0,8,1,0,1,36,0,0,0,99,2,1,0,0,31,49,5,50,24,0,30,0,0,0,0,0,176,0,183,0,0,0,0,28,151,0,0,5,0,2,0,0,0,0,0,0,0,0,42,12,12,0,0,0,0,8,1,0,0,29,0,4,0,8,0,28,2,0,3,0,7,0,26,0,5,0,0,0,2,2,0,12,178,0,1,0,9,2,0,0,0,0,0,35,0,48,3,0,8,0,4,0,0,0,0,32,8,5,0,0,7,0,0,0,0,36,0,0,0,0,0,0,0,60,2,10,0,6,10,0,20,21,0,0,0,0,15,0,2,35,10,0,0,0,0,0,7,13,0,0,0,0,1,0,0,5,15,24,0,0,0,9,20,0,8,0,0,0,0,1,1,0,0,0,1,0,0,0,0,0,0,0,3,1,0,0,0,0,0,0,0
"T7_H_H1_U3",1866,0,150,1154,127,499,5,334,52,10,0,0,17,3,0,36,11,0,4,0,0,21,795,44,0,2,0,0,0,16,0,6,0,6,0,43,9,0,4,1,7,3,2,3,0,0,5,0,0,9,2,6,0,0,4,10,0,0,0,22,12,6,0,0,0,4,0,1,20,0,2,0,7,0,1,0,0,0,20,10,0,16,3,4,0,0,0,0,0,76,0,50,0,0,0,0,9,26,0,1,0,0,1,0,0,2,0,0,0,6,0,2,0,0,0,0,0,0,0,2,0,1,3,0,6,0,2,0,0,1,0,0,2,0,0,4,0,0,0,0,0,0,0,0,22,12,0,0,9,0,5,0,0,0,0,0,0,0,7,18,0,3,0,25,0,0,0,0,3,0,1,0,0,0,0,0,0,0,17,0,0,2,0,5,1,0,1,0,8,0,4,0,0,2,2,0,0,2,0,0,0,2,4,0,4,4,0,0,0,1,0,0,0,1,3,0,0,0,8,9,22,2,0,0,1,6,5,0,0,0,0,1,0,0,0,0,0,0,0,0,0,0,0,0,0,0,0,0,0,0,0,0,0,0
"T7_H_H1_U31",1005,158,14,295,426,940,89,6,177,16,15,0,22,0,0,80,0,4,3,1,1,59,28,307,10,0,0,0,5,59,0,36,0,12,0,0,0,1,12,13,0,18,14,9,2,0,24,4,0,0,0,6,0,0,0,0,0,0,0,76,80,4,0,0,0,1,0,1,10,0,0,0,213,2,2,0,0,0,19,27,0,0,6,43,0,0,0,0,0,8,0,3,0,0,0,0,0,0,0,6,0,0,0,0,1,0,0,0,0,0,0,25,47,0,0,1,0,0,84,0,0,2,9,0,0,0,0,0,5,3,0,0,0,0,0,11,0,0,0,0,0,0,0,2,12,0,0,0,15,0,5,0,0,0,0,0,19,0,14,0,0,0,26,0,0,0,4,0,12,0,12,0,0,0,0,0,0,0,16,0,0,0,0,13,7,6,41,0,0,0,0,0,0,0,20,0,0,18,0,0,0,4,0,0,0,11,0,0,0,24,0,0,17,4,0,0,11,0,12,29,0,0,0,0,0,0,0,0,0,0,0,4,12,0,0,0,0,0,2,0,0,2,0,0,0,1,0,0,0,0,0,0,0,0
"T7_H_H1_U35",766,34,560,161,154,828,24,45,143,35,8,0,22,0,0,29,0,9,41,15,3,37,168,53,13,3,0,0,5,29,0,10,0,0,0,53,2,0,4,9,8,1,0,18,0,0,11,0,5,3,0,3,45,0,2,0,0,0,11,24,25,5,3,3,0,1,24,19,14,0,3,0,27,0,1,0,1,5,8,27,0,9,1,18,2,0,0,0,0,10,0,5,0,0,3,1,0,13,0,1,0,0,7,1,1,0,1,0,0,17,1,17,1,11,0,23,1,53,15,2,1,4,0,0,0,0,0,0,0,0,0,0,4,0,3,9,0,0,2,0,3,1,1,0,6,4,0,1,13,3,3,0,0,0,0,0,8,0,7,4,0,1,2,7,0,2,1,0,7,1,2,0,1,0,1,1,0,0,0,0,0,2,0,0,10,1,4,0,6,0,0,0,5,0,0,0,0,8,0,4,0,1,2,3,2,1,0,1,0,0,2,0,3,3,0,0,2,0,2,3,0,3,0,0,3,0,3,2,0,1,2,0,5,0,0,2,0,1,0,0,0,0,0,0,0,0,0,1,0,0,0,0,0,0
"T7_H_H1_U41",364,15,33,210,479,1318,15,8,423,1,1,0,8,1,0,89,0,298,10,0,0,14,4,133,0,1,0,0,3,10,0,35,0,0,0,1,0,4,5,1,0,0,0,3,0,0,13,1,0,1,0,2,0,0,1,0,0,0,0,56,46,1,3,3,0,4,0,1,10,0,0,0,111,1,2,0,0,3,2,13,9,2,0,31,0,1,0,0,0,0,0,2,0,1,0,0,0,1,3,0,1,0,0,0,0,0,0,0,0,1,0,97,9,14,0,0,0,0,15,0,0,0,8,0,0,0,1,0,0,0,3,0,0,0,0,16,0,0,0,0,0,0,1,0,3,8,0,0,25,1,4,0,0,0,0,0,16,2,6,0,0,0,18,0,0,0,4,0,6,0,8,0,0,0,0,2,0,0,5,0,1,0,0,0,6,3,16,0,4,0,6,0,14,2,3,0,0,15,0,7,2,5,6,2,2,3,0,1,0,3,7,0,3,3,1,0,4,7,3,3,0,0,0,0,0,4,11,1,0,1,0,5,3,0,0,2,0,1,0,0,0,1,1,0,0,7,0,0,0,0,0,1,0,0
"T7_H_H1_U44",3704,370,273,604,518,3452,64,295,477,13,13,0,93,0,0,82,11,111,19,0,0,145,490,649,1,0,0,0,0,102,0,64,0,3,0,22,18,0,0,20,5,12,73,31,0,0,25,10,0,0,0,0,0,0,18,0,0,5,9,62,41,8,0,0,6,0,0,10,26,0,1,12,150,4,5,0,0,22,18,116,1,0,0,78,0,0,0,1,0,67,0,73,0,0,0,2,2,38,0,13,0,0,1,0,0,6,6,0,0,0,0,62,9,26,0,9,0,0,35,2,0,5,14,0,0,0,13,0,0,1,0,0,0,0,0,2,0,0,0,0,0,1,7,0,15,0,1,0,32,12,5,0,0,0,0,0,39,2,54,0,0,6,41,0,1,0,18,0,0,1,5,0,0,0,0,0,0,0,23,1,0,0,0,25,1,6,12,3,0,0,17,0,0,14,0,0,0,5,2,0,9,0,33,7,0,0,0,0,0,0,1,0,0,0,0,1,0,7,27,7,0,0,0,0,0,7,1,6,0,0,0,5,16,0,0,1,0,0,0,0,3,0,0,2,0,2,0,0,0,0,0,0,0,0
"T7_H_H1_U46",1192,0,49,321,180,597,66,76,178,7,37,0,25,0,0,22,2,5,4,0,0,13,140,69,0,2,0,0,5,17,0,17,0,0,0,1,10,0,2,4,2,7,23,2,4,0,12,0,2,0,0,0,5,0,0,1,0,1,0,25,45,1,2,0,2,3,0,1,9,0,0,4,32,1,0,1,0,11,3,7,0,2,5,36,0,1,0,0,0,27,0,17,0,2,0,0,3,14,5,1,0,0,0,0,1,0,0,0,5,1,0,26,6,14,0,0,0,3,30,0,0,1,0,0,2,0,0,0,0,1,0,0,0,0,0,0,0,0,0,0,0,0,4,3,6,0,0,1,4,0,4,0,0,0,0,3,15,0,6,7,0,3,3,1,0,0,3,0,8,0,4,0,0,0,0,0,0,0,0,0,0,0,0,0,5,0,17,2,0,1,3,0,2,2,1,0,0,11,0,7,3,3,5,3,0,2,3,0,0,1,3,0,7,1,0,0,0,0,10,3,0,0,0,0,6,0,0,2,0,0,0,0,2,0,3,0,0,1,0,0,3,0,0,0,0,1,1,0,0,2,0,0,0,0
"T7_H_H1_U55",3865,573,17,256,291,3216,20,14,618,3,1,3,93,1,0,29,0,27,3,0,0,21,2,76,0,1,0,0,3,18,0,23,0,3,0,1,0,0,1,1,0,1,5,3,4,0,7,20,0,0,0,0,0,0,1,0,0,0,0,18,28,9,0,0,4,1,0,0,3,0,0,0,103,0,2,0,0,3,2,12,0,2,0,33,0,0,0,0,0,4,0,2,0,0,0,0,0,0,0,5,0,0,0,0,2,1,1,0,7,4,1,34,2,27,0,0,0,0,26,0,0,4,4,0,0,0,0,0,0,0,0,0,1,0,0,8,0,0,0,0,0,0,1,0,2,1,0,0,15,0,4,0,0,0,0,0,55,0,19,0,0,0,8,2,0,0,2,0,0,0,1,0,0,0,0,2,0,0,0,1,0,0,0,1,3,1,9,0,6,2,2,0,3,2,0,0,0,11,1,5,3,0,3,0,2,0,0,0,0,3,0,0,0,2,0,1,6,3,1,1,0,0,0,0,3,3,0,0,0,0,0,1,2,0,1,0,0,2,1,0,1,0,0,0,0,1,1,0,0,1,0,1,0,0
"T7_H_H1_U58",3070,105,28,335,584,1154,5,20,401,4,0,2,64,2,0,39,0,1,7,1,0,41,77,204,0,1,0,0,1,24,0,36,0,1,0,7,0,0,1,0,1,1,4,5,2,0,19,4,0,0,0,0,0,0,18,0,0,1,0,35,47,1,0,0,3,4,0,0,27,0,0,1,53,0,0,0,0,1,2,5,0,0,6,28,1,0,1,0,0,11,0,11,0,0,0,0,0,0,0,5,0,0,0,0,0,0,0,0,0,5,0,64,5,23,0,1,0,0,29,0,0,3,0,0,0,3,3,0,1,0,0,0,0,0,0,11,0,0,0,0,0,1,2,0,3,0,0,0,52,0,2,0,0,0,0,0,16,0,14,0,0,0,12,0,0,0,2,0,5,0,17,0,0,0,0,0,0,0,0,0,0,3,0,0,10,1,20,0,6,2,3,0,15,2,3,0,0,14,0,14,0,2,18,4,0,2,0,1,0,14,6,0,10,8,0,0,2,3,1,0,0,0,0,0,10,0,4,3,0,0,0,5,0,0,0,3,0,0,0,0,0,0,0,0,0,7,0,0,0,1,1,0,0,0
"T7_H_H1_U63",218,0,34,213,511,1005,7,12,640,2,0,0,7,0,0,68,2,10,16,0,0,26,50,133,0,0,0,0,5,17,10,41,0,0,0,4,0,0,2,4,0,0,6,3,3,0,14,0,0,1,0,2,0,0,2,0,0,0,1,55,50,3,0,0,0,1,0,0,13,0,2,0,97,1,2,0,0,7,0,4,0,0,0,49,0,0,1,0,0,3,0,4,0,0,0,2,0,1,2,0,0,0,0,1,1,1,1,0,0,2,0,139,2,19,0,0,1,0,30,1,0,0,12,0,0,0,0,0,0,3,0,0,0,0,0,14,0,1,0,0,0,0,2,0,4,6,0,0,21,2,4,0,0,0,0,0,25,0,6,0,0,0,5,1,0,0,7,0,6,0,21,0,0,0,1,1,0,0,12,0,0,0,0,1,5,3,29,0,7,0,7,0,22,1,1,0,0,14,0,5,1,5,0,7,0,1,0,0,0,12,14,0,6,2,0,1,0,2,0,5,2,0,0,0,4,0,9,0,0,0,0,3,6,0,0,0,0,0,0,0,2,0,0,0,0,5,0,0,0,0,0,0,2,0
"T7_H_H1_U69",285,12,15,38,35,250,1,24,16,3,1,0,7,1,0,10,0,4,2,0,0,9,45,15,0,0,0,0,0,5,0,6,0,1,0,2,0,0,0,2,0,0,0,3,0,0,4,0,0,0,0,0,0,0,0,0,0,0,0,11,3,1,2,0,0,2,0,0,3,0,0,0,16,0,0,0,0,2,0,1,0,0,0,9,0,0,0,0,0,12,0,4,0,0,0,0,3,1,0,0,0,0,0,0,0,1,0,0,0,2,0,4,1,1,0,1,1,0,2,0,0,0,3,0,0,0,0,0,1,0,0,0,2,0,0,1,0,0,0,0,0,0,0,0,0,0,0,0,2,0,0,0,0,0,0,0,8,0,0,0,0,0,0,5,0,0,1,0,5,0,0,0,0,0,0,0,0,0,3,0,0,3,0,1,0,0,6,0,0,0,0,1,0,0,5,0,0,3,0,1,0,0,0,3,1,0,0,0,0,0,0,0,5,1,0,0,1,2,0,0,0,0,0,0,1,0,0,1,0,0,0,0,0,0,1,0,0,0,0,0,0,0,0,0,0,0,0,0,0,0,0,0,0,0
"T7_H_H1_U9",2807,242,506,698,256,6606,75,488,710,21,0,0,69,15,0,98,18,2,25,3,0,33,1220,263,12,0,0,0,2,81,0,14,0,0,0,74,4,0,0,11,32,1,37,24,3,0,29,4,0,32,0,0,0,0,6,0,0,0,0,131,72,2,0,0,0,2,0,14,12,0,0,0,102,0,5,6,1,13,11,31,8,53,0,29,0,0,0,0,0,108,0,69,0,0,12,0,14,67,0,5,12,0,4,0,0,0,3,0,0,0,0,72,14,37,0,6,0,0,45,8,0,4,0,0,1,0,22,0,0,1,0,13,0,0,0,3,0,0,0,0,0,0,9,0,5,0,0,1,0,1,5,0,0,0,0,0,27,2,39,0,0,7,55,0,1,2,18,0,17,6,7,0,0,0,0,0,0,0,0,0,0,0,0,0,0,7,3,0,3,0,31,1,0,0,0,0,0,8,1,23,0,0,0,9,13,0,0,0,0,12,0,0,16,8,0,0,15,12,10,0,10,2,0,0,2,0,0,0,0,0,0,1,0,1,0,0,0,2,2,0,0,1,0,0,0,0,1,0,0,0,0,0,0,0
"T7_H_H1_U98",1908,3,121,728,1205,1255,9,25,533,13,0,0,42,0,0,104,0,45,1,0,1,31,46,94,0,5,0,0,7,21,0,114,0,9,6,5,0,1,2,11,0,2,11,26,0,0,4,0,9,0,0,10,0,0,3,0,0,0,0,57,148,3,4,0,0,10,0,4,32,0,1,0,229,0,1,0,0,6,7,8,0,5,3,66,3,0,0,0,0,9,0,2,0,0,0,0,0,2,0,1,3,0,0,0,0,1,5,0,0,14,0,94,1,39,0,0,0,0,163,2,0,1,3,0,0,0,0,0,0,0,0,0,0,0,1,52,0,0,1,0,0,0,0,0,0,20,0,0,45,81,4,2,0,0,0,0,50,0,17,0,1,1,16,16,0,0,6,0,27,0,18,0,0,0,0,0,0,0,60,0,5,0,0,0,72,3,30,0,31,0,5,0,4,9,0,0,0,48,0,8,42,15,0,13,0,14,0,0,0,16,5,0,3,0,0,1,1,3,7,8,10,0,0,0,23,25,8,8,0,0,0,7,2,0,0,0,0,1,0,0,1,0,0,0,0,0,3,0,0,0,0,1,0,1
"T7_H_H4_B8",159,0,94,95,226,2599,8,0,1088,0,1,0,1,0,0,37,6,1,6,0,3,7,0,125,0,10,0,0,1,13,0,7,0,0,0,0,0,0,1,0,2,1,3,11,0,0,8,0,0,0,0,2,0,0,7,0,0,0,0,14,34,0,0,0,1,4,1,4,4,0,0,0,27,0,2,0,0,0,1,0,0,0,0,22,0,0,0,0,0,0,7,0,0,0,0,0,0,0,0,1,1,1,0,0,0,0,0,0,0,0,1,5,1,11,0,0,0,0,6,0,0,0,38,0,0,0,0,0,0,1,0,0,0,0,0,0,0,0,0,0,0,0,9,2,0,0,0,0,7,3,3,0,11,0,0,0,2,0,0,1,0,0,0,1,1,0,0,0,7,0,0,0,0,0,1,0,0,0,4,0,8,1,0,0,1,0,0,0,3,1,0,0,2,0,1,0,0,4,0,5,0,0,0,2,1,1,0,0,2,2,7,0,5,0,0,0,0,1,0,0,3,0,0,0,13,0,3,1,0,0,1,0,4,0,2,3,0,0,3,0,3,0,0,0,0,5,2,0,0,0,0,0,0,0
"T7_H_H4_KW15",2818,0,2931,459,584,4200,77,749,505,94,0,0,74,1,0,250,74,0,18,0,28,68,45,162,0,423,0,9,17,68,0,35,0,0,0,11,0,4,0,14,133,0,4,77,3,6,10,0,6,8,4,0,0,14,81,0,0,0,0,170,67,0,0,0,0,2,0,66,59,0,30,7,106,6,1,0,0,30,90,0,79,4,6,71,0,4,0,0,1,78,170,86,0,0,0,6,29,14,0,3,68,32,3,0,1,0,5,1,0,11,0,64,6,33,0,10,2,0,50,104,0,10,47,0,0,0,1,0,0,0,0,14,9,0,0,3,0,0,0,0,0,0,4,8,1,4,0,3,0,6,5,0,37,0,0,10,9,5,0,76,0,22,6,7,2,8,4,1,21,1,9,2,0,0,3,11,0,1,26,0,20,2,0,9,2,0,0,5,3,4,0,0,3,0,4,0,5,15,0,36,1,0,4,39,6,10,3,0,0,15,8,0,5,5,0,0,0,0,0,0,8,0,0,0,18,0,2,0,3,0,8,11,0,7,15,3,0,1,1,0,6,0,0,1,0,0,2,2,1,0,0,0,0,0
"T7_H_H4_M10",131,10,6804,246,346,2933,240,9,581,17,0,0,1,2,0,52,5,7,27,5,0,16,1,33,2015,430,0,0,2,392,0,13,0,1,0,26,0,0,0,25,13,0,0,14,2,0,4,0,8,3,0,0,0,0,71,3,3,0,0,5,17,1,8,0,1,0,12,163,3,2,12,4,14,8,4,0,806,3,0,1,12,11,0,8,0,1,0,0,0,0,598,0,0,0,0,0,0,0,2,0,1,0,45,567,3,0,2,8,0,34,13,8,3,21,0,5,0,0,1,8,3,0,2,0,2,0,0,4,0,7,0,0,3,0,12,1,0,0,10,0,0,29,8,0,0,0,1,0,4,0,0,0,0,0,0,0,1,0,0,0,0,0,1,4,1,0,0,9,4,0,0,1,0,0,14,0,0,9,8,0,14,0,0,0,0,0,2,1,2,0,1,0,1,0,0,1,0,5,0,1,0,6,4,1,5,0,0,4,0,0,0,0,0,0,0,0,0,0,0,0,1,2,0,0,0,0,0,0,0,1,6,0,0,0,0,2,0,0,5,1,5,1,1,0,0,0,0,1,0,0,2,0,0,0
"T7_H_H4_U11",2360,138,930,523,505,3017,54,188,318,37,3,0,49,1,0,137,36,108,10,0,8,85,18,94,2,123,0,0,9,111,0,27,0,0,0,7,0,0,0,4,14,0,31,26,6,1,4,2,3,0,0,1,0,0,33,0,0,0,0,60,43,0,1,0,0,0,0,16,30,0,4,0,128,6,3,0,2,9,27,0,8,7,2,64,0,0,0,0,0,16,108,19,0,7,0,0,3,0,5,3,6,0,3,0,0,0,0,0,0,14,3,24,3,33,0,0,0,1,9,15,0,8,8,0,0,0,0,0,0,0,0,2,3,0,0,5,0,0,0,0,0,0,6,0,0,0,0,0,13,1,3,0,19,0,0,2,13,6,5,10,0,5,11,1,0,1,0,0,7,0,0,1,1,3,0,3,0,0,9,1,21,0,0,0,0,0,4,0,5,1,1,0,2,0,1,0,0,6,0,4,0,0,27,3,4,8,0,0,0,0,0,0,10,1,0,0,5,1,1,0,0,0,0,0,5,0,0,0,0,0,2,0,0,1,8,2,0,1,1,1,1,0,2,2,0,2,0,0,1,0,0,0,0,0
"T7_H_H4_U17",2076,330,635,183,761,4987,34,112,543,10,0,0,50,2,0,64,15,18,12,0,2,19,15,193,0,107,0,0,3,49,0,24,0,1,0,7,2,0,2,1,15,2,2,3,2,0,7,10,2,0,0,1,0,2,27,0,0,0,0,28,81,0,0,0,0,1,0,21,8,0,9,1,80,3,3,1,0,9,12,0,0,0,0,30,0,1,10,0,0,11,40,5,0,0,0,3,1,2,0,2,5,0,2,0,1,0,0,0,0,3,2,51,1,52,0,3,1,0,10,19,0,1,29,1,0,0,0,0,1,0,0,0,3,0,0,2,0,0,0,1,0,0,8,1,0,0,0,1,16,1,4,0,9,0,0,1,20,0,2,9,0,4,2,0,0,1,7,1,7,0,1,1,0,0,3,3,0,0,9,1,61,0,0,0,0,0,0,3,5,1,1,0,19,0,3,0,1,5,0,13,1,6,27,10,0,2,0,1,0,0,3,0,14,2,0,0,0,1,0,0,2,0,0,0,17,0,6,0,0,0,1,1,1,1,3,4,0,3,0,2,1,0,1,1,1,7,1,0,2,2,1,0,0,0
"T7_H_H4_U19",524,141,1434,245,817,3929,75,134,1872,20,0,0,9,0,0,128,24,48,26,1,4,34,25,126,0,175,2,0,8,50,1,40,1,1,0,11,4,1,7,3,25,3,3,24,10,0,14,1,4,0,0,5,0,0,35,36,0,1,0,48,133,0,4,0,0,0,4,41,13,0,11,0,117,1,2,0,0,21,32,1,34,0,4,71,0,1,1,0,0,5,61,12,0,0,0,0,3,0,1,3,11,0,4,0,0,1,0,1,0,0,2,19,4,31,0,0,5,0,7,18,0,0,70,0,1,0,0,0,0,1,0,0,1,0,1,4,0,1,0,0,0,2,4,4,1,16,0,0,42,5,1,0,14,0,0,3,1,0,10,12,0,3,18,2,3,0,3,2,20,1,3,6,0,1,0,9,1,1,34,1,29,0,1,2,4,0,4,1,70,1,2,0,7,0,7,0,1,14,0,7,2,3,3,10,1,17,0,0,0,6,5,0,8,1,1,1,3,2,0,1,11,3,0,2,14,5,3,1,0,0,7,0,2,1,0,3,0,0,1,0,1,0,0,1,0,0,1,1,6,0,2,0,0,0
"T7_H_H4_U37",252,0,1083,176,150,1705,25,85,539,39,2,0,8,0,0,54,13,9,17,3,3,20,5,34,0,106,0,4,4,39,0,11,0,0,0,7,0,1,0,2,35,0,0,11,4,0,3,0,27,0,0,4,6,1,30,0,0,0,0,27,11,0,0,7,0,0,6,22,2,0,23,4,9,7,0,0,3,6,10,1,1,2,0,14,0,3,3,0,1,7,27,4,0,0,1,0,5,2,0,1,5,3,4,0,0,0,0,1,0,24,2,3,1,16,0,1,1,6,2,18,2,0,10,0,2,0,0,0,0,0,0,0,4,0,7,2,0,0,0,0,2,0,3,0,0,0,1,0,13,0,2,0,0,0,1,1,0,0,2,4,0,2,2,1,0,0,0,0,3,0,0,2,0,0,8,1,0,2,2,0,10,1,0,0,0,0,1,1,3,0,0,0,2,0,0,1,1,3,0,4,2,2,4,3,1,2,0,1,0,1,6,0,4,0,0,0,1,0,0,0,1,0,0,0,2,0,0,0,0,1,2,1,2,0,1,3,1,0,0,1,0,1,0,0,0,1,1,1,0,0,0,0,0,0
"T7_H_H4_U43",5392,942,377,183,287,1333,14,51,239,15,0,0,133,0,0,38,8,8,6,0,3,22,17,109,0,57,0,0,2,23,1,9,0,1,0,0,0,0,2,0,9,2,1,27,1,0,3,20,4,2,0,3,0,1,11,2,0,0,0,20,31,0,0,0,0,1,0,7,6,0,5,3,9,0,1,0,0,9,7,0,2,1,0,16,0,0,0,0,0,7,15,6,0,0,0,0,2,0,0,6,4,0,2,0,0,1,0,1,1,0,0,11,1,17,0,3,2,0,3,9,0,2,3,0,0,0,0,0,0,1,0,0,1,0,0,0,0,0,0,0,0,0,7,0,0,3,0,1,7,0,1,0,3,2,0,0,6,1,0,12,0,0,6,0,1,0,0,0,4,0,0,0,0,0,1,0,0,0,1,0,11,1,0,0,0,0,0,3,1,0,0,1,7,0,3,0,0,2,0,2,1,0,2,2,0,2,0,0,0,0,1,0,0,0,0,0,0,1,0,0,0,1,0,0,3,0,5,0,0,0,0,0,3,0,0,1,1,4,0,1,0,0,2,0,0,1,1,0,1,0,1,1,0,0
"T7_H_H4_U47",3722,1,341,188,509,2437,23,22,2387,5,0,0,82,7,0,80,9,10,19,0,16,20,6,131,0,36,0,0,2,58,0,20,0,1,0,1,1,1,1,0,2,1,0,24,0,0,21,0,3,0,0,2,0,0,29,0,0,1,0,19,40,1,0,0,4,0,0,13,0,0,0,1,33,5,0,0,0,1,4,7,3,0,3,13,0,0,4,0,2,9,14,4,0,0,0,0,0,0,0,6,1,1,0,0,0,0,0,0,0,3,1,10,2,45,0,1,4,0,20,1,0,0,63,0,0,0,0,0,0,2,0,0,0,1,0,2,0,0,0,1,0,0,5,0,1,3,0,0,21,1,8,0,3,0,0,1,7,0,5,5,2,0,12,0,0,0,2,1,18,0,0,0,0,0,1,0,0,1,4,0,28,0,0,5,1,0,2,0,3,1,0,0,10,0,0,0,0,9,0,8,0,0,0,8,0,2,1,0,0,4,1,2,4,0,0,0,6,0,0,0,0,0,0,0,8,0,0,0,0,0,4,0,2,0,3,4,0,1,0,0,1,1,2,0,2,2,0,0,0,0,0,0,0,0
"T7_H_H4_U5",663,576,218,48,138,208,8,27,73,6,0,0,5,1,0,11,6,42,2,0,1,4,5,14,134,30,0,0,1,24,0,0,0,1,0,1,0,1,1,0,6,0,14,3,0,0,2,12,0,0,1,0,0,0,1,0,0,0,0,11,7,0,1,0,1,0,0,4,2,0,2,0,3,1,0,0,28,1,3,2,0,0,0,5,0,0,0,0,0,3,23,0,0,0,0,0,0,0,0,1,5,4,2,10,0,0,0,0,0,5,1,3,1,5,0,0,0,0,0,0,0,0,9,1,0,0,0,0,0,0,0,1,0,0,0,0,0,0,0,0,0,0,2,0,0,0,0,0,2,0,2,0,1,0,0,0,0,1,1,5,0,1,0,0,0,0,0,0,1,0,0,0,0,0,0,1,0,2,1,0,8,1,0,0,0,0,0,1,0,5,0,0,0,0,0,0,0,0,2,0,0,0,16,1,0,0,0,1,0,0,0,0,0,0,0,0,0,0,0,0,0,0,0,0,2,0,0,0,0,0,0,0,0,0,0,0,0,0,0,0,0,0,0,0,1,0,0,0,0,0,0,0,0,0
"T7_H_H4_U62",10257,999,4008,356,282,794,188,1036,385,45,0,0,244,0,0,103,88,11,7,3,32,80,79,95,0,499,0,0,18,132,0,23,0,0,0,62,21,2,0,3,211,0,0,42,38,0,6,24,0,0,0,0,0,0,80,0,0,0,0,103,62,0,0,0,10,0,0,94,0,0,18,0,37,1,1,0,0,52,169,3,2,18,11,9,0,15,0,0,0,169,274,168,0,0,0,0,46,2,0,12,110,0,16,0,0,10,4,0,0,0,1,16,5,19,0,1,2,0,13,79,0,16,0,0,0,0,4,0,0,6,5,4,7,0,0,0,0,0,0,0,0,4,7,0,0,0,0,0,12,0,3,0,13,0,0,0,0,4,22,58,0,28,0,0,2,7,0,6,4,5,0,6,8,0,2,37,0,2,0,0,2,31,0,0,0,0,0,8,2,2,0,0,7,0,0,0,0,2,2,0,0,0,0,14,13,10,0,0,0,4,0,0,0,0,0,0,0,0,0,0,15,0,0,0,12,6,0,9,2,0,5,5,0,4,7,1,1,0,0,1,0,0,1,0,1,0,5,2,1,0,0,0,0,0
"T7_H_H4_U65",1758,0,504,120,534,2325,11,24,536,9,0,0,35,0,0,59,7,31,19,0,4,13,5,96,0,49,0,0,0,23,0,15,0,0,0,5,0,0,2,0,6,0,0,31,2,0,9,0,0,1,0,6,0,0,9,0,0,0,0,27,42,0,0,0,1,1,0,7,12,0,6,0,26,1,0,0,0,0,11,6,0,2,0,75,0,0,0,0,0,0,7,2,0,0,0,0,1,0,0,3,2,0,2,0,0,0,0,0,0,1,0,15,1,7,0,2,2,0,5,4,0,2,3,0,0,0,0,0,0,0,0,0,0,2,0,3,0,0,0,0,0,0,3,0,0,8,0,0,3,0,2,0,11,0,0,0,20,0,1,0,0,1,0,1,0,0,2,0,6,0,0,0,0,0,0,0,0,0,0,0,5,0,0,4,0,0,2,0,10,2,0,0,8,0,0,0,1,3,0,18,0,0,0,7,0,0,0,0,0,3,12,2,6,1,0,2,0,2,0,0,1,1,0,0,1,0,0,0,0,0,2,3,3,0,1,0,0,0,0,1,0,1,0,0,0,1,0,0,0,0,0,0,0,1
"T7_H_H4_U67",304,25,342,349,762,2703,17,20,1070,8,3,0,11,0,0,285,2,8,7,0,4,72,0,84,0,38,0,0,6,31,0,44,0,2,0,3,0,0,1,3,3,2,18,7,69,0,9,0,1,1,0,6,0,0,59,0,1,0,0,33,77,0,0,0,0,4,0,9,9,0,7,1,103,7,1,0,0,2,1,0,1,0,0,43,0,2,2,0,0,0,19,0,0,0,0,0,1,0,1,0,4,0,1,0,0,0,0,0,0,1,0,37,1,69,0,0,3,0,60,1,0,0,46,0,0,0,0,0,0,0,0,0,3,0,0,2,0,0,0,0,0,0,3,5,2,7,0,0,30,0,4,0,9,0,0,0,4,0,7,1,0,0,5,0,0,0,4,0,3,0,3,0,0,0,4,0,0,0,10,0,69,0,0,1,1,0,2,0,24,0,1,0,15,0,1,0,0,11,0,10,0,0,6,35,2,1,0,0,1,4,5,0,2,0,0,0,0,4,0,0,0,0,0,0,12,0,8,0,0,0,2,0,4,0,2,4,0,0,4,1,1,0,0,0,0,1,0,0,2,0,0,0,0,0
"T7_H_H4_U91",788,0,289,87,654,1296,2,3,452,4,1,0,14,1,0,70,1,4,2,0,2,10,0,9,0,39,0,0,0,18,0,8,0,1,0,1,0,0,2,2,1,2,55,9,7,0,3,0,2,0,0,0,0,1,6,2,0,0,0,9,33,0,1,0,0,0,0,3,4,0,7,0,30,1,0,0,0,2,0,0,0,0,0,11,0,0,1,0,0,2,6,0,0,0,0,0,0,1,0,0,1,1,1,0,0,0,0,1,0,1,0,8,2,28,0,1,0,0,13,0,0,1,18,0,0,0,0,0,0,0,0,0,0,0,0,1,0,0,0,0,0,0,2,0,0,0,0,0,9,2,1,0,2,0,0,1,3,0,2,0,1,0,1,2,0,0,0,0,3,0,0,0,0,0,0,0,0,0,1,0,25,0,0,1,0,0,0,1,4,1,0,0,1,0,0,0,0,2,0,2,2,1,5,3,0,2,0,1,0,2,0,0,1,0,0,0,0,1,0,0,0,0,0,0,3,2,0,0,0,0,2,4,0,0,4,0,0,0,0,2,0,0,0,0,0,0,0,0,0,1,0,0,0,0
"T7_H_H4_U93",526,1,186,106,516,1093,5,2,553,3,0,0,13,1,0,52,2,1,6,0,2,12,0,13,0,20,0,0,1,17,0,8,0,4,0,0,0,0,0,0,0,0,23,12,0,0,3,0,0,2,0,1,0,0,7,0,0,1,0,13,21,0,0,0,0,0,0,6,2,0,6,0,14,0,0,0,2,1,0,0,1,0,0,21,0,0,1,0,0,0,7,0,0,0,0,0,0,0,0,0,0,0,0,0,0,1,0,0,0,0,0,7,0,23,0,0,0,0,10,0,0,0,11,0,0,0,0,0,0,0,1,0,0,0,0,1,0,0,1,0,0,1,1,0,0,0,0,0,3,0,4,0,1,0,0,0,3,0,0,0,0,0,2,0,0,0,0,0,1,0,0,1,0,0,0,0,0,0,1,0,43,0,0,0,1,0,0,0,3,0,1,0,2,0,0,0,0,2,0,4,0,0,7,6,0,3,0,0,0,2,1,0,0,0,2,0,1,0,0,0,0,0,0,0,0,2,1,0,0,0,2,0,0,0,5,0,0,0,0,0,1,0,0,0,0,0,1,0,1,0,0,0,0,0
"T7_H_H5_K1",11,0,518,0,118,7,18,21,177,41,20,0,0,0,0,16,0,2,95,422,1,2,0,2,0,6,0,0,1,5,0,0,0,0,0,24,0,0,0,0,192,0,0,4,5,0,2,0,8,0,0,0,2,0,2,0,0,0,33,0,0,0,0,1,0,0,15,8,4,0,33,0,0,0,0,0,0,0,0,3,7,4,0,2,0,0,0,0,0,0,0,0,0,0,24,0,0,0,0,0,2,0,7,0,0,0,0,0,0,39,7,1,0,0,0,18,4,0,3,4,1,0,0,0,2,0,0,0,0,0,0,0,0,0,4,2,0,0,14,0,0,17,1,0,0,1,13,8,1,0,0,0,1,0,5,1,0,0,0,0,0,0,0,16,0,0,0,0,0,18,1,0,0,0,0,0,0,0,0,0,0,1,1,0,0,0,1,0,0,0,1,0,1,0,2,1,0,0,0,0,0,0,0,3,1,0,0,0,0,0,0,0,0,0,0,0,1,0,1,0,0,3,3,0,0,0,0,0,0,0,0,0,0,0,0,0,0,0,0,1,1,0,0,0,0,0,0,0,0,0,0,0,0,0
"T7_H_H5_M1",16,4,729,4,234,11,153,35,692,78,7,0,1,2,2,28,0,1,238,923,1,2,1,8,0,8,0,1,11,58,0,1,0,0,0,22,0,0,0,0,257,0,0,6,14,1,0,0,45,0,0,1,4,0,25,0,0,0,95,4,9,0,1,7,0,0,73,19,1,0,23,1,10,0,3,0,0,0,9,14,53,8,0,3,0,0,0,0,0,0,0,0,0,0,35,0,0,0,0,0,0,0,13,0,0,0,0,3,0,64,11,0,0,0,0,131,12,3,4,8,0,0,4,1,1,0,0,1,0,8,0,2,1,2,11,1,0,0,28,0,0,8,3,0,0,0,20,15,8,0,1,0,12,4,15,0,2,0,0,0,0,1,1,29,0,0,0,1,7,20,0,2,0,0,6,8,0,3,0,0,0,1,1,1,0,0,2,0,0,0,3,0,0,0,16,2,0,0,0,0,0,0,0,1,8,0,0,1,2,0,0,0,1,0,1,0,0,0,0,0,0,10,0,0,2,0,1,0,0,0,1,0,0,0,0,0,0,0,0,0,1,0,0,0,0,0,0,0,0,0,0,0,0,0
"T7_H_H5_M2",32,2,923,0,403,11,62,40,630,76,43,0,0,0,0,24,0,6,188,723,0,2,0,10,0,4,0,0,11,27,0,1,0,0,0,15,0,0,0,0,399,0,0,4,5,0,1,0,16,0,0,0,1,0,7,0,0,0,68,0,7,0,0,3,0,0,42,31,2,0,38,2,5,0,5,0,0,0,4,4,26,5,0,6,0,0,0,0,0,0,0,0,0,0,20,0,0,0,0,0,1,1,16,0,1,0,1,5,0,57,19,2,0,0,0,97,9,0,1,5,2,0,3,0,2,0,0,0,0,2,0,0,2,0,14,0,0,0,25,0,0,14,3,0,0,1,34,11,4,0,0,0,2,0,25,0,1,0,0,0,0,2,0,20,0,0,0,1,3,47,0,0,0,0,4,2,0,1,0,0,0,0,0,2,0,0,0,0,0,0,2,0,2,2,10,5,0,0,0,0,0,0,0,1,2,0,0,4,1,0,0,0,0,0,1,0,0,0,0,0,0,2,1,0,1,0,0,0,0,0,1,0,0,1,0,3,1,0,2,0,2,0,0,0,0,0,0,2,0,0,0,0,0,0
"T7_H_H5_M3",32,2,904,0,117,4,38,72,290,62,3,0,0,0,0,16,0,1,474,1081,2,0,0,6,6,1,0,0,1,26,0,0,0,0,0,36,0,0,0,2,398,0,0,4,0,0,0,0,23,0,0,1,2,0,15,0,1,0,179,0,4,0,1,11,0,0,228,22,0,0,16,0,0,0,0,0,4,0,3,7,69,11,0,3,0,0,0,0,1,0,0,0,0,0,75,0,5,0,0,0,1,0,11,0,0,0,1,4,0,79,10,0,0,0,0,27,33,0,1,15,0,0,1,0,0,0,0,0,0,0,0,1,0,1,24,0,0,0,64,0,4,16,0,0,0,0,61,26,6,1,0,0,2,4,45,2,0,0,0,0,0,6,0,24,0,0,0,4,0,36,0,0,0,0,1,1,0,2,0,0,0,0,0,0,0,0,2,0,0,1,3,0,0,1,10,1,0,0,0,0,0,0,0,2,3,0,0,0,3,0,0,0,1,0,0,0,0,0,0,0,0,11,2,0,0,0,0,0,0,1,1,0,0,0,0,0,0,0,1,0,0,0,0,0,0,0,0,0,1,1,0,0,0,0
"T7_H_H5_M5",81,4,1150,0,142,11,35,41,287,106,2,0,4,2,0,37,0,8,285,1132,7,2,0,14,1,11,0,0,5,24,0,1,0,1,0,67,0,0,0,1,199,0,0,18,1,0,2,0,37,0,0,0,3,0,9,0,0,0,162,4,14,0,1,6,0,0,115,17,3,0,16,0,4,0,0,0,0,0,8,2,78,4,0,5,0,0,0,0,0,0,0,0,0,0,55,0,0,0,0,0,1,0,14,0,0,0,0,5,2,74,14,0,1,0,0,25,12,0,1,5,0,0,17,0,0,0,0,0,0,1,0,0,4,3,13,3,0,0,23,0,0,14,1,0,0,1,44,30,3,0,0,0,4,3,22,2,0,0,0,0,0,0,0,33,0,0,0,0,11,25,0,0,0,0,2,1,0,1,4,0,1,0,0,1,0,0,1,0,1,0,2,0,2,0,16,1,0,0,0,2,0,0,2,0,4,5,0,0,1,0,0,0,0,0,1,0,0,0,2,0,0,18,1,0,2,0,0,0,0,0,3,0,0,1,1,0,0,0,0,0,0,0,0,0,0,0,0,0,0,0,0,0,0,0
"T7_H_H5_U33",41,0,592,2,270,10,175,18,374,60,3,0,1,0,0,28,0,2,133,451,0,1,0,16,0,11,0,0,11,62,0,0,0,2,0,24,0,0,0,2,120,0,0,15,1,0,2,0,30,0,0,0,1,0,29,0,0,0,50,0,3,0,1,8,0,0,40,22,0,0,22,0,2,3,5,0,0,0,6,4,27,5,0,4,0,0,0,0,1,0,0,1,0,0,9,0,0,1,0,0,1,0,3,0,0,0,0,3,0,49,8,5,1,0,0,157,4,1,2,2,2,0,4,0,0,0,0,0,0,1,0,5,2,0,4,0,0,0,9,0,0,2,2,0,1,0,9,15,0,0,1,0,9,1,12,0,0,1,0,0,0,0,0,16,0,0,0,6,4,12,0,0,0,0,3,7,0,1,0,1,0,0,1,1,0,1,0,0,1,0,4,0,4,0,4,0,0,0,0,3,0,0,0,1,9,0,0,3,0,0,0,0,0,0,0,0,0,0,0,0,0,2,2,0,2,0,0,0,0,0,1,0,0,0,0,1,0,1,1,0,1,2,0,1,0,0,1,3,0,0,0,0,0,0
"T7_H_H5_U39",25,2,322,0,108,5,144,43,188,26,2,0,1,0,0,11,1,0,169,626,4,2,0,6,0,3,0,1,5,32,0,1,0,0,0,14,0,0,0,0,133,0,0,3,2,1,0,0,8,1,0,0,2,0,12,0,0,0,60,0,3,0,0,2,0,0,68,7,0,0,10,0,0,0,5,0,0,0,3,3,24,1,1,3,0,0,0,0,0,0,0,0,0,0,23,0,0,0,0,0,0,1,1,0,0,0,0,1,0,26,3,0,0,0,0,80,5,0,1,4,0,0,0,0,0,0,0,0,0,3,0,0,0,1,4,0,0,0,10,0,1,3,0,0,0,0,11,23,1,0,0,0,1,1,14,0,0,0,0,0,0,2,0,13,0,0,0,4,2,18,0,0,0,0,9,0,0,2,0,0,0,0,3,0,0,0,0,0,0,0,3,0,1,0,1,1,1,0,0,0,0,0,0,1,8,0,0,1,0,0,0,0,0,0,0,0,0,0,0,0,0,3,1,1,0,0,0,0,1,0,2,0,0,0,0,1,0,0,0,0,0,0,0,0,0,0,0,0,0,0,0,0,0,0
"T7_H_H5_U71",16,3,1207,1,272,29,171,53,403,101,6,0,0,0,3,62,2,5,267,1397,12,4,1,22,0,10,0,0,12,50,0,5,0,1,0,47,0,0,0,2,309,0,2,10,7,1,0,0,71,2,0,1,4,0,25,0,0,0,148,3,13,0,2,32,0,0,177,31,8,0,27,2,11,0,1,0,0,0,10,11,52,10,2,9,0,0,1,0,0,0,0,0,0,0,57,0,0,0,0,0,3,0,10,0,1,0,0,5,0,161,26,21,2,0,0,146,10,4,10,6,2,0,14,0,0,0,0,0,0,5,0,4,1,1,16,2,1,0,26,0,1,9,2,0,0,0,19,30,10,1,2,0,0,4,20,1,2,0,0,2,0,0,0,49,0,0,0,1,13,28,0,0,0,0,0,5,0,1,0,0,0,0,0,2,0,0,4,0,0,0,5,0,10,1,15,2,0,0,0,0,0,1,7,1,17,2,0,3,5,0,0,0,0,1,0,0,0,0,5,0,0,20,3,0,0,0,1,0,0,0,1,0,0,0,1,0,1,0,2,0,0,0,0,0,0,0,0,0,2,0,0,0,0,0
"T7_H_H5_U72",4,16,1124,6,568,63,221,167,434,124,6,1,2,0,0,85,2,7,679,2418,1,2,0,44,21,14,0,0,28,71,1,11,0,0,0,55,0,0,0,3,514,0,0,14,2,0,1,0,47,1,0,1,6,0,26,0,68,0,260,11,22,0,3,7,0,0,187,23,1,0,25,1,33,0,5,0,9,0,17,20,96,19,1,13,0,0,0,0,1,0,0,0,0,0,139,0,0,1,0,0,1,0,12,7,0,1,0,5,0,116,6,6,0,0,0,254,36,4,24,18,0,0,12,0,2,0,1,8,0,6,0,0,1,0,17,7,2,0,27,0,2,10,6,0,0,1,52,103,14,0,0,0,1,4,37,2,3,0,1,0,0,3,4,63,0,0,0,5,10,42,3,0,0,0,2,4,0,3,5,0,0,0,0,1,4,0,11,0,2,0,13,0,9,1,10,3,0,0,0,1,0,1,1,1,17,0,0,10,2,0,3,0,3,0,0,0,0,0,0,1,0,18,0,0,6,0,3,0,0,0,0,1,0,0,0,1,1,2,1,0,2,1,0,0,0,0,1,0,0,0,0,0,0,0
"T7_H_H5_U75",52,5,1211,1,214,21,118,86,405,80,9,0,5,1,1,30,1,1,404,1324,4,1,0,10,18,5,0,1,11,33,0,1,0,1,0,33,0,0,0,0,433,0,0,7,2,0,0,1,30,0,0,0,5,1,9,0,1,0,187,6,3,0,0,8,0,0,886,25,0,0,23,0,4,0,0,0,2,0,5,10,56,9,1,6,0,0,0,0,0,0,0,0,1,0,55,0,1,0,0,0,0,0,15,0,0,0,1,8,0,83,11,1,0,0,0,72,20,1,4,9,0,0,4,0,3,0,0,0,0,4,0,1,3,0,13,0,0,0,158,0,2,13,0,0,0,0,47,57,2,1,1,0,1,6,49,0,0,0,1,0,0,4,0,30,0,0,0,0,8,25,0,0,0,0,1,0,0,1,0,0,0,0,0,1,0,0,9,0,0,0,7,0,2,0,8,5,0,0,0,0,0,1,0,1,1,0,0,2,2,1,0,0,0,0,0,0,0,0,1,0,0,8,1,0,1,1,0,1,0,0,0,0,0,1,0,0,0,0,2,0,0,0,0,0,0,0,0,0,0,0,0,0,0,0
