location,reef,lat,lon,specimen_boxID,specimen_boxInternalID,specimen_notes,genotype,clone_group,diseaseResistance_H,diseaseResistance_D,diseaseResistance_categorical,fds_H1,fds_H3,fds_H4,fds_H5,fds_D1,fds_D2,fds_D3,fds_D4,fds_D5,wgs_reads,wgs_pctMissing,mRNA_T3_D1,mRNA_T7_D1,mRNA_T3_D2,mRNA_T7_D2,mRNA_T3_D4,mRNA_T7_D4,mRNA_T3_H1,mRNA_T7_H1,mRNA_T3_H4,mRNA_T7_H4,mRNA_T3_H5,mRNA_T7_H5,miRNA_T3_D1,miRNA_T7_D1,miRNA_T3_D2,miRNA_T7_D2,miRNA_T3_D4,miRNA_T7_D4,miRNA_T3_H1,miRNA_T7_H1,miRNA_T3_H4,miRNA_T7_H4,miRNA_T3_H5,miRNA_T7_H5,16s_T0_D,16s_T0_H,16s_T0,16s_T3_D1,16s_T3_D2,16s_T3_D4,16s_T3_H1,16s_T3_H3,16s_T3_H4,16s_T3_H5,16s_T7_D1,16s_T7_D2,16s_T7_D3,16s_T7_D4,16s_T7_D5,16s_T7_H1,16s_T7_H3,16s_T7_H4,16s_T7_H5,rad_ID,rad_sampleName,thermal_tolerance,vanWoesik_corals,vanWoesik_pctSurvival,vanWoesik_minWeeks,vanWoesik_maxWeeks,crf_corals,crf_pctSurvival,crf_minWeeks,crf_maxWeeks,cunning_ID,vanWoesik_ID,vollmer_ID
Florida,Upper Keys-Broward County,25.9891,-80.1091667,3,15,NA,B10,clone_43,0.7233646231145308,0.48361904735164635,NA,H,D,D,D,H,H,D,D,D,28038536,0.06000360130023908,NA,NA,NA,NA,NA,NA,NA,NA,NA,NA,NA,NA,NA,NA,NA,NA,NA,NA,NA,NA,NA,NA,NA,NA,NA,NA,NA,NA,3674,NA,64548,NA,NA,NA,NA,20982,NA,NA,NA,5643,NA,NA,NA,CRF_B10,AC-CRF-TV_95,NA,11,0.45454545454545453,4,46,1274,0.9709576138147566,5,55,NA,CRF_B10,CRF_B10
Florida,Upper Keys-Broward County,26.057167,-80.1056,3,13,NA,B8,clone_66,0.5923929390135583,0.3089636881866898,NA,H,D,H,D,D,H,H,H,D,45949359,0.03333936692535692,NA,NA,NA,NA,NA,NA,NA,NA,NA,NA,NA,NA,NA,NA,NA,NA,NA,NA,NA,NA,NA,NA,NA,NA,NA,NA,NA,25297,NA,NA,NA,NA,39078,NA,6837,NA,NA,NA,NA,NA,NA,7383,NA,CRF_B8,AC-CRF-TV_93,NA,13,0.6923076923076923,4,46,1209,0.9586435070306039,5,55,NA,CRF_B8,CRF_B8
Florida,Upper Keys-Broward County,26.024933,-80.10415,3,14,NA,B9,NA,NA,NA,NA,NA,NA,NA,NA,NA,NA,NA,NA,NA,NA,NA,NA,NA,NA,NA,NA,NA,NA,NA,NA,NA,NA,NA,NA,NA,NA,NA,NA,NA,NA,NA,NA,NA,NA,NA,NA,NA,NA,NA,NA,NA,NA,NA,NA,NA,NA,NA,NA,NA,NA,NA,NA,NA,NA,CRF_B9,AC-CRF-TV_94,348.97851978255915,NA,NA,NA,NA,1367,0.9297732260424286,5,63,CRF_B9,NA,NA
Florida,NA,NA,NA,NA,NA,NA,CB024,NA,NA,NA,NA,NA,NA,NA,NA,NA,NA,NA,NA,NA,NA,NA,NA,NA,NA,NA,NA,NA,NA,NA,NA,NA,NA,NA,NA,NA,NA,NA,NA,NA,NA,NA,NA,NA,NA,NA,NA,NA,NA,NA,NA,NA,NA,NA,NA,NA,NA,NA,NA,NA,NA,NA,NA,NA,NA,NA,NA,74.51473474211656,NA,NA,NA,NA,NA,NA,NA,NA,CRF_CB024,NA,NA
Florida,NA,NA,NA,NA,NA,NA,CM5,NA,NA,NA,NA,NA,NA,NA,NA,NA,NA,NA,NA,NA,NA,NA,NA,NA,NA,NA,NA,NA,NA,NA,NA,NA,NA,NA,NA,NA,NA,NA,NA,NA,NA,NA,NA,NA,NA,NA,NA,NA,NA,NA,NA,NA,NA,NA,NA,NA,NA,NA,NA,NA,NA,NA,NA,NA,NA,NA,NA,160.97850946063303,NA,NA,NA,NA,NA,NA,NA,NA,CRF_CM5,NA,NA
Florida,NA,NA,NA,NA,NA,NA,CM6,NA,NA,NA,NA,NA,NA,NA,NA,NA,NA,NA,NA,NA,NA,NA,NA,NA,NA,NA,NA,NA,NA,NA,NA,NA,NA,NA,NA,NA,NA,NA,NA,NA,NA,NA,NA,NA,NA,NA,NA,NA,NA,NA,NA,NA,NA,NA,NA,NA,NA,NA,NA,NA,NA,NA,NA,NA,NA,NA,NA,150.95638494719265,NA,NA,NA,NA,NA,NA,NA,NA,CRF_CM6,NA,NA
Florida,Middle Keys-Jeff's Patch,24.698,-80.9581,NA,NA,NA,FM1,NA,NA,NA,NA,NA,NA,NA,NA,NA,NA,NA,NA,NA,NA,NA,NA,NA,NA,NA,NA,NA,NA,NA,NA,NA,NA,NA,NA,NA,NA,NA,NA,NA,NA,NA,NA,NA,NA,NA,NA,NA,NA,NA,NA,NA,NA,NA,NA,NA,NA,NA,NA,NA,NA,NA,NA,NA,NA,CRF_FM1,AC-FWC-MR_1,NA,NA,NA,NA,NA,NA,NA,NA,NA,NA,NA,NA
Florida,Middle Keys-Long Key,24.75845,-80.765817,NA,NA,NA,FM19,NA,NA,NA,NA,NA,NA,NA,NA,NA,NA,NA,NA,NA,NA,NA,NA,NA,NA,NA,NA,NA,NA,NA,NA,NA,NA,NA,NA,NA,NA,NA,NA,NA,NA,NA,NA,NA,NA,NA,NA,NA,NA,NA,NA,NA,NA,NA,NA,NA,NA,NA,NA,NA,NA,NA,NA,NA,NA,CRF_FM19,AC-FWC-MR_23,NA,NA,NA,NA,NA,NA,NA,NA,NA,NA,NA,NA
Florida,Middle Keys-Jeff's Patch,24.696,-80.9582,NA,NA,NA,FM2,NA,NA,NA,NA,NA,NA,NA,NA,NA,NA,NA,NA,NA,NA,NA,NA,NA,NA,NA,NA,NA,NA,NA,NA,NA,NA,NA,NA,NA,NA,NA,NA,NA,NA,NA,NA,NA,NA,NA,NA,NA,NA,NA,NA,NA,NA,NA,NA,NA,NA,NA,NA,NA,NA,NA,NA,NA,NA,CRF_FM2,AC-FWC-MR_2,NA,NA,NA,NA,NA,NA,NA,NA,NA,NA,NA,NA
Florida,Middle Keys-Jeff's Patch,24.697,-80.9583,NA,NA,NA,FM3,NA,NA,NA,NA,NA,NA,NA,NA,NA,NA,NA,NA,NA,NA,NA,NA,NA,NA,NA,NA,NA,NA,NA,NA,NA,NA,NA,NA,NA,NA,NA,NA,NA,NA,NA,NA,NA,NA,NA,NA,NA,NA,NA,NA,NA,NA,NA,NA,NA,NA,NA,NA,NA,NA,NA,NA,NA,NA,CRF_FM3,AC-FWC-MR_3,NA,NA,NA,NA,NA,NA,NA,NA,NA,NA,NA,NA
Florida,Middle Keys-East Turtle Shoal,24.702167,-80.938667,NA,NA,NA,FM6,NA,NA,NA,NA,NA,NA,NA,NA,NA,NA,NA,NA,NA,NA,NA,NA,NA,NA,NA,NA,NA,NA,NA,NA,NA,NA,NA,NA,NA,NA,NA,NA,NA,NA,NA,NA,NA,NA,NA,NA,NA,NA,NA,NA,NA,NA,NA,NA,NA,NA,NA,NA,NA,NA,NA,NA,NA,NA,CRF_FM6,AC-FWC-MR_6,NA,NA,NA,NA,NA,NA,NA,NA,NA,NA,NA,NA
Florida,Middle Keys-East Washerwoman Shoal,24.664267,-81.07655,NA,NA,NA,FM9,NA,NA,NA,NA,NA,NA,NA,NA,NA,NA,NA,NA,NA,NA,NA,NA,NA,NA,NA,NA,NA,NA,NA,NA,NA,NA,NA,NA,NA,NA,NA,NA,NA,NA,NA,NA,NA,NA,NA,NA,NA,NA,NA,NA,NA,NA,NA,NA,NA,NA,NA,NA,NA,NA,NA,NA,NA,NA,CRF_FM9,AC-FWC-MR_9,NA,NA,NA,NA,NA,NA,NA,NA,NA,NA,NA,NA
Florida,Middle Keys-Delta Shoal,24.63965,-81.0662,NA,NA,NA,FWC_12,NA,NA,NA,NA,NA,NA,NA,NA,NA,NA,NA,NA,NA,NA,NA,NA,NA,NA,NA,NA,NA,NA,NA,NA,NA,NA,NA,NA,NA,NA,NA,NA,NA,NA,NA,NA,NA,NA,NA,NA,NA,NA,NA,NA,NA,NA,NA,NA,NA,NA,NA,NA,NA,NA,NA,NA,NA,NA,FWC_12,AC-FWC-MR_12,NA,NA,NA,NA,NA,NA,NA,NA,NA,NA,NA,NA
Florida,Middle Keys-Jeff's Patch,24.697567,-80.958517,NA,NA,NA,FWC_14,NA,NA,NA,NA,NA,NA,NA,NA,NA,NA,NA,NA,NA,NA,NA,NA,NA,NA,NA,NA,NA,NA,NA,NA,NA,NA,NA,NA,NA,NA,NA,NA,NA,NA,NA,NA,NA,NA,NA,NA,NA,NA,NA,NA,NA,NA,NA,NA,NA,NA,NA,NA,NA,NA,NA,NA,NA,NA,FWC_14,AC-FWC-MR_14,NA,NA,NA,NA,NA,NA,NA,NA,NA,NA,NA,NA
Florida,Middle Keys-Long Key,24.77885,-80.7349,NA,NA,NA,FWC_18,NA,NA,NA,NA,NA,NA,NA,NA,NA,NA,NA,NA,NA,NA,NA,NA,NA,NA,NA,NA,NA,NA,NA,NA,NA,NA,NA,NA,NA,NA,NA,NA,NA,NA,NA,NA,NA,NA,NA,NA,NA,NA,NA,NA,NA,NA,NA,NA,NA,NA,NA,NA,NA,NA,NA,NA,NA,NA,FWC_18,AC-FWC-LK_18,NA,NA,NA,NA,NA,NA,NA,NA,NA,NA,NA,NA
Florida,Middle Keys-Long Key,24.7763,-80.736517,NA,NA,NA,FWC_19,NA,NA,NA,NA,NA,NA,NA,NA,NA,NA,NA,NA,NA,NA,NA,NA,NA,NA,NA,NA,NA,NA,NA,NA,NA,NA,NA,NA,NA,NA,NA,NA,NA,NA,NA,NA,NA,NA,NA,NA,NA,NA,NA,NA,NA,NA,NA,NA,NA,NA,NA,NA,NA,NA,NA,NA,NA,NA,FWC_19,AC-FWC-LK_19,NA,NA,NA,NA,NA,NA,NA,NA,NA,NA,NA,NA
Florida,Middle Keys-Long Key,24.77885,-80.7349,NA,NA,NA,FWC_20,NA,NA,NA,NA,NA,NA,NA,NA,NA,NA,NA,NA,NA,NA,NA,NA,NA,NA,NA,NA,NA,NA,NA,NA,NA,NA,NA,NA,NA,NA,NA,NA,NA,NA,NA,NA,NA,NA,NA,NA,NA,NA,NA,NA,NA,NA,NA,NA,NA,NA,NA,NA,NA,NA,NA,NA,NA,NA,FWC_20,AC-FWC-MR_20,NA,192,0.5416666666666666,3,104,NA,NA,NA,NA,NA,FWC_20,NA
Florida,Middle Keys-Long Key,24.75825,-80.765983,NA,NA,NA,FWC_21,NA,NA,NA,NA,NA,NA,NA,NA,NA,NA,NA,NA,NA,NA,NA,NA,NA,NA,NA,NA,NA,NA,NA,NA,NA,NA,NA,NA,NA,NA,NA,NA,NA,NA,NA,NA,NA,NA,NA,NA,NA,NA,NA,NA,NA,NA,NA,NA,NA,NA,NA,NA,NA,NA,NA,NA,NA,NA,FWC_21,AC-FWC-MR_21,NA,NA,NA,NA,NA,NA,NA,NA,NA,NA,NA,NA
Florida,Middle Keys-Delta Shoal,24.632383,-81.088967,NA,NA,NA,FWC_25,NA,NA,NA,NA,NA,NA,NA,NA,NA,NA,NA,NA,NA,NA,NA,NA,NA,NA,NA,NA,NA,NA,NA,NA,NA,NA,NA,NA,NA,NA,NA,NA,NA,NA,NA,NA,NA,NA,NA,NA,NA,NA,NA,NA,NA,NA,NA,NA,NA,NA,NA,NA,NA,NA,NA,NA,NA,NA,FWC_25,AC-FWC-LK_25,NA,NA,NA,NA,NA,NA,NA,NA,NA,NA,NA,NA
Florida,Middle Keys-East Washerwoman Shoal,24.664267,-81.07655,NA,NA,NA,FWC_4,NA,NA,NA,NA,NA,NA,NA,NA,NA,NA,NA,NA,NA,NA,NA,NA,NA,NA,NA,NA,NA,NA,NA,NA,NA,NA,NA,NA,NA,NA,NA,NA,NA,NA,NA,NA,NA,NA,NA,NA,NA,NA,NA,NA,NA,NA,NA,NA,NA,NA,NA,NA,NA,NA,NA,NA,NA,NA,FWC_4,AC-FWC-MR_4,NA,NA,NA,NA,NA,NA,NA,NA,NA,NA,NA,NA
Florida,Middle Keys-East Turtle Shoal,24.702167,-80.938667,NA,NA,NA,FWC_5,NA,NA,NA,NA,NA,NA,NA,NA,NA,NA,NA,NA,NA,NA,NA,NA,NA,NA,NA,NA,NA,NA,NA,NA,NA,NA,NA,NA,NA,NA,NA,NA,NA,NA,NA,NA,NA,NA,NA,NA,NA,NA,NA,NA,NA,NA,NA,NA,NA,NA,NA,NA,NA,NA,NA,NA,NA,NA,FWC_5,AC-FWC-MR_5,NA,NA,NA,NA,NA,NA,NA,NA,NA,NA,NA,NA
Florida,Middle Keys-Jeff's Patch,24.697667,-80.9581,NA,NA,NA,FWC_7,NA,NA,NA,NA,NA,NA,NA,NA,NA,NA,NA,NA,NA,NA,NA,NA,NA,NA,NA,NA,NA,NA,NA,NA,NA,NA,NA,NA,NA,NA,NA,NA,NA,NA,NA,NA,NA,NA,NA,NA,NA,NA,NA,NA,NA,NA,NA,NA,NA,NA,NA,NA,NA,NA,NA,NA,NA,NA,FWC_7,AC-FWC-MR_7,NA,NA,NA,NA,NA,NA,NA,NA,NA,NA,NA,NA
Florida,NA,NA,NA,NA,NA,NA,FWC_C1158,NA,NA,NA,NA,NA,NA,NA,NA,NA,NA,NA,NA,NA,NA,NA,NA,NA,NA,NA,NA,NA,NA,NA,NA,NA,NA,NA,NA,NA,NA,NA,NA,NA,NA,NA,NA,NA,NA,NA,NA,NA,NA,NA,NA,NA,NA,NA,NA,NA,NA,NA,NA,NA,NA,NA,NA,NA,NA,NA,NA,NA,60,0.2833333333333333,6,228,NA,NA,NA,NA,NA,FWC_C1158,NA
Florida,NA,NA,NA,NA,NA,NA,FWC_C1170,NA,NA,NA,NA,NA,NA,NA,NA,NA,NA,NA,NA,NA,NA,NA,NA,NA,NA,NA,NA,NA,NA,NA,NA,NA,NA,NA,NA,NA,NA,NA,NA,NA,NA,NA,NA,NA,NA,NA,NA,NA,NA,NA,NA,NA,NA,NA,NA,NA,NA,NA,NA,NA,NA,NA,NA,NA,NA,NA,NA,NA,61,0.5409836065573771,6,228,NA,NA,NA,NA,NA,FWC_C1170,NA
Florida,NA,NA,NA,NA,NA,NA,FWC_C1294,NA,NA,NA,NA,NA,NA,NA,NA,NA,NA,NA,NA,NA,NA,NA,NA,NA,NA,NA,NA,NA,NA,NA,NA,NA,NA,NA,NA,NA,NA,NA,NA,NA,NA,NA,NA,NA,NA,NA,NA,NA,NA,NA,NA,NA,NA,NA,NA,NA,NA,NA,NA,NA,NA,NA,NA,NA,NA,NA,NA,NA,62,0.41935483870967744,16,228,NA,NA,NA,NA,NA,FWC_C1294,NA
Florida,NA,NA,NA,NA,NA,NA,FWC_C1297,NA,NA,NA,NA,NA,NA,NA,NA,NA,NA,NA,NA,NA,NA,NA,NA,NA,NA,NA,NA,NA,NA,NA,NA,NA,NA,NA,NA,NA,NA,NA,NA,NA,NA,NA,NA,NA,NA,NA,NA,NA,NA,NA,NA,NA,NA,NA,NA,NA,NA,NA,NA,NA,NA,NA,NA,NA,NA,NA,NA,NA,116,0.3275862068965517,7,228,NA,NA,NA,NA,NA,FWC_C1297,NA
Florida,NA,NA,NA,NA,NA,NA,FWC_C1363,NA,NA,NA,NA,NA,NA,NA,NA,NA,NA,NA,NA,NA,NA,NA,NA,NA,NA,NA,NA,NA,NA,NA,NA,NA,NA,NA,NA,NA,NA,NA,NA,NA,NA,NA,NA,NA,NA,NA,NA,NA,NA,NA,NA,NA,NA,NA,NA,NA,NA,NA,NA,NA,NA,NA,NA,NA,NA,NA,NA,NA,60,0.38333333333333336,16,228,NA,NA,NA,NA,NA,FWC_C1363,NA
Florida,NA,NA,NA,NA,NA,NA,FWC_C1374,NA,NA,NA,NA,NA,NA,NA,NA,NA,NA,NA,NA,NA,NA,NA,NA,NA,NA,NA,NA,NA,NA,NA,NA,NA,NA,NA,NA,NA,NA,NA,NA,NA,NA,NA,NA,NA,NA,NA,NA,NA,NA,NA,NA,NA,NA,NA,NA,NA,NA,NA,NA,NA,NA,NA,NA,NA,NA,NA,NA,NA,120,0.3416666666666667,2,228,NA,NA,NA,NA,NA,FWC_C1374,NA
Florida,NA,NA,NA,NA,NA,NA,FWC_C1474,NA,NA,NA,NA,NA,NA,NA,NA,NA,NA,NA,NA,NA,NA,NA,NA,NA,NA,NA,NA,NA,NA,NA,NA,NA,NA,NA,NA,NA,NA,NA,NA,NA,NA,NA,NA,NA,NA,NA,NA,NA,NA,NA,NA,NA,NA,NA,NA,NA,NA,NA,NA,NA,NA,NA,NA,NA,NA,NA,NA,NA,60,0.3333333333333333,7,228,NA,NA,NA,NA,NA,FWC_C1474,NA
Florida,NA,NA,NA,NA,NA,NA,FWC_C1475,NA,NA,NA,NA,NA,NA,NA,NA,NA,NA,NA,NA,NA,NA,NA,NA,NA,NA,NA,NA,NA,NA,NA,NA,NA,NA,NA,NA,NA,NA,NA,NA,NA,NA,NA,NA,NA,NA,NA,NA,NA,NA,NA,NA,NA,NA,NA,NA,NA,NA,NA,NA,NA,NA,NA,NA,NA,NA,NA,NA,NA,60,0.18333333333333332,7,228,NA,NA,NA,NA,NA,FWC_C1475,NA
Florida,NA,NA,NA,NA,NA,NA,FWC_C1476,NA,NA,NA,NA,NA,NA,NA,NA,NA,NA,NA,NA,NA,NA,NA,NA,NA,NA,NA,NA,NA,NA,NA,NA,NA,NA,NA,NA,NA,NA,NA,NA,NA,NA,NA,NA,NA,NA,NA,NA,NA,NA,NA,NA,NA,NA,NA,NA,NA,NA,NA,NA,NA,NA,NA,NA,NA,NA,NA,NA,NA,60,0.38333333333333336,7,228,NA,NA,NA,NA,NA,FWC_C1476,NA
Florida,NA,NA,NA,NA,NA,NA,FWC_C1477,NA,NA,NA,NA,NA,NA,NA,NA,NA,NA,NA,NA,NA,NA,NA,NA,NA,NA,NA,NA,NA,NA,NA,NA,NA,NA,NA,NA,NA,NA,NA,NA,NA,NA,NA,NA,NA,NA,NA,NA,NA,NA,NA,NA,NA,NA,NA,NA,NA,NA,NA,NA,NA,NA,NA,NA,NA,NA,NA,NA,NA,60,0.36666666666666664,6,228,NA,NA,NA,NA,NA,FWC_C1477,NA
Florida,NA,NA,NA,NA,NA,NA,FWC_C1478,NA,NA,NA,NA,NA,NA,NA,NA,NA,NA,NA,NA,NA,NA,NA,NA,NA,NA,NA,NA,NA,NA,NA,NA,NA,NA,NA,NA,NA,NA,NA,NA,NA,NA,NA,NA,NA,NA,NA,NA,NA,NA,NA,NA,NA,NA,NA,NA,NA,NA,NA,NA,NA,NA,NA,NA,NA,NA,NA,NA,NA,61,0.4098360655737705,7,228,NA,NA,NA,NA,NA,FWC_C1478,NA
Florida,NA,NA,NA,NA,NA,NA,FWC_CB024,NA,NA,NA,NA,NA,NA,NA,NA,NA,NA,NA,NA,NA,NA,NA,NA,NA,NA,NA,NA,NA,NA,NA,NA,NA,NA,NA,NA,NA,NA,NA,NA,NA,NA,NA,NA,NA,NA,NA,NA,NA,NA,NA,NA,NA,NA,NA,NA,NA,NA,NA,NA,NA,NA,NA,NA,NA,NA,NA,NA,226.22589061410793,NA,NA,NA,NA,NA,NA,NA,NA,FWC_CB024,NA,NA
Florida,NA,NA,NA,NA,NA,NA,FWC_CM5,NA,NA,NA,NA,NA,NA,NA,NA,NA,NA,NA,NA,NA,NA,NA,NA,NA,NA,NA,NA,NA,NA,NA,NA,NA,NA,NA,NA,NA,NA,NA,NA,NA,NA,NA,NA,NA,NA,NA,NA,NA,NA,NA,NA,NA,NA,NA,NA,NA,NA,NA,NA,NA,NA,NA,NA,NA,NA,NA,NA,173.90750185033372,NA,NA,NA,NA,NA,NA,NA,NA,FWC_CM5,NA,NA
Florida,NA,NA,NA,NA,NA,NA,FWC_CM6,NA,NA,NA,NA,NA,NA,NA,NA,NA,NA,NA,NA,NA,NA,NA,NA,NA,NA,NA,NA,NA,NA,NA,NA,NA,NA,NA,NA,NA,NA,NA,NA,NA,NA,NA,NA,NA,NA,NA,NA,NA,NA,NA,NA,NA,NA,NA,NA,NA,NA,NA,NA,NA,NA,NA,NA,NA,NA,NA,NA,189.7653622464295,NA,NA,NA,NA,NA,NA,NA,NA,FWC_CM6,NA,NA
Florida,NA,NA,NA,NA,NA,NA,FWC_FM12,NA,NA,NA,NA,NA,NA,NA,NA,NA,NA,NA,NA,NA,NA,NA,NA,NA,NA,NA,NA,NA,NA,NA,NA,NA,NA,NA,NA,NA,NA,NA,NA,NA,NA,NA,NA,NA,NA,NA,NA,NA,NA,NA,NA,NA,NA,NA,NA,NA,NA,NA,NA,NA,NA,NA,NA,NA,NA,NA,NA,184.87687328857044,NA,NA,NA,NA,NA,NA,NA,NA,FWC_FM12,NA,NA
Florida,NA,NA,NA,NA,NA,NA,FWC_FM13,NA,NA,NA,NA,NA,NA,NA,NA,NA,NA,NA,NA,NA,NA,NA,NA,NA,NA,NA,NA,NA,NA,NA,NA,NA,NA,NA,NA,NA,NA,NA,NA,NA,NA,NA,NA,NA,NA,NA,NA,NA,NA,NA,NA,NA,NA,NA,NA,NA,NA,NA,NA,NA,NA,NA,NA,NA,NA,NA,NA,116.2192543191087,NA,NA,NA,NA,NA,NA,NA,NA,FWC_FM13,NA,NA
Florida,NA,NA,NA,NA,NA,NA,FWC_FM19,NA,NA,NA,NA,NA,NA,NA,NA,NA,NA,NA,NA,NA,NA,NA,NA,NA,NA,NA,NA,NA,NA,NA,NA,NA,NA,NA,NA,NA,NA,NA,NA,NA,NA,NA,NA,NA,NA,NA,NA,NA,NA,NA,NA,NA,NA,NA,NA,NA,NA,NA,NA,NA,NA,NA,NA,NA,NA,NA,NA,228.55055957049024,NA,NA,NA,NA,NA,NA,NA,NA,FWC_FM19,NA,NA
Florida,NA,NA,NA,NA,NA,NA,FWC_FM20,NA,NA,NA,NA,NA,NA,NA,NA,NA,NA,NA,NA,NA,NA,NA,NA,NA,NA,NA,NA,NA,NA,NA,NA,NA,NA,NA,NA,NA,NA,NA,NA,NA,NA,NA,NA,NA,NA,NA,NA,NA,NA,NA,NA,NA,NA,NA,NA,NA,NA,NA,NA,NA,NA,NA,NA,NA,NA,NA,NA,141.68867836696052,NA,NA,NA,NA,NA,NA,NA,NA,FWC_FM20,NA,NA
Florida,NA,NA,NA,NA,NA,NA,FWC_FM5,NA,NA,NA,NA,NA,NA,NA,NA,NA,NA,NA,NA,NA,NA,NA,NA,NA,NA,NA,NA,NA,NA,NA,NA,NA,NA,NA,NA,NA,NA,NA,NA,NA,NA,NA,NA,NA,NA,NA,NA,NA,NA,NA,NA,NA,NA,NA,NA,NA,NA,NA,NA,NA,NA,NA,NA,NA,NA,NA,NA,192.22747857180897,NA,NA,NA,NA,NA,NA,NA,NA,FWC_FM5,NA,NA
Florida,NA,NA,NA,NA,NA,NA,FWC_FM6,NA,NA,NA,NA,NA,NA,NA,NA,NA,NA,NA,NA,NA,NA,NA,NA,NA,NA,NA,NA,NA,NA,NA,NA,NA,NA,NA,NA,NA,NA,NA,NA,NA,NA,NA,NA,NA,NA,NA,NA,NA,NA,NA,NA,NA,NA,NA,NA,NA,NA,NA,NA,NA,NA,NA,NA,NA,NA,NA,NA,114.69010722291252,NA,NA,NA,NA,NA,NA,NA,NA,FWC_FM6,NA,NA
Florida,NA,NA,NA,NA,NA,NA,FWC_FM9,NA,NA,NA,NA,NA,NA,NA,NA,NA,NA,NA,NA,NA,NA,NA,NA,NA,NA,NA,NA,NA,NA,NA,NA,NA,NA,NA,NA,NA,NA,NA,NA,NA,NA,NA,NA,NA,NA,NA,NA,NA,NA,NA,NA,NA,NA,NA,NA,NA,NA,NA,NA,NA,NA,NA,NA,NA,NA,NA,NA,131.98814882732194,NA,NA,NA,NA,NA,NA,NA,NA,FWC_FM9,NA,NA
Florida,NA,NA,NA,NA,NA,NA,FWC_K1,NA,NA,NA,NA,NA,NA,NA,NA,NA,NA,NA,NA,NA,NA,NA,NA,NA,NA,NA,NA,NA,NA,NA,NA,NA,NA,NA,NA,NA,NA,NA,NA,NA,NA,NA,NA,NA,NA,NA,NA,NA,NA,NA,NA,NA,NA,NA,NA,NA,NA,NA,NA,NA,NA,NA,NA,NA,NA,NA,NA,102.16293903123774,NA,NA,NA,NA,NA,NA,NA,NA,FWC_K1,NA,NA
Florida,NA,NA,NA,NA,NA,NA,FWC_ML1,NA,NA,NA,NA,NA,NA,NA,NA,NA,NA,NA,NA,NA,NA,NA,NA,NA,NA,NA,NA,NA,NA,NA,NA,NA,NA,NA,NA,NA,NA,NA,NA,NA,NA,NA,NA,NA,NA,NA,NA,NA,NA,NA,NA,NA,NA,NA,NA,NA,NA,NA,NA,NA,NA,NA,NA,NA,NA,NA,NA,103.85804636366186,NA,NA,NA,NA,NA,NA,NA,NA,FWC_ML1,NA,NA
Florida,NA,NA,NA,NA,NA,NA,FWC_ML3,NA,NA,NA,NA,NA,NA,NA,NA,NA,NA,NA,NA,NA,NA,NA,NA,NA,NA,NA,NA,NA,NA,NA,NA,NA,NA,NA,NA,NA,NA,NA,NA,NA,NA,NA,NA,NA,NA,NA,NA,NA,NA,NA,NA,NA,NA,NA,NA,NA,NA,NA,NA,NA,NA,NA,NA,NA,NA,NA,NA,161.11786783414834,NA,NA,NA,NA,NA,NA,NA,NA,FWC_ML3,NA,NA
Florida,NA,NA,NA,NA,NA,NA,FWC_ML31,NA,NA,NA,NA,NA,NA,NA,NA,NA,NA,NA,NA,NA,NA,NA,NA,NA,NA,NA,NA,NA,NA,NA,NA,NA,NA,NA,NA,NA,NA,NA,NA,NA,NA,NA,NA,NA,NA,NA,NA,NA,NA,NA,NA,NA,NA,NA,NA,NA,NA,NA,NA,NA,NA,NA,NA,NA,NA,NA,NA,112.25565950091789,NA,NA,NA,NA,NA,NA,NA,NA,FWC_ML31,NA,NA
Florida,NA,NA,NA,NA,NA,NA,FWC_ML34,NA,NA,NA,NA,NA,NA,NA,NA,NA,NA,NA,NA,NA,NA,NA,NA,NA,NA,NA,NA,NA,NA,NA,NA,NA,NA,NA,NA,NA,NA,NA,NA,NA,NA,NA,NA,NA,NA,NA,NA,NA,NA,NA,NA,NA,NA,NA,NA,NA,NA,NA,NA,NA,NA,NA,NA,NA,NA,NA,NA,96.24987273645915,NA,NA,NA,NA,NA,NA,NA,NA,FWC_ML34,NA,NA
Florida,NA,NA,NA,NA,NA,NA,FWC_ML41,NA,NA,NA,NA,NA,NA,NA,NA,NA,NA,NA,NA,NA,NA,NA,NA,NA,NA,NA,NA,NA,NA,NA,NA,NA,NA,NA,NA,NA,NA,NA,NA,NA,NA,NA,NA,NA,NA,NA,NA,NA,NA,NA,NA,NA,NA,NA,NA,NA,NA,NA,NA,NA,NA,NA,NA,NA,NA,NA,NA,230.9260610668331,NA,NA,NA,NA,NA,NA,NA,NA,FWC_ML41,NA,NA
Florida,NA,NA,NA,NA,NA,NA,FWC_ML5,NA,NA,NA,NA,NA,NA,NA,NA,NA,NA,NA,NA,NA,NA,NA,NA,NA,NA,NA,NA,NA,NA,NA,NA,NA,NA,NA,NA,NA,NA,NA,NA,NA,NA,NA,NA,NA,NA,NA,NA,NA,NA,NA,NA,NA,NA,NA,NA,NA,NA,NA,NA,NA,NA,NA,NA,NA,NA,NA,NA,224.61552530846555,NA,NA,NA,NA,NA,NA,NA,NA,FWC_ML5,NA,NA
Florida,NA,NA,NA,NA,NA,NA,FWC_ML50,NA,NA,NA,NA,NA,NA,NA,NA,NA,NA,NA,NA,NA,NA,NA,NA,NA,NA,NA,NA,NA,NA,NA,NA,NA,NA,NA,NA,NA,NA,NA,NA,NA,NA,NA,NA,NA,NA,NA,NA,NA,NA,NA,NA,NA,NA,NA,NA,NA,NA,NA,NA,NA,NA,NA,NA,NA,NA,NA,NA,48.21246143945398,NA,NA,NA,NA,NA,NA,NA,NA,FWC_ML50,NA,NA
Florida,NA,NA,NA,NA,NA,NA,FWC_ML57,NA,NA,NA,NA,NA,NA,NA,NA,NA,NA,NA,NA,NA,NA,NA,NA,NA,NA,NA,NA,NA,NA,NA,NA,NA,NA,NA,NA,NA,NA,NA,NA,NA,NA,NA,NA,NA,NA,NA,NA,NA,NA,NA,NA,NA,NA,NA,NA,NA,NA,NA,NA,NA,NA,NA,NA,NA,NA,NA,NA,165.36758505897603,NA,NA,NA,NA,NA,NA,NA,NA,FWC_ML57,NA,NA
Florida,NA,NA,NA,NA,NA,NA,FWC_ML63,NA,NA,NA,NA,NA,NA,NA,NA,NA,NA,NA,NA,NA,NA,NA,NA,NA,NA,NA,NA,NA,NA,NA,NA,NA,NA,NA,NA,NA,NA,NA,NA,NA,NA,NA,NA,NA,NA,NA,NA,NA,NA,NA,NA,NA,NA,NA,NA,NA,NA,NA,NA,NA,NA,NA,NA,NA,NA,NA,NA,81.51288996589332,NA,NA,NA,NA,NA,NA,NA,NA,FWC_ML63,NA,NA
Florida,NA,NA,NA,NA,NA,NA,FWC_ML7,NA,NA,NA,NA,NA,NA,NA,NA,NA,NA,NA,NA,NA,NA,NA,NA,NA,NA,NA,NA,NA,NA,NA,NA,NA,NA,NA,NA,NA,NA,NA,NA,NA,NA,NA,NA,NA,NA,NA,NA,NA,NA,NA,NA,NA,NA,NA,NA,NA,NA,NA,NA,NA,NA,NA,NA,NA,NA,NA,NA,204.5431528718827,NA,NA,NA,NA,NA,NA,NA,NA,FWC_ML7,NA,NA
Florida,NA,NA,NA,NA,NA,NA,FWC_ML75,NA,NA,NA,NA,NA,NA,NA,NA,NA,NA,NA,NA,NA,NA,NA,NA,NA,NA,NA,NA,NA,NA,NA,NA,NA,NA,NA,NA,NA,NA,NA,NA,NA,NA,NA,NA,NA,NA,NA,NA,NA,NA,NA,NA,NA,NA,NA,NA,NA,NA,NA,NA,NA,NA,NA,NA,NA,NA,NA,NA,260.3230831649283,NA,NA,NA,NA,NA,NA,NA,NA,FWC_ML75,NA,NA
Florida,NA,NA,NA,NA,NA,NA,FWC_TDT2,NA,NA,NA,NA,NA,NA,NA,NA,NA,NA,NA,NA,NA,NA,NA,NA,NA,NA,NA,NA,NA,NA,NA,NA,NA,NA,NA,NA,NA,NA,NA,NA,NA,NA,NA,NA,NA,NA,NA,NA,NA,NA,NA,NA,NA,NA,NA,NA,NA,NA,NA,NA,NA,NA,NA,NA,NA,NA,NA,NA,226.14728335930994,NA,NA,NA,NA,NA,NA,NA,NA,FWC_TDT2,NA,NA
Florida,Upper Keys-Live Rock Farm,24.9822,-80.4363,3,6,NA,K1,clone_3,0.8177573762249534,0.6367881518843654,R,H,D,H,H,H,H,H,H,D,13068245,0.17161704037227263,NA,NA,NA,NA,19024830,18342241,NA,NA,NA,NA,29325128,16524876,NA,NA,NA,NA,7588660,6746890,NA,NA,NA,NA,5873240,9536589,NA,NA,12089,NA,NA,37843,NA,NA,NA,36195,NA,6201,NA,10619,NA,NA,NA,NA,3775,CRF_K1,AC-CRF-TV_86,296.87318853530576,86,0.5813953488372093,4,45,1568,0.9311224489795918,5,58,CRF_K1,CRF_K1,CRF_K1
Florida,Upper Keys-Live Rock Farm,24.9822,-80.4363,3,7,NA,K2,clone_3,0.6904411296223212,0.4356333398942291,NA,H,D,D,D,D,H,D,H,D,66998605,0.01254280079341735,NA,NA,NA,NA,NA,NA,NA,NA,NA,NA,NA,NA,NA,NA,NA,NA,NA,NA,NA,NA,NA,NA,NA,NA,NA,NA,NA,34376,NA,NA,NA,19862,NA,NA,7460,NA,NA,NA,NA,NA,14175,NA,NA,CRF_K2,AC-CRF-TV_87,123.40079697367982,44,0.8181818181818182,4,43,1463,0.9419002050580998,5,61,CRF_K2,CRF_K2,CRF_K2
Florida,NA,NA,NA,3,8,NA,K3,NA,NA,NA,NA,NA,NA,NA,NA,NA,NA,NA,NA,NA,NA,NA,NA,NA,NA,NA,NA,NA,NA,NA,NA,NA,NA,NA,NA,NA,NA,NA,NA,NA,NA,NA,NA,NA,NA,NA,NA,NA,NA,NA,NA,NA,NA,NA,NA,NA,NA,NA,NA,NA,NA,NA,NA,NA,NA,NA,NA,NA,9,0.8888888888888888,4,39,NA,NA,NA,NA,NA,CRF_K3,NA
Florida,Lower Keys-Key West Patch Reef,24.473233,-81.7641,3,11,NA,KW13,NA,NA,NA,NA,NA,NA,NA,NA,NA,NA,NA,NA,NA,NA,NA,NA,NA,NA,NA,NA,NA,NA,NA,NA,NA,NA,NA,NA,NA,NA,NA,NA,NA,NA,NA,NA,NA,NA,NA,NA,NA,NA,NA,NA,NA,NA,NA,NA,NA,NA,NA,NA,NA,NA,NA,NA,NA,NA,CRF_KW13,AC-CRF-TV_91,NA,NA,NA,NA,NA,NA,NA,NA,NA,NA,NA,NA
Florida,Lower Keys-Key West Patch Reef,24.5005,-81.7416833,3,10,NA,KW15,clone_5,0.8028008004620453,0.610958320744247,NA,H,D,H,H,H,H,H,D,D,49769810,0.03434905084055479,NA,NA,NA,NA,NA,NA,NA,NA,NA,NA,NA,NA,NA,NA,NA,NA,NA,NA,NA,NA,NA,NA,NA,NA,NA,NA,NA,NA,NA,33341,NA,NA,5440,NA,NA,NA,NA,3861,NA,NA,NA,23827,NA,CRF_KW15,AC-CRF-TV_90,540.4459140040993,11,0.7272727272727273,4,43,1398,0.8004291845493562,5,55,CRF_KW15,CRF_KW15,CRF_KW15
Florida,NA,NA,NA,NA,NA,NA,KW16,NA,NA,NA,NA,NA,NA,NA,NA,NA,NA,NA,NA,NA,NA,NA,NA,NA,NA,NA,NA,NA,NA,NA,NA,NA,NA,NA,NA,NA,NA,NA,NA,NA,NA,NA,NA,NA,NA,NA,NA,NA,NA,NA,NA,NA,NA,NA,NA,NA,NA,NA,NA,NA,NA,NA,NA,NA,NA,NA,NA,354.3671910012741,NA,NA,NA,NA,1314,0.898021308980213,5,63,CRF_KW16,NA,NA
Florida,Lower Keys-Key West Patch Reef,24.499083,-81.75905,3,12,NA,KW5,NA,NA,NA,NA,NA,NA,NA,NA,NA,NA,NA,NA,NA,NA,NA,NA,NA,NA,NA,NA,NA,NA,NA,NA,NA,NA,NA,NA,NA,NA,NA,NA,NA,NA,NA,NA,NA,NA,NA,NA,NA,NA,NA,NA,NA,NA,NA,NA,NA,NA,NA,NA,NA,NA,NA,NA,NA,NA,CRF_KW5,AC-CRF-TV_92,140.09485435728828,NA,NA,NA,NA,1306,0.9494640122511485,5,56,CRF_KW5,NA,NA
Florida,Middle Keys-East Turtle Shoal,24.721683,-80.9277833,2,80,NA,M1,clone_7,0.21077999043948228,0.03042154565820803,S,H,D,D,H,D,D,D,D,D,1724636,0.9998232346086838,NA,NA,12755121,13710229,NA,NA,NA,NA,NA,NA,19563459,14415026,NA,NA,8198192,3706958,NA,NA,NA,NA,NA,NA,2912154,7321539,NA,NA,7523,NA,32971,NA,NA,NA,NA,15436,12746,18131,NA,15084,30595,NA,NA,NA,8290,CRF_M1,AC-CRF-TV_79,90.24458438155062,25,0.64,4,43,1280,0.9546875,5,58,CRF_M1,CRF_M1,CRF_M1
Florida,Middle Keys-West Turtle Shoal,24.692317,-80.97575,3,5,NA,M10,clone_6,0.6084555168031996,0.3280738800080762,NA,H,D,H,H,D,D,D,H,D,43653922,0.0373969575612221,NA,NA,NA,NA,NA,NA,NA,NA,NA,NA,NA,NA,NA,NA,NA,NA,NA,NA,NA,NA,NA,NA,NA,NA,NA,NA,6248,NA,36473,NA,NA,NA,16794,NA,NA,16825,NA,NA,NA,NA,NA,19589,NA,CRF_M10,AC-CRF-TV_85,159.60983479685393,18,1,4,43,1422,0.9360056258790436,5,56,CRF_M10,CRF_M10,CRF_M10
Florida,Middle Keys-East Turtle Shoal,24.72015,-80.92875,2,81,NA,M2,clone_9,0.6084555168031998,0.3280738800080762,NA,D,D,H,H,D,H,H,H,D,60767065,0.02761829611361253,NA,NA,NA,NA,NA,NA,NA,NA,NA,NA,NA,NA,NA,NA,NA,NA,NA,NA,NA,NA,NA,NA,NA,NA,NA,NA,NA,8809,NA,NA,NA,NA,NA,28011,8908,NA,NA,NA,NA,NA,NA,NA,8395,CRF_M2,AC-CRF-TV_80,74.14443907517528,14,0.7857142857142857,4,43,1471,0.8953093133922502,5,58,CRF_M2,CRF_M2,CRF_M2
Florida,NA,NA,NA,NA,NA,NA,M20,NA,NA,NA,NA,NA,NA,NA,NA,NA,NA,NA,NA,NA,NA,NA,NA,NA,NA,NA,NA,NA,NA,NA,NA,NA,NA,NA,NA,NA,NA,NA,NA,NA,NA,NA,NA,NA,NA,NA,NA,NA,NA,NA,NA,NA,NA,NA,NA,NA,NA,NA,NA,NA,NA,NA,NA,NA,NA,NA,NA,NA,8,1,28,28,1260,0.9317460317460318,5,63,NA,CRF_M20,NA
Florida,Middle Keys-East Turtle Shoal,24.71335,-80.9447833,3,1,NA,M3,clone_9,0.6574385176270734,0.3903047418355598,NA,H,D,D,H,D,H,D,H,D,38630686,0.0392857546892323,NA,NA,NA,NA,NA,NA,NA,NA,NA,NA,NA,NA,NA,NA,NA,NA,NA,NA,NA,NA,NA,NA,NA,NA,NA,NA,NA,34717,NA,NA,NA,NA,NA,21845,8856,NA,NA,NA,NA,NA,NA,22597,8417,CRF_M3,AC-CRF-TV_81,NA,29,0.8620689655172413,4,50,1327,0.9163526752072344,5,58,NA,CRF_M3,CRF_M3
Florida,Middle Keys-East Turtle Shoal,24.711783,-80.9459667,3,2,NA,M5,clone_10,0.8177573762249534,0.6367881518843654,R,H,D,H,H,H,H,H,H,D,68889289,0.0300944257151692,18835899,21887525,NA,NA,NA,NA,NA,NA,NA,NA,17089767,33788523,4255576,3379515,NA,NA,NA,NA,NA,NA,NA,NA,4495446,5196295,NA,NA,28089,3983,NA,NA,NA,NA,NA,15690,17586,8129,NA,NA,NA,NA,NA,NA,7746,CRF_M5,AC-CRF-TV_82,NA,60,0.75,4,48,1575,0.9346031746031747,6,62,NA,CRF_M5,CRF_M5
Florida,Middle Keys-East Turtle Shoal,24.710817,-80.948,3,3,NA,M6,clone_11,0.6739288808587626,0.4126090663756678,NA,H,D,H,D,D,D,D,H,D,54196383,0.02877363471125491,NA,NA,NA,NA,NA,NA,NA,NA,NA,NA,NA,NA,NA,NA,NA,NA,NA,NA,NA,NA,NA,NA,NA,NA,NA,NA,20694,NA,8,NA,338,NA,NA,NA,NA,8928,NA,NA,NA,6675,NA,NA,NA,CRF_M6,AC-CRF-TV_83,NA,17,0.8235294117647058,4,50,1451,0.9104066161268091,5,58,NA,CRF_M6,CRF_M6
Florida,Middle Keys-East Turtle Shoal,24.71845,-80.9307833,3,4,NA,M7,clone_98,0.6574385176270734,0.3903047418355598,NA,H,D,H,D,H,D,D,H,D,11391191,0.24826015717507224,NA,NA,NA,NA,NA,NA,NA,NA,NA,NA,NA,NA,NA,NA,NA,NA,NA,NA,NA,NA,NA,NA,NA,NA,NA,NA,NA,NA,3879,NA,40540,NA,NA,60964,NA,20641,NA,NA,NA,5774,NA,NA,5163,CRF_M7,AC-CRF-TV_84,NA,17,0.9411764705882353,4,50,1424,0.9023876404494382,6,58,RR_M7?,CRF_M7,CRF_M7
Florida,NA,NA,NA,NA,NA,NA,ML56,NA,NA,NA,NA,NA,NA,NA,NA,NA,NA,NA,NA,NA,NA,NA,NA,NA,NA,NA,NA,NA,NA,NA,NA,NA,NA,NA,NA,NA,NA,NA,NA,NA,NA,NA,NA,NA,NA,NA,NA,NA,NA,NA,NA,NA,NA,NA,NA,NA,NA,NA,NA,NA,NA,NA,NA,NA,NA,NA,NA,229.31247172643148,NA,NA,NA,NA,NA,NA,NA,NA,CRF_ML56,NA,NA
Florida,NA,NA,NA,NA,NA,NA,ML57,NA,NA,NA,NA,NA,NA,NA,NA,NA,NA,NA,NA,NA,NA,NA,NA,NA,NA,NA,NA,NA,NA,NA,NA,NA,NA,NA,NA,NA,NA,NA,NA,NA,NA,NA,NA,NA,NA,NA,NA,NA,NA,NA,NA,NA,NA,NA,NA,NA,NA,NA,NA,NA,NA,NA,NA,NA,NA,NA,NA,376.4812439835476,NA,NA,NA,NA,NA,NA,NA,NA,CRF_ML57,NA,NA
Florida,NA,NA,NA,NA,NA,NA,ML7,NA,NA,NA,NA,NA,NA,NA,NA,NA,NA,NA,NA,NA,NA,NA,NA,NA,NA,NA,NA,NA,NA,NA,NA,NA,NA,NA,NA,NA,NA,NA,NA,NA,NA,NA,NA,NA,NA,NA,NA,NA,NA,NA,NA,NA,NA,NA,NA,NA,NA,NA,NA,NA,NA,NA,NA,NA,NA,NA,NA,236.7992633481749,NA,NA,NA,NA,NA,NA,NA,NA,CRF_ML7,NA,NA
Florida,NA,NA,NA,NA,NA,NA,MML_ML90,NA,NA,NA,NA,NA,NA,NA,NA,NA,NA,NA,NA,NA,NA,NA,NA,NA,NA,NA,NA,NA,NA,NA,NA,NA,NA,NA,NA,NA,NA,NA,NA,NA,NA,NA,NA,NA,NA,NA,NA,NA,NA,NA,NA,NA,NA,NA,NA,NA,NA,NA,NA,NA,NA,NA,NA,NA,NA,NA,NA,13.544303047283355,NA,NA,NA,NA,NA,NA,NA,NA,MML_ML90,NA,NA
Florida,Lower Keys-MOTE,24.56937,-81.33028,1,15,NA,MOTE_1,NA,NA,NA,NA,NA,NA,NA,NA,NA,NA,NA,NA,NA,NA,NA,NA,NA,NA,NA,NA,NA,NA,NA,NA,NA,NA,NA,NA,NA,NA,NA,NA,NA,NA,NA,NA,NA,NA,NA,NA,NA,NA,NA,NA,NA,NA,NA,NA,NA,NA,NA,NA,NA,NA,NA,NA,NA,NA,MOTE_1,AC-MOTE_1,105.93712897155451,823,0.7630619684082625,4,140,NA,NA,NA,NA,MML_ML1,MOTE_1,NA
Florida,Lower Keys-MOTE,24.61515,-81.37917,1,24,NA,MOTE_10,NA,NA,NA,NA,NA,NA,NA,NA,NA,NA,NA,NA,NA,NA,NA,NA,NA,NA,NA,NA,NA,NA,NA,NA,NA,NA,NA,NA,NA,NA,NA,NA,NA,NA,NA,NA,NA,NA,NA,NA,NA,NA,NA,NA,NA,NA,NA,NA,NA,NA,NA,NA,NA,NA,NA,NA,NA,NA,MOTE_10,AC-MOTE_10,174.7934704089018,15,0.7333333333333333,9,41,NA,NA,NA,NA,MML_ML10,MOTE_10,NA
Florida,Lower Keys-MOTE,24.59592,-81.37162,1,25,NA,MOTE_13,NA,NA,NA,NA,NA,NA,NA,NA,NA,NA,NA,NA,NA,NA,NA,NA,NA,NA,NA,NA,NA,NA,NA,NA,NA,NA,NA,NA,NA,NA,NA,NA,NA,NA,NA,NA,NA,NA,NA,NA,NA,NA,NA,NA,NA,NA,NA,NA,NA,NA,NA,NA,NA,NA,NA,NA,NA,NA,MOTE_13,AC-MOTE_11,135.49770696309463,218,0.6880733944954128,4,99,NA,NA,NA,NA,MML_ML13,MOTE_13,NA
Florida,NA,NA,NA,NA,NA,NA,MOTE_1X,NA,NA,NA,NA,NA,NA,NA,NA,NA,NA,NA,NA,NA,NA,NA,NA,NA,NA,NA,NA,NA,NA,NA,NA,NA,NA,NA,NA,NA,NA,NA,NA,NA,NA,NA,NA,NA,NA,NA,NA,NA,NA,NA,NA,NA,NA,NA,NA,NA,NA,NA,NA,NA,NA,NA,NA,NA,NA,NA,NA,NA,5,1,45,45,NA,NA,NA,NA,NA,MOTE_1X,NA
Florida,Lower Keys-MOTE,24.56832,-81.33357,1,16,NA,MOTE_2,NA,NA,NA,NA,NA,NA,NA,NA,NA,NA,NA,NA,NA,NA,NA,NA,NA,NA,NA,NA,NA,NA,NA,NA,NA,NA,NA,NA,NA,NA,NA,NA,NA,NA,NA,NA,NA,NA,NA,NA,NA,NA,NA,NA,NA,NA,NA,NA,NA,NA,NA,NA,NA,NA,NA,NA,NA,NA,MOTE_2,AC-MOTE_2,NA,50,0,4,102,NA,NA,NA,NA,NA,MOTE_2,NA
Florida,Lower Keys-MOTE,24.62167,-81.36313,1,26,NA,MOTE_20,NA,NA,NA,NA,NA,NA,NA,NA,NA,NA,NA,NA,NA,NA,NA,NA,NA,NA,NA,NA,NA,NA,NA,NA,NA,NA,NA,NA,NA,NA,NA,NA,NA,NA,NA,NA,NA,NA,NA,NA,NA,NA,NA,NA,NA,NA,NA,NA,NA,NA,NA,NA,NA,NA,NA,NA,NA,NA,MOTE_20,AC-MOTE_12,88.58280263783294,80,0.95,4,41,NA,NA,NA,NA,MML_ML20,MOTE_20,NA
Florida,Lower Keys-MOTE,24.52171667,-81.57675,1,27,NA,MOTE_29,NA,NA,NA,NA,NA,NA,NA,NA,NA,NA,NA,NA,NA,NA,NA,NA,NA,NA,NA,NA,NA,NA,NA,NA,NA,NA,NA,NA,NA,NA,NA,NA,NA,NA,NA,NA,NA,NA,NA,NA,NA,NA,NA,NA,NA,NA,NA,NA,NA,NA,NA,NA,NA,NA,NA,NA,NA,NA,MOTE_29,AC-MOTE_13,221.1424982018431,5,1,39,39,NA,NA,NA,NA,MML_ML29,MOTE_29,NA
Florida,Lower Keys-MOTE,24.56307,-81.401,1,17,NA,MOTE_3,NA,NA,NA,NA,NA,NA,NA,NA,NA,NA,NA,NA,NA,NA,NA,NA,NA,NA,NA,NA,NA,NA,NA,NA,NA,NA,NA,NA,NA,NA,NA,NA,NA,NA,NA,NA,NA,NA,NA,NA,NA,NA,NA,NA,NA,NA,NA,NA,NA,NA,NA,NA,NA,NA,NA,NA,NA,NA,MOTE_3,AC-MOTE_3,596.8359347643976,671,0.7570789865871833,4,140,NA,NA,NA,NA,MML_ML3,MOTE_3,NA
Florida,Lower Keys-MOTE,24.5477,-81.45696,1,28,NA,MOTE_31,NA,NA,NA,NA,NA,NA,NA,NA,NA,NA,NA,NA,NA,NA,NA,NA,NA,NA,NA,NA,NA,NA,NA,NA,NA,NA,NA,NA,NA,NA,NA,NA,NA,NA,NA,NA,NA,NA,NA,NA,NA,NA,NA,NA,NA,NA,NA,NA,NA,NA,NA,NA,NA,NA,NA,NA,NA,NA,MOTE_31,AC-MOTE_14,119.30654706510563,983,0.7466937945066124,3,99,NA,NA,NA,NA,MML_ML31,MOTE_31,NA
Florida,NA,NA,NA,NA,NA,NA,MOTE_31X,NA,NA,NA,NA,NA,NA,NA,NA,NA,NA,NA,NA,NA,NA,NA,NA,NA,NA,NA,NA,NA,NA,NA,NA,NA,NA,NA,NA,NA,NA,NA,NA,NA,NA,NA,NA,NA,NA,NA,NA,NA,NA,NA,NA,NA,NA,NA,NA,NA,NA,NA,NA,NA,NA,NA,NA,NA,NA,NA,NA,NA,44,0.9090909090909091,9,45,NA,NA,NA,NA,NA,MOTE_31X,NA
Florida,Lower Keys-MOTE,24.53865,-81.44358,1,29,NA,MOTE_34,NA,NA,NA,NA,NA,NA,NA,NA,NA,NA,NA,NA,NA,NA,NA,NA,NA,NA,NA,NA,NA,NA,NA,NA,NA,NA,NA,NA,NA,NA,NA,NA,NA,NA,NA,NA,NA,NA,NA,NA,NA,NA,NA,NA,NA,NA,NA,NA,NA,NA,NA,NA,NA,NA,NA,NA,NA,NA,MOTE_34,AC-MOTE_15,81.77308804977903,982,0.790224032586558,3,99,NA,NA,NA,NA,MML_ML34,MOTE_34,NA
Florida,Lower Keys-MOTE,24.5615,-81.40788,1,30,NA,MOTE_36,NA,NA,NA,NA,NA,NA,NA,NA,NA,NA,NA,NA,NA,NA,NA,NA,NA,NA,NA,NA,NA,NA,NA,NA,NA,NA,NA,NA,NA,NA,NA,NA,NA,NA,NA,NA,NA,NA,NA,NA,NA,NA,NA,NA,NA,NA,NA,NA,NA,NA,NA,NA,NA,NA,NA,NA,NA,NA,MOTE_36,AC-MOTE_16,149.81326120400706,30,1,7,39,NA,NA,NA,NA,MML_ML36,MOTE_36,NA
Florida,Lower Keys-MOTE,24.56306,-81.40063,1,31,NA,MOTE_38,NA,NA,NA,NA,NA,NA,NA,NA,NA,NA,NA,NA,NA,NA,NA,NA,NA,NA,NA,NA,NA,NA,NA,NA,NA,NA,NA,NA,NA,NA,NA,NA,NA,NA,NA,NA,NA,NA,NA,NA,NA,NA,NA,NA,NA,NA,NA,NA,NA,NA,NA,NA,NA,NA,NA,NA,NA,NA,MOTE_38,AC-MOTE_17,178.0489436067696,112,0.9107142857142857,7,98,NA,NA,NA,NA,MML_ML38,MOTE_38,NA
Florida,NA,NA,NA,NA,NA,NA,MOTE_38X,NA,NA,NA,NA,NA,NA,NA,NA,NA,NA,NA,NA,NA,NA,NA,NA,NA,NA,NA,NA,NA,NA,NA,NA,NA,NA,NA,NA,NA,NA,NA,NA,NA,NA,NA,NA,NA,NA,NA,NA,NA,NA,NA,NA,NA,NA,NA,NA,NA,NA,NA,NA,NA,NA,NA,NA,NA,NA,NA,NA,NA,5,0.6,45,45,NA,NA,NA,NA,NA,MOTE_38X,NA
Florida,Lower Keys-MOTE,24.56935,-81.38168,1,18,NA,MOTE_4,NA,NA,NA,NA,NA,NA,NA,NA,NA,NA,NA,NA,NA,NA,NA,NA,NA,NA,NA,NA,NA,NA,NA,NA,NA,NA,NA,NA,NA,NA,NA,NA,NA,NA,NA,NA,NA,NA,NA,NA,NA,NA,NA,NA,NA,NA,NA,NA,NA,NA,NA,NA,NA,NA,NA,NA,NA,NA,MOTE_4,AC-MOTE_4,355.17024778550615,218,0.7339449541284404,4,140,NA,NA,NA,NA,MML_ML4,MOTE_4,NA
Florida,Lower Keys-MOTE,24.5532,-81.43758333,1,32,NA,MOTE_41,NA,NA,NA,NA,NA,NA,NA,NA,NA,NA,NA,NA,NA,NA,NA,NA,NA,NA,NA,NA,NA,NA,NA,NA,NA,NA,NA,NA,NA,NA,NA,NA,NA,NA,NA,NA,NA,NA,NA,NA,NA,NA,NA,NA,NA,NA,NA,NA,NA,NA,NA,NA,NA,NA,NA,NA,NA,NA,MOTE_41,AC-MOTE_18,257.5293531407111,903,0.805094130675526,4,99,NA,NA,NA,NA,MML_ML41,MOTE_41,NA
Florida,NA,NA,NA,NA,NA,NA,MOTE_42,NA,NA,NA,NA,NA,NA,NA,NA,NA,NA,NA,NA,NA,NA,NA,NA,NA,NA,NA,NA,NA,NA,NA,NA,NA,NA,NA,NA,NA,NA,NA,NA,NA,NA,NA,NA,NA,NA,NA,NA,NA,NA,NA,NA,NA,NA,NA,NA,NA,NA,NA,NA,NA,NA,NA,NA,NA,NA,NA,NA,NA,86,0.9418604651162791,4,41,NA,NA,NA,NA,NA,MOTE_42,NA
Florida,Lower Keys-MOTE,24.5686,-81.3265,1,34,NA,MOTE_43,NA,NA,NA,NA,NA,NA,NA,NA,NA,NA,NA,NA,NA,NA,NA,NA,NA,NA,NA,NA,NA,NA,NA,NA,NA,NA,NA,NA,NA,NA,NA,NA,NA,NA,NA,NA,NA,NA,NA,NA,NA,NA,NA,NA,NA,NA,NA,NA,NA,NA,NA,NA,NA,NA,NA,NA,NA,NA,MOTE_43,AC-MOTE_20,NA,35,1,7,39,NA,NA,NA,NA,NA,MOTE_43,NA
Florida,Lower Keys-MOTE,24.5686,-81.3265,1,35,NA,MOTE_44,NA,NA,NA,NA,NA,NA,NA,NA,NA,NA,NA,NA,NA,NA,NA,NA,NA,NA,NA,NA,NA,NA,NA,NA,NA,NA,NA,NA,NA,NA,NA,NA,NA,NA,NA,NA,NA,NA,NA,NA,NA,NA,NA,NA,NA,NA,NA,NA,NA,NA,NA,NA,NA,NA,NA,NA,NA,NA,MOTE_44,AC-MOTE_21,136.67485873554608,118,0.7966101694915254,5,99,NA,NA,NA,NA,MML_ML44,MOTE_44,NA
Florida,Lower Keys-MOTE,24.5608,-81.50143333,NA,NA,NA,MOTE_46,NA,NA,NA,NA,NA,NA,NA,NA,NA,NA,NA,NA,NA,NA,NA,NA,NA,NA,NA,NA,NA,NA,NA,NA,NA,NA,NA,NA,NA,NA,NA,NA,NA,NA,NA,NA,NA,NA,NA,NA,NA,NA,NA,NA,NA,NA,NA,NA,NA,NA,NA,NA,NA,NA,NA,NA,NA,NA,MOTE_46,AC-MOTE_22,162.1239498001584,NA,NA,NA,NA,NA,NA,NA,NA,MML_ML46,NA,NA
Florida,Lower Keys-MOTE,24.54835,-81.5332,1,37,NA,MOTE_47,NA,NA,NA,NA,NA,NA,NA,NA,NA,NA,NA,NA,NA,NA,NA,NA,NA,NA,NA,NA,NA,NA,NA,NA,NA,NA,NA,NA,NA,NA,NA,NA,NA,NA,NA,NA,NA,NA,NA,NA,NA,NA,NA,NA,NA,NA,NA,NA,NA,NA,NA,NA,NA,NA,NA,NA,NA,NA,MOTE_47,AC-MOTE_23,NA,200,0.785,5,98,NA,NA,NA,NA,NA,MOTE_47,NA
Florida,NA,NA,NA,NA,NA,NA,MOTE_47X,NA,NA,NA,NA,NA,NA,NA,NA,NA,NA,NA,NA,NA,NA,NA,NA,NA,NA,NA,NA,NA,NA,NA,NA,NA,NA,NA,NA,NA,NA,NA,NA,NA,NA,NA,NA,NA,NA,NA,NA,NA,NA,NA,NA,NA,NA,NA,NA,NA,NA,NA,NA,NA,NA,NA,NA,NA,NA,NA,NA,NA,15,0.8,45,45,NA,NA,NA,NA,NA,MOTE_47X,NA
Florida,Lower Keys-MOTE,24.5215,-81.5769,1,38,NA,MOTE_48,NA,NA,NA,NA,NA,NA,NA,NA,NA,NA,NA,NA,NA,NA,NA,NA,NA,NA,NA,NA,NA,NA,NA,NA,NA,NA,NA,NA,NA,NA,NA,NA,NA,NA,NA,NA,NA,NA,NA,NA,NA,NA,NA,NA,NA,NA,NA,NA,NA,NA,NA,NA,NA,NA,NA,NA,NA,NA,MOTE_48,AC-MOTE_24,220.9005521134147,234,0.7692307692307693,5,44,NA,NA,NA,NA,MML_ML48,MOTE_48,NA
Florida,NA,NA,NA,NA,NA,NA,MOTE_48X,NA,NA,NA,NA,NA,NA,NA,NA,NA,NA,NA,NA,NA,NA,NA,NA,NA,NA,NA,NA,NA,NA,NA,NA,NA,NA,NA,NA,NA,NA,NA,NA,NA,NA,NA,NA,NA,NA,NA,NA,NA,NA,NA,NA,NA,NA,NA,NA,NA,NA,NA,NA,NA,NA,NA,NA,NA,NA,NA,NA,NA,15,1,45,45,NA,NA,NA,NA,NA,MOTE_48X,NA
Florida,Lower Keys-MOTE,24.52257,-81.51978,1,19,NA,MOTE_5,NA,NA,NA,NA,NA,NA,NA,NA,NA,NA,NA,NA,NA,NA,NA,NA,NA,NA,NA,NA,NA,NA,NA,NA,NA,NA,NA,NA,NA,NA,NA,NA,NA,NA,NA,NA,NA,NA,NA,NA,NA,NA,NA,NA,NA,NA,NA,NA,NA,NA,NA,NA,NA,NA,NA,NA,NA,NA,MOTE_5,AC-MOTE_5,102.44972507606548,460,0.6978260869565217,4,99,NA,NA,NA,NA,MML_ML5,MOTE_5,NA
Florida,Lower Keys-MOTE,24.54854167,-81.53308333,1,39,NA,MOTE_50,NA,NA,NA,NA,NA,NA,NA,NA,NA,NA,NA,NA,NA,NA,NA,NA,NA,NA,NA,NA,NA,NA,NA,NA,NA,NA,NA,NA,NA,NA,NA,NA,NA,NA,NA,NA,NA,NA,NA,NA,NA,NA,NA,NA,NA,NA,NA,NA,NA,NA,NA,NA,NA,NA,NA,NA,NA,NA,MOTE_50,AC-MOTE_25,218.44639198577792,1378,0.8534107402031931,3,99,NA,NA,NA,NA,MML_ML50,MOTE_50,NA
Florida,NA,NA,NA,NA,NA,NA,MOTE_50X,NA,NA,NA,NA,NA,NA,NA,NA,NA,NA,NA,NA,NA,NA,NA,NA,NA,NA,NA,NA,NA,NA,NA,NA,NA,NA,NA,NA,NA,NA,NA,NA,NA,NA,NA,NA,NA,NA,NA,NA,NA,NA,NA,NA,NA,NA,NA,NA,NA,NA,NA,NA,NA,NA,NA,NA,NA,NA,NA,NA,NA,25,1,45,45,NA,NA,NA,NA,NA,MOTE_50X,NA
Florida,Lower Keys-MOTE,24.52735,-81.49895,1,40,NA,MOTE_51,NA,NA,NA,NA,NA,NA,NA,NA,NA,NA,NA,NA,NA,NA,NA,NA,NA,NA,NA,NA,NA,NA,NA,NA,NA,NA,NA,NA,NA,NA,NA,NA,NA,NA,NA,NA,NA,NA,NA,NA,NA,NA,NA,NA,NA,NA,NA,NA,NA,NA,NA,NA,NA,NA,NA,NA,NA,NA,MOTE_51,AC-MOTE_26,107.82525831627972,145,0.6551724137931034,5,44,NA,NA,NA,NA,MML_ML51,MOTE_51,NA
Florida,NA,NA,NA,NA,NA,NA,MOTE_53X,NA,NA,NA,NA,NA,NA,NA,NA,NA,NA,NA,NA,NA,NA,NA,NA,NA,NA,NA,NA,NA,NA,NA,NA,NA,NA,NA,NA,NA,NA,NA,NA,NA,NA,NA,NA,NA,NA,NA,NA,NA,NA,NA,NA,NA,NA,NA,NA,NA,NA,NA,NA,NA,NA,NA,NA,NA,NA,NA,NA,NA,15,1,45,45,NA,NA,NA,NA,NA,MOTE_53X,NA
Florida,Lower Keys-MOTE,24.55903333,-81.41293333,1,41,NA,MOTE_54,NA,NA,NA,NA,NA,NA,NA,NA,NA,NA,NA,NA,NA,NA,NA,NA,NA,NA,NA,NA,NA,NA,NA,NA,NA,NA,NA,NA,NA,NA,NA,NA,NA,NA,NA,NA,NA,NA,NA,NA,NA,NA,NA,NA,NA,NA,NA,NA,NA,NA,NA,NA,NA,NA,NA,NA,NA,NA,MOTE_54,AC-MOTE_27,115.59427218806444,252,0.6587301587301587,5,99,NA,NA,NA,NA,MML_ML54,MOTE_54,NA
Florida,Lower Keys-MOTE,24.55913333,-81.41338333,1,42,NA,MOTE_55,NA,NA,NA,NA,NA,NA,NA,NA,NA,NA,NA,NA,NA,NA,NA,NA,NA,NA,NA,NA,NA,NA,NA,NA,NA,NA,NA,NA,NA,NA,NA,NA,NA,NA,NA,NA,NA,NA,NA,NA,NA,NA,NA,NA,NA,NA,NA,NA,NA,NA,NA,NA,NA,NA,NA,NA,NA,NA,MOTE_55,AC-MOTE_28,258.14654200783446,6,0.3333333333333333,7,39,NA,NA,NA,NA,MML_ML55,MOTE_55,NA
Florida,Lower Keys-MOTE,24.55911667,-81.41356667,1,43,NA,MOTE_56,NA,NA,NA,NA,NA,NA,NA,NA,NA,NA,NA,NA,NA,NA,NA,NA,NA,NA,NA,NA,NA,NA,NA,NA,NA,NA,NA,NA,NA,NA,NA,NA,NA,NA,NA,NA,NA,NA,NA,NA,NA,NA,NA,NA,NA,NA,NA,NA,NA,NA,NA,NA,NA,NA,NA,NA,NA,NA,MOTE_56,AC-MOTE_29,232.91166854721791,563,0.6998223801065719,5,99,NA,NA,NA,NA,MML_ML56,MOTE_56,NA
Florida,Lower Keys-MOTE,24.55948333,-81.41321667,1,44,NA,MOTE_57,NA,NA,NA,NA,NA,NA,NA,NA,NA,NA,NA,NA,NA,NA,NA,NA,NA,NA,NA,NA,NA,NA,NA,NA,NA,NA,NA,NA,NA,NA,NA,NA,NA,NA,NA,NA,NA,NA,NA,NA,NA,NA,NA,NA,NA,NA,NA,NA,NA,NA,NA,NA,NA,NA,NA,NA,NA,NA,MOTE_57,AC-MOTE_30,158.7987812827606,515,0.7436893203883496,5,99,NA,NA,NA,NA,MML_ML57,MOTE_57,NA
Florida,NA,NA,NA,NA,NA,NA,MOTE_57X,NA,NA,NA,NA,NA,NA,NA,NA,NA,NA,NA,NA,NA,NA,NA,NA,NA,NA,NA,NA,NA,NA,NA,NA,NA,NA,NA,NA,NA,NA,NA,NA,NA,NA,NA,NA,NA,NA,NA,NA,NA,NA,NA,NA,NA,NA,NA,NA,NA,NA,NA,NA,NA,NA,NA,NA,NA,NA,NA,NA,NA,20,0.95,45,45,NA,NA,NA,NA,NA,MOTE_57X,NA
Florida,Lower Keys-MOTE,24.52328333,-81.53571667,1,45,NA,MOTE_58,NA,NA,NA,NA,NA,NA,NA,NA,NA,NA,NA,NA,NA,NA,NA,NA,NA,NA,NA,NA,NA,NA,NA,NA,NA,NA,NA,NA,NA,NA,NA,NA,NA,NA,NA,NA,NA,NA,NA,NA,NA,NA,NA,NA,NA,NA,NA,NA,NA,NA,NA,NA,NA,NA,NA,NA,NA,NA,MOTE_58,AC-MOTE_31,213.43883640629412,192,0.6041666666666666,6,99,NA,NA,NA,NA,MML_ML58,MOTE_58,NA
Florida,Lower Keys-MOTE,24.52298,-81.52043,1,20,NA,MOTE_6,NA,NA,NA,NA,NA,NA,NA,NA,NA,NA,NA,NA,NA,NA,NA,NA,NA,NA,NA,NA,NA,NA,NA,NA,NA,NA,NA,NA,NA,NA,NA,NA,NA,NA,NA,NA,NA,NA,NA,NA,NA,NA,NA,NA,NA,NA,NA,NA,NA,NA,NA,NA,NA,NA,NA,NA,NA,NA,MOTE_6,AC-MOTE_6,70.4373929133018,60,1,4,39,NA,NA,NA,NA,MML_ML6,MOTE_6,NA
Florida,Lower Keys-MOTE,24.573,-81.33149,1,46,NA,MOTE_60,NA,NA,NA,NA,NA,NA,NA,NA,NA,NA,NA,NA,NA,NA,NA,NA,NA,NA,NA,NA,NA,NA,NA,NA,NA,NA,NA,NA,NA,NA,NA,NA,NA,NA,NA,NA,NA,NA,NA,NA,NA,NA,NA,NA,NA,NA,NA,NA,NA,NA,NA,NA,NA,NA,NA,NA,NA,NA,MOTE_60,AC-MOTE_32,NA,6,0.8333333333333334,7,39,NA,NA,NA,NA,NA,MOTE_60,NA
Florida,Lower Keys-MOTE,24.52983,-81.64069,1,47,NA,MOTE_62,NA,NA,NA,NA,NA,NA,NA,NA,NA,NA,NA,NA,NA,NA,NA,NA,NA,NA,NA,NA,NA,NA,NA,NA,NA,NA,NA,NA,NA,NA,NA,NA,NA,NA,NA,NA,NA,NA,NA,NA,NA,NA,NA,NA,NA,NA,NA,NA,NA,NA,NA,NA,NA,NA,NA,NA,NA,NA,MOTE_62,AC-MOTE_33,480.0600421078764,764,0.9201570680628273,3,45,NA,NA,NA,NA,MML_ML62,MOTE_62,NA
Florida,Lower Keys-MOTE,24.52983,-81.64069,1,48,NA,MOTE_63,NA,NA,NA,NA,NA,NA,NA,NA,NA,NA,NA,NA,NA,NA,NA,NA,NA,NA,NA,NA,NA,NA,NA,NA,NA,NA,NA,NA,NA,NA,NA,NA,NA,NA,NA,NA,NA,NA,NA,NA,NA,NA,NA,NA,NA,NA,NA,NA,NA,NA,NA,NA,NA,NA,NA,NA,NA,NA,MOTE_63,AC-MOTE_34,266.1589072057882,875,0.8354285714285714,3,45,NA,NA,NA,NA,MML_ML63,MOTE_63,NA
Florida,NA,NA,NA,NA,NA,NA,MOTE_68,NA,NA,NA,NA,NA,NA,NA,NA,NA,NA,NA,NA,NA,NA,NA,NA,NA,NA,NA,NA,NA,NA,NA,NA,NA,NA,NA,NA,NA,NA,NA,NA,NA,NA,NA,NA,NA,NA,NA,NA,NA,NA,NA,NA,NA,NA,NA,NA,NA,NA,NA,NA,NA,NA,NA,NA,NA,NA,NA,NA,NA,5,1,38,38,NA,NA,NA,NA,NA,MOTE_68,NA
Florida,Lower Keys-MOTE,24.55717,-81.51013,1,49,NA,MOTE_69,NA,NA,NA,NA,NA,NA,NA,NA,NA,NA,NA,NA,NA,NA,NA,NA,NA,NA,NA,NA,NA,NA,NA,NA,NA,NA,NA,NA,NA,NA,NA,NA,NA,NA,NA,NA,NA,NA,NA,NA,NA,NA,NA,NA,NA,NA,NA,NA,NA,NA,NA,NA,NA,NA,NA,NA,NA,NA,MOTE_69,AC-MOTE_35,NA,75,0.18666666666666668,9,44,NA,NA,NA,NA,NA,MOTE_69,NA
Florida,Lower Keys-MOTE,24.56038,-81.50137,1,21,NA,MOTE_7,NA,NA,NA,NA,NA,NA,NA,NA,NA,NA,NA,NA,NA,NA,NA,NA,NA,NA,NA,NA,NA,NA,NA,NA,NA,NA,NA,NA,NA,NA,NA,NA,NA,NA,NA,NA,NA,NA,NA,NA,NA,NA,NA,NA,NA,NA,NA,NA,NA,NA,NA,NA,NA,NA,NA,NA,NA,NA,MOTE_7,AC-MOTE_7,163.31605022325715,1723,0.8131166569936158,3,140,NA,NA,NA,NA,MML_ML7,MOTE_7,NA
Florida,Lower Keys-MOTE,24.55717,-81.51013,1,50,NA,MOTE_70,NA,NA,NA,NA,NA,NA,NA,NA,NA,NA,NA,NA,NA,NA,NA,NA,NA,NA,NA,NA,NA,NA,NA,NA,NA,NA,NA,NA,NA,NA,NA,NA,NA,NA,NA,NA,NA,NA,NA,NA,NA,NA,NA,NA,NA,NA,NA,NA,NA,NA,NA,NA,NA,NA,NA,NA,NA,NA,MOTE_70,AC-MOTE_36,335.2386824253732,181,0.6906077348066298,5,44,NA,NA,NA,NA,MML_ML70,MOTE_70,NA
Florida,Lower Keys-MOTE,24.5401,-81.44882,1,51,NA,MOTE_75,NA,NA,NA,NA,NA,NA,NA,NA,NA,NA,NA,NA,NA,NA,NA,NA,NA,NA,NA,NA,NA,NA,NA,NA,NA,NA,NA,NA,NA,NA,NA,NA,NA,NA,NA,NA,NA,NA,NA,NA,NA,NA,NA,NA,NA,NA,NA,NA,NA,NA,NA,NA,NA,NA,NA,NA,NA,NA,MOTE_75,AC-MOTE_37,209.2409374379263,210,0.7904761904761904,5,44,NA,NA,NA,NA,MML_ML75,MOTE_75,NA
Florida,Lower Keys-MOTE,24.52658,-81.50102,1,52,NA,MOTE_76,NA,NA,NA,NA,NA,NA,NA,NA,NA,NA,NA,NA,NA,NA,NA,NA,NA,NA,NA,NA,NA,NA,NA,NA,NA,NA,NA,NA,NA,NA,NA,NA,NA,NA,NA,NA,NA,NA,NA,NA,NA,NA,NA,NA,NA,NA,NA,NA,NA,NA,NA,NA,NA,NA,NA,NA,NA,NA,MOTE_76,AC-MOTE_38,130.5404950914101,57,0.7543859649122807,6,42,NA,NA,NA,NA,MML_ML76,MOTE_76,NA
Florida,Lower Keys-MOTE,24.52999,-81.48959,1,53,NA,MOTE_77,NA,NA,NA,NA,NA,NA,NA,NA,NA,NA,NA,NA,NA,NA,NA,NA,NA,NA,NA,NA,NA,NA,NA,NA,NA,NA,NA,NA,NA,NA,NA,NA,NA,NA,NA,NA,NA,NA,NA,NA,NA,NA,NA,NA,NA,NA,NA,NA,NA,NA,NA,NA,NA,NA,NA,NA,NA,NA,MOTE_77,AC-MOTE_39,170.72863451339953,65,0.8923076923076924,6,42,NA,NA,NA,NA,MML_ML77,MOTE_77,NA
Florida,Lower Keys-MOTE,24.52999,-81.48959,1,54,NA,MOTE_78,NA,NA,NA,NA,NA,NA,NA,NA,NA,NA,NA,NA,NA,NA,NA,NA,NA,NA,NA,NA,NA,NA,NA,NA,NA,NA,NA,NA,NA,NA,NA,NA,NA,NA,NA,NA,NA,NA,NA,NA,NA,NA,NA,NA,NA,NA,NA,NA,NA,NA,NA,NA,NA,NA,NA,NA,NA,NA,MOTE_78,AC-MOTE_40,229.2832214106288,55,0.7090909090909091,6,42,NA,NA,NA,NA,MML_ML78,MOTE_78,NA
Florida,Lower Keys-MOTE,24.5264,-81.50517,1,55,NA,MOTE_79,NA,NA,NA,NA,NA,NA,NA,NA,NA,NA,NA,NA,NA,NA,NA,NA,NA,NA,NA,NA,NA,NA,NA,NA,NA,NA,NA,NA,NA,NA,NA,NA,NA,NA,NA,NA,NA,NA,NA,NA,NA,NA,NA,NA,NA,NA,NA,NA,NA,NA,NA,NA,NA,NA,NA,NA,NA,NA,MOTE_79,AC-MOTE_41,227.46445269880016,55,0.7818181818181819,6,42,NA,NA,NA,NA,MML_ML79,MOTE_79,NA
Florida,Lower Keys-MOTE,24.58353,-81.43298,1,22,NA,MOTE_8,NA,NA,NA,NA,NA,NA,NA,NA,NA,NA,NA,NA,NA,NA,NA,NA,NA,NA,NA,NA,NA,NA,NA,NA,NA,NA,NA,NA,NA,NA,NA,NA,NA,NA,NA,NA,NA,NA,NA,NA,NA,NA,NA,NA,NA,NA,NA,NA,NA,NA,NA,NA,NA,NA,NA,NA,NA,NA,MOTE_8,AC-MOTE_8,146.65303844906376,181,0.9060773480662984,4,44,NA,NA,NA,NA,MML_ML8,MOTE_8,NA
Florida,Lower Keys-MOTE,24.5264,-81.50517,1,56,NA,MOTE_80,NA,NA,NA,NA,NA,NA,NA,NA,NA,NA,NA,NA,NA,NA,NA,NA,NA,NA,NA,NA,NA,NA,NA,NA,NA,NA,NA,NA,NA,NA,NA,NA,NA,NA,NA,NA,NA,NA,NA,NA,NA,NA,NA,NA,NA,NA,NA,NA,NA,NA,NA,NA,NA,NA,NA,NA,NA,NA,MOTE_80,AC-MOTE_42,138.75417613978166,60,0.7166666666666667,6,42,NA,NA,NA,NA,MML_ML80,MOTE_80,NA
Florida,Lower Keys-MOTE,24.52815,-81.49558,1,57,NA,MOTE_81,NA,NA,NA,NA,NA,NA,NA,NA,NA,NA,NA,NA,NA,NA,NA,NA,NA,NA,NA,NA,NA,NA,NA,NA,NA,NA,NA,NA,NA,NA,NA,NA,NA,NA,NA,NA,NA,NA,NA,NA,NA,NA,NA,NA,NA,NA,NA,NA,NA,NA,NA,NA,NA,NA,NA,NA,NA,NA,MOTE_81,AC-MOTE_43,NA,55,0.5272727272727272,6,42,NA,NA,NA,NA,NA,MOTE_81,NA
Florida,Lower Keys-MOTE,24.52762,-81.49719,1,58,NA,MOTE_82,NA,NA,NA,NA,NA,NA,NA,NA,NA,NA,NA,NA,NA,NA,NA,NA,NA,NA,NA,NA,NA,NA,NA,NA,NA,NA,NA,NA,NA,NA,NA,NA,NA,NA,NA,NA,NA,NA,NA,NA,NA,NA,NA,NA,NA,NA,NA,NA,NA,NA,NA,NA,NA,NA,NA,NA,NA,NA,MOTE_82,AC-MOTE_44,NA,55,0.5272727272727272,6,42,NA,NA,NA,NA,NA,MOTE_82,NA
Florida,Lower Keys-MOTE,24.52762,-81.49719,1,59,NA,MOTE_83,NA,NA,NA,NA,NA,NA,NA,NA,NA,NA,NA,NA,NA,NA,NA,NA,NA,NA,NA,NA,NA,NA,NA,NA,NA,NA,NA,NA,NA,NA,NA,NA,NA,NA,NA,NA,NA,NA,NA,NA,NA,NA,NA,NA,NA,NA,NA,NA,NA,NA,NA,NA,NA,NA,NA,NA,NA,NA,MOTE_83,AC-MOTE_45,NA,55,0.6727272727272727,6,42,NA,NA,NA,NA,NA,MOTE_83,NA
Florida,Lower Keys-MOTE,24.54129,-81.44031,1,60,NA,MOTE_84,NA,NA,NA,NA,NA,NA,NA,NA,NA,NA,NA,NA,NA,NA,NA,NA,NA,NA,NA,NA,NA,NA,NA,NA,NA,NA,NA,NA,NA,NA,NA,NA,NA,NA,NA,NA,NA,NA,NA,NA,NA,NA,NA,NA,NA,NA,NA,NA,NA,NA,NA,NA,NA,NA,NA,NA,NA,NA,MOTE_84,AC-MOTE_46,134.15744018499083,70,0.7142857142857143,6,42,NA,NA,NA,NA,MML_ML84,MOTE_84,NA
Florida,Lower Keys-MOTE,24.54129,-81.44031,1,61,NA,MOTE_85,NA,NA,NA,NA,NA,NA,NA,NA,NA,NA,NA,NA,NA,NA,NA,NA,NA,NA,NA,NA,NA,NA,NA,NA,NA,NA,NA,NA,NA,NA,NA,NA,NA,NA,NA,NA,NA,NA,NA,NA,NA,NA,NA,NA,NA,NA,NA,NA,NA,NA,NA,NA,NA,NA,NA,NA,NA,NA,MOTE_85,AC-MOTE_47,NA,31,0.9032258064516129,6,39,NA,NA,NA,NA,NA,MOTE_85,NA
Florida,Lower Keys-MOTE,24.50943,-81.62402,1,62,NA,MOTE_86,NA,NA,NA,NA,NA,NA,NA,NA,NA,NA,NA,NA,NA,NA,NA,NA,NA,NA,NA,NA,NA,NA,NA,NA,NA,NA,NA,NA,NA,NA,NA,NA,NA,NA,NA,NA,NA,NA,NA,NA,NA,NA,NA,NA,NA,NA,NA,NA,NA,NA,NA,NA,NA,NA,NA,NA,NA,NA,MOTE_86,AC-MOTE_48,NA,46,0.7391304347826086,6,42,NA,NA,NA,NA,NA,MOTE_86,NA
Florida,NA,NA,NA,NA,NA,NA,MOTE_87,NA,NA,NA,NA,NA,NA,NA,NA,NA,NA,NA,NA,NA,NA,NA,NA,NA,NA,NA,NA,NA,NA,NA,NA,NA,NA,NA,NA,NA,NA,NA,NA,NA,NA,NA,NA,NA,NA,NA,NA,NA,NA,NA,NA,NA,NA,NA,NA,NA,NA,NA,NA,NA,NA,NA,NA,NA,NA,NA,NA,NA,51,0.7647058823529411,6,42,NA,NA,NA,NA,NA,MOTE_87,NA
Florida,Lower Keys-MOTE,24.51766,-81.5441,1,64,NA,MOTE_88,NA,NA,NA,NA,NA,NA,NA,NA,NA,NA,NA,NA,NA,NA,NA,NA,NA,NA,NA,NA,NA,NA,NA,NA,NA,NA,NA,NA,NA,NA,NA,NA,NA,NA,NA,NA,NA,NA,NA,NA,NA,NA,NA,NA,NA,NA,NA,NA,NA,NA,NA,NA,NA,NA,NA,NA,NA,NA,MOTE_88,AC-MOTE_50,168.04399175025526,30,1,6,39,NA,NA,NA,NA,MML_ML88,MOTE_88,NA
Florida,Lower Keys-MOTE,24.51766,-81.5441,1,65,NA,MOTE_89,NA,NA,NA,NA,NA,NA,NA,NA,NA,NA,NA,NA,NA,NA,NA,NA,NA,NA,NA,NA,NA,NA,NA,NA,NA,NA,NA,NA,NA,NA,NA,NA,NA,NA,NA,NA,NA,NA,NA,NA,NA,NA,NA,NA,NA,NA,NA,NA,NA,NA,NA,NA,NA,NA,NA,NA,NA,NA,MOTE_89,AC-MOTE_51,112.3348289856056,25,0.56,9,42,NA,NA,NA,NA,MML_ML89,MOTE_89,NA
Florida,NA,NA,NA,NA,NA,NA,MOTE_8X,NA,NA,NA,NA,NA,NA,NA,NA,NA,NA,NA,NA,NA,NA,NA,NA,NA,NA,NA,NA,NA,NA,NA,NA,NA,NA,NA,NA,NA,NA,NA,NA,NA,NA,NA,NA,NA,NA,NA,NA,NA,NA,NA,NA,NA,NA,NA,NA,NA,NA,NA,NA,NA,NA,NA,NA,NA,NA,NA,NA,NA,10,0.9,45,45,NA,NA,NA,NA,NA,MOTE_8X,NA
Florida,Lower Keys-MOTE,24.6144,-81.37895,1,23,NA,MOTE_9,NA,NA,NA,NA,NA,NA,NA,NA,NA,NA,NA,NA,NA,NA,NA,NA,NA,NA,NA,NA,NA,NA,NA,NA,NA,NA,NA,NA,NA,NA,NA,NA,NA,NA,NA,NA,NA,NA,NA,NA,NA,NA,NA,NA,NA,NA,NA,NA,NA,NA,NA,NA,NA,NA,NA,NA,NA,NA,MOTE_9,AC-MOTE_9,NA,60,0.9333333333333333,4,39,NA,NA,NA,NA,NA,MOTE_9,NA
Florida,NA,NA,NA,NA,NA,NA,MOTE_?,NA,NA,NA,NA,NA,NA,NA,NA,NA,NA,NA,NA,NA,NA,NA,NA,NA,NA,NA,NA,NA,NA,NA,NA,NA,NA,NA,NA,NA,NA,NA,NA,NA,NA,NA,NA,NA,NA,NA,NA,NA,NA,NA,NA,NA,NA,NA,NA,NA,NA,NA,NA,NA,NA,NA,NA,NA,NA,NA,NA,NA,55,0.6181818181818182,14,56,NA,NA,NA,NA,NA,MOTE_?,NA
Florida,NA,NA,NA,NA,NA,NA,MOTE_F13,NA,NA,NA,NA,NA,NA,NA,NA,NA,NA,NA,NA,NA,NA,NA,NA,NA,NA,NA,NA,NA,NA,NA,NA,NA,NA,NA,NA,NA,NA,NA,NA,NA,NA,NA,NA,NA,NA,NA,NA,NA,NA,NA,NA,NA,NA,NA,NA,NA,NA,NA,NA,NA,NA,NA,NA,NA,NA,NA,NA,NA,11,0.9090909090909091,7,39,NA,NA,NA,NA,NA,MOTE_F13,NA
Florida,NA,NA,NA,NA,NA,NA,MOTE_F14,NA,NA,NA,NA,NA,NA,NA,NA,NA,NA,NA,NA,NA,NA,NA,NA,NA,NA,NA,NA,NA,NA,NA,NA,NA,NA,NA,NA,NA,NA,NA,NA,NA,NA,NA,NA,NA,NA,NA,NA,NA,NA,NA,NA,NA,NA,NA,NA,NA,NA,NA,NA,NA,NA,NA,NA,NA,NA,NA,NA,NA,10,1,38,39,NA,NA,NA,NA,NA,MOTE_F14,NA
Florida,NA,NA,NA,NA,NA,NA,MOTE_F18,NA,NA,NA,NA,NA,NA,NA,NA,NA,NA,NA,NA,NA,NA,NA,NA,NA,NA,NA,NA,NA,NA,NA,NA,NA,NA,NA,NA,NA,NA,NA,NA,NA,NA,NA,NA,NA,NA,NA,NA,NA,NA,NA,NA,NA,NA,NA,NA,NA,NA,NA,NA,NA,NA,NA,NA,NA,NA,NA,NA,NA,42,0.9523809523809523,7,39,NA,NA,NA,NA,NA,MOTE_F18,NA
Florida,NA,NA,NA,NA,NA,NA,MOTE_F19,NA,NA,NA,NA,NA,NA,NA,NA,NA,NA,NA,NA,NA,NA,NA,NA,NA,NA,NA,NA,NA,NA,NA,NA,NA,NA,NA,NA,NA,NA,NA,NA,NA,NA,NA,NA,NA,NA,NA,NA,NA,NA,NA,NA,NA,NA,NA,NA,NA,NA,NA,NA,NA,NA,NA,NA,NA,NA,NA,NA,NA,10,1,38,39,NA,NA,NA,NA,NA,MOTE_F19,NA
Florida,NA,NA,NA,NA,NA,NA,MOTE_F20,NA,NA,NA,NA,NA,NA,NA,NA,NA,NA,NA,NA,NA,NA,NA,NA,NA,NA,NA,NA,NA,NA,NA,NA,NA,NA,NA,NA,NA,NA,NA,NA,NA,NA,NA,NA,NA,NA,NA,NA,NA,NA,NA,NA,NA,NA,NA,NA,NA,NA,NA,NA,NA,NA,NA,NA,NA,NA,NA,NA,NA,37,0.8378378378378378,7,39,NA,NA,NA,NA,NA,MOTE_F20,NA
Florida,NA,NA,NA,NA,NA,NA,MOTE_F4,NA,NA,NA,NA,NA,NA,NA,NA,NA,NA,NA,NA,NA,NA,NA,NA,NA,NA,NA,NA,NA,NA,NA,NA,NA,NA,NA,NA,NA,NA,NA,NA,NA,NA,NA,NA,NA,NA,NA,NA,NA,NA,NA,NA,NA,NA,NA,NA,NA,NA,NA,NA,NA,NA,NA,NA,NA,NA,NA,NA,NA,35,0.6,9,42,NA,NA,NA,NA,NA,MOTE_F4,NA
Florida,NA,NA,NA,NA,NA,NA,MOTE_F5,NA,NA,NA,NA,NA,NA,NA,NA,NA,NA,NA,NA,NA,NA,NA,NA,NA,NA,NA,NA,NA,NA,NA,NA,NA,NA,NA,NA,NA,NA,NA,NA,NA,NA,NA,NA,NA,NA,NA,NA,NA,NA,NA,NA,NA,NA,NA,NA,NA,NA,NA,NA,NA,NA,NA,NA,NA,NA,NA,NA,NA,60,0.75,7,42,NA,NA,NA,NA,NA,MOTE_F5,NA
Florida,NA,NA,NA,NA,NA,NA,MOTE_F7,NA,NA,NA,NA,NA,NA,NA,NA,NA,NA,NA,NA,NA,NA,NA,NA,NA,NA,NA,NA,NA,NA,NA,NA,NA,NA,NA,NA,NA,NA,NA,NA,NA,NA,NA,NA,NA,NA,NA,NA,NA,NA,NA,NA,NA,NA,NA,NA,NA,NA,NA,NA,NA,NA,NA,NA,NA,NA,NA,NA,NA,30,0.43333333333333335,9,42,NA,NA,NA,NA,NA,MOTE_F7,NA
Florida,NA,NA,NA,NA,NA,NA,MOTE_K1,NA,NA,NA,NA,NA,NA,NA,NA,NA,NA,NA,NA,NA,NA,NA,NA,NA,NA,NA,NA,NA,NA,NA,NA,NA,NA,NA,NA,NA,NA,NA,NA,NA,NA,NA,NA,NA,NA,NA,NA,NA,NA,NA,NA,NA,NA,NA,NA,NA,NA,NA,NA,NA,NA,NA,NA,NA,NA,NA,NA,NA,31,0.9354838709677419,7,39,NA,NA,NA,NA,NA,MOTE_K1,NA
Florida,NA,NA,NA,NA,NA,NA,MOTE_K2,NA,NA,NA,NA,NA,NA,NA,NA,NA,NA,NA,NA,NA,NA,NA,NA,NA,NA,NA,NA,NA,NA,NA,NA,NA,NA,NA,NA,NA,NA,NA,NA,NA,NA,NA,NA,NA,NA,NA,NA,NA,NA,NA,NA,NA,NA,NA,NA,NA,NA,NA,NA,NA,NA,NA,NA,NA,NA,NA,NA,NA,40,1,7,39,NA,NA,NA,NA,NA,MOTE_K2,NA
Florida,NA,NA,NA,NA,NA,NA,MOTE_K5,NA,NA,NA,NA,NA,NA,NA,NA,NA,NA,NA,NA,NA,NA,NA,NA,NA,NA,NA,NA,NA,NA,NA,NA,NA,NA,NA,NA,NA,NA,NA,NA,NA,NA,NA,NA,NA,NA,NA,NA,NA,NA,NA,NA,NA,NA,NA,NA,NA,NA,NA,NA,NA,NA,NA,NA,NA,NA,NA,NA,NA,55,0.6727272727272727,7,42,NA,NA,NA,NA,NA,MOTE_K5,NA
Florida,NA,NA,NA,NA,NA,NA,MOTE_K6,NA,NA,NA,NA,NA,NA,NA,NA,NA,NA,NA,NA,NA,NA,NA,NA,NA,NA,NA,NA,NA,NA,NA,NA,NA,NA,NA,NA,NA,NA,NA,NA,NA,NA,NA,NA,NA,NA,NA,NA,NA,NA,NA,NA,NA,NA,NA,NA,NA,NA,NA,NA,NA,NA,NA,NA,NA,NA,NA,NA,NA,56,0.8035714285714286,5,42,NA,NA,NA,NA,NA,MOTE_K6,NA
Florida,NA,NA,NA,NA,NA,NA,MOTE_U12,NA,NA,NA,NA,NA,NA,NA,NA,NA,NA,NA,NA,NA,NA,NA,NA,NA,NA,NA,NA,NA,NA,NA,NA,NA,NA,NA,NA,NA,NA,NA,NA,NA,NA,NA,NA,NA,NA,NA,NA,NA,NA,NA,NA,NA,NA,NA,NA,NA,NA,NA,NA,NA,NA,NA,NA,NA,NA,NA,NA,NA,41,0.9512195121951219,4,39,NA,NA,NA,NA,NA,MOTE_U12,NA
Florida,NA,NA,NA,NA,NA,NA,MOTE_U13,NA,NA,NA,NA,NA,NA,NA,NA,NA,NA,NA,NA,NA,NA,NA,NA,NA,NA,NA,NA,NA,NA,NA,NA,NA,NA,NA,NA,NA,NA,NA,NA,NA,NA,NA,NA,NA,NA,NA,NA,NA,NA,NA,NA,NA,NA,NA,NA,NA,NA,NA,NA,NA,NA,NA,NA,NA,NA,NA,NA,NA,40,0.875,7,39,NA,NA,NA,NA,NA,MOTE_U13,NA
Florida,NA,NA,NA,NA,NA,NA,MOTE_U19,NA,NA,NA,NA,NA,NA,NA,NA,NA,NA,NA,NA,NA,NA,NA,NA,NA,NA,NA,NA,NA,NA,NA,NA,NA,NA,NA,NA,NA,NA,NA,NA,NA,NA,NA,NA,NA,NA,NA,NA,NA,NA,NA,NA,NA,NA,NA,NA,NA,NA,NA,NA,NA,NA,NA,NA,NA,NA,NA,NA,NA,35,1,7,39,NA,NA,NA,NA,NA,MOTE_U19,NA
Florida,NA,NA,NA,NA,NA,NA,MOTE_U24,NA,NA,NA,NA,NA,NA,NA,NA,NA,NA,NA,NA,NA,NA,NA,NA,NA,NA,NA,NA,NA,NA,NA,NA,NA,NA,NA,NA,NA,NA,NA,NA,NA,NA,NA,NA,NA,NA,NA,NA,NA,NA,NA,NA,NA,NA,NA,NA,NA,NA,NA,NA,NA,NA,NA,NA,NA,NA,NA,NA,NA,79,0.9113924050632911,7,44,NA,NA,NA,NA,NA,MOTE_U24,NA
Florida,NA,NA,NA,NA,NA,NA,MOTE_U25,NA,NA,NA,NA,NA,NA,NA,NA,NA,NA,NA,NA,NA,NA,NA,NA,NA,NA,NA,NA,NA,NA,NA,NA,NA,NA,NA,NA,NA,NA,NA,NA,NA,NA,NA,NA,NA,NA,NA,NA,NA,NA,NA,NA,NA,NA,NA,NA,NA,NA,NA,NA,NA,NA,NA,NA,NA,NA,NA,NA,NA,60,1,7,45,NA,NA,NA,NA,NA,MOTE_U25,NA
Florida,NA,NA,NA,NA,NA,NA,MOTE_U28,NA,NA,NA,NA,NA,NA,NA,NA,NA,NA,NA,NA,NA,NA,NA,NA,NA,NA,NA,NA,NA,NA,NA,NA,NA,NA,NA,NA,NA,NA,NA,NA,NA,NA,NA,NA,NA,NA,NA,NA,NA,NA,NA,NA,NA,NA,NA,NA,NA,NA,NA,NA,NA,NA,NA,NA,NA,NA,NA,NA,NA,53,0.9056603773584906,7,35,NA,NA,NA,NA,NA,MOTE_U28,NA
Florida,NA,NA,NA,NA,NA,NA,MOTE_U29,NA,NA,NA,NA,NA,NA,NA,NA,NA,NA,NA,NA,NA,NA,NA,NA,NA,NA,NA,NA,NA,NA,NA,NA,NA,NA,NA,NA,NA,NA,NA,NA,NA,NA,NA,NA,NA,NA,NA,NA,NA,NA,NA,NA,NA,NA,NA,NA,NA,NA,NA,NA,NA,NA,NA,NA,NA,NA,NA,NA,NA,52,0.9038461538461539,9,45,NA,NA,NA,NA,NA,MOTE_U29,NA
Florida,NA,NA,NA,NA,NA,NA,MOTE_U32,NA,NA,NA,NA,NA,NA,NA,NA,NA,NA,NA,NA,NA,NA,NA,NA,NA,NA,NA,NA,NA,NA,NA,NA,NA,NA,NA,NA,NA,NA,NA,NA,NA,NA,NA,NA,NA,NA,NA,NA,NA,NA,NA,NA,NA,NA,NA,NA,NA,NA,NA,NA,NA,NA,NA,NA,NA,NA,NA,NA,NA,65,0.8769230769230769,7,45,NA,NA,NA,NA,NA,MOTE_U32,NA
Florida,NA,NA,NA,NA,NA,NA,MOTE_U34,NA,NA,NA,NA,NA,NA,NA,NA,NA,NA,NA,NA,NA,NA,NA,NA,NA,NA,NA,NA,NA,NA,NA,NA,NA,NA,NA,NA,NA,NA,NA,NA,NA,NA,NA,NA,NA,NA,NA,NA,NA,NA,NA,NA,NA,NA,NA,NA,NA,NA,NA,NA,NA,NA,NA,NA,NA,NA,NA,NA,NA,67,0.8805970149253731,4,35,NA,NA,NA,NA,NA,MOTE_U34,NA
Florida,NA,NA,NA,NA,NA,NA,MOTE_U38,NA,NA,NA,NA,NA,NA,NA,NA,NA,NA,NA,NA,NA,NA,NA,NA,NA,NA,NA,NA,NA,NA,NA,NA,NA,NA,NA,NA,NA,NA,NA,NA,NA,NA,NA,NA,NA,NA,NA,NA,NA,NA,NA,NA,NA,NA,NA,NA,NA,NA,NA,NA,NA,NA,NA,NA,NA,NA,NA,NA,NA,64,0.875,7,45,NA,NA,NA,NA,NA,MOTE_U38,NA
Florida,NA,NA,NA,NA,NA,NA,MOTE_U41,NA,NA,NA,NA,NA,NA,NA,NA,NA,NA,NA,NA,NA,NA,NA,NA,NA,NA,NA,NA,NA,NA,NA,NA,NA,NA,NA,NA,NA,NA,NA,NA,NA,NA,NA,NA,NA,NA,NA,NA,NA,NA,NA,NA,NA,NA,NA,NA,NA,NA,NA,NA,NA,NA,NA,NA,NA,NA,NA,NA,NA,83,0.8433734939759037,7,45,NA,NA,NA,NA,NA,MOTE_U41,NA
Florida,NA,NA,NA,NA,NA,NA,MOTE_U43,NA,NA,NA,NA,NA,NA,NA,NA,NA,NA,NA,NA,NA,NA,NA,NA,NA,NA,NA,NA,NA,NA,NA,NA,NA,NA,NA,NA,NA,NA,NA,NA,NA,NA,NA,NA,NA,NA,NA,NA,NA,NA,NA,NA,NA,NA,NA,NA,NA,NA,NA,NA,NA,NA,NA,NA,NA,NA,NA,NA,NA,69,0.8405797101449275,7,35,NA,NA,NA,NA,NA,MOTE_U43,NA
Florida,NA,NA,NA,NA,NA,NA,MOTE_U44,NA,NA,NA,NA,NA,NA,NA,NA,NA,NA,NA,NA,NA,NA,NA,NA,NA,NA,NA,NA,NA,NA,NA,NA,NA,NA,NA,NA,NA,NA,NA,NA,NA,NA,NA,NA,NA,NA,NA,NA,NA,NA,NA,NA,NA,NA,NA,NA,NA,NA,NA,NA,NA,NA,NA,NA,NA,NA,NA,NA,NA,5,1,39,39,NA,NA,NA,NA,NA,MOTE_U44,NA
Florida,NA,NA,NA,NA,NA,NA,MOTE_U68,NA,NA,NA,NA,NA,NA,NA,NA,NA,NA,NA,NA,NA,NA,NA,NA,NA,NA,NA,NA,NA,NA,NA,NA,NA,NA,NA,NA,NA,NA,NA,NA,NA,NA,NA,NA,NA,NA,NA,NA,NA,NA,NA,NA,NA,NA,NA,NA,NA,NA,NA,NA,NA,NA,NA,NA,NA,NA,NA,NA,NA,30,0.9333333333333333,7,39,NA,NA,NA,NA,NA,MOTE_U68,NA
Florida,NA,NA,NA,NA,NA,NA,MOTE_U69,NA,NA,NA,NA,NA,NA,NA,NA,NA,NA,NA,NA,NA,NA,NA,NA,NA,NA,NA,NA,NA,NA,NA,NA,NA,NA,NA,NA,NA,NA,NA,NA,NA,NA,NA,NA,NA,NA,NA,NA,NA,NA,NA,NA,NA,NA,NA,NA,NA,NA,NA,NA,NA,NA,NA,NA,NA,NA,NA,NA,NA,41,0.975609756097561,4,39,NA,NA,NA,NA,NA,MOTE_U69,NA
Florida,NA,NA,NA,NA,NA,NA,MOTE_U70,NA,NA,NA,NA,NA,NA,NA,NA,NA,NA,NA,NA,NA,NA,NA,NA,NA,NA,NA,NA,NA,NA,NA,NA,NA,NA,NA,NA,NA,NA,NA,NA,NA,NA,NA,NA,NA,NA,NA,NA,NA,NA,NA,NA,NA,NA,NA,NA,NA,NA,NA,NA,NA,NA,NA,NA,NA,NA,NA,NA,NA,35,1,7,29,NA,NA,NA,NA,NA,MOTE_U70,NA
Florida,NA,NA,NA,NA,NA,NA,MOTE_U76,NA,NA,NA,NA,NA,NA,NA,NA,NA,NA,NA,NA,NA,NA,NA,NA,NA,NA,NA,NA,NA,NA,NA,NA,NA,NA,NA,NA,NA,NA,NA,NA,NA,NA,NA,NA,NA,NA,NA,NA,NA,NA,NA,NA,NA,NA,NA,NA,NA,NA,NA,NA,NA,NA,NA,NA,NA,NA,NA,NA,NA,82,0.8292682926829268,7,44,NA,NA,NA,NA,NA,MOTE_U76,NA
Florida,NA,NA,NA,NA,NA,NA,MOTE_U77,NA,NA,NA,NA,NA,NA,NA,NA,NA,NA,NA,NA,NA,NA,NA,NA,NA,NA,NA,NA,NA,NA,NA,NA,NA,NA,NA,NA,NA,NA,NA,NA,NA,NA,NA,NA,NA,NA,NA,NA,NA,NA,NA,NA,NA,NA,NA,NA,NA,NA,NA,NA,NA,NA,NA,NA,NA,NA,NA,NA,NA,40,0.925,7,39,NA,NA,NA,NA,NA,MOTE_U77,NA
Florida,NA,NA,NA,NA,NA,NA,MOTE_U78,NA,NA,NA,NA,NA,NA,NA,NA,NA,NA,NA,NA,NA,NA,NA,NA,NA,NA,NA,NA,NA,NA,NA,NA,NA,NA,NA,NA,NA,NA,NA,NA,NA,NA,NA,NA,NA,NA,NA,NA,NA,NA,NA,NA,NA,NA,NA,NA,NA,NA,NA,NA,NA,NA,NA,NA,NA,NA,NA,NA,NA,61,0.8360655737704918,7,45,NA,NA,NA,NA,NA,MOTE_U78,NA
Florida,NA,NA,NA,NA,NA,NA,MOTE_U79,NA,NA,NA,NA,NA,NA,NA,NA,NA,NA,NA,NA,NA,NA,NA,NA,NA,NA,NA,NA,NA,NA,NA,NA,NA,NA,NA,NA,NA,NA,NA,NA,NA,NA,NA,NA,NA,NA,NA,NA,NA,NA,NA,NA,NA,NA,NA,NA,NA,NA,NA,NA,NA,NA,NA,NA,NA,NA,NA,NA,NA,84,0.8571428571428571,7,45,NA,NA,NA,NA,NA,MOTE_U79,NA
Florida,NA,NA,NA,NA,NA,NA,MOTE_U80,NA,NA,NA,NA,NA,NA,NA,NA,NA,NA,NA,NA,NA,NA,NA,NA,NA,NA,NA,NA,NA,NA,NA,NA,NA,NA,NA,NA,NA,NA,NA,NA,NA,NA,NA,NA,NA,NA,NA,NA,NA,NA,NA,NA,NA,NA,NA,NA,NA,NA,NA,NA,NA,NA,NA,NA,NA,NA,NA,NA,NA,55,0.8909090909090909,35,45,NA,NA,NA,NA,NA,MOTE_U80,NA
Florida,NA,NA,NA,NA,NA,NA,NSE_10,NA,NA,NA,NA,NA,NA,NA,NA,NA,NA,NA,NA,NA,NA,NA,NA,NA,NA,NA,NA,NA,NA,NA,NA,NA,NA,NA,NA,NA,NA,NA,NA,NA,NA,NA,NA,NA,NA,NA,NA,NA,NA,NA,NA,NA,NA,NA,NA,NA,NA,NA,NA,NA,NA,NA,NA,NA,NA,NA,NA,NA,45,0.7555555555555555,22,53,NA,NA,NA,NA,NA,NSE_10,NA
Florida,NA,NA,NA,NA,NA,NA,NSE_10a,NA,NA,NA,NA,NA,NA,NA,NA,NA,NA,NA,NA,NA,NA,NA,NA,NA,NA,NA,NA,NA,NA,NA,NA,NA,NA,NA,NA,NA,NA,NA,NA,NA,NA,NA,NA,NA,NA,NA,NA,NA,NA,NA,NA,NA,NA,NA,NA,NA,NA,NA,NA,NA,NA,NA,NA,NA,NA,NA,NA,NA,45,0.7333333333333333,22,53,NA,NA,NA,NA,NA,NSE_10a,NA
Florida,NA,NA,NA,NA,NA,NA,NSE_13,NA,NA,NA,NA,NA,NA,NA,NA,NA,NA,NA,NA,NA,NA,NA,NA,NA,NA,NA,NA,NA,NA,NA,NA,NA,NA,NA,NA,NA,NA,NA,NA,NA,NA,NA,NA,NA,NA,NA,NA,NA,NA,NA,NA,NA,NA,NA,NA,NA,NA,NA,NA,NA,NA,NA,NA,NA,NA,NA,NA,NA,45,0.7333333333333333,4,53,NA,NA,NA,NA,NA,NSE_13,NA
Florida,NA,NA,NA,NA,NA,NA,NSE_15,NA,NA,NA,NA,NA,NA,NA,NA,NA,NA,NA,NA,NA,NA,NA,NA,NA,NA,NA,NA,NA,NA,NA,NA,NA,NA,NA,NA,NA,NA,NA,NA,NA,NA,NA,NA,NA,NA,NA,NA,NA,NA,NA,NA,NA,NA,NA,NA,NA,NA,NA,NA,NA,NA,NA,NA,NA,NA,NA,NA,NA,56,0.8214285714285714,22,53,NA,NA,NA,NA,NA,NSE_15,NA
Florida,NA,NA,NA,NA,NA,NA,NSE_17,NA,NA,NA,NA,NA,NA,NA,NA,NA,NA,NA,NA,NA,NA,NA,NA,NA,NA,NA,NA,NA,NA,NA,NA,NA,NA,NA,NA,NA,NA,NA,NA,NA,NA,NA,NA,NA,NA,NA,NA,NA,NA,NA,NA,NA,NA,NA,NA,NA,NA,NA,NA,NA,NA,NA,NA,NA,NA,NA,NA,NA,34,0.6764705882352942,4,53,NA,NA,NA,NA,NA,NSE_17,NA
Florida,NA,NA,NA,NA,NA,NA,NSE_2,NA,NA,NA,NA,NA,NA,NA,NA,NA,NA,NA,NA,NA,NA,NA,NA,NA,NA,NA,NA,NA,NA,NA,NA,NA,NA,NA,NA,NA,NA,NA,NA,NA,NA,NA,NA,NA,NA,NA,NA,NA,NA,NA,NA,NA,NA,NA,NA,NA,NA,NA,NA,NA,NA,NA,NA,NA,NA,NA,NA,NA,5,1,53,53,NA,NA,NA,NA,NA,NSE_2,NA
Florida,NA,NA,NA,NA,NA,NA,NSE_3a,NA,NA,NA,NA,NA,NA,NA,NA,NA,NA,NA,NA,NA,NA,NA,NA,NA,NA,NA,NA,NA,NA,NA,NA,NA,NA,NA,NA,NA,NA,NA,NA,NA,NA,NA,NA,NA,NA,NA,NA,NA,NA,NA,NA,NA,NA,NA,NA,NA,NA,NA,NA,NA,NA,NA,NA,NA,NA,NA,NA,NA,45,0.7333333333333333,22,53,NA,NA,NA,NA,NA,NSE_3a,NA
Florida,NA,NA,NA,NA,NA,NA,NSE_8,NA,NA,NA,NA,NA,NA,NA,NA,NA,NA,NA,NA,NA,NA,NA,NA,NA,NA,NA,NA,NA,NA,NA,NA,NA,NA,NA,NA,NA,NA,NA,NA,NA,NA,NA,NA,NA,NA,NA,NA,NA,NA,NA,NA,NA,NA,NA,NA,NA,NA,NA,NA,NA,NA,NA,NA,NA,NA,NA,NA,NA,44,0.7954545454545454,22,53,NA,NA,NA,NA,NA,NSE_8,NA
Florida,NA,NA,NA,NA,NA,NA,NSE_9,NA,NA,NA,NA,NA,NA,NA,NA,NA,NA,NA,NA,NA,NA,NA,NA,NA,NA,NA,NA,NA,NA,NA,NA,NA,NA,NA,NA,NA,NA,NA,NA,NA,NA,NA,NA,NA,NA,NA,NA,NA,NA,NA,NA,NA,NA,NA,NA,NA,NA,NA,NA,NA,NA,NA,NA,NA,NA,NA,NA,NA,41,0.7804878048780488,4,53,NA,NA,NA,NA,NA,NSE_9,NA
Florida,NA,NA,NA,NA,NA,NA,NSE_9a,NA,NA,NA,NA,NA,NA,NA,NA,NA,NA,NA,NA,NA,NA,NA,NA,NA,NA,NA,NA,NA,NA,NA,NA,NA,NA,NA,NA,NA,NA,NA,NA,NA,NA,NA,NA,NA,NA,NA,NA,NA,NA,NA,NA,NA,NA,NA,NA,NA,NA,NA,NA,NA,NA,NA,NA,NA,NA,NA,NA,NA,45,0.8,22,53,NA,NA,NA,NA,NA,NSE_9a,NA
Florida,NA,NA,NA,NA,NA,NA,NSU_kjs11,NA,NA,NA,NA,NA,NA,NA,NA,NA,NA,NA,NA,NA,NA,NA,NA,NA,NA,NA,NA,NA,NA,NA,NA,NA,NA,NA,NA,NA,NA,NA,NA,NA,NA,NA,NA,NA,NA,NA,NA,NA,NA,NA,NA,NA,NA,NA,NA,NA,NA,NA,NA,NA,NA,NA,NA,NA,NA,NA,NA,149.33219267538047,NA,NA,NA,NA,NA,NA,NA,NA,NSU_kjs11,NA,NA
Florida,NA,NA,NA,NA,NA,NA,NSU_kjs16,NA,NA,NA,NA,NA,NA,NA,NA,NA,NA,NA,NA,NA,NA,NA,NA,NA,NA,NA,NA,NA,NA,NA,NA,NA,NA,NA,NA,NA,NA,NA,NA,NA,NA,NA,NA,NA,NA,NA,NA,NA,NA,NA,NA,NA,NA,NA,NA,NA,NA,NA,NA,NA,NA,NA,NA,NA,NA,NA,NA,189.3912975574162,NA,NA,NA,NA,NA,NA,NA,NA,NSU_kjs16,NA,NA
Florida,NA,NA,NA,NA,NA,NA,NSU_kjs17,NA,NA,NA,NA,NA,NA,NA,NA,NA,NA,NA,NA,NA,NA,NA,NA,NA,NA,NA,NA,NA,NA,NA,NA,NA,NA,NA,NA,NA,NA,NA,NA,NA,NA,NA,NA,NA,NA,NA,NA,NA,NA,NA,NA,NA,NA,NA,NA,NA,NA,NA,NA,NA,NA,NA,NA,NA,NA,NA,NA,373.5891667806975,NA,NA,NA,NA,NA,NA,NA,NA,NSU_kjs17,NA,NA
Florida,NA,NA,NA,NA,NA,NA,NSU_kjs2,NA,NA,NA,NA,NA,NA,NA,NA,NA,NA,NA,NA,NA,NA,NA,NA,NA,NA,NA,NA,NA,NA,NA,NA,NA,NA,NA,NA,NA,NA,NA,NA,NA,NA,NA,NA,NA,NA,NA,NA,NA,NA,NA,NA,NA,NA,NA,NA,NA,NA,NA,NA,NA,NA,NA,NA,NA,NA,NA,NA,288.23127578099877,NA,NA,NA,NA,NA,NA,NA,NA,NSU_kjs2,NA,NA
Florida,NA,NA,NA,NA,NA,NA,NSU_kjs20,NA,NA,NA,NA,NA,NA,NA,NA,NA,NA,NA,NA,NA,NA,NA,NA,NA,NA,NA,NA,NA,NA,NA,NA,NA,NA,NA,NA,NA,NA,NA,NA,NA,NA,NA,NA,NA,NA,NA,NA,NA,NA,NA,NA,NA,NA,NA,NA,NA,NA,NA,NA,NA,NA,NA,NA,NA,NA,NA,NA,567.5979252239954,NA,NA,NA,NA,NA,NA,NA,NA,NSU_kjs20,NA,NA
Florida,NA,NA,NA,NA,NA,NA,NSU_kjs25,NA,NA,NA,NA,NA,NA,NA,NA,NA,NA,NA,NA,NA,NA,NA,NA,NA,NA,NA,NA,NA,NA,NA,NA,NA,NA,NA,NA,NA,NA,NA,NA,NA,NA,NA,NA,NA,NA,NA,NA,NA,NA,NA,NA,NA,NA,NA,NA,NA,NA,NA,NA,NA,NA,NA,NA,NA,NA,NA,NA,282.34943498144884,NA,NA,NA,NA,NA,NA,NA,NA,NSU_kjs25,NA,NA
Florida,NA,NA,NA,NA,NA,NA,NSU_kjs29,NA,NA,NA,NA,NA,NA,NA,NA,NA,NA,NA,NA,NA,NA,NA,NA,NA,NA,NA,NA,NA,NA,NA,NA,NA,NA,NA,NA,NA,NA,NA,NA,NA,NA,NA,NA,NA,NA,NA,NA,NA,NA,NA,NA,NA,NA,NA,NA,NA,NA,NA,NA,NA,NA,NA,NA,NA,NA,NA,NA,374.9739689808019,NA,NA,NA,NA,NA,NA,NA,NA,NSU_kjs29,NA,NA
Florida,NA,NA,NA,NA,NA,NA,NSU_kjs3,NA,NA,NA,NA,NA,NA,NA,NA,NA,NA,NA,NA,NA,NA,NA,NA,NA,NA,NA,NA,NA,NA,NA,NA,NA,NA,NA,NA,NA,NA,NA,NA,NA,NA,NA,NA,NA,NA,NA,NA,NA,NA,NA,NA,NA,NA,NA,NA,NA,NA,NA,NA,NA,NA,NA,NA,NA,NA,NA,NA,146.35820875297378,NA,NA,NA,NA,NA,NA,NA,NA,NSU_kjs3,NA,NA
Florida,NA,NA,NA,NA,NA,NA,NSU_kjs38,NA,NA,NA,NA,NA,NA,NA,NA,NA,NA,NA,NA,NA,NA,NA,NA,NA,NA,NA,NA,NA,NA,NA,NA,NA,NA,NA,NA,NA,NA,NA,NA,NA,NA,NA,NA,NA,NA,NA,NA,NA,NA,NA,NA,NA,NA,NA,NA,NA,NA,NA,NA,NA,NA,NA,NA,NA,NA,NA,NA,408.3785443695649,NA,NA,NA,NA,NA,NA,NA,NA,NSU_kjs38,NA,NA
Florida,NA,NA,NA,NA,NA,NA,NSU_kjs40,NA,NA,NA,NA,NA,NA,NA,NA,NA,NA,NA,NA,NA,NA,NA,NA,NA,NA,NA,NA,NA,NA,NA,NA,NA,NA,NA,NA,NA,NA,NA,NA,NA,NA,NA,NA,NA,NA,NA,NA,NA,NA,NA,NA,NA,NA,NA,NA,NA,NA,NA,NA,NA,NA,NA,NA,NA,NA,NA,NA,1006.6588953030648,NA,NA,NA,NA,NA,NA,NA,NA,NSU_kjs40,NA,NA
Florida,NA,NA,NA,NA,NA,NA,NSU_kjs47,NA,NA,NA,NA,NA,NA,NA,NA,NA,NA,NA,NA,NA,NA,NA,NA,NA,NA,NA,NA,NA,NA,NA,NA,NA,NA,NA,NA,NA,NA,NA,NA,NA,NA,NA,NA,NA,NA,NA,NA,NA,NA,NA,NA,NA,NA,NA,NA,NA,NA,NA,NA,NA,NA,NA,NA,NA,NA,NA,NA,308.1895388237541,NA,NA,NA,NA,NA,NA,NA,NA,NSU_kjs47,NA,NA
Florida,NA,NA,NA,NA,NA,NA,NSU_kjs5,NA,NA,NA,NA,NA,NA,NA,NA,NA,NA,NA,NA,NA,NA,NA,NA,NA,NA,NA,NA,NA,NA,NA,NA,NA,NA,NA,NA,NA,NA,NA,NA,NA,NA,NA,NA,NA,NA,NA,NA,NA,NA,NA,NA,NA,NA,NA,NA,NA,NA,NA,NA,NA,NA,NA,NA,NA,NA,NA,NA,280.27168543251025,NA,NA,NA,NA,NA,NA,NA,NA,NSU_kjs5,NA,NA
Florida,NA,NA,NA,NA,NA,NA,NSU_kjs53,NA,NA,NA,NA,NA,NA,NA,NA,NA,NA,NA,NA,NA,NA,NA,NA,NA,NA,NA,NA,NA,NA,NA,NA,NA,NA,NA,NA,NA,NA,NA,NA,NA,NA,NA,NA,NA,NA,NA,NA,NA,NA,NA,NA,NA,NA,NA,NA,NA,NA,NA,NA,NA,NA,NA,NA,NA,NA,NA,NA,143.46363904070873,NA,NA,NA,NA,NA,NA,NA,NA,NSU_kjs53,NA,NA
Florida,NA,NA,NA,NA,NA,NA,NSU_kjs54,NA,NA,NA,NA,NA,NA,NA,NA,NA,NA,NA,NA,NA,NA,NA,NA,NA,NA,NA,NA,NA,NA,NA,NA,NA,NA,NA,NA,NA,NA,NA,NA,NA,NA,NA,NA,NA,NA,NA,NA,NA,NA,NA,NA,NA,NA,NA,NA,NA,NA,NA,NA,NA,NA,NA,NA,NA,NA,NA,NA,175.0283632962411,NA,NA,NA,NA,NA,NA,NA,NA,NSU_kjs54,NA,NA
Florida,NA,NA,NA,NA,NA,NA,NSU_kjs55,NA,NA,NA,NA,NA,NA,NA,NA,NA,NA,NA,NA,NA,NA,NA,NA,NA,NA,NA,NA,NA,NA,NA,NA,NA,NA,NA,NA,NA,NA,NA,NA,NA,NA,NA,NA,NA,NA,NA,NA,NA,NA,NA,NA,NA,NA,NA,NA,NA,NA,NA,NA,NA,NA,NA,NA,NA,NA,NA,NA,246.2028003900097,NA,NA,NA,NA,NA,NA,NA,NA,NSU_kjs55,NA,NA
Florida,NA,NA,NA,NA,NA,NA,NSU_kjs56,NA,NA,NA,NA,NA,NA,NA,NA,NA,NA,NA,NA,NA,NA,NA,NA,NA,NA,NA,NA,NA,NA,NA,NA,NA,NA,NA,NA,NA,NA,NA,NA,NA,NA,NA,NA,NA,NA,NA,NA,NA,NA,NA,NA,NA,NA,NA,NA,NA,NA,NA,NA,NA,NA,NA,NA,NA,NA,NA,NA,162.59377804375364,NA,NA,NA,NA,NA,NA,NA,NA,NSU_kjs56,NA,NA
Florida,NA,NA,NA,NA,NA,NA,NSU_kjs57,NA,NA,NA,NA,NA,NA,NA,NA,NA,NA,NA,NA,NA,NA,NA,NA,NA,NA,NA,NA,NA,NA,NA,NA,NA,NA,NA,NA,NA,NA,NA,NA,NA,NA,NA,NA,NA,NA,NA,NA,NA,NA,NA,NA,NA,NA,NA,NA,NA,NA,NA,NA,NA,NA,NA,NA,NA,NA,NA,NA,231.79493813240228,NA,NA,NA,NA,NA,NA,NA,NA,NSU_kjs57,NA,NA
Florida,NA,NA,NA,NA,NA,NA,NSU_kjs58,NA,NA,NA,NA,NA,NA,NA,NA,NA,NA,NA,NA,NA,NA,NA,NA,NA,NA,NA,NA,NA,NA,NA,NA,NA,NA,NA,NA,NA,NA,NA,NA,NA,NA,NA,NA,NA,NA,NA,NA,NA,NA,NA,NA,NA,NA,NA,NA,NA,NA,NA,NA,NA,NA,NA,NA,NA,NA,NA,NA,375.8843934614943,NA,NA,NA,NA,NA,NA,NA,NA,NSU_kjs58,NA,NA
Florida,NA,NA,NA,NA,NA,NA,NSU_kjs59,NA,NA,NA,NA,NA,NA,NA,NA,NA,NA,NA,NA,NA,NA,NA,NA,NA,NA,NA,NA,NA,NA,NA,NA,NA,NA,NA,NA,NA,NA,NA,NA,NA,NA,NA,NA,NA,NA,NA,NA,NA,NA,NA,NA,NA,NA,NA,NA,NA,NA,NA,NA,NA,NA,NA,NA,NA,NA,NA,NA,177.09355860027222,NA,NA,NA,NA,NA,NA,NA,NA,NSU_kjs59,NA,NA
Florida,NA,NA,NA,NA,NA,NA,NSU_kjs6,NA,NA,NA,NA,NA,NA,NA,NA,NA,NA,NA,NA,NA,NA,NA,NA,NA,NA,NA,NA,NA,NA,NA,NA,NA,NA,NA,NA,NA,NA,NA,NA,NA,NA,NA,NA,NA,NA,NA,NA,NA,NA,NA,NA,NA,NA,NA,NA,NA,NA,NA,NA,NA,NA,NA,NA,NA,NA,NA,NA,467.1497989809663,NA,NA,NA,NA,NA,NA,NA,NA,NSU_kjs6,NA,NA
Florida,NA,NA,NA,NA,NA,NA,NSU_kjs60,NA,NA,NA,NA,NA,NA,NA,NA,NA,NA,NA,NA,NA,NA,NA,NA,NA,NA,NA,NA,NA,NA,NA,NA,NA,NA,NA,NA,NA,NA,NA,NA,NA,NA,NA,NA,NA,NA,NA,NA,NA,NA,NA,NA,NA,NA,NA,NA,NA,NA,NA,NA,NA,NA,NA,NA,NA,NA,NA,NA,124.81780188749536,NA,NA,NA,NA,NA,NA,NA,NA,NSU_kjs60,NA,NA
Florida,NA,NA,NA,NA,NA,NA,NSU_kjs61,NA,NA,NA,NA,NA,NA,NA,NA,NA,NA,NA,NA,NA,NA,NA,NA,NA,NA,NA,NA,NA,NA,NA,NA,NA,NA,NA,NA,NA,NA,NA,NA,NA,NA,NA,NA,NA,NA,NA,NA,NA,NA,NA,NA,NA,NA,NA,NA,NA,NA,NA,NA,NA,NA,NA,NA,NA,NA,NA,NA,207.0136069302256,NA,NA,NA,NA,NA,NA,NA,NA,NSU_kjs61,NA,NA
Florida,NA,NA,NA,NA,NA,NA,NSU_kjs64,NA,NA,NA,NA,NA,NA,NA,NA,NA,NA,NA,NA,NA,NA,NA,NA,NA,NA,NA,NA,NA,NA,NA,NA,NA,NA,NA,NA,NA,NA,NA,NA,NA,NA,NA,NA,NA,NA,NA,NA,NA,NA,NA,NA,NA,NA,NA,NA,NA,NA,NA,NA,NA,NA,NA,NA,NA,NA,NA,NA,183.90572199524448,NA,NA,NA,NA,NA,NA,NA,NA,NSU_kjs64,NA,NA
Florida,NA,NA,NA,NA,NA,NA,NSU_kjs69,NA,NA,NA,NA,NA,NA,NA,NA,NA,NA,NA,NA,NA,NA,NA,NA,NA,NA,NA,NA,NA,NA,NA,NA,NA,NA,NA,NA,NA,NA,NA,NA,NA,NA,NA,NA,NA,NA,NA,NA,NA,NA,NA,NA,NA,NA,NA,NA,NA,NA,NA,NA,NA,NA,NA,NA,NA,NA,NA,NA,375.071273016279,NA,NA,NA,NA,NA,NA,NA,NA,NSU_kjs69,NA,NA
Florida,NA,NA,NA,NA,NA,NA,NSU_kjs70,NA,NA,NA,NA,NA,NA,NA,NA,NA,NA,NA,NA,NA,NA,NA,NA,NA,NA,NA,NA,NA,NA,NA,NA,NA,NA,NA,NA,NA,NA,NA,NA,NA,NA,NA,NA,NA,NA,NA,NA,NA,NA,NA,NA,NA,NA,NA,NA,NA,NA,NA,NA,NA,NA,NA,NA,NA,NA,NA,NA,278.7587744385973,NA,NA,NA,NA,NA,NA,NA,NA,NSU_kjs70,NA,NA
Florida,NA,NA,NA,NA,NA,NA,NSU_kjs74,NA,NA,NA,NA,NA,NA,NA,NA,NA,NA,NA,NA,NA,NA,NA,NA,NA,NA,NA,NA,NA,NA,NA,NA,NA,NA,NA,NA,NA,NA,NA,NA,NA,NA,NA,NA,NA,NA,NA,NA,NA,NA,NA,NA,NA,NA,NA,NA,NA,NA,NA,NA,NA,NA,NA,NA,NA,NA,NA,NA,195.94103249172753,NA,NA,NA,NA,NA,NA,NA,NA,NSU_kjs74,NA,NA
Florida,NA,NA,NA,NA,NA,NA,NSU_kjs75,NA,NA,NA,NA,NA,NA,NA,NA,NA,NA,NA,NA,NA,NA,NA,NA,NA,NA,NA,NA,NA,NA,NA,NA,NA,NA,NA,NA,NA,NA,NA,NA,NA,NA,NA,NA,NA,NA,NA,NA,NA,NA,NA,NA,NA,NA,NA,NA,NA,NA,NA,NA,NA,NA,NA,NA,NA,NA,NA,NA,250.4011832950549,NA,NA,NA,NA,NA,NA,NA,NA,NSU_kjs75,NA,NA
Florida,NA,NA,NA,NA,NA,NA,NSU_kjs76,NA,NA,NA,NA,NA,NA,NA,NA,NA,NA,NA,NA,NA,NA,NA,NA,NA,NA,NA,NA,NA,NA,NA,NA,NA,NA,NA,NA,NA,NA,NA,NA,NA,NA,NA,NA,NA,NA,NA,NA,NA,NA,NA,NA,NA,NA,NA,NA,NA,NA,NA,NA,NA,NA,NA,NA,NA,NA,NA,NA,344.1398310978684,NA,NA,NA,NA,NA,NA,NA,NA,NSU_kjs76,NA,NA
Florida,NA,NA,NA,NA,NA,NA,NSU_kjs82,NA,NA,NA,NA,NA,NA,NA,NA,NA,NA,NA,NA,NA,NA,NA,NA,NA,NA,NA,NA,NA,NA,NA,NA,NA,NA,NA,NA,NA,NA,NA,NA,NA,NA,NA,NA,NA,NA,NA,NA,NA,NA,NA,NA,NA,NA,NA,NA,NA,NA,NA,NA,NA,NA,NA,NA,NA,NA,NA,NA,435.93640323605985,NA,NA,NA,NA,NA,NA,NA,NA,NSU_kjs82,NA,NA
Florida,NA,NA,NA,NA,NA,NA,NSU_kjs83,NA,NA,NA,NA,NA,NA,NA,NA,NA,NA,NA,NA,NA,NA,NA,NA,NA,NA,NA,NA,NA,NA,NA,NA,NA,NA,NA,NA,NA,NA,NA,NA,NA,NA,NA,NA,NA,NA,NA,NA,NA,NA,NA,NA,NA,NA,NA,NA,NA,NA,NA,NA,NA,NA,NA,NA,NA,NA,NA,NA,307.53414219560267,NA,NA,NA,NA,NA,NA,NA,NA,NSU_kjs83,NA,NA
Florida,NA,NA,NA,NA,NA,NA,NSU_kjs86,NA,NA,NA,NA,NA,NA,NA,NA,NA,NA,NA,NA,NA,NA,NA,NA,NA,NA,NA,NA,NA,NA,NA,NA,NA,NA,NA,NA,NA,NA,NA,NA,NA,NA,NA,NA,NA,NA,NA,NA,NA,NA,NA,NA,NA,NA,NA,NA,NA,NA,NA,NA,NA,NA,NA,NA,NA,NA,NA,NA,178.35765748470743,NA,NA,NA,NA,NA,NA,NA,NA,NSU_kjs86,NA,NA
Florida,NA,NA,NA,NA,NA,NA,NSU_kjs87,NA,NA,NA,NA,NA,NA,NA,NA,NA,NA,NA,NA,NA,NA,NA,NA,NA,NA,NA,NA,NA,NA,NA,NA,NA,NA,NA,NA,NA,NA,NA,NA,NA,NA,NA,NA,NA,NA,NA,NA,NA,NA,NA,NA,NA,NA,NA,NA,NA,NA,NA,NA,NA,NA,NA,NA,NA,NA,NA,NA,179.8849803811073,NA,NA,NA,NA,NA,NA,NA,NA,NSU_kjs87,NA,NA
Florida,NA,NA,NA,NA,NA,NA,NSU_kjs9,NA,NA,NA,NA,NA,NA,NA,NA,NA,NA,NA,NA,NA,NA,NA,NA,NA,NA,NA,NA,NA,NA,NA,NA,NA,NA,NA,NA,NA,NA,NA,NA,NA,NA,NA,NA,NA,NA,NA,NA,NA,NA,NA,NA,NA,NA,NA,NA,NA,NA,NA,NA,NA,NA,NA,NA,NA,NA,NA,NA,170.06481517271163,NA,NA,NA,NA,NA,NA,NA,NA,NSU_kjs9,NA,NA
Florida,NA,NA,NA,NA,NA,NA,NSU_kjs93,NA,NA,NA,NA,NA,NA,NA,NA,NA,NA,NA,NA,NA,NA,NA,NA,NA,NA,NA,NA,NA,NA,NA,NA,NA,NA,NA,NA,NA,NA,NA,NA,NA,NA,NA,NA,NA,NA,NA,NA,NA,NA,NA,NA,NA,NA,NA,NA,NA,NA,NA,NA,NA,NA,NA,NA,NA,NA,NA,NA,188.69417533879897,NA,NA,NA,NA,NA,NA,NA,NA,NSU_kjs93,NA,NA
Florida,NA,NA,NA,NA,NA,NA,NSU_kjs94,NA,NA,NA,NA,NA,NA,NA,NA,NA,NA,NA,NA,NA,NA,NA,NA,NA,NA,NA,NA,NA,NA,NA,NA,NA,NA,NA,NA,NA,NA,NA,NA,NA,NA,NA,NA,NA,NA,NA,NA,NA,NA,NA,NA,NA,NA,NA,NA,NA,NA,NA,NA,NA,NA,NA,NA,NA,NA,NA,NA,90.91365211679684,NA,NA,NA,NA,NA,NA,NA,NA,NSU_kjs94,NA,NA
Florida,NA,NA,NA,NA,NA,NA,NSU_kjs99,NA,NA,NA,NA,NA,NA,NA,NA,NA,NA,NA,NA,NA,NA,NA,NA,NA,NA,NA,NA,NA,NA,NA,NA,NA,NA,NA,NA,NA,NA,NA,NA,NA,NA,NA,NA,NA,NA,NA,NA,NA,NA,NA,NA,NA,NA,NA,NA,NA,NA,NA,NA,NA,NA,NA,NA,NA,NA,NA,NA,74.09880638027569,NA,NA,NA,NA,NA,NA,NA,NA,NSU_kjs99,NA,NA
Florida,NA,NA,NA,3,45,NA,PK1,NA,NA,NA,NA,NA,NA,NA,NA,NA,NA,NA,NA,NA,NA,NA,NA,NA,NA,NA,NA,NA,NA,NA,NA,NA,NA,NA,NA,NA,NA,NA,NA,NA,NA,NA,NA,NA,NA,NA,NA,NA,NA,NA,NA,NA,NA,NA,NA,NA,NA,NA,NA,NA,NA,NA,NA,NA,NA,NA,NA,NA,3,1,48,48,NA,NA,NA,NA,NA,CRF_PK1,NA
Florida,NA,NA,NA,NA,NA,NA,RR_Acer120RR,NA,NA,NA,NA,NA,NA,NA,NA,NA,NA,NA,NA,NA,NA,NA,NA,NA,NA,NA,NA,NA,NA,NA,NA,NA,NA,NA,NA,NA,NA,NA,NA,NA,NA,NA,NA,NA,NA,NA,NA,NA,NA,NA,NA,NA,NA,NA,NA,NA,NA,NA,NA,NA,NA,NA,NA,NA,NA,NA,NA,149.54618963604224,NA,NA,NA,NA,NA,NA,NA,NA,RR_Acer120RR,NA,NA
Florida,NA,NA,NA,NA,NA,NA,RR_Acer121RR,NA,NA,NA,NA,NA,NA,NA,NA,NA,NA,NA,NA,NA,NA,NA,NA,NA,NA,NA,NA,NA,NA,NA,NA,NA,NA,NA,NA,NA,NA,NA,NA,NA,NA,NA,NA,NA,NA,NA,NA,NA,NA,NA,NA,NA,NA,NA,NA,NA,NA,NA,NA,NA,NA,NA,NA,NA,NA,NA,NA,161.3943332261592,NA,NA,NA,NA,NA,NA,NA,NA,RR_Acer121RR,NA,NA
Florida,NA,NA,NA,NA,NA,NA,RR_Acer122RR,NA,NA,NA,NA,NA,NA,NA,NA,NA,NA,NA,NA,NA,NA,NA,NA,NA,NA,NA,NA,NA,NA,NA,NA,NA,NA,NA,NA,NA,NA,NA,NA,NA,NA,NA,NA,NA,NA,NA,NA,NA,NA,NA,NA,NA,NA,NA,NA,NA,NA,NA,NA,NA,NA,NA,NA,NA,NA,NA,NA,95.01674074426346,NA,NA,NA,NA,NA,NA,NA,NA,RR_Acer122RR,NA,NA
Florida,NA,NA,NA,NA,NA,NA,RR_Acer123RR,NA,NA,NA,NA,NA,NA,NA,NA,NA,NA,NA,NA,NA,NA,NA,NA,NA,NA,NA,NA,NA,NA,NA,NA,NA,NA,NA,NA,NA,NA,NA,NA,NA,NA,NA,NA,NA,NA,NA,NA,NA,NA,NA,NA,NA,NA,NA,NA,NA,NA,NA,NA,NA,NA,NA,NA,NA,NA,NA,NA,590.238575409416,NA,NA,NA,NA,NA,NA,NA,NA,RR_Acer123RR,NA,NA
Florida,NA,NA,NA,NA,NA,NA,RR_Acer126RR,NA,NA,NA,NA,NA,NA,NA,NA,NA,NA,NA,NA,NA,NA,NA,NA,NA,NA,NA,NA,NA,NA,NA,NA,NA,NA,NA,NA,NA,NA,NA,NA,NA,NA,NA,NA,NA,NA,NA,NA,NA,NA,NA,NA,NA,NA,NA,NA,NA,NA,NA,NA,NA,NA,NA,NA,NA,NA,NA,NA,137.41894126969214,NA,NA,NA,NA,NA,NA,NA,NA,RR_Acer126RR,NA,NA
Florida,NA,NA,NA,NA,NA,NA,RR_CM5,NA,NA,NA,NA,NA,NA,NA,NA,NA,NA,NA,NA,NA,NA,NA,NA,NA,NA,NA,NA,NA,NA,NA,NA,NA,NA,NA,NA,NA,NA,NA,NA,NA,NA,NA,NA,NA,NA,NA,NA,NA,NA,NA,NA,NA,NA,NA,NA,NA,NA,NA,NA,NA,NA,NA,NA,NA,NA,NA,NA,143.752236468616,NA,NA,NA,NA,NA,NA,NA,NA,RR_CM5,NA,NA
Florida,NA,NA,NA,NA,NA,NA,RR_CM6,NA,NA,NA,NA,NA,NA,NA,NA,NA,NA,NA,NA,NA,NA,NA,NA,NA,NA,NA,NA,NA,NA,NA,NA,NA,NA,NA,NA,NA,NA,NA,NA,NA,NA,NA,NA,NA,NA,NA,NA,NA,NA,NA,NA,NA,NA,NA,NA,NA,NA,NA,NA,NA,NA,NA,NA,NA,NA,NA,NA,206.06744441971347,NA,NA,NA,NA,NA,NA,NA,NA,RR_CM6,NA,NA
Florida,NA,NA,NA,NA,NA,NA,RR_FM12,NA,NA,NA,NA,NA,NA,NA,NA,NA,NA,NA,NA,NA,NA,NA,NA,NA,NA,NA,NA,NA,NA,NA,NA,NA,NA,NA,NA,NA,NA,NA,NA,NA,NA,NA,NA,NA,NA,NA,NA,NA,NA,NA,NA,NA,NA,NA,NA,NA,NA,NA,NA,NA,NA,NA,NA,NA,NA,NA,NA,99.69642216219944,NA,NA,NA,NA,NA,NA,NA,NA,RR_FM12,NA,NA
Florida,NA,NA,NA,NA,NA,NA,RR_FM13,NA,NA,NA,NA,NA,NA,NA,NA,NA,NA,NA,NA,NA,NA,NA,NA,NA,NA,NA,NA,NA,NA,NA,NA,NA,NA,NA,NA,NA,NA,NA,NA,NA,NA,NA,NA,NA,NA,NA,NA,NA,NA,NA,NA,NA,NA,NA,NA,NA,NA,NA,NA,NA,NA,NA,NA,NA,NA,NA,NA,77.62594301623746,NA,NA,NA,NA,NA,NA,NA,NA,RR_FM13,NA,NA
Florida,NA,NA,NA,NA,NA,NA,RR_FM19,NA,NA,NA,NA,NA,NA,NA,NA,NA,NA,NA,NA,NA,NA,NA,NA,NA,NA,NA,NA,NA,NA,NA,NA,NA,NA,NA,NA,NA,NA,NA,NA,NA,NA,NA,NA,NA,NA,NA,NA,NA,NA,NA,NA,NA,NA,NA,NA,NA,NA,NA,NA,NA,NA,NA,NA,NA,NA,NA,NA,62.7880359220804,NA,NA,NA,NA,NA,NA,NA,NA,RR_FM19,NA,NA
Florida,NA,NA,NA,NA,NA,NA,RR_FM20,NA,NA,NA,NA,NA,NA,NA,NA,NA,NA,NA,NA,NA,NA,NA,NA,NA,NA,NA,NA,NA,NA,NA,NA,NA,NA,NA,NA,NA,NA,NA,NA,NA,NA,NA,NA,NA,NA,NA,NA,NA,NA,NA,NA,NA,NA,NA,NA,NA,NA,NA,NA,NA,NA,NA,NA,NA,NA,NA,NA,83.18836938825399,NA,NA,NA,NA,NA,NA,NA,NA,RR_FM20,NA,NA
Florida,NA,NA,NA,NA,NA,NA,RR_FM5,NA,NA,NA,NA,NA,NA,NA,NA,NA,NA,NA,NA,NA,NA,NA,NA,NA,NA,NA,NA,NA,NA,NA,NA,NA,NA,NA,NA,NA,NA,NA,NA,NA,NA,NA,NA,NA,NA,NA,NA,NA,NA,NA,NA,NA,NA,NA,NA,NA,NA,NA,NA,NA,NA,NA,NA,NA,NA,NA,NA,219.01857561133295,NA,NA,NA,NA,NA,NA,NA,NA,RR_FM5,NA,NA
Florida,NA,NA,NA,NA,NA,NA,RR_FM6,NA,NA,NA,NA,NA,NA,NA,NA,NA,NA,NA,NA,NA,NA,NA,NA,NA,NA,NA,NA,NA,NA,NA,NA,NA,NA,NA,NA,NA,NA,NA,NA,NA,NA,NA,NA,NA,NA,NA,NA,NA,NA,NA,NA,NA,NA,NA,NA,NA,NA,NA,NA,NA,NA,NA,NA,NA,NA,NA,NA,159.2449706762862,NA,NA,NA,NA,NA,NA,NA,NA,RR_FM6,NA,NA
Florida,NA,NA,NA,NA,NA,NA,RR_FM7,NA,NA,NA,NA,NA,NA,NA,NA,NA,NA,NA,NA,NA,NA,NA,NA,NA,NA,NA,NA,NA,NA,NA,NA,NA,NA,NA,NA,NA,NA,NA,NA,NA,NA,NA,NA,NA,NA,NA,NA,NA,NA,NA,NA,NA,NA,NA,NA,NA,NA,NA,NA,NA,NA,NA,NA,NA,NA,NA,NA,114.82436695615236,NA,NA,NA,NA,NA,NA,NA,NA,RR_FM7,NA,NA
Florida,NA,NA,NA,NA,NA,NA,RR_FM9,NA,NA,NA,NA,NA,NA,NA,NA,NA,NA,NA,NA,NA,NA,NA,NA,NA,NA,NA,NA,NA,NA,NA,NA,NA,NA,NA,NA,NA,NA,NA,NA,NA,NA,NA,NA,NA,NA,NA,NA,NA,NA,NA,NA,NA,NA,NA,NA,NA,NA,NA,NA,NA,NA,NA,NA,NA,NA,NA,NA,110.25574876443173,NA,NA,NA,NA,NA,NA,NA,NA,RR_FM9,NA,NA
Florida,NA,NA,NA,NA,NA,NA,RR_K1,NA,NA,NA,NA,NA,NA,NA,NA,NA,NA,NA,NA,NA,NA,NA,NA,NA,NA,NA,NA,NA,NA,NA,NA,NA,NA,NA,NA,NA,NA,NA,NA,NA,NA,NA,NA,NA,NA,NA,NA,NA,NA,NA,NA,NA,NA,NA,NA,NA,NA,NA,NA,NA,NA,NA,NA,NA,NA,NA,NA,200.35679157333493,NA,NA,NA,NA,NA,NA,NA,NA,RR_K1,NA,NA
Florida,NA,NA,NA,NA,NA,NA,RR_K2,NA,NA,NA,NA,NA,NA,NA,NA,NA,NA,NA,NA,NA,NA,NA,NA,NA,NA,NA,NA,NA,NA,NA,NA,NA,NA,NA,NA,NA,NA,NA,NA,NA,NA,NA,NA,NA,NA,NA,NA,NA,NA,NA,NA,NA,NA,NA,NA,NA,NA,NA,NA,NA,NA,NA,NA,NA,NA,NA,NA,397.3579980386901,NA,NA,NA,NA,NA,NA,NA,NA,RR_K2,NA,NA
Florida,NA,NA,NA,NA,NA,NA,RR_K3,NA,NA,NA,NA,NA,NA,NA,NA,NA,NA,NA,NA,NA,NA,NA,NA,NA,NA,NA,NA,NA,NA,NA,NA,NA,NA,NA,NA,NA,NA,NA,NA,NA,NA,NA,NA,NA,NA,NA,NA,NA,NA,NA,NA,NA,NA,NA,NA,NA,NA,NA,NA,NA,NA,NA,NA,NA,NA,NA,NA,140.90165112422667,NA,NA,NA,NA,NA,NA,NA,NA,RR_K3,NA,NA
Florida,NA,NA,NA,NA,NA,NA,RR_KW15,NA,NA,NA,NA,NA,NA,NA,NA,NA,NA,NA,NA,NA,NA,NA,NA,NA,NA,NA,NA,NA,NA,NA,NA,NA,NA,NA,NA,NA,NA,NA,NA,NA,NA,NA,NA,NA,NA,NA,NA,NA,NA,NA,NA,NA,NA,NA,NA,NA,NA,NA,NA,NA,NA,NA,NA,NA,NA,NA,NA,72.1393084057391,NA,NA,NA,NA,NA,NA,NA,NA,RR_KW15,NA,NA
Florida,NA,NA,NA,NA,NA,NA,RR_KW5,NA,NA,NA,NA,NA,NA,NA,NA,NA,NA,NA,NA,NA,NA,NA,NA,NA,NA,NA,NA,NA,NA,NA,NA,NA,NA,NA,NA,NA,NA,NA,NA,NA,NA,NA,NA,NA,NA,NA,NA,NA,NA,NA,NA,NA,NA,NA,NA,NA,NA,NA,NA,NA,NA,NA,NA,NA,NA,NA,NA,231.0380399166673,NA,NA,NA,NA,NA,NA,NA,NA,RR_KW5,NA,NA
Florida,NA,NA,NA,NA,NA,NA,RR_M10,NA,NA,NA,NA,NA,NA,NA,NA,NA,NA,NA,NA,NA,NA,NA,NA,NA,NA,NA,NA,NA,NA,NA,NA,NA,NA,NA,NA,NA,NA,NA,NA,NA,NA,NA,NA,NA,NA,NA,NA,NA,NA,NA,NA,NA,NA,NA,NA,NA,NA,NA,NA,NA,NA,NA,NA,NA,NA,NA,NA,223.83927821830335,NA,NA,NA,NA,NA,NA,NA,NA,RR_M10,NA,NA
Florida,NA,NA,NA,NA,NA,NA,RR_M7,NA,NA,NA,NA,NA,NA,NA,NA,NA,NA,NA,NA,NA,NA,NA,NA,NA,NA,NA,NA,NA,NA,NA,NA,NA,NA,NA,NA,NA,NA,NA,NA,NA,NA,NA,NA,NA,NA,NA,NA,NA,NA,NA,NA,NA,NA,NA,NA,NA,NA,NA,NA,NA,NA,NA,NA,NA,NA,NA,NA,104.76124005931916,NA,NA,NA,NA,NA,NA,NA,NA,RR_M7,NA,NA
Florida,NA,NA,NA,NA,NA,NA,RR_ML1,NA,NA,NA,NA,NA,NA,NA,NA,NA,NA,NA,NA,NA,NA,NA,NA,NA,NA,NA,NA,NA,NA,NA,NA,NA,NA,NA,NA,NA,NA,NA,NA,NA,NA,NA,NA,NA,NA,NA,NA,NA,NA,NA,NA,NA,NA,NA,NA,NA,NA,NA,NA,NA,NA,NA,NA,NA,NA,NA,NA,244.49141797850663,NA,NA,NA,NA,NA,NA,NA,NA,RR_ML1,NA,NA
Florida,NA,NA,NA,NA,NA,NA,RR_ML3,NA,NA,NA,NA,NA,NA,NA,NA,NA,NA,NA,NA,NA,NA,NA,NA,NA,NA,NA,NA,NA,NA,NA,NA,NA,NA,NA,NA,NA,NA,NA,NA,NA,NA,NA,NA,NA,NA,NA,NA,NA,NA,NA,NA,NA,NA,NA,NA,NA,NA,NA,NA,NA,NA,NA,NA,NA,NA,NA,NA,208.1748448307224,NA,NA,NA,NA,NA,NA,NA,NA,RR_ML3,NA,NA
Florida,NA,NA,NA,NA,NA,NA,RR_ML31,NA,NA,NA,NA,NA,NA,NA,NA,NA,NA,NA,NA,NA,NA,NA,NA,NA,NA,NA,NA,NA,NA,NA,NA,NA,NA,NA,NA,NA,NA,NA,NA,NA,NA,NA,NA,NA,NA,NA,NA,NA,NA,NA,NA,NA,NA,NA,NA,NA,NA,NA,NA,NA,NA,NA,NA,NA,NA,NA,NA,115.1062402411718,NA,NA,NA,NA,NA,NA,NA,NA,RR_ML31,NA,NA
Florida,NA,NA,NA,NA,NA,NA,RR_ML34,NA,NA,NA,NA,NA,NA,NA,NA,NA,NA,NA,NA,NA,NA,NA,NA,NA,NA,NA,NA,NA,NA,NA,NA,NA,NA,NA,NA,NA,NA,NA,NA,NA,NA,NA,NA,NA,NA,NA,NA,NA,NA,NA,NA,NA,NA,NA,NA,NA,NA,NA,NA,NA,NA,NA,NA,NA,NA,NA,NA,96.24923125128366,NA,NA,NA,NA,NA,NA,NA,NA,RR_ML34,NA,NA
Florida,NA,NA,NA,NA,NA,NA,RR_ML41,NA,NA,NA,NA,NA,NA,NA,NA,NA,NA,NA,NA,NA,NA,NA,NA,NA,NA,NA,NA,NA,NA,NA,NA,NA,NA,NA,NA,NA,NA,NA,NA,NA,NA,NA,NA,NA,NA,NA,NA,NA,NA,NA,NA,NA,NA,NA,NA,NA,NA,NA,NA,NA,NA,NA,NA,NA,NA,NA,NA,193.5501874543596,NA,NA,NA,NA,NA,NA,NA,NA,RR_ML41,NA,NA
Florida,NA,NA,NA,NA,NA,NA,RR_ML50,NA,NA,NA,NA,NA,NA,NA,NA,NA,NA,NA,NA,NA,NA,NA,NA,NA,NA,NA,NA,NA,NA,NA,NA,NA,NA,NA,NA,NA,NA,NA,NA,NA,NA,NA,NA,NA,NA,NA,NA,NA,NA,NA,NA,NA,NA,NA,NA,NA,NA,NA,NA,NA,NA,NA,NA,NA,NA,NA,NA,232.7487677842772,NA,NA,NA,NA,NA,NA,NA,NA,RR_ML50,NA,NA
Florida,NA,NA,NA,NA,NA,NA,RR_ML63,NA,NA,NA,NA,NA,NA,NA,NA,NA,NA,NA,NA,NA,NA,NA,NA,NA,NA,NA,NA,NA,NA,NA,NA,NA,NA,NA,NA,NA,NA,NA,NA,NA,NA,NA,NA,NA,NA,NA,NA,NA,NA,NA,NA,NA,NA,NA,NA,NA,NA,NA,NA,NA,NA,NA,NA,NA,NA,NA,NA,156.73266000515108,NA,NA,NA,NA,NA,NA,NA,NA,RR_ML63,NA,NA
Florida,NA,NA,NA,NA,NA,NA,RR_ML75,NA,NA,NA,NA,NA,NA,NA,NA,NA,NA,NA,NA,NA,NA,NA,NA,NA,NA,NA,NA,NA,NA,NA,NA,NA,NA,NA,NA,NA,NA,NA,NA,NA,NA,NA,NA,NA,NA,NA,NA,NA,NA,NA,NA,NA,NA,NA,NA,NA,NA,NA,NA,NA,NA,NA,NA,NA,NA,NA,NA,257.25996075178944,NA,NA,NA,NA,NA,NA,NA,NA,RR_ML75,NA,NA
Florida,NA,NA,NA,NA,NA,NA,RR_U104,NA,NA,NA,NA,NA,NA,NA,NA,NA,NA,NA,NA,NA,NA,NA,NA,NA,NA,NA,NA,NA,NA,NA,NA,NA,NA,NA,NA,NA,NA,NA,NA,NA,NA,NA,NA,NA,NA,NA,NA,NA,NA,NA,NA,NA,NA,NA,NA,NA,NA,NA,NA,NA,NA,NA,NA,NA,NA,NA,NA,332.6167528117122,NA,NA,NA,NA,NA,NA,NA,NA,RR_U104,NA,NA
Florida,NA,NA,NA,NA,NA,NA,RR_U15,NA,NA,NA,NA,NA,NA,NA,NA,NA,NA,NA,NA,NA,NA,NA,NA,NA,NA,NA,NA,NA,NA,NA,NA,NA,NA,NA,NA,NA,NA,NA,NA,NA,NA,NA,NA,NA,NA,NA,NA,NA,NA,NA,NA,NA,NA,NA,NA,NA,NA,NA,NA,NA,NA,NA,NA,NA,NA,NA,NA,110.05713479761317,NA,NA,NA,NA,NA,NA,NA,NA,RR_U15,NA,NA
Florida,NA,NA,NA,NA,NA,NA,RR_U19,NA,NA,NA,NA,NA,NA,NA,NA,NA,NA,NA,NA,NA,NA,NA,NA,NA,NA,NA,NA,NA,NA,NA,NA,NA,NA,NA,NA,NA,NA,NA,NA,NA,NA,NA,NA,NA,NA,NA,NA,NA,NA,NA,NA,NA,NA,NA,NA,NA,NA,NA,NA,NA,NA,NA,NA,NA,NA,NA,NA,427.5245817043102,NA,NA,NA,NA,NA,NA,NA,NA,RR_U19,NA,NA
Florida,NA,NA,NA,NA,NA,NA,RR_U75,NA,NA,NA,NA,NA,NA,NA,NA,NA,NA,NA,NA,NA,NA,NA,NA,NA,NA,NA,NA,NA,NA,NA,NA,NA,NA,NA,NA,NA,NA,NA,NA,NA,NA,NA,NA,NA,NA,NA,NA,NA,NA,NA,NA,NA,NA,NA,NA,NA,NA,NA,NA,NA,NA,NA,NA,NA,NA,NA,NA,254.61483319053593,NA,NA,NA,NA,NA,NA,NA,NA,RR_U75,NA,NA
Florida,NA,NA,NA,NA,NA,NA,RR_U93,NA,NA,NA,NA,NA,NA,NA,NA,NA,NA,NA,NA,NA,NA,NA,NA,NA,NA,NA,NA,NA,NA,NA,NA,NA,NA,NA,NA,NA,NA,NA,NA,NA,NA,NA,NA,NA,NA,NA,NA,NA,NA,NA,NA,NA,NA,NA,NA,NA,NA,NA,NA,NA,NA,NA,NA,NA,NA,NA,NA,296.58672226856066,NA,NA,NA,NA,NA,NA,NA,NA,RR_U93,NA,NA
Florida,NA,NA,NA,NA,NA,NA,RR_U94,NA,NA,NA,NA,NA,NA,NA,NA,NA,NA,NA,NA,NA,NA,NA,NA,NA,NA,NA,NA,NA,NA,NA,NA,NA,NA,NA,NA,NA,NA,NA,NA,NA,NA,NA,NA,NA,NA,NA,NA,NA,NA,NA,NA,NA,NA,NA,NA,NA,NA,NA,NA,NA,NA,NA,NA,NA,NA,NA,NA,174.2551514004628,NA,NA,NA,NA,NA,NA,NA,NA,RR_U94,NA,NA
Florida,NA,NA,NA,3,52,NA,SN1,NA,NA,NA,NA,NA,NA,NA,NA,NA,NA,NA,NA,NA,NA,NA,NA,NA,NA,NA,NA,NA,NA,NA,NA,NA,NA,NA,NA,NA,NA,NA,NA,NA,NA,NA,NA,NA,NA,NA,NA,NA,NA,NA,NA,NA,NA,NA,NA,NA,NA,NA,NA,NA,NA,NA,NA,NA,NA,NA,NA,NA,13,0.9230769230769231,24,48,NA,NA,NA,NA,NA,CRF_SN1,NA
Florida,NA,NA,NA,NA,NA,NA,TNC_1,NA,NA,NA,NA,NA,NA,NA,NA,NA,NA,NA,NA,NA,NA,NA,NA,NA,NA,NA,NA,NA,NA,NA,NA,NA,NA,NA,NA,NA,NA,NA,NA,NA,NA,NA,NA,NA,NA,NA,NA,NA,NA,NA,NA,NA,NA,NA,NA,NA,NA,NA,NA,NA,NA,NA,NA,NA,NA,NA,NA,NA,379,0.8944591029023746,8,56,NA,NA,NA,NA,NA,TNC_1,NA
Florida,NA,NA,NA,NA,NA,NA,TNC_10,NA,NA,NA,NA,NA,NA,NA,NA,NA,NA,NA,NA,NA,NA,NA,NA,NA,NA,NA,NA,NA,NA,NA,NA,NA,NA,NA,NA,NA,NA,NA,NA,NA,NA,NA,NA,NA,NA,NA,NA,NA,NA,NA,NA,NA,NA,NA,NA,NA,NA,NA,NA,NA,NA,NA,NA,NA,NA,NA,NA,NA,162,0.8950617283950617,8,14,NA,NA,NA,NA,NA,TNC_10,NA
Florida,NA,NA,NA,NA,NA,NA,TNC_11,NA,NA,NA,NA,NA,NA,NA,NA,NA,NA,NA,NA,NA,NA,NA,NA,NA,NA,NA,NA,NA,NA,NA,NA,NA,NA,NA,NA,NA,NA,NA,NA,NA,NA,NA,NA,NA,NA,NA,NA,NA,NA,NA,NA,NA,NA,NA,NA,NA,NA,NA,NA,NA,NA,NA,NA,NA,NA,NA,NA,NA,132,0.7348484848484849,8,54,NA,NA,NA,NA,NA,TNC_11,NA
Florida,NA,NA,NA,NA,NA,NA,TNC_12,NA,NA,NA,NA,NA,NA,NA,NA,NA,NA,NA,NA,NA,NA,NA,NA,NA,NA,NA,NA,NA,NA,NA,NA,NA,NA,NA,NA,NA,NA,NA,NA,NA,NA,NA,NA,NA,NA,NA,NA,NA,NA,NA,NA,NA,NA,NA,NA,NA,NA,NA,NA,NA,NA,NA,NA,NA,NA,NA,NA,NA,60,0.9333333333333333,8,12,NA,NA,NA,NA,NA,TNC_12,NA
Florida,NA,NA,NA,NA,NA,NA,TNC_2,NA,NA,NA,NA,NA,NA,NA,NA,NA,NA,NA,NA,NA,NA,NA,NA,NA,NA,NA,NA,NA,NA,NA,NA,NA,NA,NA,NA,NA,NA,NA,NA,NA,NA,NA,NA,NA,NA,NA,NA,NA,NA,NA,NA,NA,NA,NA,NA,NA,NA,NA,NA,NA,NA,NA,NA,NA,NA,NA,NA,NA,315,0.8285714285714286,12,56,NA,NA,NA,NA,NA,TNC_2,NA
Florida,NA,NA,NA,NA,NA,NA,TNC_3,NA,NA,NA,NA,NA,NA,NA,NA,NA,NA,NA,NA,NA,NA,NA,NA,NA,NA,NA,NA,NA,NA,NA,NA,NA,NA,NA,NA,NA,NA,NA,NA,NA,NA,NA,NA,NA,NA,NA,NA,NA,NA,NA,NA,NA,NA,NA,NA,NA,NA,NA,NA,NA,NA,NA,NA,NA,NA,NA,NA,NA,138,0.8260869565217391,12,56,NA,NA,NA,NA,NA,TNC_3,NA
Florida,NA,NA,NA,NA,NA,NA,TNC_4,NA,NA,NA,NA,NA,NA,NA,NA,NA,NA,NA,NA,NA,NA,NA,NA,NA,NA,NA,NA,NA,NA,NA,NA,NA,NA,NA,NA,NA,NA,NA,NA,NA,NA,NA,NA,NA,NA,NA,NA,NA,NA,NA,NA,NA,NA,NA,NA,NA,NA,NA,NA,NA,NA,NA,NA,NA,NA,NA,NA,NA,198,0.8181818181818182,8,56,NA,NA,NA,NA,NA,TNC_4,NA
Florida,NA,NA,NA,NA,NA,NA,TNC_5,NA,NA,NA,NA,NA,NA,NA,NA,NA,NA,NA,NA,NA,NA,NA,NA,NA,NA,NA,NA,NA,NA,NA,NA,NA,NA,NA,NA,NA,NA,NA,NA,NA,NA,NA,NA,NA,NA,NA,NA,NA,NA,NA,NA,NA,NA,NA,NA,NA,NA,NA,NA,NA,NA,NA,NA,NA,NA,NA,NA,NA,198,0.8535353535353535,8,56,NA,NA,NA,NA,NA,TNC_5,NA
Florida,NA,NA,NA,NA,NA,NA,TNC_6,NA,NA,NA,NA,NA,NA,NA,NA,NA,NA,NA,NA,NA,NA,NA,NA,NA,NA,NA,NA,NA,NA,NA,NA,NA,NA,NA,NA,NA,NA,NA,NA,NA,NA,NA,NA,NA,NA,NA,NA,NA,NA,NA,NA,NA,NA,NA,NA,NA,NA,NA,NA,NA,NA,NA,NA,NA,NA,NA,NA,NA,162,0.8641975308641975,8,56,NA,NA,NA,NA,NA,TNC_6,NA
Florida,NA,NA,NA,NA,NA,NA,TNC_7,NA,NA,NA,NA,NA,NA,NA,NA,NA,NA,NA,NA,NA,NA,NA,NA,NA,NA,NA,NA,NA,NA,NA,NA,NA,NA,NA,NA,NA,NA,NA,NA,NA,NA,NA,NA,NA,NA,NA,NA,NA,NA,NA,NA,NA,NA,NA,NA,NA,NA,NA,NA,NA,NA,NA,NA,NA,NA,NA,NA,NA,288,0.8923611111111112,13,56,NA,NA,NA,NA,NA,TNC_7,NA
Florida,NA,NA,NA,NA,NA,NA,TNC_8,NA,NA,NA,NA,NA,NA,NA,NA,NA,NA,NA,NA,NA,NA,NA,NA,NA,NA,NA,NA,NA,NA,NA,NA,NA,NA,NA,NA,NA,NA,NA,NA,NA,NA,NA,NA,NA,NA,NA,NA,NA,NA,NA,NA,NA,NA,NA,NA,NA,NA,NA,NA,NA,NA,NA,NA,NA,NA,NA,NA,NA,180,0.9166666666666666,13,56,NA,NA,NA,NA,NA,TNC_8,NA
Florida,NA,NA,NA,NA,NA,NA,TNC_9,NA,NA,NA,NA,NA,NA,NA,NA,NA,NA,NA,NA,NA,NA,NA,NA,NA,NA,NA,NA,NA,NA,NA,NA,NA,NA,NA,NA,NA,NA,NA,NA,NA,NA,NA,NA,NA,NA,NA,NA,NA,NA,NA,NA,NA,NA,NA,NA,NA,NA,NA,NA,NA,NA,NA,NA,NA,NA,NA,NA,NA,168,0.9345238095238095,8,33,NA,NA,NA,NA,NA,TNC_9,NA
Florida,Upper Keys-Plantation Key Patch Reef,24.959033,-80.4907833,2,2,NA,U1,NA,NA,NA,NA,NA,NA,NA,NA,NA,NA,NA,NA,NA,NA,NA,NA,NA,NA,NA,NA,NA,NA,NA,NA,NA,NA,NA,NA,NA,NA,NA,NA,NA,NA,NA,NA,NA,NA,NA,NA,NA,NA,NA,NA,NA,NA,NA,NA,NA,NA,NA,NA,NA,NA,NA,NA,NA,NA,CRF_U1,AC-CRF-TV_1,NA,NA,NA,NA,NA,NA,NA,NA,NA,NA,NA,NA
Florida,Upper Keys-Turtle Rocks,25.283617,-80.20715,3,72,"tav on spreadsheet, CF on tube",U100,clone_13,0.6574385176270734,0.3903047418355598,NA,H,D,D,D,H,D,H,D,D,117474491,0.02084606044150809,NA,NA,NA,NA,NA,NA,NA,NA,NA,NA,NA,NA,NA,NA,NA,NA,NA,NA,NA,NA,NA,NA,NA,NA,NA,NA,NA,NA,NA,30257,35287,NA,NA,NA,NA,NA,NA,8609,NA,18057,NA,NA,NA,CRF_U100,AC-CRF-CR_153,148.42305942850757,25,0.84,4,53,1256,0.8614649681528662,4,55,CRF_U100,CRF_U100,CRF_U100
Florida,Upper Keys-Turtle Rocks,25.26645,-80.2119833,3,73,"tav on spreadsheet, CF on tube",U101,NA,NA,NA,NA,NA,NA,NA,NA,NA,NA,NA,NA,NA,NA,NA,NA,NA,NA,NA,NA,NA,NA,NA,NA,NA,NA,NA,NA,NA,NA,NA,NA,NA,NA,NA,NA,NA,NA,NA,NA,NA,NA,NA,NA,NA,NA,NA,NA,NA,NA,NA,NA,NA,NA,NA,NA,NA,NA,CRF_U101,AC-CRF-CR_154,NA,NA,NA,NA,NA,0,NA,48,48,NA,NA,NA
Florida,Upper Keys-Carysfort Reef,25.221083,-80.2120833,3,75,"tav on spreadsheet, CF on tube",U104,NA,NA,NA,NA,NA,NA,NA,NA,NA,NA,NA,NA,NA,NA,NA,NA,NA,NA,NA,NA,NA,NA,NA,NA,NA,NA,NA,NA,NA,NA,NA,NA,NA,NA,NA,NA,NA,NA,NA,NA,NA,NA,NA,NA,NA,NA,NA,NA,NA,NA,NA,NA,NA,NA,NA,NA,NA,NA,CRF_U104,AC-CRF-CR_156,NA,5,1,39,39,18,0,48,48,NA,CRF_U104,NA
Florida,Upper Keys-Carysfort Reef,25.221933,-80.2123167,3,76,"tav on spreadsheet, CF on tube",U105,NA,NA,NA,NA,NA,NA,NA,NA,NA,NA,NA,NA,NA,NA,NA,NA,NA,NA,NA,NA,NA,NA,NA,NA,NA,NA,NA,NA,NA,NA,NA,NA,NA,NA,NA,NA,NA,NA,NA,NA,NA,NA,NA,NA,NA,NA,NA,NA,NA,NA,NA,NA,NA,NA,NA,NA,NA,NA,CRF_U105,AC-CRF-CR_157,NA,5,0.8,40,40,6,0.3333333333333333,48,48,NA,CRF_U105,NA
Florida,NA,NA,NA,4,21,NA,U106,NA,NA,NA,NA,NA,NA,NA,NA,NA,NA,NA,NA,NA,NA,NA,NA,NA,NA,NA,NA,NA,NA,NA,NA,NA,NA,NA,NA,NA,NA,NA,NA,NA,NA,NA,NA,NA,NA,NA,NA,NA,NA,NA,NA,NA,NA,NA,NA,NA,NA,NA,NA,NA,NA,NA,NA,NA,NA,NA,NA,161.39542900594213,NA,NA,NA,NA,1261,0.8739095955590801,4,53,CRF_U106,NA,NA
Florida,Upper Keys-Tavernier Patch Reef 1,24.987133,-80.4528833,2,11,NA,U11,clone_7,0.7558420404091827,0.5336919135626396,NA,H,D,H,H,H,D,H,H,D,14052784,0.17588863497522456,NA,NA,NA,NA,NA,NA,NA,NA,NA,NA,NA,NA,NA,NA,NA,NA,NA,NA,NA,NA,NA,NA,NA,NA,NA,NA,NA,NA,8494,NA,NA,NA,38225,NA,NA,30246,NA,NA,NA,NA,NA,15587,NA,CRF_U11,AC-CRF-TV_10,231.2252974891692,32,0.75,4,43,1503,0.9747172322022621,5,58,CRF_U11,CRF_U11,CRF_U11
Florida,Upper Keys-Tavernier Patch Reef 1,24.9516,-80.4887,2,12,NA,U12,NA,NA,NA,NA,NA,NA,NA,NA,NA,NA,NA,NA,NA,NA,NA,NA,NA,NA,NA,NA,NA,NA,NA,NA,NA,NA,NA,NA,NA,NA,NA,NA,NA,NA,NA,NA,NA,NA,NA,NA,NA,NA,NA,NA,NA,NA,NA,NA,NA,NA,NA,NA,NA,NA,NA,NA,NA,NA,CRF_U12,AC-CRF-TV_11,NA,6,1,39,45,NA,NA,NA,NA,NA,CRF_U12,NA
Florida,Upper Keys-Tavernier Patch Reef 1,24.9507,-80.4900667,2,13,NA,U14,clone_3,0.6084555168031998,0.3280738800080762,NA,H,D,H,D,H,D,H,D,D,87144750,0.00990310428309613,NA,NA,NA,NA,NA,NA,NA,NA,NA,NA,NA,NA,NA,NA,NA,NA,NA,NA,NA,NA,NA,NA,NA,NA,NA,NA,NA,NA,23074,NA,233,NA,NA,NA,NA,6102,NA,NA,NA,21779,NA,NA,753,CRF_U14,AC-CRF-TV_12,NA,9,1,39,59,NA,NA,NA,NA,NA,CRF_U14,CRF_U14
Florida,Upper Keys-Tavernier Patch Reef 3,24.987683,-80.43475,2,14,NA,U15,clone_16,0.7069344564083183,0.4593249166781684,NA,H,D,H,D,D,D,H,H,D,69518639,0.0243841965140922,NA,NA,NA,NA,NA,NA,NA,NA,NA,NA,NA,NA,NA,NA,NA,NA,NA,NA,NA,NA,NA,NA,NA,NA,NA,NA,NA,NA,28469,NA,30042,NA,NA,NA,NA,16336,NA,NA,NA,21699,NA,NA,11783,CRF_U15,AC-CRF-TV_13,143.87419874240925,25,0.96,4,45,1238,0.9434571890145396,5,56,CRF_U15,CRF_U15,CRF_U15
Florida,Upper Keys-Higdons Reef,25.141717,-80.3136833,2,15,NA,U16,NA,NA,NA,NA,NA,NA,NA,NA,NA,NA,NA,NA,NA,NA,NA,NA,NA,NA,NA,NA,NA,NA,NA,NA,NA,NA,NA,NA,NA,NA,NA,NA,NA,NA,NA,NA,NA,NA,NA,NA,NA,NA,NA,NA,NA,NA,NA,NA,NA,NA,NA,NA,NA,NA,NA,NA,NA,NA,CRF_U16,AC-CRF-TV_14,NA,NA,NA,NA,NA,NA,NA,NA,NA,NA,NA,NA
Florida,Upper Keys-Molasses Trench,25.002533,-80.4231833,2,16,NA,U17,clone_17,0.6739288808587626,0.4126090663756678,NA,H,D,H,H,D,H,H,H,D,44393698,0.03966191144195307,NA,NA,NA,NA,NA,NA,NA,NA,NA,NA,NA,NA,NA,NA,NA,NA,NA,NA,NA,NA,NA,NA,NA,NA,NA,NA,NA,39289,NA,NA,NA,NA,48147,NA,16756,NA,NA,NA,NA,NA,NA,17190,NA,CRF_U17,AC-CRF-TV_15,NA,22,0.7272727272727273,4,59,1283,0.9290724863600935,5,56,NA,CRF_U17,CRF_U17
Florida,Upper Keys-Tavernier Patch Reef 3,24.989417,-80.4667333,2,17,NA,U18,NA,NA,NA,NA,NA,NA,NA,NA,NA,NA,NA,NA,NA,NA,NA,NA,NA,NA,NA,NA,NA,NA,NA,NA,NA,NA,NA,NA,NA,NA,NA,NA,NA,NA,NA,NA,NA,NA,NA,NA,NA,NA,NA,NA,NA,NA,NA,NA,NA,NA,NA,NA,NA,NA,NA,NA,NA,NA,CRF_U18,AC-CRF-TV_16,NA,NA,NA,NA,NA,NA,NA,NA,NA,NA,NA,NA
Florida,Upper Keys-Tavernier Patch Reef 3,24.987867,-80.4678333,2,18,NA,U19,clone_18,0.6904411296223212,0.4356333398942291,NA,D,D,H,H,D,H,H,H,D,40845421,0.03786691781493465,NA,NA,NA,NA,NA,NA,NA,NA,NA,NA,NA,NA,NA,NA,NA,NA,NA,NA,NA,NA,NA,NA,NA,NA,NA,NA,NA,60713,NA,NA,NA,NA,18682,NA,8268,NA,NA,NA,NA,NA,NA,17218,NA,CRF_U19,AC-CRF-TV_17,144.4990182272865,22,0.8636363636363636,4,54,1407,0.9360341151385928,5,56,CRF_U19,CRF_U19,CRF_U19
Florida,Upper Keys-Conch Reef,24.947083,-80.4659,2,3,NA,U2,NA,NA,NA,NA,NA,NA,NA,NA,NA,NA,NA,NA,NA,NA,NA,NA,NA,NA,NA,NA,NA,NA,NA,NA,NA,NA,NA,NA,NA,NA,NA,NA,NA,NA,NA,NA,NA,NA,NA,NA,NA,NA,NA,NA,NA,NA,NA,NA,NA,NA,NA,NA,NA,NA,NA,NA,NA,NA,CRF_U2,AC-CRF-TV_2,NA,NA,NA,NA,NA,NA,NA,NA,NA,NA,NA,NA
Florida,Upper Keys-Crocker Reef,24.892433,-80.5452333,2,19,NA,U20,clone_19,0.7233646231145308,0.48361904735164635,NA,H,D,D,H,H,H,H,H,D,22594852,0.08329043826504061,NA,NA,NA,NA,NA,NA,NA,NA,NA,NA,NA,NA,NA,NA,NA,NA,NA,NA,NA,NA,NA,NA,NA,NA,NA,NA,31245,NA,24318,NA,7328,NA,NA,NA,NA,22926,NA,7933,NA,17197,NA,NA,NA,CRF_U20,AC-CRF-TV_18,NA,10,0.7,45,53,NA,NA,NA,NA,NA,CRF_U20,CRF_U20
Florida,Upper Keys-Molasses Trench,25.00275,-80.4229167,2,20,NA,U21,NA,NA,NA,NA,NA,NA,NA,NA,NA,NA,NA,NA,NA,NA,NA,NA,NA,NA,NA,NA,NA,NA,NA,NA,NA,NA,NA,NA,NA,NA,NA,NA,NA,NA,NA,NA,NA,NA,NA,NA,NA,NA,NA,NA,NA,NA,NA,NA,NA,NA,NA,NA,NA,NA,NA,NA,NA,NA,CRF_U21,AC-CRF-TV_19,NA,NA,NA,NA,NA,948,0.9641350210970464,5,52,NA,NA,NA
Florida,Upper Keys-Lower Matecumbe,24.825433,-80.6511,2,22,NA,U23,NA,NA,NA,NA,NA,NA,NA,NA,NA,NA,NA,NA,NA,NA,NA,NA,NA,NA,NA,NA,NA,NA,NA,NA,NA,NA,NA,NA,NA,NA,NA,NA,NA,NA,NA,NA,NA,NA,NA,NA,NA,NA,NA,NA,NA,NA,NA,NA,NA,NA,NA,NA,NA,NA,NA,NA,NA,NA,CRF_U23,AC-CRF-TV_21,NA,NA,NA,NA,NA,NA,NA,NA,NA,NA,NA,NA
Florida,Upper Keys-Lower Matecumbe,24.82555,-80.6516167,2,23,NA,U24,NA,NA,NA,NA,NA,NA,NA,NA,NA,NA,NA,NA,NA,NA,NA,NA,NA,NA,NA,NA,NA,NA,NA,NA,NA,NA,NA,NA,NA,NA,NA,NA,NA,NA,NA,NA,NA,NA,NA,NA,NA,NA,NA,NA,NA,NA,NA,NA,NA,NA,NA,NA,NA,NA,NA,NA,NA,NA,CRF_U24,AC-CRF-TV_22,NA,4,1,54,54,NA,NA,NA,NA,NA,CRF_U24,NA
Florida,Upper Keys-Lower Matecumbe,24.826117,-80.6512333,2,24,NA,U25,NA,NA,NA,NA,NA,NA,NA,NA,NA,NA,NA,NA,NA,NA,NA,NA,NA,NA,NA,NA,NA,NA,NA,NA,NA,NA,NA,NA,NA,NA,NA,NA,NA,NA,NA,NA,NA,NA,NA,NA,NA,NA,NA,NA,NA,NA,NA,NA,NA,NA,NA,NA,NA,NA,NA,NA,NA,NA,CRF_U25,AC-CRF-TV_23,NA,4,0.75,48,48,344,0.7906976744186046,50,51,NA,CRF_U25,NA
Florida,Upper Keys-Lower Matecumbe,24.826117,-80.6512333,2,25,NA,U26,NA,NA,NA,NA,NA,NA,NA,NA,NA,NA,NA,NA,NA,NA,NA,NA,NA,NA,NA,NA,NA,NA,NA,NA,NA,NA,NA,NA,NA,NA,NA,NA,NA,NA,NA,NA,NA,NA,NA,NA,NA,NA,NA,NA,NA,NA,NA,NA,NA,NA,NA,NA,NA,NA,NA,NA,NA,NA,CRF_U26,AC-CRF-TV_24,NA,NA,NA,NA,NA,NA,NA,NA,NA,NA,NA,NA
Florida,Upper Keys-Plantation Key Patch Reef,24.957033,-80.4850333,2,26,NA,U27,NA,NA,NA,NA,NA,NA,NA,NA,NA,NA,NA,NA,NA,NA,NA,NA,NA,NA,NA,NA,NA,NA,NA,NA,NA,NA,NA,NA,NA,NA,NA,NA,NA,NA,NA,NA,NA,NA,NA,NA,NA,NA,NA,NA,NA,NA,NA,NA,NA,NA,NA,NA,NA,NA,NA,NA,NA,NA,CRF_U27,AC-CRF-TV_25,NA,NA,NA,NA,NA,NA,NA,NA,NA,NA,NA,NA
Florida,Upper Keys-Tavernier Patch Reef 1,24.994767,-80.4294667,2,28,NA,U29,NA,NA,NA,NA,NA,NA,NA,NA,NA,NA,NA,NA,NA,NA,NA,NA,NA,NA,NA,NA,NA,NA,NA,NA,NA,NA,NA,NA,NA,NA,NA,NA,NA,NA,NA,NA,NA,NA,NA,NA,NA,NA,NA,NA,NA,NA,NA,NA,NA,NA,NA,NA,NA,NA,NA,NA,NA,NA,CRF_U29,AC-CRF-TV_27,NA,5,1,48,48,NA,NA,NA,NA,NA,CRF_U29,NA
Florida,Upper Keys-Plantation Key Patch Reef,24.9574,-80.4923833,2,4,NA,U3,clone_25,0.7396840556877171,0.508438248490982,NA,H,D,H,D,D,H,H,D,D,35482231,0.04678532102480561,NA,NA,NA,NA,NA,NA,NA,NA,NA,NA,NA,NA,NA,NA,NA,NA,NA,NA,NA,NA,NA,NA,NA,NA,NA,NA,NA,NA,NA,43884,10935,NA,NA,NA,NA,NA,NA,79131,NA,11494,NA,NA,12444,CRF_U3,AC-CRF-TV_3,174.43401160068905,13,1,4,44,1319,0.9196360879454132,5,58,CRF_U3,CRF_U3,CRF_U3
Florida,Upper Keys-Tavernier Patch Reef 3,24.988533,-80.4668,2,29,NA,U30,NA,NA,NA,NA,NA,NA,NA,NA,NA,NA,NA,NA,NA,NA,NA,NA,NA,NA,NA,NA,NA,NA,NA,NA,NA,NA,NA,NA,NA,NA,NA,NA,NA,NA,NA,NA,NA,NA,NA,NA,NA,NA,NA,NA,NA,NA,NA,NA,NA,NA,NA,NA,NA,NA,NA,NA,NA,NA,CRF_U30,AC-CRF-TV_28,NA,3,1,45,45,1226,0.9086460032626428,5,53,NA,CRF_U30,NA
Florida,Upper Keys-Tavernier Patch Reef 3,24.989917,-80.45215,2,30,NA,U31,clone_20,0.5151141910682736,0.22580210845954632,NA,H,D,H,D,H,D,D,D,D,35999794,0.04452083851845147,NA,NA,NA,NA,NA,NA,NA,NA,NA,NA,NA,NA,NA,NA,NA,NA,NA,NA,NA,NA,NA,NA,NA,NA,NA,NA,6886,NA,21211,NA,49994,NA,NA,NA,NA,12462,NA,NA,NA,11595,NA,NA,3463,CRF_U31,AC-CRF-TV_29,436.5776084151119,22,0.9545454545454546,4,45,1352,0.9467455621301775,5,56,CRF_U31,CRF_U31,CRF_U31
Florida,Upper Keys-Tavernier Patch Reef 3,24.996917,-80.4516833,2,31,NA,U32,NA,0.7874571711297839,0.5850746003769431,NA,H,D,H,D,H,H,D,H,D,NA,NA,NA,NA,NA,NA,NA,NA,NA,NA,NA,NA,NA,NA,NA,NA,NA,NA,NA,NA,NA,NA,NA,NA,NA,NA,NA,NA,NA,NA,NA,NA,NA,NA,NA,NA,NA,NA,NA,NA,NA,NA,NA,NA,4133,CRF_U32,AC-CRF-TV_30,156.41573046993253,13,1,4,43,1227,0.8842705786471068,5,56,CRF_U32,CRF_U32,CRF_U32
Florida,Upper Keys-Tavernier Patch Reef 3,25.003583,-80.4509167,2,32,NA,U33,clone_21,0.5608172691446898,0.2732397851191928,NA,H,D,H,H,D,D,H,H,D,27425545,0.05721023674306702,NA,NA,NA,NA,NA,NA,NA,NA,NA,NA,NA,NA,NA,NA,NA,NA,NA,NA,NA,NA,NA,NA,NA,NA,NA,NA,NA,42868,NA,NA,NA,NA,NA,70978,26091,NA,NA,NA,10322,NA,NA,NA,5718,CRF_U33,AC-CRF-TV_31,NA,12,0.5,45,54,NA,NA,NA,NA,NA,CRF_U33,CRF_U33
Florida,Upper Keys-Tavernier Patch Reef 3,25.003067,-80.45085,2,33,NA,U34,NA,NA,NA,NA,NA,NA,NA,NA,NA,NA,NA,NA,NA,NA,NA,NA,NA,NA,NA,NA,NA,NA,NA,NA,NA,NA,NA,NA,NA,NA,NA,NA,NA,NA,NA,NA,NA,NA,NA,NA,NA,NA,NA,NA,NA,NA,NA,NA,NA,NA,NA,NA,NA,NA,NA,NA,NA,NA,CRF_U34,AC-CRF-TV_32,NA,5,1,45,45,24,0,54,54,NA,CRF_U34,NA
Florida,Upper Keys-Tavernier Patch Reef 3,25.00945,-80.4514,2,34,NA,U35,clone_22,0.6904411296223212,0.4356333398942291,NA,H,D,D,D,D,H,H,D,D,21646813,0.0765775957644184,NA,NA,NA,NA,NA,NA,NA,NA,NA,NA,NA,NA,NA,NA,NA,NA,NA,NA,NA,NA,NA,NA,NA,NA,NA,NA,NA,NA,NA,52197,17520,NA,NA,NA,NA,NA,NA,7965,NA,6971,NA,NA,6592,CRF_U35,AC-CRF-TV_33,97.51926123534994,17,1,4,43,1339,0.9163554891710232,5,56,CRF_U35,CRF_U35,CRF_U35
Florida,Upper Keys-White Bank,25.040367,-80.3674167,2,35,NA,U36,NA,NA,NA,NA,NA,NA,NA,NA,NA,NA,NA,NA,NA,NA,NA,NA,NA,NA,NA,NA,NA,NA,NA,NA,NA,NA,NA,NA,NA,NA,NA,NA,NA,NA,NA,NA,NA,NA,NA,NA,NA,NA,NA,NA,NA,NA,NA,NA,NA,NA,NA,NA,NA,NA,NA,NA,NA,NA,CRF_U36,AC-CRF-TV_34,NA,NA,NA,NA,NA,NA,NA,NA,NA,NA,NA,NA
Florida,Upper Keys-Pickles Reef,24.9886,-80.4025667,2,36,NA,U37,clone_26,0.8177573762249534,0.6367881518843654,R,H,D,H,H,H,H,H,H,D,70779563,0.02315438076490862,NA,NA,1260173,17003667,NA,NA,NA,NA,15565922,18963144,NA,NA,NA,NA,4833090,10518916,NA,NA,NA,NA,5195276,5805481,NA,NA,NA,NA,7154,NA,33299,NA,NA,NA,20803,NA,13961,15532,NA,NA,NA,NA,NA,7097,NA,CRF_U37,AC-CRF-TV_35,113.1312084356552,17,0.8235294117647058,4,43,1220,0.9467213114754098,5,56,CRF_U37,CRF_U37,CRF_U37
Florida,Upper Keys-Conch Reef,24.9519,-80.4511333,2,38,NA,U39,clone_24,0.6084555168031996,0.3280738800080762,NA,H,D,H,H,D,H,H,H,D,55536783,0.02864542088075359,NA,NA,NA,NA,NA,NA,NA,NA,NA,NA,NA,NA,NA,NA,NA,NA,NA,NA,NA,NA,NA,NA,NA,NA,NA,NA,NA,45207,NA,NA,NA,NA,NA,56805,16934,NA,NA,NA,23660,NA,NA,NA,4174,CRF_U39,AC-CRF-TV_37,100.7459960838185,9,0.8888888888888888,26,36,1116,0.8978494623655914,5,53,CRF_U39,CRF_U39,CRF_U39
Florida,Upper Keys-Tavernier Patch Reef 3,25.00785,-80.44805,2,5,NA,U4,clone_32,0.7069344564083183,0.4593249166781684,NA,H,D,H,H,D,H,D,H,D,18459192,0.09563714731769124,NA,NA,NA,NA,NA,NA,NA,NA,NA,NA,NA,NA,NA,NA,NA,NA,NA,NA,NA,NA,NA,NA,NA,NA,NA,NA,NA,31598,NA,NA,34531,NA,NA,NA,7796,NA,NA,NA,NA,2335,NA,NA,NA,CRF_U4,AC-CRF-TV_4,150.0479674964373,10,0.9,4,43,1298,0.8428351309707242,5,58,CRF_U4,CRF_U4,CRF_U4
Florida,Upper Keys-Conch Reef,24.935117,-80.4675667,2,39,NA,U40,NA,NA,NA,NA,NA,NA,NA,NA,NA,NA,NA,NA,NA,NA,NA,NA,NA,NA,NA,NA,NA,NA,NA,NA,NA,NA,NA,NA,NA,NA,NA,NA,NA,NA,NA,NA,NA,NA,NA,NA,NA,NA,NA,NA,NA,NA,NA,NA,NA,NA,NA,NA,NA,NA,NA,NA,NA,NA,CRF_U40,AC-CRF-TV_38,NA,29,0.896551724137931,26,44,1156,0.9100346020761245,5,55,NA,CRF_U40,NA
Florida,Upper Keys-Conch Reef,24.946333,-80.4701667,2,40,NA,U41,clone_26,0.7514350404579851,0.5267368063897103,R,H,D,H,NA,H,H,H,H,D,50887700,0.02944015808011102,10742552,15443083,NA,NA,NA,NA,25359270,14253689,NA,NA,NA,NA,5105666,8834735,NA,NA,NA,NA,2021768,8001156,NA,NA,NA,NA,NA,NA,29941,20609,NA,NA,37888,NA,NA,NA,20533,NA,9486,NA,NA,9595,NA,NA,NA,CRF_U41,AC-CRF-TV_39,202.28064166284517,28,0.9285714285714286,4,43,1442,0.9486823855755895,5,53,CRF_U41,CRF_U41,CRF_U41
Florida,Upper Keys-Plantation Key Patch Reef,24.9509,-80.4936167,2,41,NA,U42,clone_27,0.5151141910682736,0.22580210845954632,NA,H,D,D,H,D,H,D,D,D,15235027,0.1418770881884894,NA,NA,NA,NA,NA,NA,NA,NA,NA,NA,NA,NA,NA,NA,NA,NA,NA,NA,NA,NA,NA,NA,NA,NA,NA,NA,12639,523,NA,NA,549,NA,NA,NA,8417,NA,NA,NA,NA,13391,NA,16802,NA,CRF_U42,AC-CRF-TV_40,309.9411312713294,26,0.8461538461538461,4,46,1276,0.9059561128526645,6,57,CRF_U42,CRF_U42,CRF_U42
Florida,Upper Keys-Tavernier Patch Reef 1,24.951883,-80.4916167,2,42,NA,U43,clone_28,0.6171512153575465,0.3386852215489822,NA,D,D,H,NA,H,D,H,D,D,34760153,0.04259904518406227,NA,NA,NA,NA,NA,NA,NA,NA,NA,NA,NA,NA,NA,NA,NA,NA,NA,NA,NA,NA,NA,NA,NA,NA,NA,NA,NA,75678,NA,NA,NA,NA,41830,NA,14530,NA,NA,NA,9480,NA,NA,12969,NA,CRF_U43,AC-CRF-TV_41,263.8336873942625,13,1,4,43,11,0.2727272727272727,43,56,CRF_U43,CRF_U43,CRF_U43
Florida,Upper Keys-Tavernier Patch Reef 3,24.988117,-80.4637167,2,43,NA,U44,clone_29,0.5608172691446898,0.2732397851191928,NA,H,D,D,H,H,H,H,D,D,31223732,0.05123415239345053,NA,NA,NA,NA,NA,NA,NA,NA,NA,NA,NA,NA,NA,NA,NA,NA,NA,NA,NA,NA,NA,NA,NA,NA,NA,NA,NA,42056,NA,NA,5566,NA,NA,NA,21910,NA,NA,1123,NA,26074,NA,NA,NA,CRF_U44,AC-CRF-TV_42,171.34789867813558,22,0.8636363636363636,4,48,1192,0.886744966442953,6,63,CRF_U44,CRF_U44,CRF_U44
Florida,Upper Keys-Molasses Trench,25.01775,-80.3958667,2,44,NA,U45,NA,NA,NA,NA,NA,NA,NA,NA,NA,NA,NA,NA,NA,NA,NA,NA,NA,NA,NA,NA,NA,NA,NA,NA,NA,NA,NA,NA,NA,NA,NA,NA,NA,NA,NA,NA,NA,NA,NA,NA,NA,NA,NA,NA,NA,NA,NA,NA,NA,NA,NA,NA,NA,NA,NA,NA,NA,NA,CRF_U45,AC-CRF-TV_43,138.54846816875042,NA,NA,NA,NA,1126,0.8507992895204263,5,55,CRF_U45,NA,NA
Florida,Upper Keys-Molasses Trench,25.013717,-80.415,2,45,NA,U46,clone_30,0.5003823361060163,0.21157268509462895,S,H,D,D,H,D,D,D,D,D,39267956,0.03804226908312027,16926680,16714663,NA,NA,NA,NA,7835167,5741461,NA,NA,NA,NA,3630573,7967219,NA,NA,NA,NA,4343038,26238214,NA,NA,NA,NA,NA,NA,18025,19545,NA,NA,71621,NA,NA,NA,10592,NA,NA,NA,NA,7455,NA,7325,NA,CRF_U46,AC-CRF-TV_44,411.4407328937015,14,0.9285714285714286,4,43,11,0.18181818181818182,43,56,CRF_U46,CRF_U46,CRF_U46
Florida,Upper Keys-Tavernier Patch Reef 2,24.994217,-80.4429667,2,46,NA,U47,clone_103,0.6246695110914133,0.34801091411193924,S,H,D,H,D,D,H,D,D,D,35257089,0.04508554502190948,NA,NA,NA,NA,14831177,15220794,NA,NA,23011658,20154792,NA,NA,NA,NA,NA,NA,3614963,5240028,NA,NA,7563845,12107837,NA,NA,NA,NA,14934,NA,NA,NA,NA,NA,21524,NA,NA,NA,NA,NA,NA,NA,NA,15145,3209,CRF_U47,AC-CRF-TV_45,NA,9,1,42,69,416,0.3894230769230769,44,54,NA,CRF_U47,CRF_U47
Florida,Upper Keys-Molasses Trench,25.01075,-80.417,2,47,NA,U48,NA,NA,NA,NA,NA,NA,NA,NA,NA,NA,NA,NA,NA,NA,NA,NA,NA,NA,NA,NA,NA,NA,NA,NA,NA,NA,NA,NA,NA,NA,NA,NA,NA,NA,NA,NA,NA,NA,NA,NA,NA,NA,NA,NA,NA,NA,NA,NA,NA,NA,NA,NA,NA,NA,NA,NA,NA,NA,CRF_U48,AC-CRF-TV_46,NA,8,0.875,34,44,NA,NA,NA,NA,NA,CRF_U48,NA
Florida,Upper Keys-Molasses Trench,25.011033,-80.41225,2,48,NA,U49,NA,NA,NA,NA,NA,NA,NA,NA,NA,NA,NA,NA,NA,NA,NA,NA,NA,NA,NA,NA,NA,NA,NA,NA,NA,NA,NA,NA,NA,NA,NA,NA,NA,NA,NA,NA,NA,NA,NA,NA,NA,NA,NA,NA,NA,NA,NA,NA,NA,NA,NA,NA,NA,NA,NA,NA,NA,NA,CRF_U49,AC-CRF-TV_47,NA,3,1,44,44,NA,NA,NA,NA,NA,CRF_U49,NA
Florida,Upper Keys-Tavernier Patch Reef 3,24.988467,-80.4498833,2,6,NA,U5,clone_36,0.7069344564083183,0.4593249166781684,NA,D,D,H,H,D,H,D,H,D,32437455,0.04942407478637313,NA,NA,NA,NA,NA,NA,NA,NA,NA,NA,NA,NA,NA,NA,NA,NA,NA,NA,NA,NA,NA,NA,NA,NA,NA,NA,NA,5423,NA,NA,NA,NA,32086,NA,5272,NA,NA,NA,NA,NA,NA,3308,NA,CRF_U5,AC-CRF-TV_5,NA,9,1,40,44,16,0,49,49,NA,CRF_U5,CRF_U5
Florida,Upper Keys-Plantation Key Patch Reef,24.9816,-80.4438,2,50,NA,U51,NA,NA,NA,NA,NA,NA,NA,NA,NA,NA,NA,NA,NA,NA,NA,NA,NA,NA,NA,NA,NA,NA,NA,NA,NA,NA,NA,NA,NA,NA,NA,NA,NA,NA,NA,NA,NA,NA,NA,NA,NA,NA,NA,NA,NA,NA,NA,NA,NA,NA,NA,NA,NA,NA,NA,NA,NA,NA,CRF_U51,AC-CRF-TV_49,NA,9,1,45,46,224,0.6875,49,51,NA,CRF_U51,NA
Florida,NA,NA,NA,2,51,NA,U52,NA,NA,NA,NA,NA,NA,NA,NA,NA,NA,NA,NA,NA,NA,NA,NA,NA,NA,NA,NA,NA,NA,NA,NA,NA,NA,NA,NA,NA,NA,NA,NA,NA,NA,NA,NA,NA,NA,NA,NA,NA,NA,NA,NA,NA,NA,NA,NA,NA,NA,NA,NA,NA,NA,NA,NA,NA,NA,NA,NA,NA,5,0.8,37,37,NA,NA,NA,NA,NA,CRF_U52,NA
Florida,NA,NA,NA,2,52,NA,U53,NA,NA,NA,NA,NA,NA,NA,NA,NA,NA,NA,NA,NA,NA,NA,NA,NA,NA,NA,NA,NA,NA,NA,NA,NA,NA,NA,NA,NA,NA,NA,NA,NA,NA,NA,NA,NA,NA,NA,NA,NA,NA,NA,NA,NA,NA,NA,NA,NA,NA,NA,NA,NA,NA,NA,NA,NA,NA,NA,NA,NA,5,1,37,37,NA,NA,NA,NA,NA,CRF_U53,NA
Florida,Upper Keys-Plantation Key Patch Reef,24.952517,-80.4887833,2,53,NA,U54,NA,NA,NA,NA,NA,NA,NA,NA,NA,NA,NA,NA,NA,NA,NA,NA,NA,NA,NA,NA,NA,NA,NA,NA,NA,NA,NA,NA,NA,NA,NA,NA,NA,NA,NA,NA,NA,NA,NA,NA,NA,NA,NA,NA,NA,NA,NA,NA,NA,NA,NA,NA,NA,NA,NA,NA,NA,NA,CRF_U54,AC-CRF-TV_52,366.8967494441231,9,0.8888888888888888,37,45,NA,NA,NA,NA,CRF_U54,CRF_U54,NA
Florida,Upper Keys-Conch Reef,24.9463,-80.4708,2,54,NA,U55,clone_33,0.7396840556877171,0.508438248490982,NA,H,D,H,H,D,H,H,H,D,46318122,0.03477941564661251,NA,NA,NA,NA,NA,NA,NA,NA,NA,NA,NA,NA,NA,NA,NA,NA,NA,NA,NA,NA,NA,NA,NA,NA,NA,NA,NA,26189,NA,NA,55508,NA,NA,NA,8072,NA,NA,NA,NA,15983,NA,NA,NA,CRF_U55,AC-CRF-TV_53,NA,8,0.875,9,47,NA,NA,NA,NA,NA,CRF_U55,CRF_U55
Florida,NA,NA,NA,2,55,NA,U56,NA,NA,NA,NA,NA,NA,NA,NA,NA,NA,NA,NA,NA,NA,NA,NA,NA,NA,NA,NA,NA,NA,NA,NA,NA,NA,NA,NA,NA,NA,NA,NA,NA,NA,NA,NA,NA,NA,NA,NA,NA,NA,NA,NA,NA,NA,NA,NA,NA,NA,NA,NA,NA,NA,NA,NA,NA,NA,NA,NA,NA,5,1,47,47,10,0.6,49,49,NA,CRF_U56,NA
Florida,Upper Keys-Lower Matecumbe,24.8317,-80.64195,2,56,NA,U57,NA,NA,NA,NA,NA,NA,NA,NA,NA,NA,NA,NA,NA,NA,NA,NA,NA,NA,NA,NA,NA,NA,NA,NA,NA,NA,NA,NA,NA,NA,NA,NA,NA,NA,NA,NA,NA,NA,NA,NA,NA,NA,NA,NA,NA,NA,NA,NA,NA,NA,NA,NA,NA,NA,NA,NA,NA,NA,CRF_U57,AC-CRF-TV_55,NA,2,1,45,45,50,0.68,12,49,NA,CRF_U57,NA
Florida,Upper Keys-Lower Matecumbe,24.830533,-80.6437667,2,57,NA,U58,clone_34,0.36885011008968455,0.10674234253642308,S,H,D,D,D,D,D,H,D,D,111652973,0.0178476480304093,NA,NA,10313658,26421482,NA,NA,9267651,23095128,NA,NA,NA,NA,NA,NA,6308654,1677204,NA,NA,3636993,4741157,NA,NA,NA,NA,NA,NA,16124,NA,39268,NA,22697,NA,NA,NA,18863,12290,NA,19468,NA,14076,NA,NA,NA,CRF_U58,AC-CRF-TV_56,223.8762820607776,10,1,47,49,NA,NA,NA,NA,CRF_U58,CRF_U58,CRF_U58
Florida,Upper Keys-Lower Matecumbe,24.813117,-80.6691333,2,58,NA,U59,clone_35,0.5003823361060162,0.2115726850946289,S,H,D,H,H,D,H,D,D,D,66428848,0.02969517161798312,NA,NA,NA,NA,14876362,16738935,NA,NA,NA,NA,45371603,19354694,NA,NA,NA,NA,2336826,3920721,NA,NA,NA,NA,3985404,34025101,NA,NA,5442,NA,NA,21842,NA,NA,NA,NA,NA,NA,NA,4700,NA,NA,NA,NA,NA,CRF_U59,AC-CRF-TV_57,269.71655543172807,17,0.8235294117647058,4,47,1184,0.9290540540540541,5,56,CRF_U59,CRF_U59,CRF_U59
Florida,Upper Keys-Tavernier Patch Reef 3,24.9874,-80.4519167,2,7,NA,U6,NA,NA,NA,NA,NA,NA,NA,NA,NA,NA,NA,NA,NA,NA,NA,NA,NA,NA,NA,NA,NA,NA,NA,NA,NA,NA,NA,NA,NA,NA,NA,NA,NA,NA,NA,NA,NA,NA,NA,NA,NA,NA,NA,NA,NA,NA,NA,NA,NA,NA,NA,NA,NA,NA,NA,NA,NA,NA,CRF_U6,AC-CRF-TV_6,NA,NA,NA,NA,NA,NA,NA,NA,NA,NA,NA,NA
Florida,Upper Keys-Lower Matecumbe,24.812933,-80.6695667,2,59,NA,U60,NA,NA,NA,NA,NA,NA,NA,NA,NA,NA,NA,NA,NA,NA,NA,NA,NA,NA,NA,NA,NA,NA,NA,NA,NA,NA,NA,NA,NA,NA,NA,NA,NA,NA,NA,NA,NA,NA,NA,NA,NA,NA,NA,NA,NA,NA,NA,NA,NA,NA,NA,NA,NA,NA,NA,NA,NA,NA,CRF_U60,AC-CRF-TV_58,170.51368931102593,16,1,4,47,1225,0.9175510204081633,5,55,CRF_U60,CRF_U60,NA
Florida,Upper Keys-Higdons Reef,25.140017,-80.3146333,2,60,NA,U61,NA,NA,NA,NA,NA,NA,NA,NA,NA,NA,NA,NA,NA,NA,NA,NA,NA,NA,NA,NA,NA,NA,NA,NA,NA,NA,NA,NA,NA,NA,NA,NA,NA,NA,NA,NA,NA,NA,NA,NA,NA,NA,NA,NA,NA,NA,NA,NA,NA,NA,NA,NA,NA,NA,NA,NA,NA,NA,CRF_U61,AC-CRF-TV_59,NA,NA,NA,NA,NA,NA,NA,NA,NA,NA,NA,NA
Florida,Upper Keys-North Dry Rocks,25.1356,-80.2897333,NA,NA,NA,U62,clone_7,0.641007403925264,0.3687617084886779,NA,H,D,H,D,H,D,H,D,H,6537240,0.574821726210678,NA,NA,NA,NA,NA,NA,NA,NA,NA,NA,NA,NA,NA,NA,NA,NA,NA,NA,NA,NA,NA,NA,NA,NA,NA,NA,NA,NA,20360,NA,NA,NA,4,NA,NA,8097,NA,NA,NA,NA,NA,27221,9824,CRF_U62,AC-CRF-TV_60,NA,8,0.875,44,45,NA,NA,NA,NA,NA,CRF_U62,CRF_U62
Florida,Upper Keys-North Dry Rocks,25.12995,-80.2852333,2,62,NA,U63,clone_38,0.7233646231145308,0.48361904735164635,NA,H,D,H,D,H,H,H,D,D,12945280,0.23373946949642133,NA,NA,NA,NA,NA,NA,NA,NA,NA,NA,NA,NA,NA,NA,NA,NA,NA,NA,NA,NA,NA,NA,NA,NA,NA,NA,NA,NA,NA,12312,66232,NA,NA,NA,NA,NA,NA,8850,NA,12040,NA,NA,6149,CRF_U63,AC-CRF-TV_61,NA,17,0.9411764705882353,4,46,1293,0.8894044856921887,5,56,NA,CRF_U63,CRF_U63
Florida,Upper Keys-Horseshoe Reef,25.139833,-80.29525,2,63,NA,U64,NA,NA,NA,NA,NA,NA,NA,NA,NA,NA,NA,NA,NA,NA,NA,NA,NA,NA,NA,NA,NA,NA,NA,NA,NA,NA,NA,NA,NA,NA,NA,NA,NA,NA,NA,NA,NA,NA,NA,NA,NA,NA,NA,NA,NA,NA,NA,NA,NA,NA,NA,NA,NA,NA,NA,NA,NA,NA,CRF_U64,AC-CRF-TV_62,NA,6,1,37,37,NA,NA,NA,NA,NA,CRF_U64,NA
Florida,Upper Keys-North Dry Rocks,25.12715,-80.29455,2,64,NA,U65,clone_39,0.6246695110914133,0.3480109141119393,S,H,D,H,H,D,D,D,D,D,67607707,0.02612498208777368,33699055,26842733,NA,NA,NA,NA,NA,NA,11428544,23866707,NA,NA,12828467,28408595,NA,NA,NA,NA,NA,NA,2543616,26494560,NA,NA,NA,NA,3822,36327,NA,NA,NA,NA,33494,NA,7614,NA,NA,NA,NA,NA,NA,10995,NA,CRF_U65,AC-CRF-TV_63,NA,14,1,37,49,1278,0.8982785602503912,5,51,NA,CRF_U65,CRF_U65
Florida,Upper Keys-Tavernier Patch Reef 1,24.969067,-80.43575,2,65,NA,U66,NA,NA,NA,NA,NA,NA,NA,NA,NA,NA,NA,NA,NA,NA,NA,NA,NA,NA,NA,NA,NA,NA,NA,NA,NA,NA,NA,NA,NA,NA,NA,NA,NA,NA,NA,NA,NA,NA,NA,NA,NA,NA,NA,NA,NA,NA,NA,NA,NA,NA,NA,NA,NA,NA,NA,NA,NA,NA,CRF_U66,AC-CRF-TV_64,NA,7,0.8571428571428571,44,45,NA,NA,NA,NA,NA,CRF_U66,NA
Florida,Upper Keys-Lower Matecumbe,24.80205,-80.6673667,2,66,NA,U67,clone_40,0.7558420404091826,0.5336919135626396,R,H,D,H,H,H,H,H,H,D,9076009,0.3833763226765014,NA,NA,NA,NA,32671331,21626440,NA,NA,50881848,19974289,NA,NA,NA,NA,NA,NA,8314931,9410313,NA,NA,9189760,4147013,NA,NA,NA,NA,15541,NA,NA,4392,NA,NA,27386,NA,NA,NA,5865,6504,NA,NA,NA,14481,NA,CRF_U67,AC-CRF-TV_65,NA,14,1,37,49,NA,NA,NA,NA,NA,CRF_U67,CRF_U67
Florida,NA,NA,NA,NA,NA,NA,U68,NA,NA,NA,NA,NA,NA,NA,NA,NA,NA,NA,NA,NA,NA,NA,NA,NA,NA,NA,NA,NA,NA,NA,NA,NA,NA,NA,NA,NA,NA,NA,NA,NA,NA,NA,NA,NA,NA,NA,NA,NA,NA,NA,NA,NA,NA,NA,NA,NA,NA,NA,NA,NA,NA,NA,NA,NA,NA,NA,NA,NA,NA,NA,NA,NA,1172,0.9163822525597269,5,55,NA,NA,NA
Florida,Upper Keys-Lower Matecumbe,24.80255,-80.6524,2,68,NA,U69,clone_41,0.7233646231145308,0.48361904735164635,NA,H,D,D,H,H,D,H,H,D,22699838,0.07526104712989569,NA,NA,NA,NA,NA,NA,NA,NA,NA,NA,NA,NA,NA,NA,NA,NA,NA,NA,NA,NA,NA,NA,NA,NA,NA,NA,NA,NA,31478,NA,33838,NA,NA,NA,NA,15571,NA,NA,NA,2126,NA,20423,NA,CRF_U69,AC-CRF-TV_67,NA,8,1,4,39,202,0.37623762376237624,43,54,NA,CRF_U69,CRF_U69
Florida,Upper Keys-Molasses Trench,25.00955,-80.4149667,2,8,NA,U7,NA,NA,NA,NA,NA,NA,NA,NA,NA,NA,NA,NA,NA,NA,NA,NA,NA,NA,NA,NA,NA,NA,NA,NA,NA,NA,NA,NA,NA,NA,NA,NA,NA,NA,NA,NA,NA,NA,NA,NA,NA,NA,NA,NA,NA,NA,NA,NA,NA,NA,NA,NA,NA,NA,NA,NA,NA,NA,CRF_U7,AC-CRF-TV_7,NA,NA,NA,NA,NA,NA,NA,NA,NA,NA,NA,NA
Florida,Upper Keys-Molasses Trench,25.002117,-80.4011333,2,69,NA,U70,NA,NA,NA,NA,NA,NA,NA,NA,NA,NA,NA,NA,NA,NA,NA,NA,NA,NA,NA,NA,NA,NA,NA,NA,NA,NA,NA,NA,NA,NA,NA,NA,NA,NA,NA,NA,NA,NA,NA,NA,NA,NA,NA,NA,NA,NA,NA,NA,NA,NA,NA,NA,NA,NA,NA,NA,NA,NA,CRF_U70,AC-CRF-TV_68,72.31674443048072,NA,NA,NA,NA,1304,0.901840490797546,5,55,CRF_U70,NA,NA
Florida,Upper Keys-Higdons Reef,25.134383,-80.30245,2,70,NA,U71,clone_42,0.8177573762249534,0.6367881518843654,NA,H,D,H,H,H,H,H,H,D,80428193,0.02820751408466638,NA,NA,NA,NA,NA,NA,NA,NA,NA,NA,NA,NA,NA,NA,NA,NA,NA,NA,NA,NA,NA,NA,NA,NA,NA,NA,20498,NA,1873,NA,NA,NA,NA,15452,NA,5438,NA,13697,NA,NA,NA,NA,11143,CRF_U71,AC-CRF-TV_69,105.12939216920762,26,0.9615384615384616,4,46,1336,0.9131736526946108,5,55,CRF_U71,CRF_U71,CRF_U71
Florida,Upper Keys-North Dry Rocks,25.133717,-80.2843833,2,71,NA,U72,clone_43,0.7874571711297839,0.5850746003769431,R,H,D,H,H,H,H,H,H,D,8,1,31199427,11648459,NA,NA,NA,NA,NA,NA,NA,NA,21805387,17393098,6723611,13061904,NA,NA,NA,NA,NA,NA,NA,NA,4786129,9097541,NA,NA,8840,45330,NA,NA,NA,NA,NA,52547,10682,NA,NA,10999,NA,NA,NA,NA,15541,CRF_U72,AC-CRF-TV_70,111.93823852439814,13,1,4,46,1231,0.9382615759545085,5,62,CRF_U72,CRF_U72,CRF_U72
Florida,Upper Keys-Molasses Trench,25.014683,-80.4169167,2,72,NA,U73,NA,NA,NA,NA,NA,NA,NA,NA,NA,NA,NA,NA,NA,NA,NA,NA,NA,NA,NA,NA,NA,NA,NA,NA,NA,NA,NA,NA,NA,NA,NA,NA,NA,NA,NA,NA,NA,NA,NA,NA,NA,NA,NA,NA,NA,NA,NA,NA,NA,NA,NA,NA,NA,NA,NA,NA,NA,NA,CRF_U73,AC-CRF-TV_71,NA,4,1,39,39,NA,NA,NA,NA,NA,CRF_U73,NA
Florida,NA,NA,NA,2,73,NA,U74,NA,NA,NA,NA,NA,NA,NA,NA,NA,NA,NA,NA,NA,NA,NA,NA,NA,NA,NA,NA,NA,NA,NA,NA,NA,NA,NA,NA,NA,NA,NA,NA,NA,NA,NA,NA,NA,NA,NA,NA,NA,NA,NA,NA,NA,NA,NA,NA,NA,NA,NA,NA,NA,NA,NA,NA,NA,NA,NA,NA,NA,10,1,38,48,NA,NA,NA,NA,NA,CRF_U74,NA
Florida,Upper Keys-Lower Matecumbe,24.813617,-80.6669667,2,74,NA,U75,clone_44,0.7069344564083183,0.4593249166781684,NA,H,D,H,H,H,D,H,D,D,41255658,0.03960157552171716,NA,NA,NA,NA,NA,NA,NA,NA,NA,NA,NA,NA,NA,NA,NA,NA,NA,NA,NA,NA,NA,NA,NA,NA,NA,NA,NA,NA,33562,NA,NA,NA,NA,64422,NA,16180,NA,NA,NA,NA,NA,NA,11432,CRF_U75,AC-CRF-TV_73,235.12441258783775,19,1,4,46,1378,0.9492017416545718,5,55,CRF_U75,CRF_U75,CRF_U75
Florida,Upper Keys-Lower Matecumbe,24.821633,-80.6560833,2,75,NA,U76,NA,NA,NA,NA,NA,NA,NA,NA,NA,NA,NA,NA,NA,NA,NA,NA,NA,NA,NA,NA,NA,NA,NA,NA,NA,NA,NA,NA,NA,NA,NA,NA,NA,NA,NA,NA,NA,NA,NA,NA,NA,NA,NA,NA,NA,NA,NA,NA,NA,NA,NA,NA,NA,NA,NA,NA,NA,NA,CRF_U76,AC-CRF-TV_74,NA,NA,NA,NA,NA,1238,0.9127625201938611,5,55,NA,NA,NA
Florida,Upper Keys-Lower Matecumbe,24.813067,-80.6693333,2,76,NA,U77,NA,NA,NA,NA,NA,NA,NA,NA,NA,NA,NA,NA,NA,NA,NA,NA,NA,NA,NA,NA,NA,NA,NA,NA,NA,NA,NA,NA,NA,NA,NA,NA,NA,NA,NA,NA,NA,NA,NA,NA,NA,NA,NA,NA,NA,NA,NA,NA,NA,NA,NA,NA,NA,NA,NA,NA,NA,NA,CRF_U77,AC-CRF-TV_75,NA,NA,NA,NA,NA,NA,NA,NA,NA,NA,NA,NA
Florida,Upper Keys-Molasses Trench,25.0183,-80.43995,2,77,NA,U78,NA,NA,NA,NA,NA,NA,NA,NA,NA,NA,NA,NA,NA,NA,NA,NA,NA,NA,NA,NA,NA,NA,NA,NA,NA,NA,NA,NA,NA,NA,NA,NA,NA,NA,NA,NA,NA,NA,NA,NA,NA,NA,NA,NA,NA,NA,NA,NA,NA,NA,NA,NA,NA,NA,NA,NA,NA,NA,CRF_U78,AC-CRF-TV_76,NA,NA,NA,NA,NA,0,NA,52,52,NA,NA,NA
Florida,Upper Keys-Horseshoe Reef,25.13985,-80.2945833,2,78,NA,U79,NA,NA,NA,NA,NA,NA,NA,NA,NA,NA,NA,NA,NA,NA,NA,NA,NA,NA,NA,NA,NA,NA,NA,NA,NA,NA,NA,NA,NA,NA,NA,NA,NA,NA,NA,NA,NA,NA,NA,NA,NA,NA,NA,NA,NA,NA,NA,NA,NA,NA,NA,NA,NA,NA,NA,NA,NA,NA,CRF_U79,AC-CRF-TV_77,NA,NA,NA,NA,NA,NA,NA,NA,NA,NA,NA,NA
Florida,Upper Keys-Tavernier Patch Reef 1,24.98025,-80.4427333,2,9,NA,U8,NA,0.4859204838496638,0.19810154955141748,NA,D,D,D,D,H,D,D,H,D,NA,NA,NA,NA,NA,NA,NA,NA,NA,NA,NA,NA,NA,NA,NA,NA,NA,NA,NA,NA,NA,NA,NA,NA,NA,NA,NA,NA,NA,NA,NA,NA,NA,NA,NA,NA,NA,NA,NA,NA,NA,NA,NA,NA,8211,CRF_U8,AC-CRF-TV_8,149.10338355290494,9,1,4,7,1352,0.867603550295858,5,58,CRF_U8,CRF_U8,CRF_U8
Florida,Upper Keys-Shallow patch reef near U10,25.0208,-80.40085,2,79,NA,U80,NA,NA,NA,NA,NA,NA,NA,NA,NA,NA,NA,NA,NA,NA,NA,NA,NA,NA,NA,NA,NA,NA,NA,NA,NA,NA,NA,NA,NA,NA,NA,NA,NA,NA,NA,NA,NA,NA,NA,NA,NA,NA,NA,NA,NA,NA,NA,NA,NA,NA,NA,NA,NA,NA,NA,NA,NA,NA,CRF_U80,AC-CRF-TV_78,NA,3,1,9,9,NA,NA,NA,NA,NA,CRF_U80,NA
Florida,Upper Keys-Plantation Key Patch Reef,24.942967,-80.4965167,2,10,NA,U9,clone_48,0.7874571711297839,0.5850746003769431,NA,H,D,H,D,H,H,H,D,D,34068295,0.04546971513903659,NA,NA,NA,NA,NA,NA,NA,NA,NA,NA,NA,NA,NA,NA,NA,NA,NA,NA,NA,NA,NA,NA,NA,NA,NA,NA,NA,NA,NA,47487,32447,NA,NA,NA,NA,NA,NA,20675,NA,26343,NA,NA,6852,CRF_U9,AC-CRF-TV_9,NA,22,1,4,43,1370,0.9124087591240876,5,63,NA,CRF_U9,CRF_U9
Florida,Upper Keys-North Dry Rocks,25.13795,-80.2894,3,77,"tav on spreadsheet, CF on tube",U90,NA,NA,NA,NA,NA,NA,NA,NA,NA,NA,NA,NA,NA,NA,NA,NA,NA,NA,NA,NA,NA,NA,NA,NA,NA,NA,NA,NA,NA,NA,NA,NA,NA,NA,NA,NA,NA,NA,NA,NA,NA,NA,NA,NA,NA,NA,NA,NA,NA,NA,NA,NA,NA,NA,NA,NA,NA,NA,CRF_U90,AC-CRF-CR_158,NA,7,1,46,46,NA,NA,NA,NA,NA,CRF_U90,NA
Florida,Upper Keys-Horseshoe Reef,25.1554,-80.2871,3,78,"tav on spreadsheet, CF on tube",U91,clone_45,0.641007403925264,0.3687617084886779,NA,D,D,H,H,H,D,H,D,D,53030945,0.03155380078587536,NA,NA,NA,NA,NA,NA,NA,NA,NA,NA,NA,NA,NA,NA,NA,NA,NA,NA,NA,NA,NA,NA,NA,NA,NA,NA,NA,NA,36031,56484,NA,NA,19261,NA,NA,11153,NA,10455,NA,NA,NA,6745,NA,CRF_U91,AC-CRF-CR_159,NA,18,0.9444444444444444,33,48,NA,NA,NA,NA,NA,CRF_U91,CRF_U91
Florida,Upper Keys-Horseshoe Reef,25.1638,-80.2778,3,79,"tav on spreadsheet, CF on tube",U92,NA,NA,NA,NA,NA,NA,NA,NA,NA,NA,NA,NA,NA,NA,NA,NA,NA,NA,NA,NA,NA,NA,NA,NA,NA,NA,NA,NA,NA,NA,NA,NA,NA,NA,NA,NA,NA,NA,NA,NA,NA,NA,NA,NA,NA,NA,NA,NA,NA,NA,NA,NA,NA,NA,NA,NA,NA,NA,CRF_U92,AC-CRF-CR_160,NA,15,1,36,48,2,1,46,48,NA,CRF_U92,NA
Florida,Upper Keys-Triple A,25.1687,-80.26795,3,80,"tav on spreadsheet, CF on tube",U93,clone_46,0.5923929390135583,0.3089636881866898,NA,D,D,H,D,D,H,D,H,D,31440354,0.04916481887910944,NA,NA,NA,NA,NA,NA,NA,NA,NA,NA,NA,NA,NA,NA,NA,NA,NA,NA,NA,NA,NA,NA,NA,NA,NA,NA,NA,9668,NA,NA,NA,NA,6109,NA,3622,NA,NA,NA,NA,NA,NA,5746,NA,CRF_U93,AC-CRF-CR_161,NA,10,1,38,46,NA,NA,NA,NA,RR_U93?,CRF_U93,CRF_U93
Florida,NA,NA,NA,3,81,"tav on spreadsheet, CF on tube",U94,NA,NA,NA,NA,NA,NA,NA,NA,NA,NA,NA,NA,NA,NA,NA,NA,NA,NA,NA,NA,NA,NA,NA,NA,NA,NA,NA,NA,NA,NA,NA,NA,NA,NA,NA,NA,NA,NA,NA,NA,NA,NA,NA,NA,NA,NA,NA,NA,NA,NA,NA,NA,NA,NA,NA,NA,NA,NA,NA,NA,169.04855630351844,22,0.8636363636363636,4,49,1294,0.910355486862442,4,55,CRF_U94,CRF_U94,NA
Florida,Upper Keys-Triple A,25.176367,-80.2547333,4,1,"tav on spreadsheet, CF on tube",U95,NA,NA,NA,NA,NA,NA,NA,NA,NA,NA,NA,NA,NA,NA,NA,NA,NA,NA,NA,NA,NA,NA,NA,NA,NA,NA,NA,NA,NA,NA,NA,NA,NA,NA,NA,NA,NA,NA,NA,NA,NA,NA,NA,NA,NA,NA,NA,NA,NA,NA,NA,NA,NA,NA,NA,NA,NA,NA,CRF_U95,AC-CRF-CR_163,NA,13,1,36,45,10,0.8,46,48,NA,CRF_U95,NA
Florida,NA,NA,NA,NA,NA,NA,U96,NA,NA,NA,NA,NA,NA,NA,NA,NA,NA,NA,NA,NA,NA,NA,NA,NA,NA,NA,NA,NA,NA,NA,NA,NA,NA,NA,NA,NA,NA,NA,NA,NA,NA,NA,NA,NA,NA,NA,NA,NA,NA,NA,NA,NA,NA,NA,NA,NA,NA,NA,NA,NA,NA,NA,NA,NA,NA,NA,NA,NA,NA,NA,NA,NA,4,0,48,48,NA,NA,NA
Florida,Upper Keys-Triple A,25.1987,-80.2459167,4,3,"tav on spreadsheet, CF on tube",U97,NA,NA,NA,NA,NA,NA,NA,NA,NA,NA,NA,NA,NA,NA,NA,NA,NA,NA,NA,NA,NA,NA,NA,NA,NA,NA,NA,NA,NA,NA,NA,NA,NA,NA,NA,NA,NA,NA,NA,NA,NA,NA,NA,NA,NA,NA,NA,NA,NA,NA,NA,NA,NA,NA,NA,NA,NA,NA,CRF_U97,AC-CRF-CR_165,NA,5,1,39,39,0,NA,48,48,NA,CRF_U97,NA
Florida,Upper Keys-Triple A,25.202767,-80.24535,4,4,"tav on spreadsheet, CF on tube",U98,clone_47,0.5765062939175712,0.2906859573324436,NA,H,D,H,D,D,H,D,H,D,83566887,0.02498661296769765,NA,NA,NA,NA,NA,NA,NA,NA,NA,NA,NA,NA,NA,NA,NA,NA,NA,NA,NA,NA,NA,NA,NA,NA,NA,NA,NA,32941,NA,NA,27465,NA,NA,NA,9429,NA,NA,NA,22323,22987,NA,NA,4142,CRF_U98,AC-CRF-CR_166,107.03550959062244,17,1,4,49,1351,0.924500370096225,4,55,CRF_U98,CRF_U98,CRF_U98
Florida,Upper Keys-Turtle Rocks,25.282867,-80.2076833,4,5,"tav on spreadsheet, CF on tube",U99,NA,NA,NA,NA,NA,NA,NA,NA,NA,NA,NA,NA,NA,NA,NA,NA,NA,NA,NA,NA,NA,NA,NA,NA,NA,NA,NA,NA,NA,NA,NA,NA,NA,NA,NA,NA,NA,NA,NA,NA,NA,NA,NA,NA,NA,NA,NA,NA,NA,NA,NA,NA,NA,NA,NA,NA,NA,NA,CRF_U99,AC-CRF-CR_167,NA,5,1,46,46,NA,NA,NA,NA,NA,CRF_U99,NA
Florida,NA,NA,NA,NA,NA,NA,UM_A- Coopers,NA,NA,NA,NA,NA,NA,NA,NA,NA,NA,NA,NA,NA,NA,NA,NA,NA,NA,NA,NA,NA,NA,NA,NA,NA,NA,NA,NA,NA,NA,NA,NA,NA,NA,NA,NA,NA,NA,NA,NA,NA,NA,NA,NA,NA,NA,NA,NA,NA,NA,NA,NA,NA,NA,NA,NA,NA,NA,NA,NA,NA,5,0.8,56,113,NA,NA,NA,NA,NA,UM_A- Coopers,NA
Florida,NA,NA,NA,NA,NA,NA,UM_A-Cooper,NA,NA,NA,NA,NA,NA,NA,NA,NA,NA,NA,NA,NA,NA,NA,NA,NA,NA,NA,NA,NA,NA,NA,NA,NA,NA,NA,NA,NA,NA,NA,NA,NA,NA,NA,NA,NA,NA,NA,NA,NA,NA,NA,NA,NA,NA,NA,NA,NA,NA,NA,NA,NA,NA,NA,NA,NA,NA,NA,NA,NA,5,0.8,110,110,NA,NA,NA,NA,NA,UM_A-Cooper,NA
Florida,NA,NA,NA,NA,NA,NA,UM_Acerv1,NA,NA,NA,NA,NA,NA,NA,NA,NA,NA,NA,NA,NA,NA,NA,NA,NA,NA,NA,NA,NA,NA,NA,NA,NA,NA,NA,NA,NA,NA,NA,NA,NA,NA,NA,NA,NA,NA,NA,NA,NA,NA,NA,NA,NA,NA,NA,NA,NA,NA,NA,NA,NA,NA,NA,NA,NA,NA,NA,NA,NA,5,1,26,26,NA,NA,NA,NA,NA,UM_Acerv1,NA
Florida,NA,NA,NA,NA,NA,NA,UM_Acerv2,NA,NA,NA,NA,NA,NA,NA,NA,NA,NA,NA,NA,NA,NA,NA,NA,NA,NA,NA,NA,NA,NA,NA,NA,NA,NA,NA,NA,NA,NA,NA,NA,NA,NA,NA,NA,NA,NA,NA,NA,NA,NA,NA,NA,NA,NA,NA,NA,NA,NA,NA,NA,NA,NA,NA,NA,NA,NA,NA,NA,140.02128741048188,NA,NA,NA,NA,NA,NA,NA,NA,UM_Acerv2,NA,NA
Florida,NA,NA,NA,NA,NA,NA,UM_Acerv3,NA,NA,NA,NA,NA,NA,NA,NA,NA,NA,NA,NA,NA,NA,NA,NA,NA,NA,NA,NA,NA,NA,NA,NA,NA,NA,NA,NA,NA,NA,NA,NA,NA,NA,NA,NA,NA,NA,NA,NA,NA,NA,NA,NA,NA,NA,NA,NA,NA,NA,NA,NA,NA,NA,NA,NA,NA,NA,NA,NA,204.93647866696196,5,1,26,26,NA,NA,NA,NA,UM_Acerv3,UM_Acerv3,NA
Florida,NA,NA,NA,NA,NA,NA,UM_B- Ford,NA,NA,NA,NA,NA,NA,NA,NA,NA,NA,NA,NA,NA,NA,NA,NA,NA,NA,NA,NA,NA,NA,NA,NA,NA,NA,NA,NA,NA,NA,NA,NA,NA,NA,NA,NA,NA,NA,NA,NA,NA,NA,NA,NA,NA,NA,NA,NA,NA,NA,NA,NA,NA,NA,NA,NA,NA,NA,NA,NA,NA,5,0.6,56,113,NA,NA,NA,NA,NA,UM_B- Ford,NA
Florida,NA,NA,NA,NA,NA,NA,UM_B-Ford,NA,NA,NA,NA,NA,NA,NA,NA,NA,NA,NA,NA,NA,NA,NA,NA,NA,NA,NA,NA,NA,NA,NA,NA,NA,NA,NA,NA,NA,NA,NA,NA,NA,NA,NA,NA,NA,NA,NA,NA,NA,NA,NA,NA,NA,NA,NA,NA,NA,NA,NA,NA,NA,NA,NA,NA,NA,NA,NA,NA,NA,5,0.4,110,110,NA,NA,NA,NA,NA,UM_B-Ford,NA
Florida,NA,NA,NA,NA,NA,NA,UM_BC-1,NA,NA,NA,NA,NA,NA,NA,NA,NA,NA,NA,NA,NA,NA,NA,NA,NA,NA,NA,NA,NA,NA,NA,NA,NA,NA,NA,NA,NA,NA,NA,NA,NA,NA,NA,NA,NA,NA,NA,NA,NA,NA,NA,NA,NA,NA,NA,NA,NA,NA,NA,NA,NA,NA,NA,NA,NA,NA,NA,NA,189.0873805933297,NA,NA,NA,NA,NA,NA,NA,NA,UM_BC-1,NA,NA
Florida,NA,NA,NA,NA,NA,NA,UM_BC-11,NA,NA,NA,NA,NA,NA,NA,NA,NA,NA,NA,NA,NA,NA,NA,NA,NA,NA,NA,NA,NA,NA,NA,NA,NA,NA,NA,NA,NA,NA,NA,NA,NA,NA,NA,NA,NA,NA,NA,NA,NA,NA,NA,NA,NA,NA,NA,NA,NA,NA,NA,NA,NA,NA,NA,NA,NA,NA,NA,NA,292.3968367005224,NA,NA,NA,NA,NA,NA,NA,NA,UM_BC-11,NA,NA
Florida,NA,NA,NA,NA,NA,NA,UM_BC-8a,NA,NA,NA,NA,NA,NA,NA,NA,NA,NA,NA,NA,NA,NA,NA,NA,NA,NA,NA,NA,NA,NA,NA,NA,NA,NA,NA,NA,NA,NA,NA,NA,NA,NA,NA,NA,NA,NA,NA,NA,NA,NA,NA,NA,NA,NA,NA,NA,NA,NA,NA,NA,NA,NA,NA,NA,NA,NA,NA,NA,167.43185266860257,NA,NA,NA,NA,NA,NA,NA,NA,UM_BC-8a,NA,NA
Florida,NA,NA,NA,NA,NA,NA,UM_BC-8b,NA,NA,NA,NA,NA,NA,NA,NA,NA,NA,NA,NA,NA,NA,NA,NA,NA,NA,NA,NA,NA,NA,NA,NA,NA,NA,NA,NA,NA,NA,NA,NA,NA,NA,NA,NA,NA,NA,NA,NA,NA,NA,NA,NA,NA,NA,NA,NA,NA,NA,NA,NA,NA,NA,NA,NA,NA,NA,NA,NA,78.64747498387135,NA,NA,NA,NA,NA,NA,NA,NA,UM_BC-8b,NA,NA
Florida,NA,NA,NA,NA,NA,NA,UM_BC-e,NA,NA,NA,NA,NA,NA,NA,NA,NA,NA,NA,NA,NA,NA,NA,NA,NA,NA,NA,NA,NA,NA,NA,NA,NA,NA,NA,NA,NA,NA,NA,NA,NA,NA,NA,NA,NA,NA,NA,NA,NA,NA,NA,NA,NA,NA,NA,NA,NA,NA,NA,NA,NA,NA,NA,NA,NA,NA,NA,NA,54.4272756517972,NA,NA,NA,NA,NA,NA,NA,NA,UM_BC-e,NA,NA
Florida,NA,NA,NA,NA,NA,NA,UM_BC-f,NA,NA,NA,NA,NA,NA,NA,NA,NA,NA,NA,NA,NA,NA,NA,NA,NA,NA,NA,NA,NA,NA,NA,NA,NA,NA,NA,NA,NA,NA,NA,NA,NA,NA,NA,NA,NA,NA,NA,NA,NA,NA,NA,NA,NA,NA,NA,NA,NA,NA,NA,NA,NA,NA,NA,NA,NA,NA,NA,NA,82.46217650461051,NA,NA,NA,NA,NA,NA,NA,NA,UM_BC-f,NA,NA
Florida,NA,NA,NA,NA,NA,NA,UM_BC-g,NA,NA,NA,NA,NA,NA,NA,NA,NA,NA,NA,NA,NA,NA,NA,NA,NA,NA,NA,NA,NA,NA,NA,NA,NA,NA,NA,NA,NA,NA,NA,NA,NA,NA,NA,NA,NA,NA,NA,NA,NA,NA,NA,NA,NA,NA,NA,NA,NA,NA,NA,NA,NA,NA,NA,NA,NA,NA,NA,NA,148.87726032418806,NA,NA,NA,NA,NA,NA,NA,NA,UM_BC-g,NA,NA
Florida,NA,NA,NA,NA,NA,NA,UM_BC-h,NA,NA,NA,NA,NA,NA,NA,NA,NA,NA,NA,NA,NA,NA,NA,NA,NA,NA,NA,NA,NA,NA,NA,NA,NA,NA,NA,NA,NA,NA,NA,NA,NA,NA,NA,NA,NA,NA,NA,NA,NA,NA,NA,NA,NA,NA,NA,NA,NA,NA,NA,NA,NA,NA,NA,NA,NA,NA,NA,NA,165.22458638204975,NA,NA,NA,NA,NA,NA,NA,NA,UM_BC-h,NA,NA
Florida,NA,NA,NA,NA,NA,NA,UM_C,NA,NA,NA,NA,NA,NA,NA,NA,NA,NA,NA,NA,NA,NA,NA,NA,NA,NA,NA,NA,NA,NA,NA,NA,NA,NA,NA,NA,NA,NA,NA,NA,NA,NA,NA,NA,NA,NA,NA,NA,NA,NA,NA,NA,NA,NA,NA,NA,NA,NA,NA,NA,NA,NA,NA,NA,NA,NA,NA,NA,NA,41,0.8536585365853658,55,55,NA,NA,NA,NA,NA,UM_C,NA
Florida,NA,NA,NA,NA,NA,NA,UM_C-Trans 1,NA,NA,NA,NA,NA,NA,NA,NA,NA,NA,NA,NA,NA,NA,NA,NA,NA,NA,NA,NA,NA,NA,NA,NA,NA,NA,NA,NA,NA,NA,NA,NA,NA,NA,NA,NA,NA,NA,NA,NA,NA,NA,NA,NA,NA,NA,NA,NA,NA,NA,NA,NA,NA,NA,NA,NA,NA,NA,NA,NA,NA,10,0.5,56,113,NA,NA,NA,NA,NA,UM_C-Trans 1,NA
Florida,NA,NA,NA,NA,NA,NA,UM_C-Trans 2,NA,NA,NA,NA,NA,NA,NA,NA,NA,NA,NA,NA,NA,NA,NA,NA,NA,NA,NA,NA,NA,NA,NA,NA,NA,NA,NA,NA,NA,NA,NA,NA,NA,NA,NA,NA,NA,NA,NA,NA,NA,NA,NA,NA,NA,NA,NA,NA,NA,NA,NA,NA,NA,NA,NA,NA,NA,NA,NA,NA,NA,5,1,18,18,NA,NA,NA,NA,NA,UM_C-Trans 2,NA
Florida,NA,NA,NA,NA,NA,NA,UM_Cheetos-B,NA,NA,NA,NA,NA,NA,NA,NA,NA,NA,NA,NA,NA,NA,NA,NA,NA,NA,NA,NA,NA,NA,NA,NA,NA,NA,NA,NA,NA,NA,NA,NA,NA,NA,NA,NA,NA,NA,NA,NA,NA,NA,NA,NA,NA,NA,NA,NA,NA,NA,NA,NA,NA,NA,NA,NA,NA,NA,NA,NA,84.08639753838528,NA,NA,NA,NA,NA,NA,NA,NA,UM_Cheetos-B,NA,NA
Florida,NA,NA,NA,NA,NA,NA,UM_Control1,NA,NA,NA,NA,NA,NA,NA,NA,NA,NA,NA,NA,NA,NA,NA,NA,NA,NA,NA,NA,NA,NA,NA,NA,NA,NA,NA,NA,NA,NA,NA,NA,NA,NA,NA,NA,NA,NA,NA,NA,NA,NA,NA,NA,NA,NA,NA,NA,NA,NA,NA,NA,NA,NA,NA,NA,NA,NA,NA,NA,NA,49,0.8979591836734694,55,55,NA,NA,NA,NA,NA,UM_Control1,NA
Florida,NA,NA,NA,NA,NA,NA,UM_Control2,NA,NA,NA,NA,NA,NA,NA,NA,NA,NA,NA,NA,NA,NA,NA,NA,NA,NA,NA,NA,NA,NA,NA,NA,NA,NA,NA,NA,NA,NA,NA,NA,NA,NA,NA,NA,NA,NA,NA,NA,NA,NA,NA,NA,NA,NA,NA,NA,NA,NA,NA,NA,NA,NA,NA,NA,NA,NA,NA,NA,NA,39,0.9743589743589743,55,55,NA,NA,NA,NA,NA,UM_Control2,NA
Florida,NA,NA,NA,NA,NA,NA,UM_Cooper,NA,NA,NA,NA,NA,NA,NA,NA,NA,NA,NA,NA,NA,NA,NA,NA,NA,NA,NA,NA,NA,NA,NA,NA,NA,NA,NA,NA,NA,NA,NA,NA,NA,NA,NA,NA,NA,NA,NA,NA,NA,NA,NA,NA,NA,NA,NA,NA,NA,NA,NA,NA,NA,NA,NA,NA,NA,NA,NA,NA,NA,4,1,26,26,NA,NA,NA,NA,NA,UM_Cooper,NA
Florida,NA,NA,NA,NA,NA,NA,UM_Cooper's,NA,NA,NA,NA,NA,NA,NA,NA,NA,NA,NA,NA,NA,NA,NA,NA,NA,NA,NA,NA,NA,NA,NA,NA,NA,NA,NA,NA,NA,NA,NA,NA,NA,NA,NA,NA,NA,NA,NA,NA,NA,NA,NA,NA,NA,NA,NA,NA,NA,NA,NA,NA,NA,NA,NA,NA,NA,NA,NA,NA,54.06465097219607,NA,NA,NA,NA,NA,NA,NA,NA,UM_Cooper's,NA,NA
Florida,NA,NA,NA,NA,NA,NA,UM_D,NA,NA,NA,NA,NA,NA,NA,NA,NA,NA,NA,NA,NA,NA,NA,NA,NA,NA,NA,NA,NA,NA,NA,NA,NA,NA,NA,NA,NA,NA,NA,NA,NA,NA,NA,NA,NA,NA,NA,NA,NA,NA,NA,NA,NA,NA,NA,NA,NA,NA,NA,NA,NA,NA,NA,NA,NA,NA,NA,NA,NA,56,0.9107142857142857,55,55,NA,NA,NA,NA,NA,UM_D,NA
Florida,NA,NA,NA,NA,NA,NA,UM_D-Trans 2,NA,NA,NA,NA,NA,NA,NA,NA,NA,NA,NA,NA,NA,NA,NA,NA,NA,NA,NA,NA,NA,NA,NA,NA,NA,NA,NA,NA,NA,NA,NA,NA,NA,NA,NA,NA,NA,NA,NA,NA,NA,NA,NA,NA,NA,NA,NA,NA,NA,NA,NA,NA,NA,NA,NA,NA,NA,NA,NA,NA,NA,5,0.6,27,110,NA,NA,NA,NA,NA,UM_D-Trans 2,NA
Florida,NA,NA,NA,NA,NA,NA,UM_E,NA,NA,NA,NA,NA,NA,NA,NA,NA,NA,NA,NA,NA,NA,NA,NA,NA,NA,NA,NA,NA,NA,NA,NA,NA,NA,NA,NA,NA,NA,NA,NA,NA,NA,NA,NA,NA,NA,NA,NA,NA,NA,NA,NA,NA,NA,NA,NA,NA,NA,NA,NA,NA,NA,NA,NA,NA,NA,NA,NA,NA,55,0.9272727272727272,55,55,NA,NA,NA,NA,NA,UM_E,NA
Florida,NA,NA,NA,NA,NA,NA,UM_E-Acerv 4,NA,NA,NA,NA,NA,NA,NA,NA,NA,NA,NA,NA,NA,NA,NA,NA,NA,NA,NA,NA,NA,NA,NA,NA,NA,NA,NA,NA,NA,NA,NA,NA,NA,NA,NA,NA,NA,NA,NA,NA,NA,NA,NA,NA,NA,NA,NA,NA,NA,NA,NA,NA,NA,NA,NA,NA,NA,NA,NA,NA,NA,5,1,18,18,NA,NA,NA,NA,NA,UM_E-Acerv 4,NA
Florida,NA,NA,NA,NA,NA,NA,UM_E-Acerv4,NA,NA,NA,NA,NA,NA,NA,NA,NA,NA,NA,NA,NA,NA,NA,NA,NA,NA,NA,NA,NA,NA,NA,NA,NA,NA,NA,NA,NA,NA,NA,NA,NA,NA,NA,NA,NA,NA,NA,NA,NA,NA,NA,NA,NA,NA,NA,NA,NA,NA,NA,NA,NA,NA,NA,NA,NA,NA,NA,NA,NA,20,0.85,8,113,NA,NA,NA,NA,NA,UM_E-Acerv4,NA
Florida,NA,NA,NA,NA,NA,NA,UM_ELK,NA,NA,NA,NA,NA,NA,NA,NA,NA,NA,NA,NA,NA,NA,NA,NA,NA,NA,NA,NA,NA,NA,NA,NA,NA,NA,NA,NA,NA,NA,NA,NA,NA,NA,NA,NA,NA,NA,NA,NA,NA,NA,NA,NA,NA,NA,NA,NA,NA,NA,NA,NA,NA,NA,NA,NA,NA,NA,NA,NA,121.38839524579984,NA,NA,NA,NA,NA,NA,NA,NA,UM_ELK,NA,NA
Florida,NA,NA,NA,NA,NA,NA,UM_Evan's-a,NA,NA,NA,NA,NA,NA,NA,NA,NA,NA,NA,NA,NA,NA,NA,NA,NA,NA,NA,NA,NA,NA,NA,NA,NA,NA,NA,NA,NA,NA,NA,NA,NA,NA,NA,NA,NA,NA,NA,NA,NA,NA,NA,NA,NA,NA,NA,NA,NA,NA,NA,NA,NA,NA,NA,NA,NA,NA,NA,NA,129.31106994442425,NA,NA,NA,NA,NA,NA,NA,NA,UM_Evan's-a,NA,NA
Florida,NA,NA,NA,NA,NA,NA,UM_Evan's-b,NA,NA,NA,NA,NA,NA,NA,NA,NA,NA,NA,NA,NA,NA,NA,NA,NA,NA,NA,NA,NA,NA,NA,NA,NA,NA,NA,NA,NA,NA,NA,NA,NA,NA,NA,NA,NA,NA,NA,NA,NA,NA,NA,NA,NA,NA,NA,NA,NA,NA,NA,NA,NA,NA,NA,NA,NA,NA,NA,NA,132.97578502320502,NA,NA,NA,NA,NA,NA,NA,NA,UM_Evan's-b,NA,NA
Florida,NA,NA,NA,NA,NA,NA,UM_Evan's-c,NA,NA,NA,NA,NA,NA,NA,NA,NA,NA,NA,NA,NA,NA,NA,NA,NA,NA,NA,NA,NA,NA,NA,NA,NA,NA,NA,NA,NA,NA,NA,NA,NA,NA,NA,NA,NA,NA,NA,NA,NA,NA,NA,NA,NA,NA,NA,NA,NA,NA,NA,NA,NA,NA,NA,NA,NA,NA,NA,NA,92.895417071155,NA,NA,NA,NA,NA,NA,NA,NA,UM_Evan's-c,NA,NA
Florida,NA,NA,NA,NA,NA,NA,UM_F,NA,NA,NA,NA,NA,NA,NA,NA,NA,NA,NA,NA,NA,NA,NA,NA,NA,NA,NA,NA,NA,NA,NA,NA,NA,NA,NA,NA,NA,NA,NA,NA,NA,NA,NA,NA,NA,NA,NA,NA,NA,NA,NA,NA,NA,NA,NA,NA,NA,NA,NA,NA,NA,NA,NA,NA,NA,NA,NA,NA,NA,47,0.8723404255319149,55,55,NA,NA,NA,NA,NA,UM_F,NA
Florida,NA,NA,NA,NA,NA,NA,UM_F-Acerv6,NA,NA,NA,NA,NA,NA,NA,NA,NA,NA,NA,NA,NA,NA,NA,NA,NA,NA,NA,NA,NA,NA,NA,NA,NA,NA,NA,NA,NA,NA,NA,NA,NA,NA,NA,NA,NA,NA,NA,NA,NA,NA,NA,NA,NA,NA,NA,NA,NA,NA,NA,NA,NA,NA,NA,NA,NA,NA,NA,NA,NA,5,0.6,8,110,NA,NA,NA,NA,NA,UM_F-Acerv6,NA
Florida,NA,NA,NA,NA,NA,NA,UM_FD 1196,NA,NA,NA,NA,NA,NA,NA,NA,NA,NA,NA,NA,NA,NA,NA,NA,NA,NA,NA,NA,NA,NA,NA,NA,NA,NA,NA,NA,NA,NA,NA,NA,NA,NA,NA,NA,NA,NA,NA,NA,NA,NA,NA,NA,NA,NA,NA,NA,NA,NA,NA,NA,NA,NA,NA,NA,NA,NA,NA,NA,208.56016336777716,NA,NA,NA,NA,NA,NA,NA,NA,UM_FD 1196,NA,NA
Florida,NA,NA,NA,NA,NA,NA,UM_G,NA,NA,NA,NA,NA,NA,NA,NA,NA,NA,NA,NA,NA,NA,NA,NA,NA,NA,NA,NA,NA,NA,NA,NA,NA,NA,NA,NA,NA,NA,NA,NA,NA,NA,NA,NA,NA,NA,NA,NA,NA,NA,NA,NA,NA,NA,NA,NA,NA,NA,NA,NA,NA,NA,NA,NA,NA,NA,NA,NA,NA,44,0.9318181818181818,3,55,NA,NA,NA,NA,NA,UM_G,NA
Florida,NA,NA,NA,NA,NA,NA,UM_G-Alina Buoy,NA,NA,NA,NA,NA,NA,NA,NA,NA,NA,NA,NA,NA,NA,NA,NA,NA,NA,NA,NA,NA,NA,NA,NA,NA,NA,NA,NA,NA,NA,NA,NA,NA,NA,NA,NA,NA,NA,NA,NA,NA,NA,NA,NA,NA,NA,NA,NA,NA,NA,NA,NA,NA,NA,NA,NA,NA,NA,NA,NA,NA,10,0.8,53,113,NA,NA,NA,NA,NA,UM_G-Alina Buoy,NA
Florida,NA,NA,NA,NA,NA,NA,UM_GO,NA,NA,NA,NA,NA,NA,NA,NA,NA,NA,NA,NA,NA,NA,NA,NA,NA,NA,NA,NA,NA,NA,NA,NA,NA,NA,NA,NA,NA,NA,NA,NA,NA,NA,NA,NA,NA,NA,NA,NA,NA,NA,NA,NA,NA,NA,NA,NA,NA,NA,NA,NA,NA,NA,NA,NA,NA,NA,NA,NA,NA,5,1,3,3,NA,NA,NA,NA,NA,UM_GO,NA
Florida,NA,NA,NA,NA,NA,NA,UM_GR,NA,NA,NA,NA,NA,NA,NA,NA,NA,NA,NA,NA,NA,NA,NA,NA,NA,NA,NA,NA,NA,NA,NA,NA,NA,NA,NA,NA,NA,NA,NA,NA,NA,NA,NA,NA,NA,NA,NA,NA,NA,NA,NA,NA,NA,NA,NA,NA,NA,NA,NA,NA,NA,NA,NA,NA,NA,NA,NA,NA,NA,7,1,3,3,NA,NA,NA,NA,NA,UM_GR,NA
Florida,NA,NA,NA,NA,NA,NA,UM_H,NA,NA,NA,NA,NA,NA,NA,NA,NA,NA,NA,NA,NA,NA,NA,NA,NA,NA,NA,NA,NA,NA,NA,NA,NA,NA,NA,NA,NA,NA,NA,NA,NA,NA,NA,NA,NA,NA,NA,NA,NA,NA,NA,NA,NA,NA,NA,NA,NA,NA,NA,NA,NA,NA,NA,NA,NA,NA,NA,NA,NA,51,0.9215686274509803,55,55,NA,NA,NA,NA,NA,UM_H,NA
Florida,NA,NA,NA,NA,NA,NA,UM_H-Acerv3,NA,NA,NA,NA,NA,NA,NA,NA,NA,NA,NA,NA,NA,NA,NA,NA,NA,NA,NA,NA,NA,NA,NA,NA,NA,NA,NA,NA,NA,NA,NA,NA,NA,NA,NA,NA,NA,NA,NA,NA,NA,NA,NA,NA,NA,NA,NA,NA,NA,NA,NA,NA,NA,NA,NA,NA,NA,NA,NA,NA,NA,5,0.6,56,113,NA,NA,NA,NA,NA,UM_H-Acerv3,NA
Florida,NA,NA,NA,NA,NA,NA,UM_I,NA,NA,NA,NA,NA,NA,NA,NA,NA,NA,NA,NA,NA,NA,NA,NA,NA,NA,NA,NA,NA,NA,NA,NA,NA,NA,NA,NA,NA,NA,NA,NA,NA,NA,NA,NA,NA,NA,NA,NA,NA,NA,NA,NA,NA,NA,NA,NA,NA,NA,NA,NA,NA,NA,NA,NA,NA,NA,NA,NA,NA,48,0.9791666666666666,55,55,NA,NA,NA,NA,NA,UM_I,NA
Florida,NA,NA,NA,NA,NA,NA,UM_I-Alina South,NA,NA,NA,NA,NA,NA,NA,NA,NA,NA,NA,NA,NA,NA,NA,NA,NA,NA,NA,NA,NA,NA,NA,NA,NA,NA,NA,NA,NA,NA,NA,NA,NA,NA,NA,NA,NA,NA,NA,NA,NA,NA,NA,NA,NA,NA,NA,NA,NA,NA,NA,NA,NA,NA,NA,NA,NA,NA,NA,NA,NA,15,1,18,113,NA,NA,NA,NA,NA,UM_I-Alina South,NA
Florida,NA,NA,NA,NA,NA,NA,UM_J,NA,NA,NA,NA,NA,NA,NA,NA,NA,NA,NA,NA,NA,NA,NA,NA,NA,NA,NA,NA,NA,NA,NA,NA,NA,NA,NA,NA,NA,NA,NA,NA,NA,NA,NA,NA,NA,NA,NA,NA,NA,NA,NA,NA,NA,NA,NA,NA,NA,NA,NA,NA,NA,NA,NA,NA,NA,NA,NA,NA,NA,54,0.9444444444444444,55,55,NA,NA,NA,NA,NA,UM_J,NA
Florida,NA,NA,NA,NA,NA,NA,UM_J-Grounding,NA,NA,NA,NA,NA,NA,NA,NA,NA,NA,NA,NA,NA,NA,NA,NA,NA,NA,NA,NA,NA,NA,NA,NA,NA,NA,NA,NA,NA,NA,NA,NA,NA,NA,NA,NA,NA,NA,NA,NA,NA,NA,NA,NA,NA,NA,NA,NA,NA,NA,NA,NA,NA,NA,NA,NA,NA,NA,NA,NA,NA,10,0.8,56,113,NA,NA,NA,NA,NA,UM_J-Grounding,NA
Florida,NA,NA,NA,NA,NA,NA,UM_Jane's Reef,NA,NA,NA,NA,NA,NA,NA,NA,NA,NA,NA,NA,NA,NA,NA,NA,NA,NA,NA,NA,NA,NA,NA,NA,NA,NA,NA,NA,NA,NA,NA,NA,NA,NA,NA,NA,NA,NA,NA,NA,NA,NA,NA,NA,NA,NA,NA,NA,NA,NA,NA,NA,NA,NA,NA,NA,NA,NA,NA,NA,268.30924981643136,NA,NA,NA,NA,NA,NA,NA,NA,UM_Jane's Reef,NA,NA
Florida,NA,NA,NA,NA,NA,NA,UM_K,NA,NA,NA,NA,NA,NA,NA,NA,NA,NA,NA,NA,NA,NA,NA,NA,NA,NA,NA,NA,NA,NA,NA,NA,NA,NA,NA,NA,NA,NA,NA,NA,NA,NA,NA,NA,NA,NA,NA,NA,NA,NA,NA,NA,NA,NA,NA,NA,NA,NA,NA,NA,NA,NA,NA,NA,NA,NA,NA,NA,NA,54,0.9074074074074074,55,55,NA,NA,NA,NA,NA,UM_K,NA
Florida,NA,NA,NA,NA,NA,NA,UM_K-Marker 9,NA,NA,NA,NA,NA,NA,NA,NA,NA,NA,NA,NA,NA,NA,NA,NA,NA,NA,NA,NA,NA,NA,NA,NA,NA,NA,NA,NA,NA,NA,NA,NA,NA,NA,NA,NA,NA,NA,NA,NA,NA,NA,NA,NA,NA,NA,NA,NA,NA,NA,NA,NA,NA,NA,NA,NA,NA,NA,NA,NA,NA,30,0.7333333333333333,18,113,NA,NA,NA,NA,NA,UM_K-Marker 9,NA
Florida,NA,NA,NA,NA,NA,NA,UM_Kelsey-1,NA,NA,NA,NA,NA,NA,NA,NA,NA,NA,NA,NA,NA,NA,NA,NA,NA,NA,NA,NA,NA,NA,NA,NA,NA,NA,NA,NA,NA,NA,NA,NA,NA,NA,NA,NA,NA,NA,NA,NA,NA,NA,NA,NA,NA,NA,NA,NA,NA,NA,NA,NA,NA,NA,NA,NA,NA,NA,NA,NA,119.72771339084436,NA,NA,NA,NA,NA,NA,NA,NA,UM_Kelsey-1,NA,NA
Florida,NA,NA,NA,NA,NA,NA,UM_Kelsey-2,NA,NA,NA,NA,NA,NA,NA,NA,NA,NA,NA,NA,NA,NA,NA,NA,NA,NA,NA,NA,NA,NA,NA,NA,NA,NA,NA,NA,NA,NA,NA,NA,NA,NA,NA,NA,NA,NA,NA,NA,NA,NA,NA,NA,NA,NA,NA,NA,NA,NA,NA,NA,NA,NA,NA,NA,NA,NA,NA,NA,68.77631375958664,NA,NA,NA,NA,NA,NA,NA,NA,UM_Kelsey-2,NA,NA
Florida,NA,NA,NA,NA,NA,NA,UM_L,NA,NA,NA,NA,NA,NA,NA,NA,NA,NA,NA,NA,NA,NA,NA,NA,NA,NA,NA,NA,NA,NA,NA,NA,NA,NA,NA,NA,NA,NA,NA,NA,NA,NA,NA,NA,NA,NA,NA,NA,NA,NA,NA,NA,NA,NA,NA,NA,NA,NA,NA,NA,NA,NA,NA,NA,NA,NA,NA,NA,NA,42,0.8809523809523809,55,55,NA,NA,NA,NA,NA,UM_L,NA
Florida,NA,NA,NA,NA,NA,NA,UM_L-Steph,NA,NA,NA,NA,NA,NA,NA,NA,NA,NA,NA,NA,NA,NA,NA,NA,NA,NA,NA,NA,NA,NA,NA,NA,NA,NA,NA,NA,NA,NA,NA,NA,NA,NA,NA,NA,NA,NA,NA,NA,NA,NA,NA,NA,NA,NA,NA,NA,NA,NA,NA,NA,NA,NA,NA,NA,NA,NA,NA,NA,NA,25,0.72,18,113,NA,NA,NA,NA,NA,UM_L-Steph,NA
Florida,NA,NA,NA,NA,NA,NA,UM_M-Britt,NA,NA,NA,NA,NA,NA,NA,NA,NA,NA,NA,NA,NA,NA,NA,NA,NA,NA,NA,NA,NA,NA,NA,NA,NA,NA,NA,NA,NA,NA,NA,NA,NA,NA,NA,NA,NA,NA,NA,NA,NA,NA,NA,NA,NA,NA,NA,NA,NA,NA,NA,NA,NA,NA,NA,NA,NA,NA,NA,NA,NA,20,0.85,18,113,NA,NA,NA,NA,NA,UM_M-Britt,NA
Florida,NA,NA,NA,NA,NA,NA,UM_MB-A,NA,NA,NA,NA,NA,NA,NA,NA,NA,NA,NA,NA,NA,NA,NA,NA,NA,NA,NA,NA,NA,NA,NA,NA,NA,NA,NA,NA,NA,NA,NA,NA,NA,NA,NA,NA,NA,NA,NA,NA,NA,NA,NA,NA,NA,NA,NA,NA,NA,NA,NA,NA,NA,NA,NA,NA,NA,NA,NA,NA,145.57617080538336,NA,NA,NA,NA,NA,NA,NA,NA,UM_MB-A,NA,NA
Florida,NA,NA,NA,NA,NA,NA,UM_MB-B,NA,NA,NA,NA,NA,NA,NA,NA,NA,NA,NA,NA,NA,NA,NA,NA,NA,NA,NA,NA,NA,NA,NA,NA,NA,NA,NA,NA,NA,NA,NA,NA,NA,NA,NA,NA,NA,NA,NA,NA,NA,NA,NA,NA,NA,NA,NA,NA,NA,NA,NA,NA,NA,NA,NA,NA,NA,NA,NA,NA,106.9420840501266,NA,NA,NA,NA,NA,NA,NA,NA,UM_MB-B,NA,NA
Florida,NA,NA,NA,NA,NA,NA,UM_MB-C,NA,NA,NA,NA,NA,NA,NA,NA,NA,NA,NA,NA,NA,NA,NA,NA,NA,NA,NA,NA,NA,NA,NA,NA,NA,NA,NA,NA,NA,NA,NA,NA,NA,NA,NA,NA,NA,NA,NA,NA,NA,NA,NA,NA,NA,NA,NA,NA,NA,NA,NA,NA,NA,NA,NA,NA,NA,NA,NA,NA,141.04584276428645,NA,NA,NA,NA,NA,NA,NA,NA,UM_MB-C,NA,NA
Florida,NA,NA,NA,NA,NA,NA,UM_MB-D,NA,NA,NA,NA,NA,NA,NA,NA,NA,NA,NA,NA,NA,NA,NA,NA,NA,NA,NA,NA,NA,NA,NA,NA,NA,NA,NA,NA,NA,NA,NA,NA,NA,NA,NA,NA,NA,NA,NA,NA,NA,NA,NA,NA,NA,NA,NA,NA,NA,NA,NA,NA,NA,NA,NA,NA,NA,NA,NA,NA,125.65153867864504,NA,NA,NA,NA,NA,NA,NA,NA,UM_MB-D,NA,NA
Florida,NA,NA,NA,NA,NA,NA,UM_ML48,NA,NA,NA,NA,NA,NA,NA,NA,NA,NA,NA,NA,NA,NA,NA,NA,NA,NA,NA,NA,NA,NA,NA,NA,NA,NA,NA,NA,NA,NA,NA,NA,NA,NA,NA,NA,NA,NA,NA,NA,NA,NA,NA,NA,NA,NA,NA,NA,NA,NA,NA,NA,NA,NA,NA,NA,NA,NA,NA,NA,438.5592078367061,NA,NA,NA,NA,NA,NA,NA,NA,UM_ML48,NA,NA
Florida,NA,NA,NA,NA,NA,NA,UM_ML50,NA,NA,NA,NA,NA,NA,NA,NA,NA,NA,NA,NA,NA,NA,NA,NA,NA,NA,NA,NA,NA,NA,NA,NA,NA,NA,NA,NA,NA,NA,NA,NA,NA,NA,NA,NA,NA,NA,NA,NA,NA,NA,NA,NA,NA,NA,NA,NA,NA,NA,NA,NA,NA,NA,NA,NA,NA,NA,NA,NA,125.1971440449221,NA,NA,NA,NA,NA,NA,NA,NA,UM_ML50,NA,NA
Florida,NA,NA,NA,NA,NA,NA,UM_ML62,NA,NA,NA,NA,NA,NA,NA,NA,NA,NA,NA,NA,NA,NA,NA,NA,NA,NA,NA,NA,NA,NA,NA,NA,NA,NA,NA,NA,NA,NA,NA,NA,NA,NA,NA,NA,NA,NA,NA,NA,NA,NA,NA,NA,NA,NA,NA,NA,NA,NA,NA,NA,NA,NA,NA,NA,NA,NA,NA,NA,214.84717881629027,NA,NA,NA,NA,NA,NA,NA,NA,UM_ML62,NA,NA
Florida,NA,NA,NA,NA,NA,NA,UM_North Midchannel-A,NA,NA,NA,NA,NA,NA,NA,NA,NA,NA,NA,NA,NA,NA,NA,NA,NA,NA,NA,NA,NA,NA,NA,NA,NA,NA,NA,NA,NA,NA,NA,NA,NA,NA,NA,NA,NA,NA,NA,NA,NA,NA,NA,NA,NA,NA,NA,NA,NA,NA,NA,NA,NA,NA,NA,NA,NA,NA,NA,NA,229.18707807220045,NA,NA,NA,NA,NA,NA,NA,NA,UM_North Midchannel-A,NA,NA
Florida,NA,NA,NA,NA,NA,NA,UM_North Midchannel-B,NA,NA,NA,NA,NA,NA,NA,NA,NA,NA,NA,NA,NA,NA,NA,NA,NA,NA,NA,NA,NA,NA,NA,NA,NA,NA,NA,NA,NA,NA,NA,NA,NA,NA,NA,NA,NA,NA,NA,NA,NA,NA,NA,NA,NA,NA,NA,NA,NA,NA,NA,NA,NA,NA,NA,NA,NA,NA,NA,NA,382.59804195897794,NA,NA,NA,NA,NA,NA,NA,NA,UM_North Midchannel-B,NA,NA
Florida,NA,NA,NA,NA,NA,NA,UM_O,NA,NA,NA,NA,NA,NA,NA,NA,NA,NA,NA,NA,NA,NA,NA,NA,NA,NA,NA,NA,NA,NA,NA,NA,NA,NA,NA,NA,NA,NA,NA,NA,NA,NA,NA,NA,NA,NA,NA,NA,NA,NA,NA,NA,NA,NA,NA,NA,NA,NA,NA,NA,NA,NA,NA,NA,NA,NA,NA,NA,NA,9,1,3,3,NA,NA,NA,NA,NA,UM_O,NA
Florida,NA,NA,NA,NA,NA,NA,UM_O-Dom,NA,NA,NA,NA,NA,NA,NA,NA,NA,NA,NA,NA,NA,NA,NA,NA,NA,NA,NA,NA,NA,NA,NA,NA,NA,NA,NA,NA,NA,NA,NA,NA,NA,NA,NA,NA,NA,NA,NA,NA,NA,NA,NA,NA,NA,NA,NA,NA,NA,NA,NA,NA,NA,NA,NA,NA,NA,NA,NA,NA,NA,30,0.7333333333333333,18,113,NA,NA,NA,NA,NA,UM_O-Dom,NA
Florida,NA,NA,NA,NA,NA,NA,UM_OR,NA,NA,NA,NA,NA,NA,NA,NA,NA,NA,NA,NA,NA,NA,NA,NA,NA,NA,NA,NA,NA,NA,NA,NA,NA,NA,NA,NA,NA,NA,NA,NA,NA,NA,NA,NA,NA,NA,NA,NA,NA,NA,NA,NA,NA,NA,NA,NA,NA,NA,NA,NA,NA,NA,NA,NA,NA,NA,NA,NA,NA,7,1,3,3,NA,NA,NA,NA,NA,UM_OR,NA
Florida,NA,NA,NA,NA,NA,NA,UM_OY,NA,NA,NA,NA,NA,NA,NA,NA,NA,NA,NA,NA,NA,NA,NA,NA,NA,NA,NA,NA,NA,NA,NA,NA,NA,NA,NA,NA,NA,NA,NA,NA,NA,NA,NA,NA,NA,NA,NA,NA,NA,NA,NA,NA,NA,NA,NA,NA,NA,NA,NA,NA,NA,NA,NA,NA,NA,NA,NA,NA,NA,5,1,3,3,NA,NA,NA,NA,NA,UM_OY,NA
Florida,NA,NA,NA,NA,NA,NA,UM_P-Site 406,NA,NA,NA,NA,NA,NA,NA,NA,NA,NA,NA,NA,NA,NA,NA,NA,NA,NA,NA,NA,NA,NA,NA,NA,NA,NA,NA,NA,NA,NA,NA,NA,NA,NA,NA,NA,NA,NA,NA,NA,NA,NA,NA,NA,NA,NA,NA,NA,NA,NA,NA,NA,NA,NA,NA,NA,NA,NA,NA,NA,NA,25,0.84,18,113,NA,NA,NA,NA,NA,UM_P-Site 406,NA
Florida,NA,NA,NA,NA,NA,NA,UM_Q-Site 454,NA,NA,NA,NA,NA,NA,NA,NA,NA,NA,NA,NA,NA,NA,NA,NA,NA,NA,NA,NA,NA,NA,NA,NA,NA,NA,NA,NA,NA,NA,NA,NA,NA,NA,NA,NA,NA,NA,NA,NA,NA,NA,NA,NA,NA,NA,NA,NA,NA,NA,NA,NA,NA,NA,NA,NA,NA,NA,NA,NA,NA,20,0.75,18,113,NA,NA,NA,NA,NA,UM_Q-Site 454,NA
Florida,NA,NA,NA,NA,NA,NA,UM_R,NA,NA,NA,NA,NA,NA,NA,NA,NA,NA,NA,NA,NA,NA,NA,NA,NA,NA,NA,NA,NA,NA,NA,NA,NA,NA,NA,NA,NA,NA,NA,NA,NA,NA,NA,NA,NA,NA,NA,NA,NA,NA,NA,NA,NA,NA,NA,NA,NA,NA,NA,NA,NA,NA,NA,NA,NA,NA,NA,NA,NA,7,1,3,3,NA,NA,NA,NA,NA,UM_R,NA
Florida,NA,NA,NA,NA,NA,NA,UM_R-Trav,NA,NA,NA,NA,NA,NA,NA,NA,NA,NA,NA,NA,NA,NA,NA,NA,NA,NA,NA,NA,NA,NA,NA,NA,NA,NA,NA,NA,NA,NA,NA,NA,NA,NA,NA,NA,NA,NA,NA,NA,NA,NA,NA,NA,NA,NA,NA,NA,NA,NA,NA,NA,NA,NA,NA,NA,NA,NA,NA,NA,NA,25,0.8,18,113,NA,NA,NA,NA,NA,UM_R-Trav,NA
Florida,NA,NA,NA,NA,NA,NA,UM_S-Almost Done,NA,NA,NA,NA,NA,NA,NA,NA,NA,NA,NA,NA,NA,NA,NA,NA,NA,NA,NA,NA,NA,NA,NA,NA,NA,NA,NA,NA,NA,NA,NA,NA,NA,NA,NA,NA,NA,NA,NA,NA,NA,NA,NA,NA,NA,NA,NA,NA,NA,NA,NA,NA,NA,NA,NA,NA,NA,NA,NA,NA,NA,5,0.6,27,110,NA,NA,NA,NA,NA,UM_S-Almost Done,NA
Florida,NA,NA,NA,NA,NA,NA,UM_Stag-c,NA,NA,NA,NA,NA,NA,NA,NA,NA,NA,NA,NA,NA,NA,NA,NA,NA,NA,NA,NA,NA,NA,NA,NA,NA,NA,NA,NA,NA,NA,NA,NA,NA,NA,NA,NA,NA,NA,NA,NA,NA,NA,NA,NA,NA,NA,NA,NA,NA,NA,NA,NA,NA,NA,NA,NA,NA,NA,NA,NA,327.9313750467577,NA,NA,NA,NA,NA,NA,NA,NA,UM_Stag-c,NA,NA
Florida,NA,NA,NA,NA,NA,NA,UM_Steph's-a,NA,NA,NA,NA,NA,NA,NA,NA,NA,NA,NA,NA,NA,NA,NA,NA,NA,NA,NA,NA,NA,NA,NA,NA,NA,NA,NA,NA,NA,NA,NA,NA,NA,NA,NA,NA,NA,NA,NA,NA,NA,NA,NA,NA,NA,NA,NA,NA,NA,NA,NA,NA,NA,NA,NA,NA,NA,NA,NA,NA,123.259173841673,NA,NA,NA,NA,NA,NA,NA,NA,UM_Steph's-a,NA,NA
Florida,NA,NA,NA,NA,NA,NA,UM_Steph's-b,NA,NA,NA,NA,NA,NA,NA,NA,NA,NA,NA,NA,NA,NA,NA,NA,NA,NA,NA,NA,NA,NA,NA,NA,NA,NA,NA,NA,NA,NA,NA,NA,NA,NA,NA,NA,NA,NA,NA,NA,NA,NA,NA,NA,NA,NA,NA,NA,NA,NA,NA,NA,NA,NA,NA,NA,NA,NA,NA,NA,149.6271211729504,NA,NA,NA,NA,NA,NA,NA,NA,UM_Steph's-b,NA,NA
Florida,NA,NA,NA,NA,NA,NA,UM_Sunny Isles-A,NA,NA,NA,NA,NA,NA,NA,NA,NA,NA,NA,NA,NA,NA,NA,NA,NA,NA,NA,NA,NA,NA,NA,NA,NA,NA,NA,NA,NA,NA,NA,NA,NA,NA,NA,NA,NA,NA,NA,NA,NA,NA,NA,NA,NA,NA,NA,NA,NA,NA,NA,NA,NA,NA,NA,NA,NA,NA,NA,NA,159.64716168600182,NA,NA,NA,NA,NA,NA,NA,NA,UM_Sunny Isles-A,NA,NA
Florida,NA,NA,NA,NA,NA,NA,UM_Sunny Isles-B,NA,NA,NA,NA,NA,NA,NA,NA,NA,NA,NA,NA,NA,NA,NA,NA,NA,NA,NA,NA,NA,NA,NA,NA,NA,NA,NA,NA,NA,NA,NA,NA,NA,NA,NA,NA,NA,NA,NA,NA,NA,NA,NA,NA,NA,NA,NA,NA,NA,NA,NA,NA,NA,NA,NA,NA,NA,NA,NA,NA,329.17604130599744,NA,NA,NA,NA,NA,NA,NA,NA,UM_Sunny Isles-B,NA,NA
Florida,NA,NA,NA,NA,NA,NA,UM_Sunny Isles-C,NA,NA,NA,NA,NA,NA,NA,NA,NA,NA,NA,NA,NA,NA,NA,NA,NA,NA,NA,NA,NA,NA,NA,NA,NA,NA,NA,NA,NA,NA,NA,NA,NA,NA,NA,NA,NA,NA,NA,NA,NA,NA,NA,NA,NA,NA,NA,NA,NA,NA,NA,NA,NA,NA,NA,NA,NA,NA,NA,NA,162.68283226879944,NA,NA,NA,NA,NA,NA,NA,NA,UM_Sunny Isles-C,NA,NA
Florida,NA,NA,NA,NA,NA,NA,UM_Sunny Isles-D,NA,NA,NA,NA,NA,NA,NA,NA,NA,NA,NA,NA,NA,NA,NA,NA,NA,NA,NA,NA,NA,NA,NA,NA,NA,NA,NA,NA,NA,NA,NA,NA,NA,NA,NA,NA,NA,NA,NA,NA,NA,NA,NA,NA,NA,NA,NA,NA,NA,NA,NA,NA,NA,NA,NA,NA,NA,NA,NA,NA,144.46884510990563,NA,NA,NA,NA,NA,NA,NA,NA,UM_Sunny Isles-D,NA,NA
Florida,NA,NA,NA,NA,NA,NA,UM_Sunny Isles-E,NA,NA,NA,NA,NA,NA,NA,NA,NA,NA,NA,NA,NA,NA,NA,NA,NA,NA,NA,NA,NA,NA,NA,NA,NA,NA,NA,NA,NA,NA,NA,NA,NA,NA,NA,NA,NA,NA,NA,NA,NA,NA,NA,NA,NA,NA,NA,NA,NA,NA,NA,NA,NA,NA,NA,NA,NA,NA,NA,NA,332.8504387790203,NA,NA,NA,NA,NA,NA,NA,NA,UM_Sunny Isles-E,NA,NA
Florida,NA,NA,NA,NA,NA,NA,UM_Sunny Isles-F,NA,NA,NA,NA,NA,NA,NA,NA,NA,NA,NA,NA,NA,NA,NA,NA,NA,NA,NA,NA,NA,NA,NA,NA,NA,NA,NA,NA,NA,NA,NA,NA,NA,NA,NA,NA,NA,NA,NA,NA,NA,NA,NA,NA,NA,NA,NA,NA,NA,NA,NA,NA,NA,NA,NA,NA,NA,NA,NA,NA,199.16952290922177,NA,NA,NA,NA,NA,NA,NA,NA,UM_Sunny Isles-F,NA,NA
Florida,NA,NA,NA,NA,NA,NA,UM_T-Bertha,NA,NA,NA,NA,NA,NA,NA,NA,NA,NA,NA,NA,NA,NA,NA,NA,NA,NA,NA,NA,NA,NA,NA,NA,NA,NA,NA,NA,NA,NA,NA,NA,NA,NA,NA,NA,NA,NA,NA,NA,NA,NA,NA,NA,NA,NA,NA,NA,NA,NA,NA,NA,NA,NA,NA,NA,NA,NA,NA,NA,NA,5,0.6,53,110,NA,NA,NA,NA,NA,UM_T-Bertha,NA
Florida,NA,NA,NA,NA,NA,NA,UM_T-Big Bertha,NA,NA,NA,NA,NA,NA,NA,NA,NA,NA,NA,NA,NA,NA,NA,NA,NA,NA,NA,NA,NA,NA,NA,NA,NA,NA,NA,NA,NA,NA,NA,NA,NA,NA,NA,NA,NA,NA,NA,NA,NA,NA,NA,NA,NA,NA,NA,NA,NA,NA,NA,NA,NA,NA,NA,NA,NA,NA,NA,NA,NA,5,0.8,56,113,NA,NA,NA,NA,NA,UM_T-Big Bertha,NA
Florida,NA,NA,NA,NA,NA,NA,UM_Tuna Jelly-3,NA,NA,NA,NA,NA,NA,NA,NA,NA,NA,NA,NA,NA,NA,NA,NA,NA,NA,NA,NA,NA,NA,NA,NA,NA,NA,NA,NA,NA,NA,NA,NA,NA,NA,NA,NA,NA,NA,NA,NA,NA,NA,NA,NA,NA,NA,NA,NA,NA,NA,NA,NA,NA,NA,NA,NA,NA,NA,NA,NA,362.9142879328716,NA,NA,NA,NA,NA,NA,NA,NA,UM_Tuna Jelly-3,NA,NA
Florida,NA,NA,NA,NA,NA,NA,UM_Y,NA,NA,NA,NA,NA,NA,NA,NA,NA,NA,NA,NA,NA,NA,NA,NA,NA,NA,NA,NA,NA,NA,NA,NA,NA,NA,NA,NA,NA,NA,NA,NA,NA,NA,NA,NA,NA,NA,NA,NA,NA,NA,NA,NA,NA,NA,NA,NA,NA,NA,NA,NA,NA,NA,NA,NA,NA,NA,NA,NA,NA,6,1,3,3,NA,NA,NA,NA,NA,UM_Y,NA
Florida,NA,NA,NA,NA,NA,NA,UM_YR,NA,NA,NA,NA,NA,NA,NA,NA,NA,NA,NA,NA,NA,NA,NA,NA,NA,NA,NA,NA,NA,NA,NA,NA,NA,NA,NA,NA,NA,NA,NA,NA,NA,NA,NA,NA,NA,NA,NA,NA,NA,NA,NA,NA,NA,NA,NA,NA,NA,NA,NA,NA,NA,NA,NA,NA,NA,NA,NA,NA,NA,13,1,3,3,NA,NA,NA,NA,NA,UM_YR,NA
Florida,NA,NA,NA,NA,NA,NA,UM_Yung's-A,NA,NA,NA,NA,NA,NA,NA,NA,NA,NA,NA,NA,NA,NA,NA,NA,NA,NA,NA,NA,NA,NA,NA,NA,NA,NA,NA,NA,NA,NA,NA,NA,NA,NA,NA,NA,NA,NA,NA,NA,NA,NA,NA,NA,NA,NA,NA,NA,NA,NA,NA,NA,NA,NA,NA,NA,NA,NA,NA,NA,417.8798880150235,NA,NA,NA,NA,NA,NA,NA,NA,UM_Yung's-A,NA,NA
Florida,NA,NA,NA,NA,NA,NA,UM_Yung's-B,NA,NA,NA,NA,NA,NA,NA,NA,NA,NA,NA,NA,NA,NA,NA,NA,NA,NA,NA,NA,NA,NA,NA,NA,NA,NA,NA,NA,NA,NA,NA,NA,NA,NA,NA,NA,NA,NA,NA,NA,NA,NA,NA,NA,NA,NA,NA,NA,NA,NA,NA,NA,NA,NA,NA,NA,NA,NA,NA,NA,109.77040024260413,NA,NA,NA,NA,NA,NA,NA,NA,UM_Yung's-B,NA,NA
Florida,NA,NA,NA,NA,NA,NA,UM_black,NA,NA,NA,NA,NA,NA,NA,NA,NA,NA,NA,NA,NA,NA,NA,NA,NA,NA,NA,NA,NA,NA,NA,NA,NA,NA,NA,NA,NA,NA,NA,NA,NA,NA,NA,NA,NA,NA,NA,NA,NA,NA,NA,NA,NA,NA,NA,NA,NA,NA,NA,NA,NA,NA,NA,NA,NA,NA,NA,NA,NA,5,1,26,26,NA,NA,NA,NA,NA,UM_black,NA
Florida,NA,NA,NA,NA,NA,NA,UNK,NA,NA,NA,NA,NA,NA,NA,NA,NA,NA,NA,NA,NA,NA,NA,NA,NA,NA,NA,NA,NA,NA,NA,NA,NA,NA,NA,NA,NA,NA,NA,NA,NA,NA,NA,NA,NA,NA,NA,NA,NA,NA,NA,NA,NA,NA,NA,NA,NA,NA,NA,NA,NA,NA,NA,NA,NA,NA,NA,NA,NA,4,0.5,8,8,26,0.6153846153846154,49,49,NA,CRF_UNK,NA
Florida,NA,NA,NA,NA,NA,NA,homogenatePrecursor_3,NA,NA,NA,NA,NA,NA,NA,NA,NA,NA,NA,NA,NA,NA,NA,NA,NA,NA,NA,NA,NA,NA,NA,NA,NA,NA,NA,NA,NA,NA,NA,NA,NA,NA,NA,NA,NA,NA,NA,471,2669,NA,NA,NA,NA,NA,NA,NA,NA,NA,NA,NA,NA,NA,NA,NA,NA,NA,NA,NA,NA,NA,NA,NA,NA,NA,NA,NA,NA,NA,NA,NA
Florida,NA,NA,NA,NA,NA,NA,homogenatePrecursor_4,NA,NA,NA,NA,NA,NA,NA,NA,NA,NA,NA,NA,NA,NA,NA,NA,NA,NA,NA,NA,NA,NA,NA,NA,NA,NA,NA,NA,NA,NA,NA,NA,NA,NA,NA,NA,NA,NA,NA,2451,634,NA,NA,NA,NA,NA,NA,NA,NA,NA,NA,NA,NA,NA,NA,NA,NA,NA,NA,NA,NA,NA,NA,NA,NA,NA,NA,NA,NA,NA,NA,NA
Florida,NA,NA,NA,NA,NA,NA,homogenatePrecursor_5,NA,NA,NA,NA,NA,NA,NA,NA,NA,NA,NA,NA,NA,NA,NA,NA,NA,NA,NA,NA,NA,NA,NA,NA,NA,NA,NA,NA,NA,NA,NA,NA,NA,NA,NA,NA,NA,NA,NA,575,210,NA,NA,NA,NA,NA,NA,NA,NA,NA,NA,NA,NA,NA,NA,NA,NA,NA,NA,NA,NA,NA,NA,NA,NA,NA,NA,NA,NA,NA,NA,NA
Florida,NA,NA,NA,NA,NA,NA,homogenate_1,NA,NA,NA,NA,NA,NA,NA,NA,NA,NA,NA,NA,NA,NA,NA,NA,NA,NA,NA,NA,NA,NA,NA,NA,NA,NA,NA,NA,NA,NA,NA,NA,NA,NA,NA,NA,NA,NA,NA,26040,29592,NA,NA,NA,NA,NA,NA,NA,NA,NA,NA,NA,NA,NA,NA,NA,NA,NA,NA,NA,NA,NA,NA,NA,NA,NA,NA,NA,NA,NA,NA,NA
Florida,NA,NA,NA,NA,NA,NA,homogenate_2,NA,NA,NA,NA,NA,NA,NA,NA,NA,NA,NA,NA,NA,NA,NA,NA,NA,NA,NA,NA,NA,NA,NA,NA,NA,NA,NA,NA,NA,NA,NA,NA,NA,NA,NA,NA,NA,NA,NA,12154,11874,NA,NA,NA,NA,NA,NA,NA,NA,NA,NA,NA,NA,NA,NA,NA,NA,NA,NA,NA,NA,NA,NA,NA,NA,NA,NA,NA,NA,NA,NA,NA
Florida,NA,NA,NA,NA,NA,NA,homogenate_3,NA,NA,NA,NA,NA,NA,NA,NA,NA,NA,NA,NA,NA,NA,NA,NA,NA,NA,NA,NA,NA,NA,NA,NA,NA,NA,NA,NA,NA,NA,NA,NA,NA,NA,NA,NA,NA,NA,NA,10973,39293,NA,NA,NA,NA,NA,NA,NA,NA,NA,NA,NA,NA,NA,NA,NA,NA,NA,NA,NA,NA,NA,NA,NA,NA,NA,NA,NA,NA,NA,NA,NA
Florida,NA,NA,NA,NA,NA,NA,homogenate_4,NA,NA,NA,NA,NA,NA,NA,NA,NA,NA,NA,NA,NA,NA,NA,NA,NA,NA,NA,NA,NA,NA,NA,NA,NA,NA,NA,NA,NA,NA,NA,NA,NA,NA,NA,NA,NA,NA,NA,5072,23264,NA,NA,NA,NA,NA,NA,NA,NA,NA,NA,NA,NA,NA,NA,NA,NA,NA,NA,NA,NA,NA,NA,NA,NA,NA,NA,NA,NA,NA,NA,NA
Florida,NA,NA,NA,NA,NA,NA,homogenate_5,NA,NA,NA,NA,NA,NA,NA,NA,NA,NA,NA,NA,NA,NA,NA,NA,NA,NA,NA,NA,NA,NA,NA,NA,NA,NA,NA,NA,NA,NA,NA,NA,NA,NA,NA,NA,NA,NA,NA,6814,1646,NA,NA,NA,NA,NA,NA,NA,NA,NA,NA,NA,NA,NA,NA,NA,NA,NA,NA,NA,NA,NA,NA,NA,NA,NA,NA,NA,NA,NA,NA,NA
Panama,CK14,9.253966666666669,-82.12595,NA,NA,NA,CK140,clone_49,NA,NA,NA,NA,NA,NA,NA,NA,NA,NA,NA,NA,97368326,0.02527367996319509,NA,NA,NA,NA,NA,NA,NA,NA,NA,NA,NA,NA,NA,NA,NA,NA,NA,NA,NA,NA,NA,NA,NA,NA,NA,NA,NA,NA,NA,NA,NA,NA,NA,NA,NA,NA,NA,NA,NA,NA,NA,NA,NA,NA,NA,NA,NA,NA,NA,NA,NA,NA,NA,NA,NA,NA,NA
Panama,CK14,9.253966666666669,-82.12595,NA,NA,NA,CK141,clone_51,0.6342217227192035,0.36006231914342834,NA,NA,NA,NA,NA,NA,NA,NA,NA,NA,53480460,0.03560856317547948,NA,NA,NA,NA,NA,NA,NA,NA,NA,NA,NA,NA,NA,NA,NA,NA,NA,NA,NA,NA,NA,NA,NA,NA,NA,NA,NA,NA,NA,NA,NA,NA,NA,NA,NA,NA,NA,NA,NA,NA,NA,NA,NA,NA,NA,NA,NA,NA,NA,NA,NA,NA,NA,NA,NA,NA,NA
Panama,CK14,9.253966666666669,-82.12595,NA,NA,NA,CK1410,clone_50,0.7103843643125592,0.4643685294538172,NA,NA,NA,NA,NA,NA,NA,NA,NA,NA,80364166,0.02586619755488683,NA,NA,NA,NA,NA,NA,NA,NA,NA,NA,NA,NA,NA,NA,NA,NA,NA,NA,NA,NA,NA,NA,NA,NA,NA,NA,NA,NA,NA,NA,NA,NA,NA,NA,NA,NA,NA,NA,NA,NA,NA,NA,NA,NA,NA,NA,NA,NA,NA,NA,NA,NA,NA,NA,NA,NA,NA
Panama,CK14,9.253966666666669,-82.12595,NA,NA,NA,CK142,clone_53,0.742022515777696,0.5120511171164394,NA,NA,NA,NA,NA,NA,NA,NA,NA,NA,59874533,0.03175319214727998,NA,NA,NA,NA,NA,NA,NA,NA,NA,NA,NA,NA,NA,NA,NA,NA,NA,NA,NA,NA,NA,NA,NA,NA,NA,NA,NA,NA,NA,NA,NA,NA,NA,NA,NA,NA,NA,NA,NA,NA,NA,NA,NA,NA,NA,NA,NA,NA,NA,NA,NA,NA,NA,NA,NA,NA,NA
Panama,CK14,9.253966666666669,-82.12595,NA,NA,NA,CK143,clone_53,0.6947767793158041,0.4417938809726842,NA,NA,NA,NA,NA,NA,NA,NA,NA,NA,46373069,0.03822186272069748,NA,NA,NA,NA,NA,NA,NA,NA,NA,NA,NA,NA,NA,NA,NA,NA,NA,NA,NA,NA,NA,NA,NA,NA,NA,NA,NA,NA,NA,NA,NA,NA,NA,NA,NA,NA,NA,NA,NA,NA,NA,NA,NA,NA,NA,NA,NA,NA,NA,NA,NA,NA,NA,NA,NA,NA,NA
Panama,CK14,9.253966666666669,-82.12595,NA,NA,NA,CK144,clone_54,0.6342217227192035,0.36006231914342834,NA,NA,NA,NA,NA,NA,NA,NA,NA,NA,65927940,0.03129171663235061,NA,NA,NA,NA,NA,NA,NA,NA,NA,NA,NA,NA,NA,NA,NA,NA,NA,NA,NA,NA,NA,NA,NA,NA,NA,NA,NA,NA,NA,NA,NA,NA,NA,NA,NA,NA,NA,NA,NA,NA,NA,NA,NA,NA,NA,NA,NA,NA,NA,NA,NA,NA,NA,NA,NA,NA,NA
Panama,CK14,9.253966666666669,-82.12595,NA,NA,NA,CK145,clone_55,0.7025604523898582,0.45297417173908205,NA,NA,NA,NA,NA,NA,NA,NA,NA,NA,57574254,0.03679642660512403,NA,NA,NA,NA,NA,NA,NA,NA,NA,NA,NA,NA,NA,NA,NA,NA,NA,NA,NA,NA,NA,NA,NA,NA,NA,NA,NA,NA,NA,NA,NA,NA,NA,NA,NA,NA,NA,NA,NA,NA,NA,NA,NA,NA,NA,NA,NA,NA,NA,NA,NA,NA,NA,NA,NA,NA,NA
Panama,CK14,9.253966666666669,-82.12595,NA,NA,NA,CK146,clone_56,0.6870359099680334,0.43082844388256464,NA,NA,NA,NA,NA,NA,NA,NA,NA,NA,68307925,0.03195305488306144,NA,NA,NA,NA,NA,NA,NA,NA,NA,NA,NA,NA,NA,NA,NA,NA,NA,NA,NA,NA,NA,NA,NA,NA,NA,NA,NA,NA,NA,NA,NA,NA,NA,NA,NA,NA,NA,NA,NA,NA,NA,NA,NA,NA,NA,NA,NA,NA,NA,NA,NA,NA,NA,NA,NA,NA,NA
Panama,CK14,9.253966666666669,-82.12595,NA,NA,NA,CK147,clone_57,0.7025604523898582,0.45297417173908205,NA,NA,NA,NA,NA,NA,NA,NA,NA,NA,54261329,0.03327714550761364,NA,NA,NA,NA,NA,NA,NA,NA,NA,NA,NA,NA,NA,NA,NA,NA,NA,NA,NA,NA,NA,NA,NA,NA,NA,NA,NA,NA,NA,NA,NA,NA,NA,NA,NA,NA,NA,NA,NA,NA,NA,NA,NA,NA,NA,NA,NA,NA,NA,NA,NA,NA,NA,NA,NA,NA,NA
Panama,NA,NA,NA,NA,NA,NA,CK148,NA,0.7025604523898582,0.45297417173908205,NA,NA,NA,NA,NA,NA,NA,NA,NA,NA,NA,NA,NA,NA,NA,NA,NA,NA,NA,NA,NA,NA,NA,NA,NA,NA,NA,NA,NA,NA,NA,NA,NA,NA,NA,NA,NA,NA,NA,NA,NA,NA,NA,NA,NA,NA,NA,NA,NA,NA,NA,NA,NA,NA,NA,NA,NA,NA,NA,NA,NA,NA,NA,NA,NA,NA,NA,NA,NA
Panama,NA,NA,NA,NA,NA,NA,CK149,NA,0.7103843643125592,0.4643685294538172,NA,NA,NA,NA,NA,NA,NA,NA,NA,NA,NA,NA,NA,NA,NA,NA,NA,NA,NA,NA,NA,NA,NA,NA,NA,NA,NA,NA,NA,NA,NA,NA,NA,NA,NA,NA,NA,NA,NA,NA,NA,NA,NA,NA,NA,NA,NA,NA,NA,NA,NA,NA,NA,NA,NA,NA,NA,NA,NA,NA,NA,NA,NA,NA,NA,NA,NA,NA,NA
Panama,CK4,9.258616666666668,-82.12708333333333,NA,NA,NA,CK41,clone_60,0.6052548166393624,0.3242151592706825,NA,NA,NA,NA,NA,NA,NA,NA,NA,NA,66605346,0.03333276768408112,NA,NA,NA,NA,NA,NA,NA,NA,NA,NA,NA,NA,NA,NA,NA,NA,NA,NA,NA,NA,NA,NA,NA,NA,NA,NA,NA,NA,NA,NA,NA,NA,NA,NA,NA,NA,NA,NA,NA,NA,NA,NA,NA,NA,NA,NA,NA,NA,NA,NA,NA,NA,NA,NA,NA,NA,NA
Panama,CK4,9.258616666666668,-82.12708333333333,NA,NA,NA,CK410,clone_58,0.7261414555982472,0.48779358738949097,NA,NA,NA,NA,NA,NA,NA,NA,NA,NA,48515795,0.03912030228296038,NA,NA,NA,NA,NA,NA,NA,NA,NA,NA,NA,NA,NA,NA,NA,NA,NA,NA,NA,NA,NA,NA,NA,NA,NA,NA,NA,NA,NA,NA,NA,NA,NA,NA,NA,NA,NA,NA,NA,NA,NA,NA,NA,NA,NA,NA,NA,NA,NA,NA,NA,NA,NA,NA,NA,NA,NA
Panama,CK4,9.258616666666668,-82.12708333333333,NA,NA,NA,CK42,clone_60,0.6716917688211466,0.40954291936965137,NA,NA,NA,NA,NA,NA,NA,NA,NA,NA,76110562,0.03134356781380335,NA,NA,NA,NA,NA,NA,NA,NA,NA,NA,NA,NA,NA,NA,NA,NA,NA,NA,NA,NA,NA,NA,NA,NA,NA,NA,NA,NA,NA,NA,NA,NA,NA,NA,NA,NA,NA,NA,NA,NA,NA,NA,NA,NA,NA,NA,NA,NA,NA,NA,NA,NA,NA,NA,NA,NA,NA
Panama,CK4,9.258616666666668,-82.12708333333333,NA,NA,NA,CK43,clone_61,0.7261414555982472,0.48779358738949097,NA,NA,NA,NA,NA,NA,NA,NA,NA,NA,52940141,0.03468702626875127,NA,NA,NA,NA,NA,NA,NA,NA,NA,NA,NA,NA,NA,NA,NA,NA,NA,NA,NA,NA,NA,NA,NA,NA,NA,NA,NA,NA,NA,NA,NA,NA,NA,NA,NA,NA,NA,NA,NA,NA,NA,NA,NA,NA,NA,NA,NA,NA,NA,NA,NA,NA,NA,NA,NA,NA,NA
Panama,CK4,9.258616666666668,-82.12708333333333,NA,NA,NA,CK44,clone_60,0.5981618375838739,0.31575402033203415,NA,NA,NA,NA,NA,NA,NA,NA,NA,NA,87705784,0.02902676275161964,NA,NA,NA,NA,NA,NA,NA,NA,NA,NA,NA,NA,NA,NA,NA,NA,NA,NA,NA,NA,NA,NA,NA,NA,NA,NA,NA,NA,NA,NA,NA,NA,NA,NA,NA,NA,NA,NA,NA,NA,NA,NA,NA,NA,NA,NA,NA,NA,NA,NA,NA,NA,NA,NA,NA,NA,NA
Panama,CK4,9.258616666666668,-82.12708333333333,NA,NA,NA,CK45,clone_63,0.7660089745838571,0.5499304607291761,NA,NA,NA,NA,NA,NA,NA,NA,NA,NA,21979151,0.08931554554984879,NA,NA,NA,NA,NA,NA,NA,NA,NA,NA,NA,NA,NA,NA,NA,NA,NA,NA,NA,NA,NA,NA,NA,NA,NA,NA,NA,NA,NA,NA,NA,NA,NA,NA,NA,NA,NA,NA,NA,NA,NA,NA,NA,NA,NA,NA,NA,NA,NA,NA,NA,NA,NA,NA,NA,NA,NA
Panama,CK4,9.258616666666668,-82.12708333333333,NA,NA,NA,CK46,clone_64,0.6342217227192035,0.36006231914342834,NA,NA,NA,NA,NA,NA,NA,NA,NA,NA,51623318,0.03515415827620276,NA,NA,NA,NA,NA,NA,NA,NA,NA,NA,NA,NA,NA,NA,NA,NA,NA,NA,NA,NA,NA,NA,NA,NA,NA,NA,NA,NA,NA,NA,NA,NA,NA,NA,NA,NA,NA,NA,NA,NA,NA,NA,NA,NA,NA,NA,NA,NA,NA,NA,NA,NA,NA,NA,NA,NA,NA
Panama,CK4,9.258616666666668,-82.12708333333333,NA,NA,NA,CK47,clone_65,0.6870359099680334,0.43082844388256464,NA,NA,NA,NA,NA,NA,NA,NA,NA,NA,45302092,0.03844199455468319,NA,NA,NA,NA,NA,NA,NA,NA,NA,NA,NA,NA,NA,NA,NA,NA,NA,NA,NA,NA,NA,NA,NA,NA,NA,NA,NA,NA,NA,NA,NA,NA,NA,NA,NA,NA,NA,NA,NA,NA,NA,NA,NA,NA,NA,NA,NA,NA,NA,NA,NA,NA,NA,NA,NA,NA,NA
Panama,CK4,9.258616666666668,-82.12708333333333,NA,NA,NA,CK48,clone_66,0.6196209415935239,0.3417331883245528,NA,NA,NA,NA,NA,NA,NA,NA,NA,NA,43,1,NA,NA,NA,NA,NA,NA,NA,NA,NA,NA,NA,NA,NA,NA,NA,NA,NA,NA,NA,NA,NA,NA,NA,NA,NA,NA,NA,NA,NA,NA,NA,NA,NA,NA,NA,NA,NA,NA,NA,NA,NA,NA,NA,NA,NA,NA,NA,NA,NA,NA,NA,NA,NA,NA,NA,NA,NA
Panama,CK4,9.258616666666668,-82.12708333333333,NA,NA,NA,CK49,clone_67,0.6870359099680334,0.43082844388256464,NA,NA,NA,NA,NA,NA,NA,NA,NA,NA,14074508,0.17760632320444072,NA,NA,NA,NA,NA,NA,NA,NA,NA,NA,NA,NA,NA,NA,NA,NA,NA,NA,NA,NA,NA,NA,NA,NA,NA,NA,NA,NA,NA,NA,NA,NA,NA,NA,NA,NA,NA,NA,NA,NA,NA,NA,NA,NA,NA,NA,NA,NA,NA,NA,NA,NA,NA,NA,NA,NA,NA
Panama,HS,9.27955,-82.11548333333333,3,38,NA,HS1,clone_75,0.6124081047798282,0.3328740086709328,NA,NA,NA,NA,NA,NA,NA,NA,NA,NA,96466254,0.02260098724649486,NA,NA,NA,NA,NA,NA,NA,NA,NA,NA,NA,NA,NA,NA,NA,NA,NA,NA,NA,NA,NA,NA,NA,NA,NA,NA,NA,NA,NA,NA,NA,NA,NA,NA,NA,NA,NA,NA,NA,NA,NA,NA,NA,NA,NA,NA,4,0.75,48,48,NA,NA,NA,NA,NA,CRF_HS1,NA
Panama,HS,9.27955,-82.11548333333333,NA,NA,NA,HS10,clone_68,0.7261414555982472,0.48779358738949097,NA,NA,NA,NA,NA,NA,NA,NA,NA,NA,52211911,0.0346172628609785,NA,NA,NA,NA,NA,NA,NA,NA,NA,NA,NA,NA,NA,NA,NA,NA,NA,NA,NA,NA,NA,NA,NA,NA,NA,NA,NA,NA,NA,NA,NA,NA,NA,NA,NA,NA,NA,NA,NA,NA,NA,NA,NA,NA,NA,NA,NA,NA,NA,NA,NA,NA,NA,NA,NA,NA,NA
Panama,HS,9.27955,-82.11548333333333,NA,NA,NA,HS2,clone_75,0.6716917688211466,0.40954291936965137,NA,NA,NA,NA,NA,NA,NA,NA,NA,NA,80413296,0.02581906011720252,NA,NA,NA,NA,NA,NA,NA,NA,NA,NA,NA,NA,NA,NA,NA,NA,NA,NA,NA,NA,NA,NA,NA,NA,NA,NA,NA,NA,NA,NA,NA,NA,NA,NA,NA,NA,NA,NA,NA,NA,NA,NA,NA,NA,NA,NA,NA,NA,NA,NA,NA,NA,NA,NA,NA,NA,NA
Panama,HS,9.27955,-82.11548333333333,NA,NA,NA,HS3,clone_75,0.742022515777696,0.5120511171164394,NA,NA,NA,NA,NA,NA,NA,NA,NA,NA,59359688,0.03128323189356744,NA,NA,NA,NA,NA,NA,NA,NA,NA,NA,NA,NA,NA,NA,NA,NA,NA,NA,NA,NA,NA,NA,NA,NA,NA,NA,NA,NA,NA,NA,NA,NA,NA,NA,NA,NA,NA,NA,NA,NA,NA,NA,NA,NA,NA,NA,NA,NA,NA,NA,NA,NA,NA,NA,NA,NA,NA
Panama,HS,9.27955,-82.11548333333333,NA,NA,NA,HS4,clone_75,0.6196209415935239,0.3417331883245528,NA,NA,NA,NA,NA,NA,NA,NA,NA,NA,75033879,0.02662416755285049,NA,NA,NA,NA,NA,NA,NA,NA,NA,NA,NA,NA,NA,NA,NA,NA,NA,NA,NA,NA,NA,NA,NA,NA,NA,NA,NA,NA,NA,NA,NA,NA,NA,NA,NA,NA,NA,NA,NA,NA,NA,NA,NA,NA,NA,NA,NA,NA,NA,NA,NA,NA,NA,NA,NA,NA,NA
Panama,HS,9.27955,-82.11548333333333,NA,NA,NA,HS5,clone_75,0.6268924687471927,0.35079518224672257,NA,NA,NA,NA,NA,NA,NA,NA,NA,NA,85512068,0.02411362762178428,NA,NA,NA,NA,NA,NA,NA,NA,NA,NA,NA,NA,NA,NA,NA,NA,NA,NA,NA,NA,NA,NA,NA,NA,NA,NA,NA,NA,NA,NA,NA,NA,NA,NA,NA,NA,NA,NA,NA,NA,NA,NA,NA,NA,NA,NA,NA,NA,NA,NA,NA,NA,NA,NA,NA,NA,NA
Panama,HS,9.27955,-82.11548333333333,NA,NA,NA,HS6,clone_75,0.6870359099680334,0.43082844388256464,NA,NA,NA,NA,NA,NA,NA,NA,NA,NA,90933529,0.02337356985014066,NA,NA,NA,NA,NA,NA,NA,NA,NA,NA,NA,NA,NA,NA,NA,NA,NA,NA,NA,NA,NA,NA,NA,NA,NA,NA,NA,NA,NA,NA,NA,NA,NA,NA,NA,NA,NA,NA,NA,NA,NA,NA,NA,NA,NA,NA,NA,NA,NA,NA,NA,NA,NA,NA,NA,NA,NA
Panama,HS,9.27955,-82.11548333333333,NA,NA,NA,HS7,clone_75,0.6947767793158041,0.4417938809726842,NA,NA,NA,NA,NA,NA,NA,NA,NA,NA,38290866,0.04491207925123123,NA,NA,NA,NA,NA,NA,NA,NA,NA,NA,NA,NA,NA,NA,NA,NA,NA,NA,NA,NA,NA,NA,NA,NA,NA,NA,NA,NA,NA,NA,NA,NA,NA,NA,NA,NA,NA,NA,NA,NA,NA,NA,NA,NA,NA,NA,NA,NA,NA,NA,NA,NA,NA,NA,NA,NA,NA
Panama,HS,9.27955,-82.11548333333333,NA,NA,NA,HS8,clone_75,0.7261414555982472,0.48779358738949097,NA,NA,NA,NA,NA,NA,NA,NA,NA,NA,49981804,0.03564438762811955,NA,NA,NA,NA,NA,NA,NA,NA,NA,NA,NA,NA,NA,NA,NA,NA,NA,NA,NA,NA,NA,NA,NA,NA,NA,NA,NA,NA,NA,NA,NA,NA,NA,NA,NA,NA,NA,NA,NA,NA,NA,NA,NA,NA,NA,NA,NA,NA,NA,NA,NA,NA,NA,NA,NA,NA,NA
Panama,HS,9.27955,-82.11548333333333,NA,NA,NA,HS9,clone_77,0.7820556503644395,0.5761101641391166,NA,NA,NA,NA,NA,NA,NA,NA,NA,NA,49794876,0.03424157748263456,NA,NA,NA,NA,NA,NA,NA,NA,NA,NA,NA,NA,NA,NA,NA,NA,NA,NA,NA,NA,NA,NA,NA,NA,NA,NA,NA,NA,NA,NA,NA,NA,NA,NA,NA,NA,NA,NA,NA,NA,NA,NA,NA,NA,NA,NA,NA,NA,NA,NA,NA,NA,NA,NA,NA,NA,NA
Panama,SR,9.254566666666667,-82.12718333333333,NA,NA,NA,SR1,clone_79,0.6490489835012804,0.37922043007352346,NA,NA,NA,NA,NA,NA,NA,NA,NA,NA,33870030,0.05456394099147001,NA,NA,NA,NA,NA,NA,NA,NA,NA,NA,NA,NA,NA,NA,NA,NA,NA,NA,NA,NA,NA,NA,NA,NA,NA,NA,NA,NA,NA,NA,NA,NA,NA,NA,NA,NA,NA,NA,NA,NA,NA,NA,NA,NA,NA,NA,NA,NA,NA,NA,NA,NA,NA,NA,NA,NA,NA
Panama,SR,9.254566666666667,-82.12718333333333,NA,NA,NA,SR10,clone_78,0.5981618375838739,0.31575402033203415,NA,NA,NA,NA,NA,NA,NA,NA,NA,NA,31788862,0.05607799548988996,NA,NA,NA,NA,NA,NA,NA,NA,NA,NA,NA,NA,NA,NA,NA,NA,NA,NA,NA,NA,NA,NA,NA,NA,NA,NA,NA,NA,NA,NA,NA,NA,NA,NA,NA,NA,NA,NA,NA,NA,NA,NA,NA,NA,NA,NA,NA,NA,NA,NA,NA,NA,NA,NA,NA,NA,NA
Panama,SR,9.254566666666667,-82.12718333333333,NA,NA,NA,SR2,clone_80,0.6490489835012804,0.3792204300735234,NA,NA,NA,NA,NA,NA,NA,NA,NA,NA,91784799,0.02793977343861951,NA,NA,NA,NA,NA,NA,NA,NA,NA,NA,NA,NA,NA,NA,NA,NA,NA,NA,NA,NA,NA,NA,NA,NA,NA,NA,NA,NA,NA,NA,NA,NA,NA,NA,NA,NA,NA,NA,NA,NA,NA,NA,NA,NA,NA,NA,NA,NA,NA,NA,NA,NA,NA,NA,NA,NA,NA
Panama,SR,9.254566666666667,-82.12718333333333,NA,NA,NA,SR3,clone_81,0.5502458564542217,0.26182094696250846,NA,NA,NA,NA,NA,NA,NA,NA,NA,NA,55275088,0.03648437676765391,NA,NA,NA,NA,NA,NA,NA,NA,NA,NA,NA,NA,NA,NA,NA,NA,NA,NA,NA,NA,NA,NA,NA,NA,NA,NA,NA,NA,NA,NA,NA,NA,NA,NA,NA,NA,NA,NA,NA,NA,NA,NA,NA,NA,NA,NA,NA,NA,NA,NA,NA,NA,NA,NA,NA,NA,NA
Panama,SR,9.254566666666667,-82.12718333333333,NA,NA,NA,SR4,clone_82,0.742022515777696,0.5120511171164394,NA,NA,NA,NA,NA,NA,NA,NA,NA,NA,50528563,0.03809129201831195,NA,NA,NA,NA,NA,NA,NA,NA,NA,NA,NA,NA,NA,NA,NA,NA,NA,NA,NA,NA,NA,NA,NA,NA,NA,NA,NA,NA,NA,NA,NA,NA,NA,NA,NA,NA,NA,NA,NA,NA,NA,NA,NA,NA,NA,NA,NA,NA,NA,NA,NA,NA,NA,NA,NA,NA,NA
Panama,SR,9.254566666666667,-82.12718333333333,NA,NA,NA,SR5,clone_83,0.6716917688211466,0.40954291936965137,NA,NA,NA,NA,NA,NA,NA,NA,NA,NA,102037000,0.02406083369157786,NA,NA,NA,NA,NA,NA,NA,NA,NA,NA,NA,NA,NA,NA,NA,NA,NA,NA,NA,NA,NA,NA,NA,NA,NA,NA,NA,NA,NA,NA,NA,NA,NA,NA,NA,NA,NA,NA,NA,NA,NA,NA,NA,NA,NA,NA,NA,NA,NA,NA,NA,NA,NA,NA,NA,NA,NA
Panama,SR,9.254566666666667,-82.12718333333333,NA,NA,NA,SR6,clone_84,0.7579973216018638,0.5371117883983122,NA,NA,NA,NA,NA,NA,NA,NA,NA,NA,51352291,0.03763123062651311,NA,NA,NA,NA,NA,NA,NA,NA,NA,NA,NA,NA,NA,NA,NA,NA,NA,NA,NA,NA,NA,NA,NA,NA,NA,NA,NA,NA,NA,NA,NA,NA,NA,NA,NA,NA,NA,NA,NA,NA,NA,NA,NA,NA,NA,NA,NA,NA,NA,NA,NA,NA,NA,NA,NA,NA,NA
Panama,SR,9.254566666666667,-82.12718333333333,NA,NA,NA,SR7,clone_85,0.5841593987681641,0.29941382142632683,NA,NA,NA,NA,NA,NA,NA,NA,NA,NA,48365806,0.03645562293066649,NA,NA,NA,NA,NA,NA,NA,NA,NA,NA,NA,NA,NA,NA,NA,NA,NA,NA,NA,NA,NA,NA,NA,NA,NA,NA,NA,NA,NA,NA,NA,NA,NA,NA,NA,NA,NA,NA,NA,NA,NA,NA,NA,NA,NA,NA,NA,NA,NA,NA,NA,NA,NA,NA,NA,NA,NA
Panama,SR,9.254566666666667,-82.12718333333333,NA,NA,NA,SR8,clone_86,0.6268924687471927,0.35079518224672257,NA,NA,NA,NA,NA,NA,NA,NA,NA,NA,37463824,0.04668586103129171,NA,NA,NA,NA,NA,NA,NA,NA,NA,NA,NA,NA,NA,NA,NA,NA,NA,NA,NA,NA,NA,NA,NA,NA,NA,NA,NA,NA,NA,NA,NA,NA,NA,NA,NA,NA,NA,NA,NA,NA,NA,NA,NA,NA,NA,NA,NA,NA,NA,NA,NA,NA,NA,NA,NA,NA,NA
Panama,SR,9.254566666666667,-82.12718333333333,NA,NA,NA,SR9,clone_87,0.7500002918635887,0.5244833989283103,NA,NA,NA,NA,NA,NA,NA,NA,NA,NA,51283030,0.03541435693222013,NA,NA,NA,NA,NA,NA,NA,NA,NA,NA,NA,NA,NA,NA,NA,NA,NA,NA,NA,NA,NA,NA,NA,NA,NA,NA,NA,NA,NA,NA,NA,NA,NA,NA,NA,NA,NA,NA,NA,NA,NA,NA,NA,NA,NA,NA,NA,NA,NA,NA,NA,NA,NA,NA,NA,NA,NA
Panama,Tet,9.276316666666666,-82.10113333333334,NA,NA,NA,Tet1,clone_88,0.5116454611633022,0.22240545225540856,NA,NA,NA,NA,NA,NA,NA,NA,NA,NA,66654512,0.0345352437194078,NA,NA,NA,NA,NA,NA,NA,NA,NA,NA,NA,NA,NA,NA,NA,NA,NA,NA,NA,NA,NA,NA,NA,NA,NA,NA,NA,NA,NA,NA,NA,NA,NA,NA,NA,NA,NA,NA,NA,NA,NA,NA,NA,NA,NA,NA,NA,NA,NA,NA,NA,NA,NA,NA,NA,NA,NA
Panama,NA,NA,NA,NA,NA,NA,Tet10,NA,0.6565444637602965,0.38911508279814855,NA,NA,NA,NA,NA,NA,NA,NA,NA,NA,NA,NA,NA,NA,NA,NA,NA,NA,NA,NA,NA,NA,NA,NA,NA,NA,NA,NA,NA,NA,NA,NA,NA,NA,NA,NA,NA,NA,NA,NA,NA,NA,NA,NA,NA,NA,NA,NA,NA,NA,NA,NA,NA,NA,NA,NA,NA,NA,NA,NA,NA,NA,NA,NA,NA,NA,NA,NA,NA
Panama,Tet,9.276316666666666,-82.10113333333334,NA,NA,NA,Tet2,clone_89,0.6870359099680334,0.43082844388256464,NA,NA,NA,NA,NA,NA,NA,NA,NA,NA,88545082,0.02641817695017007,NA,NA,NA,NA,NA,NA,NA,NA,NA,NA,NA,NA,NA,NA,NA,NA,NA,NA,NA,NA,NA,NA,NA,NA,NA,NA,NA,NA,NA,NA,NA,NA,NA,NA,NA,NA,NA,NA,NA,NA,NA,NA,NA,NA,NA,NA,NA,NA,NA,NA,NA,NA,NA,NA,NA,NA,NA
Panama,Tet,9.276316666666666,-82.10113333333334,NA,NA,NA,Tet3,clone_90,0.5636221495434643,0.2763149114511902,NA,NA,NA,NA,NA,NA,NA,NA,NA,NA,60958330,0.03362973354149225,NA,NA,NA,NA,NA,NA,NA,NA,NA,NA,NA,NA,NA,NA,NA,NA,NA,NA,NA,NA,NA,NA,NA,NA,NA,NA,NA,NA,NA,NA,NA,NA,NA,NA,NA,NA,NA,NA,NA,NA,NA,NA,NA,NA,NA,NA,NA,NA,NA,NA,NA,NA,NA,NA,NA,NA,NA
Panama,Tet,9.276316666666666,-82.10113333333334,NA,NA,NA,Tet4,clone_91,0.6052548166393624,0.3242151592706825,NA,NA,NA,NA,NA,NA,NA,NA,NA,NA,15384358,0.14977637999562565,NA,NA,NA,NA,NA,NA,NA,NA,NA,NA,NA,NA,NA,NA,NA,NA,NA,NA,NA,NA,NA,NA,NA,NA,NA,NA,NA,NA,NA,NA,NA,NA,NA,NA,NA,NA,NA,NA,NA,NA,NA,NA,NA,NA,NA,NA,NA,NA,NA,NA,NA,NA,NA,NA,NA,NA,NA
Panama,Tet,9.276316666666666,-82.10113333333334,NA,NA,NA,Tet5,clone_92,0.6196209415935239,0.3417331883245528,NA,NA,NA,NA,NA,NA,NA,NA,NA,NA,51179148,0.03645279468440542,NA,NA,NA,NA,NA,NA,NA,NA,NA,NA,NA,NA,NA,NA,NA,NA,NA,NA,NA,NA,NA,NA,NA,NA,NA,NA,NA,NA,NA,NA,NA,NA,NA,NA,NA,NA,NA,NA,NA,NA,NA,NA,NA,NA,NA,NA,NA,NA,NA,NA,NA,NA,NA,NA,NA,NA,NA
Panama,Tet,9.276316666666666,-82.10113333333334,NA,NA,NA,Tet6,clone_93,0.7340682605854881,0.49981983405014696,NA,NA,NA,NA,NA,NA,NA,NA,NA,NA,50045673,0.03529415646612515,NA,NA,NA,NA,NA,NA,NA,NA,NA,NA,NA,NA,NA,NA,NA,NA,NA,NA,NA,NA,NA,NA,NA,NA,NA,NA,NA,NA,NA,NA,NA,NA,NA,NA,NA,NA,NA,NA,NA,NA,NA,NA,NA,NA,NA,NA,NA,NA,NA,NA,NA,NA,NA,NA,NA,NA,NA
Panama,Tet,9.276316666666666,-82.10113333333334,NA,NA,NA,Tet7,clone_94,0.6342217227192035,0.36006231914342834,NA,NA,NA,NA,NA,NA,NA,NA,NA,NA,43831431,0.03688363086484,NA,NA,NA,NA,NA,NA,NA,NA,NA,NA,NA,NA,NA,NA,NA,NA,NA,NA,NA,NA,NA,NA,NA,NA,NA,NA,NA,NA,NA,NA,NA,NA,NA,NA,NA,NA,NA,NA,NA,NA,NA,NA,NA,NA,NA,NA,NA,NA,NA,NA,NA,NA,NA,NA,NA,NA,NA
Panama,Tet,9.276316666666666,-82.10113333333334,NA,NA,NA,Tet8,clone_95,0.5116454611633022,0.22240545225540856,NA,NA,NA,NA,NA,NA,NA,NA,NA,NA,73157889,0.02819667247399899,NA,NA,NA,NA,NA,NA,NA,NA,NA,NA,NA,NA,NA,NA,NA,NA,NA,NA,NA,NA,NA,NA,NA,NA,NA,NA,NA,NA,NA,NA,NA,NA,NA,NA,NA,NA,NA,NA,NA,NA,NA,NA,NA,NA,NA,NA,NA,NA,NA,NA,NA,NA,NA,NA,NA,NA,NA
Panama,Tet,9.276316666666666,-82.10113333333334,NA,NA,NA,Tet9,clone_96,0.6052548166393624,0.3242151592706825,NA,NA,NA,NA,NA,NA,NA,NA,NA,NA,83752007,0.02530573342082041,NA,NA,NA,NA,NA,NA,NA,NA,NA,NA,NA,NA,NA,NA,NA,NA,NA,NA,NA,NA,NA,NA,NA,NA,NA,NA,NA,NA,NA,NA,NA,NA,NA,NA,NA,NA,NA,NA,NA,NA,NA,NA,NA,NA,NA,NA,NA,NA,NA,NA,NA,NA,NA,NA,NA,NA,NA
